origin_date,forecast_date,horizon_days,model,actual_quantity,predicted_quantity,error,absolute_error,squared_error,absolute_percentage_error,is_zero_actual,dataset_id,evaluation_run_id
2025-01-01,2025-01-01,7,Random Forest,5031.0,5082.86,-51.85999999999967,51.85999999999967,2689.459599999966,0.0103080898429735,False,,prod_eval_2025
2025-01-01,2025-01-02,7,Random Forest,5003.0,5079.7,-76.69999999999982,76.69999999999982,5882.889999999972,0.01533080151908851,False,,prod_eval_2025
2025-01-01,2025-01-03,7,Random Forest,5134.0,5086.19,47.8100000000004,47.8100000000004,2285.796100000038,0.00931242695753806,False,,prod_eval_2025
2025-01-01,2025-01-04,7,Random Forest,5747.0,5655.78,91.22000000000025,91.22000000000025,8321.088400000046,0.015872629197842398,False,,prod_eval_2025
2025-01-01,2025-01-05,7,Random Forest,5664.0,5637.32,26.68000000000029,26.68000000000029,711.8224000000155,0.004710451977401182,False,,prod_eval_2025
2025-01-01,2025-01-06,7,Random Forest,5082.0,5118.185,-36.1850000000004,36.1850000000004,1309.354225000029,0.007120228256591972,False,,prod_eval_2025
2025-01-01,2025-01-07,7,Random Forest,5134.0,5116.09,17.909999999999854,17.909999999999854,320.7680999999948,0.003488507985975819,False,,prod_eval_2025
2025-01-08,2025-01-08,7,Random Forest,5130.0,5082.135,47.86499999999978,47.86499999999978,2291.0582249999793,0.009330409356725104,False,,prod_eval_2025
2025-01-08,2025-01-09,7,Random Forest,5101.0,5094.045,6.954999999999927,6.954999999999927,48.372024999998985,0.00136345814546166,False,,prod_eval_2025
2025-01-08,2025-01-10,7,Random Forest,5136.0,5125.835,10.164999999999964,10.164999999999964,103.32722499999926,0.0019791666666666595,False,,prod_eval_2025
2025-01-08,2025-01-11,7,Random Forest,5770.0,5722.215,47.784999999999854,47.784999999999854,2283.406224999986,0.008281629116117826,False,,prod_eval_2025
2025-01-08,2025-01-12,7,Random Forest,5723.0,5667.76,55.23999999999978,55.23999999999978,3051.457599999976,0.00965228027258427,False,,prod_eval_2025
2025-01-08,2025-01-13,7,Random Forest,5242.0,5160.35,81.64999999999964,81.64999999999964,6666.722499999941,0.015576115986264715,False,,prod_eval_2025
2025-01-08,2025-01-14,7,Random Forest,5138.0,5156.895,-18.895000000000437,18.895000000000437,357.0210250000165,0.003677500973141385,False,,prod_eval_2025
2025-01-15,2025-01-15,7,Random Forest,5210.0,5143.94,66.0600000000004,66.0600000000004,4363.923600000053,0.012679462571977045,False,,prod_eval_2025
2025-01-15,2025-01-16,7,Random Forest,5234.0,5149.475,84.52499999999964,84.52499999999964,7144.475624999938,0.01614921666029798,False,,prod_eval_2025
2025-01-15,2025-01-17,7,Random Forest,5220.0,5182.275,37.725000000000364,37.725000000000364,1423.1756250000274,0.0072270114942529435,False,,prod_eval_2025
2025-01-15,2025-01-18,7,Random Forest,5928.0,5763.8,164.19999999999982,164.19999999999982,26961.63999999994,0.027699055330634246,False,,prod_eval_2025
2025-01-15,2025-01-19,7,Random Forest,5903.0,5741.68,161.3199999999997,161.3199999999997,26024.142399999906,0.02732847704557,False,,prod_eval_2025
2025-01-15,2025-01-20,7,Random Forest,5226.0,5225.61,0.3900000000003274,0.3900000000003274,0.1521000000002554,7.462686567170445e-05,False,,prod_eval_2025
2025-01-15,2025-01-21,7,Random Forest,5313.0,5198.305,114.69499999999971,114.69499999999971,13154.943024999933,0.021587615283267404,False,,prod_eval_2025
2025-01-22,2025-01-22,7,Random Forest,5275.0,5250.32,24.68000000000029,24.68000000000029,609.1024000000143,0.0046786729857820454,False,,prod_eval_2025
2025-01-22,2025-01-23,7,Random Forest,5356.0,5258.775,97.22500000000036,97.22500000000036,9452.70062500007,0.01815253920836452,False,,prod_eval_2025
2025-01-22,2025-01-24,7,Random Forest,5414.0,5254.62,159.3800000000001,159.3800000000001,25401.984400000034,0.02943849279645366,False,,prod_eval_2025
2025-01-22,2025-01-25,7,Random Forest,5935.0,5827.71,107.28999999999996,107.28999999999996,11511.144099999992,0.018077506318449867,False,,prod_eval_2025
2025-01-22,2025-01-26,7,Random Forest,6470.0,5811.075,658.9250000000002,658.9250000000002,434182.15562500025,0.1018431221020093,False,,prod_eval_2025
2025-01-22,2025-01-27,7,Random Forest,5410.0,5268.935,141.0649999999996,141.0649999999996,19899.334224999886,0.026074861367837265,False,,prod_eval_2025
2025-01-22,2025-01-28,7,Random Forest,5373.0,5280.945,92.05500000000029,92.05500000000029,8474.123025000054,0.017132886655499776,False,,prod_eval_2025
2025-01-29,2025-01-29,7,Random Forest,5327.0,5336.74,-9.739999999999782,9.739999999999782,94.86759999999575,0.0018284212502346128,False,,prod_eval_2025
2025-01-29,2025-01-30,7,Random Forest,5379.0,5350.39,28.609999999999673,28.609999999999673,818.5320999999813,0.005318832496746547,False,,prod_eval_2025
2025-01-29,2025-01-31,7,Random Forest,5334.0,5365.925,-31.925000000000182,31.925000000000182,1019.2056250000117,0.005985189351331118,False,,prod_eval_2025
2025-01-29,2025-02-01,7,Random Forest,5977.0,6042.16,-65.15999999999985,65.15999999999985,4245.825599999981,0.010901790195750351,False,,prod_eval_2025
2025-01-29,2025-02-02,7,Random Forest,6061.0,6091.86,-30.859999999999673,30.859999999999673,952.3395999999798,0.005091569048011825,False,,prod_eval_2025
2025-01-29,2025-02-03,7,Random Forest,5536.0,5349.545,186.45499999999993,186.45499999999993,34765.467024999976,0.03368045520231212,False,,prod_eval_2025
2025-01-29,2025-02-04,7,Random Forest,5354.0,5387.41,-33.409999999999854,33.409999999999854,1116.2280999999903,0.006240194247291718,False,,prod_eval_2025
2025-02-05,2025-02-05,7,Random Forest,5458.0,5382.81,75.1899999999996,75.1899999999996,5653.53609999994,0.01377610846463899,False,,prod_eval_2025
2025-02-05,2025-02-06,7,Random Forest,5543.0,5370.95,172.05000000000018,172.05000000000018,29601.20250000006,0.031039148475554786,False,,prod_eval_2025
2025-02-05,2025-02-07,7,Random Forest,5515.0,5405.56,109.4399999999996,109.4399999999996,11977.113599999913,0.019844061650045257,False,,prod_eval_2025
2025-02-05,2025-02-08,7,Random Forest,6178.0,6007.7,170.30000000000018,170.30000000000018,29002.090000000062,0.027565555195856295,False,,prod_eval_2025
2025-02-05,2025-02-09,7,Random Forest,6169.0,6011.53,157.47000000000025,157.47000000000025,24796.80090000008,0.025526017182687672,False,,prod_eval_2025
2025-02-05,2025-02-10,7,Random Forest,5467.0,5484.78,-17.779999999999745,17.779999999999745,316.12839999999096,0.003252240717029403,False,,prod_eval_2025
2025-02-05,2025-02-11,7,Random Forest,5441.0,5377.08,63.92000000000007,63.92000000000007,4085.7664000000095,0.01174784047050176,False,,prod_eval_2025
2025-02-12,2025-02-12,7,Random Forest,5546.0,5469.775,76.22500000000036,76.22500000000036,5810.250625000055,0.013744139920663607,False,,prod_eval_2025
2025-02-12,2025-02-13,7,Random Forest,5591.0,5471.67,119.32999999999993,119.32999999999993,14239.648899999982,0.02134323019137899,False,,prod_eval_2025
2025-02-12,2025-02-14,7,Random Forest,5496.0,5462.23,33.77000000000044,33.77000000000044,1140.4129000000296,0.006144468704512452,False,,prod_eval_2025
2025-02-12,2025-02-15,7,Random Forest,6235.0,6092.755,142.2449999999999,142.2449999999999,20233.640024999968,0.022813953488372077,False,,prod_eval_2025
2025-02-12,2025-02-16,7,Random Forest,6249.0,6098.58,150.42000000000007,150.42000000000007,22626.176400000022,0.024071051368218927,False,,prod_eval_2025
2025-02-12,2025-02-17,7,Random Forest,5555.0,5481.83,73.17000000000007,73.17000000000007,5353.848900000011,0.013171917191719186,False,,prod_eval_2025
2025-02-12,2025-02-18,7,Random Forest,5620.0,5467.965,152.03499999999985,152.03499999999985,23114.641224999956,0.027052491103202823,False,,prod_eval_2025
2025-02-19,2025-02-19,7,Random Forest,5634.0,5503.59,130.40999999999985,130.40999999999985,17006.76809999996,0.023146964856230006,False,,prod_eval_2025
2025-02-19,2025-02-20,7,Random Forest,5663.0,5525.35,137.64999999999964,137.64999999999964,18947.5224999999,0.024306904467596615,False,,prod_eval_2025
2025-02-19,2025-02-21,7,Random Forest,5654.0,5495.23,158.77000000000044,158.77000000000044,25207.912900000138,0.028081004598514404,False,,prod_eval_2025
2025-02-19,2025-02-22,7,Random Forest,6461.0,6136.81,324.1899999999996,324.1899999999996,105099.15609999975,0.05017644327503476,False,,prod_eval_2025
2025-02-19,2025-02-23,7,Random Forest,6417.0,6147.845,269.15499999999975,269.15499999999975,72444.41402499986,0.04194405485429324,False,,prod_eval_2025
2025-02-19,2025-02-24,7,Random Forest,5682.0,5522.745,159.2550000000001,159.2550000000001,25362.155025000036,0.028027983104540674,False,,prod_eval_2025
2025-02-19,2025-02-25,7,Random Forest,5661.0,5547.735,113.26500000000033,113.26500000000033,12828.960225000073,0.020007949125596242,False,,prod_eval_2025
2025-02-26,2025-02-26,7,Random Forest,5708.0,5559.765,148.23499999999967,148.23499999999967,21973.615224999903,0.02596969166082685,False,,prod_eval_2025
2025-02-26,2025-02-27,7,Random Forest,5781.0,5560.11,220.89000000000033,220.89000000000033,48792.39210000014,0.038209652309289105,False,,prod_eval_2025
2025-02-26,2025-02-28,7,Random Forest,5729.0,5542.655,186.34500000000025,186.34500000000025,34724.4590250001,0.03252661895618786,False,,prod_eval_2025
2025-02-26,2025-03-01,7,Random Forest,7664.0,6763.375,900.625,900.625,811125.390625,0.11751370041753653,False,,prod_eval_2025
2025-02-26,2025-03-02,7,Random Forest,7544.0,6797.35,746.6499999999996,746.6499999999996,557486.2224999995,0.09897269353128309,False,,prod_eval_2025
2025-02-26,2025-03-03,7,Random Forest,6799.0,6655.16,143.84000000000015,143.84000000000015,20689.945600000043,0.021156052360641293,False,,prod_eval_2025
2025-02-26,2025-03-04,7,Random Forest,6858.0,6675.38,182.6199999999999,182.6199999999999,33350.06439999996,0.026628754738990942,False,,prod_eval_2025
2025-03-05,2025-03-05,7,Random Forest,7056.0,6676.83,379.1700000000001,379.1700000000001,143769.88890000005,0.0537372448979592,False,,prod_eval_2025
2025-03-05,2025-03-06,7,Random Forest,6920.0,6763.3,156.69999999999982,156.69999999999982,24554.88999999994,0.022644508670520206,False,,prod_eval_2025
2025-03-05,2025-03-07,7,Random Forest,6930.0,6734.87,195.1300000000001,195.1300000000001,38075.71690000004,0.028157287157287172,False,,prod_eval_2025
2025-03-05,2025-03-08,7,Random Forest,6573.0,6201.43,371.5699999999997,371.5699999999997,138064.26489999978,0.05652974288757032,False,,prod_eval_2025
2025-03-05,2025-03-09,7,Random Forest,6463.0,6184.915,278.08500000000004,278.08500000000004,77331.26722500002,0.04302723193563361,False,,prod_eval_2025
2025-03-05,2025-03-10,7,Random Forest,5884.0,5777.32,106.68000000000029,106.68000000000029,11380.622400000062,0.01813052345343309,False,,prod_eval_2025
2025-03-05,2025-03-11,7,Random Forest,5797.0,5762.485,34.51500000000033,34.51500000000033,1191.2852250000226,0.005953941693979701,False,,prod_eval_2025
2025-03-12,2025-03-12,7,Random Forest,5837.0,5780.935,56.0649999999996,56.0649999999996,3143.2842249999553,0.0096051053623436,False,,prod_eval_2025
2025-03-12,2025-03-13,7,Random Forest,5863.0,5993.145,-130.14500000000044,130.14500000000044,16937.721025000115,0.02219768036841215,False,,prod_eval_2025
2025-03-12,2025-03-14,7,Random Forest,5857.0,5846.96,10.039999999999964,10.039999999999964,100.80159999999927,0.0017141881509305044,False,,prod_eval_2025
2025-03-12,2025-03-15,7,Random Forest,6630.0,6195.955,434.0450000000001,434.0450000000001,188395.06202500005,0.06546681749622928,False,,prod_eval_2025
2025-03-12,2025-03-16,7,Random Forest,6504.0,6194.33,309.6700000000001,309.6700000000001,95895.50890000004,0.047612238622386234,False,,prod_eval_2025
2025-03-12,2025-03-17,7,Random Forest,5941.0,6044.955,-103.95499999999993,103.95499999999993,10806.642024999985,0.01749789597710822,False,,prod_eval_2025
2025-03-12,2025-03-18,7,Random Forest,5868.0,6053.83,-185.82999999999993,185.82999999999993,34532.78889999997,0.03166837082481253,False,,prod_eval_2025
2025-03-19,2025-03-19,7,Random Forest,5860.0,6063.2,-203.19999999999982,203.19999999999982,41290.239999999925,0.034675767918088705,False,,prod_eval_2025
2025-03-19,2025-03-20,7,Random Forest,5907.0,6066.755,-159.7550000000001,159.7550000000001,25521.660025000034,0.027045031318774355,False,,prod_eval_2025
2025-03-19,2025-03-21,7,Random Forest,5937.0,6068.65,-131.64999999999964,131.64999999999964,17331.722499999905,0.0221744989051709,False,,prod_eval_2025
2025-03-19,2025-03-22,7,Random Forest,6673.0,6209.035,463.96500000000015,463.96500000000015,215263.52122500015,0.06952869773714973,False,,prod_eval_2025
2025-03-19,2025-03-23,7,Random Forest,6642.0,6210.13,431.8699999999999,431.8699999999999,186511.6968999999,0.06502107798855765,False,,prod_eval_2025
2025-03-19,2025-03-24,7,Random Forest,5909.0,6037.65,-128.64999999999964,128.64999999999964,16550.822499999907,0.02177187341343707,False,,prod_eval_2025
2025-03-19,2025-03-25,7,Random Forest,5995.0,6042.185,-47.1850000000004,47.1850000000004,2226.424225000038,0.007870725604670626,False,,prod_eval_2025
2025-03-26,2025-03-26,7,Random Forest,6039.0,6023.655,15.345000000000255,15.345000000000255,235.4690250000078,0.002540983606557419,False,,prod_eval_2025
2025-03-26,2025-03-27,7,Random Forest,5986.0,6037.965,-51.965000000000146,51.965000000000146,2700.361225000015,0.00868108920815238,False,,prod_eval_2025
2025-03-26,2025-03-28,7,Random Forest,5945.0,6047.51,-102.51000000000022,102.51000000000022,10508.300100000044,0.01724306139613124,False,,prod_eval_2025
2025-03-26,2025-03-29,7,Random Forest,6560.0,6214.99,345.0100000000002,345.0100000000002,119031.90010000014,0.05259298780487808,False,,prod_eval_2025
2025-03-26,2025-03-30,7,Random Forest,6767.0,6222.385,544.6149999999998,544.6149999999998,296605.49822499976,0.0804810107876459,False,,prod_eval_2025
2025-03-26,2025-03-31,7,Random Forest,6049.0,6077.455,-28.454999999999927,28.454999999999927,809.6870249999959,0.0047040833195569395,False,,prod_eval_2025
2025-03-26,2025-04-01,7,Random Forest,5999.0,6075.345,-76.34500000000025,76.34500000000025,5828.559025000039,0.012726287714619146,False,,prod_eval_2025
2025-04-02,2025-04-02,7,Random Forest,5956.0,6066.695,-110.69499999999971,110.69499999999971,12253.383024999936,0.018585460040295453,False,,prod_eval_2025
2025-04-02,2025-04-03,7,Random Forest,6014.0,6085.285,-71.28499999999985,71.28499999999985,5081.551224999979,0.011853175922846668,False,,prod_eval_2025
2025-04-02,2025-04-04,7,Random Forest,6046.0,6107.07,-61.06999999999971,61.06999999999971,3729.5448999999644,0.010100893152497471,False,,prod_eval_2025
2025-04-02,2025-04-05,7,Random Forest,6741.0,6251.33,489.6700000000001,489.6700000000001,239776.70890000009,0.07264055778074471,False,,prod_eval_2025
2025-04-02,2025-04-06,7,Random Forest,6707.0,6285.03,421.97000000000025,421.97000000000025,178058.6809000002,0.06291486506634864,False,,prod_eval_2025
2025-04-02,2025-04-07,7,Random Forest,5940.0,6115.06,-175.0600000000004,175.0600000000004,30646.003600000142,0.029471380471380537,False,,prod_eval_2025
2025-04-02,2025-04-08,7,Random Forest,6020.0,6119.23,-99.22999999999956,99.22999999999956,9846.592899999914,0.016483388704318865,False,,prod_eval_2025
2025-04-09,2025-04-09,7,Random Forest,6006.0,6057.545,-51.54500000000007,51.54500000000007,2656.8870250000077,0.008582251082251094,False,,prod_eval_2025
2025-04-09,2025-04-10,7,Random Forest,6023.0,6076.315,-53.3149999999996,53.3149999999996,2842.4892249999575,0.008851901045990304,False,,prod_eval_2025
2025-04-09,2025-04-11,7,Random Forest,6085.0,6096.87,-11.86999999999989,11.86999999999989,140.8968999999974,0.001950698438783877,False,,prod_eval_2025
2025-04-09,2025-04-12,7,Random Forest,6779.0,6229.22,549.7799999999997,549.7799999999997,302258.04839999974,0.08110045729458619,False,,prod_eval_2025
2025-04-09,2025-04-13,7,Random Forest,6833.0,6282.15,550.8500000000004,550.8500000000004,303435.7225000004,0.08061612761598132,False,,prod_eval_2025
2025-04-09,2025-04-14,7,Random Forest,5984.0,6119.945,-135.9449999999997,135.9449999999997,18481.043024999923,0.02271808155080209,False,,prod_eval_2025
2025-04-09,2025-04-15,7,Random Forest,6035.0,6125.755,-90.75500000000011,90.75500000000011,8236.47002500002,0.015038111019055528,False,,prod_eval_2025
2025-04-16,2025-04-16,7,Random Forest,6096.0,6047.295,48.70499999999993,48.70499999999993,2372.177024999993,0.007989665354330697,False,,prod_eval_2025
2025-04-16,2025-04-17,7,Random Forest,6175.0,6058.2,116.80000000000018,116.80000000000018,13642.240000000042,0.01891497975708505,False,,prod_eval_2025
2025-04-16,2025-04-18,7,Random Forest,6139.0,6090.78,48.220000000000255,48.220000000000255,2325.1684000000246,0.007854699462453209,False,,prod_eval_2025
2025-04-16,2025-04-19,7,Random Forest,6879.0,6194.905,684.0950000000003,684.0950000000003,467985.96902500035,0.09944686727722056,False,,prod_eval_2025
2025-04-16,2025-04-20,7,Random Forest,6757.0,6233.825,523.1750000000002,523.1750000000002,273712.0806250002,0.07742711262394557,False,,prod_eval_2025
2025-04-16,2025-04-21,7,Random Forest,6144.0,6115.73,28.270000000000437,28.270000000000437,799.1929000000247,0.004601236979166738,False,,prod_eval_2025
2025-04-16,2025-04-22,7,Random Forest,6169.0,6121.66,47.340000000000146,47.340000000000146,2241.0756000000138,0.007673853136651021,False,,prod_eval_2025
2025-04-23,2025-04-23,7,Random Forest,6098.0,6077.42,20.579999999999927,20.579999999999927,423.536399999997,0.0033748770088553506,False,,prod_eval_2025
2025-04-23,2025-04-24,7,Random Forest,6109.0,6087.375,21.625,21.625,467.640625,0.0035398592240955965,False,,prod_eval_2025
2025-04-23,2025-04-25,7,Random Forest,6053.0,6107.065,-54.0649999999996,54.0649999999996,2923.024224999957,0.008931934577895193,False,,prod_eval_2025
2025-04-23,2025-04-26,7,Random Forest,6866.0,6212.59,653.4099999999999,653.4099999999999,426944.6280999998,0.0951660355374308,False,,prod_eval_2025
2025-04-23,2025-04-27,7,Random Forest,6819.0,6227.775,591.2250000000004,591.2250000000004,349547.00062500045,0.08670259568851743,False,,prod_eval_2025
2025-04-23,2025-04-28,7,Random Forest,6059.0,6134.82,-75.81999999999971,75.81999999999971,5748.672399999956,0.012513616108268644,False,,prod_eval_2025
2025-04-23,2025-04-29,7,Random Forest,6055.0,6129.005,-74.00500000000011,74.00500000000011,5476.740025000016,0.012222130470685402,False,,prod_eval_2025
2025-04-30,2025-04-30,7,Random Forest,6084.0,6075.4,8.600000000000364,8.600000000000364,73.96000000000626,0.0014135437212360888,False,,prod_eval_2025
2025-04-30,2025-05-01,7,Random Forest,6067.0,6087.885,-20.88500000000022,20.88500000000022,436.18322500000914,0.003442393275094811,False,,prod_eval_2025
2025-04-30,2025-05-02,7,Random Forest,6108.0,6082.74,25.26000000000022,25.26000000000022,638.067600000011,0.0041355599214145744,False,,prod_eval_2025
2025-04-30,2025-05-03,7,Random Forest,6731.0,6202.225,528.7749999999996,528.7749999999996,279603.00062499964,0.07855816372010097,False,,prod_eval_2025
2025-04-30,2025-05-04,7,Random Forest,6854.0,6240.435,613.5649999999996,613.5649999999996,376462.0092249995,0.0895192588269623,False,,prod_eval_2025
2025-04-30,2025-05-05,7,Random Forest,6239.0,6101.025,137.97500000000036,137.97500000000036,19037.1006250001,0.022114922263183262,False,,prod_eval_2025
2025-04-30,2025-05-06,7,Random Forest,6223.0,6121.72,101.27999999999975,101.27999999999975,10257.638399999949,0.016275108468584244,False,,prod_eval_2025
2025-05-07,2025-05-07,7,Random Forest,6078.0,6095.14,-17.140000000000327,17.140000000000327,293.7796000000112,0.002820006581112262,False,,prod_eval_2025
2025-05-07,2025-05-08,7,Random Forest,6109.0,6090.13,18.86999999999989,18.86999999999989,356.0768999999959,0.0030888852512686023,False,,prod_eval_2025
2025-05-07,2025-05-09,7,Random Forest,6206.0,6115.59,90.40999999999985,90.40999999999985,8173.968099999974,0.014568159845310966,False,,prod_eval_2025
2025-05-07,2025-05-10,7,Random Forest,6951.0,6222.57,728.4300000000003,728.4300000000003,530610.2649000004,0.1047949935261114,False,,prod_eval_2025
2025-05-07,2025-05-11,7,Random Forest,6847.0,6237.285,609.7150000000001,609.7150000000001,371752.3812250002,0.08904848838907553,False,,prod_eval_2025
2025-05-07,2025-05-12,7,Random Forest,6070.0,6137.98,-67.97999999999956,67.97999999999956,4621.2803999999405,0.011199341021416733,False,,prod_eval_2025
2025-05-07,2025-05-13,7,Random Forest,6090.0,6140.645,-50.64500000000044,50.64500000000044,2564.916025000044,0.00831609195402306,False,,prod_eval_2025
2025-05-14,2025-05-14,7,Random Forest,6164.0,6065.11,98.89000000000033,98.89000000000033,9779.232100000065,0.016043153796236262,False,,prod_eval_2025
2025-05-14,2025-05-15,7,Random Forest,6172.0,6073.17,98.82999999999993,98.82999999999993,9767.368899999985,0.016012637718729735,False,,prod_eval_2025
2025-05-14,2025-05-16,7,Random Forest,6132.0,6087.13,44.86999999999989,44.86999999999989,2013.3168999999903,0.007317351598173498,False,,prod_eval_2025
2025-05-14,2025-05-17,7,Random Forest,6881.0,6192.86,688.1400000000003,688.1400000000003,473536.6596000005,0.10000581310855985,False,,prod_eval_2025
2025-05-14,2025-05-18,7,Random Forest,6909.0,6218.345,690.6549999999997,690.6549999999997,477004.32902499964,0.09996453900709217,False,,prod_eval_2025
2025-05-14,2025-05-19,7,Random Forest,6188.0,6153.29,34.710000000000036,34.710000000000036,1204.7841000000026,0.005609243697478997,False,,prod_eval_2025
2025-05-14,2025-05-20,7,Random Forest,6090.0,6162.515,-72.51500000000033,72.51500000000033,5258.425225000047,0.01190722495894915,False,,prod_eval_2025
2025-05-21,2025-05-21,7,Random Forest,6193.0,6067.885,125.11499999999978,125.11499999999978,15653.763224999946,0.02020264815113835,False,,prod_eval_2025
2025-05-21,2025-05-22,7,Random Forest,6092.0,6076.32,15.680000000000291,15.680000000000291,245.86240000000913,0.002573867367038787,False,,prod_eval_2025
2025-05-21,2025-05-23,7,Random Forest,6112.0,6096.375,15.625,15.625,244.140625,0.002556446335078534,False,,prod_eval_2025
2025-05-21,2025-05-24,7,Random Forest,6875.0,6192.405,682.5950000000003,682.5950000000003,465935.9340250004,0.09928654545454549,False,,prod_eval_2025
2025-05-21,2025-05-25,7,Random Forest,6786.0,6220.58,565.4200000000001,565.4200000000001,319699.7764000001,0.08332154435602712,False,,prod_eval_2025
2025-05-21,2025-05-26,7,Random Forest,6117.0,6132.29,-15.289999999999964,15.289999999999964,233.7840999999989,0.002499591302926265,False,,prod_eval_2025
2025-05-21,2025-05-27,7,Random Forest,6132.0,6132.34,-0.3400000000001455,0.3400000000001455,0.11560000000009896,5.544683626877781e-05,False,,prod_eval_2025
2025-05-28,2025-05-28,7,Random Forest,6066.0,6081.84,-15.840000000000146,15.840000000000146,250.9056000000046,0.0026112759643917155,False,,prod_eval_2025
2025-05-28,2025-05-29,7,Random Forest,6048.0,6077.56,-29.5600000000004,29.5600000000004,873.7936000000236,0.0048875661375662035,False,,prod_eval_2025
2025-05-28,2025-05-30,7,Random Forest,6206.0,6090.345,115.65499999999975,115.65499999999975,13376.07902499994,0.018635997421849782,False,,prod_eval_2025
2025-05-28,2025-05-31,7,Random Forest,6785.0,6191.525,593.4750000000004,593.4750000000004,352212.5756250004,0.08746868091378045,False,,prod_eval_2025
2025-05-28,2025-06-01,7,Random Forest,6749.0,6239.16,509.84000000000015,509.84000000000015,259936.82560000016,0.0755430434138391,False,,prod_eval_2025
2025-05-28,2025-06-02,7,Random Forest,5965.0,6150.955,-185.95499999999993,185.95499999999993,34579.262024999975,0.031174350377200323,False,,prod_eval_2025
2025-05-28,2025-06-03,7,Random Forest,6149.0,6134.21,14.789999999999964,14.789999999999964,218.74409999999892,0.0024052691494551902,False,,prod_eval_2025
2025-06-04,2025-06-04,7,Random Forest,6104.0,6085.945,18.05500000000029,18.05500000000029,325.9830250000105,0.002957896461336876,False,,prod_eval_2025
2025-06-04,2025-06-05,7,Random Forest,6013.0,6089.81,-76.8100000000004,76.8100000000004,5899.776100000062,0.012773989689007217,False,,prod_eval_2025
2025-06-04,2025-06-06,7,Random Forest,6002.0,6115.34,-113.34000000000015,113.34000000000015,12845.955600000034,0.01888370543152285,False,,prod_eval_2025
2025-06-04,2025-06-07,7,Random Forest,6768.0,6216.91,551.0900000000001,551.0900000000001,303700.18810000014,0.08142582742316787,False,,prod_eval_2025
2025-06-04,2025-06-08,7,Random Forest,6825.0,6238.53,586.4700000000003,586.4700000000003,343947.0609000003,0.08592967032967036,False,,prod_eval_2025
2025-06-04,2025-06-09,7,Random Forest,6064.0,6118.85,-54.850000000000364,54.850000000000364,3008.52250000004,0.00904518469656998,False,,prod_eval_2025
2025-06-04,2025-06-10,7,Random Forest,6053.0,6142.845,-89.84500000000025,89.84500000000025,8072.124025000046,0.014843053031554643,False,,prod_eval_2025
2025-06-11,2025-06-11,7,Random Forest,6046.0,6071.985,-25.984999999999673,25.984999999999673,675.220224999983,0.004297882897783605,False,,prod_eval_2025
2025-06-11,2025-06-12,7,Random Forest,6156.0,6062.84,93.15999999999985,93.15999999999985,8678.785599999974,0.01513320337881739,False,,prod_eval_2025
2025-06-11,2025-06-13,7,Random Forest,6060.0,6090.71,-30.710000000000036,30.710000000000036,943.1041000000023,0.005067656765676574,False,,prod_eval_2025
2025-06-11,2025-06-14,7,Random Forest,6650.0,6189.67,460.3299999999999,460.3299999999999,211903.70889999994,0.06922255639097744,False,,prod_eval_2025
2025-06-11,2025-06-15,7,Random Forest,6714.0,6220.92,493.0799999999999,493.0799999999999,243127.88639999993,0.07344057193923145,False,,prod_eval_2025
2025-06-11,2025-06-16,7,Random Forest,5869.0,6126.535,-257.53499999999985,257.53499999999985,66324.27622499992,0.04388055886863177,False,,prod_eval_2025
2025-06-11,2025-06-17,7,Random Forest,6028.0,6126.8,-98.80000000000018,98.80000000000018,9761.440000000035,0.01639017916390182,False,,prod_eval_2025
2025-06-18,2025-06-18,7,Random Forest,6031.0,6076.985,-45.98499999999967,45.98499999999967,2114.62022499997,0.0076247720112750245,False,,prod_eval_2025
2025-06-18,2025-06-19,7,Random Forest,5965.0,6092.18,-127.18000000000029,127.18000000000029,16174.752400000074,0.021321039396479512,False,,prod_eval_2025
2025-06-18,2025-06-20,7,Random Forest,5871.0,6097.585,-226.58500000000004,226.58500000000004,51340.76222500001,0.03859393629705332,False,,prod_eval_2025
2025-06-18,2025-06-21,7,Random Forest,6666.0,6211.365,454.6350000000002,454.6350000000002,206692.9832250002,0.06820207020702074,False,,prod_eval_2025
2025-06-18,2025-06-22,7,Random Forest,6579.0,6279.76,299.2399999999998,299.2399999999998,89544.57759999987,0.04548411612707095,False,,prod_eval_2025
2025-06-18,2025-06-23,7,Random Forest,5849.0,6131.845,-282.84500000000025,282.84500000000025,80001.29402500014,0.04835783894682856,False,,prod_eval_2025
2025-06-18,2025-06-24,7,Random Forest,6014.0,6125.895,-111.89500000000044,111.89500000000044,12520.491025000098,0.01860575324243439,False,,prod_eval_2025
2025-06-25,2025-06-25,7,Random Forest,6035.0,6070.02,-35.02000000000044,35.02000000000044,1226.4004000000307,0.005802816901408523,False,,prod_eval_2025
2025-06-25,2025-06-26,7,Random Forest,6021.0,6076.325,-55.32499999999982,55.32499999999982,3060.8556249999797,0.009188672977910615,False,,prod_eval_2025
2025-06-25,2025-06-27,7,Random Forest,5886.0,6096.535,-210.53499999999985,210.53499999999985,44324.98622499994,0.035768773360516454,False,,prod_eval_2025
2025-06-25,2025-06-28,7,Random Forest,6551.0,6220.01,330.9899999999998,330.9899999999998,109554.38009999985,0.05052511067012667,False,,prod_eval_2025
2025-06-25,2025-06-29,7,Random Forest,6518.0,6283.22,234.77999999999975,234.77999999999975,55121.64839999988,0.03602025161092356,False,,prod_eval_2025
2025-06-25,2025-06-30,7,Random Forest,5810.0,6095.545,-285.5450000000001,285.5450000000001,81535.94702500004,0.049147160068846826,False,,prod_eval_2025
2025-06-25,2025-07-01,7,Random Forest,5873.0,6126.345,-253.34500000000025,253.34500000000025,64183.68902500013,0.04313723820875196,False,,prod_eval_2025
2025-07-02,2025-07-02,7,Random Forest,5874.0,6091.315,-217.3149999999996,217.3149999999996,47225.80922499982,0.0369960844399046,False,,prod_eval_2025
2025-07-02,2025-07-03,7,Random Forest,5811.0,6093.63,-282.6300000000001,282.6300000000001,79879.71690000006,0.04863706763035624,False,,prod_eval_2025
2025-07-02,2025-07-04,7,Random Forest,5882.0,6090.155,-208.15499999999975,208.15499999999975,43328.50402499989,0.03538847330839846,False,,prod_eval_2025
2025-07-02,2025-07-05,7,Random Forest,6442.0,6240.68,201.3199999999997,201.3199999999997,40529.74239999989,0.03125116423470967,False,,prod_eval_2025
2025-07-02,2025-07-06,7,Random Forest,6416.0,6299.58,116.42000000000007,116.42000000000007,13553.616400000017,0.018145261845386545,False,,prod_eval_2025
2025-07-02,2025-07-07,7,Random Forest,5719.0,6085.055,-366.0550000000003,366.0550000000003,133996.26302500023,0.06400681937401649,False,,prod_eval_2025
2025-07-02,2025-07-08,7,Random Forest,5740.0,6129.075,-389.0749999999998,389.0749999999998,151379.35562499985,0.06778310104529614,False,,prod_eval_2025
2025-07-09,2025-07-09,7,Random Forest,5768.0,6100.98,-332.97999999999956,332.97999999999956,110875.6803999997,0.05772884882108176,False,,prod_eval_2025
2025-07-09,2025-07-10,7,Random Forest,5830.0,6092.515,-262.5150000000003,262.5150000000003,68914.12522500017,0.04502830188679251,False,,prod_eval_2025
2025-07-09,2025-07-11,7,Random Forest,5732.0,6099.35,-367.35000000000036,367.35000000000036,134946.02250000025,0.06408757850662951,False,,prod_eval_2025
2025-07-09,2025-07-12,7,Random Forest,6307.0,6239.825,67.17500000000018,67.17500000000018,4512.480625000025,0.010650864119232627,False,,prod_eval_2025
2025-07-09,2025-07-13,7,Random Forest,6398.0,6294.48,103.52000000000044,103.52000000000044,10716.390400000091,0.01618005626758369,False,,prod_eval_2025
2025-07-09,2025-07-14,7,Random Forest,5724.0,6012.25,-288.25,288.25,83088.0625,0.05035814116002795,False,,prod_eval_2025
2025-07-09,2025-07-15,7,Random Forest,5651.0,6010.685,-359.6850000000004,359.6850000000004,129373.29922500029,0.06364979649619544,False,,prod_eval_2025
2025-07-16,2025-07-16,7,Random Forest,5655.0,6038.325,-383.3249999999998,383.3249999999998,146938.05562499986,0.06778514588859413,False,,prod_eval_2025
2025-07-16,2025-07-17,7,Random Forest,5741.0,6074.125,-333.125,333.125,110972.265625,0.05802560529524473,False,,prod_eval_2025
2025-07-16,2025-07-18,7,Random Forest,5633.0,6029.685,-396.6850000000004,396.6850000000004,157358.98922500032,0.0704216225812179,False,,prod_eval_2025
2025-07-16,2025-07-19,7,Random Forest,6356.0,6283.825,72.17500000000018,72.17500000000018,5209.2306250000265,0.011355412208936466,False,,prod_eval_2025
2025-07-16,2025-07-20,7,Random Forest,6413.0,6297.6,115.39999999999964,115.39999999999964,13317.159999999916,0.01799469826914075,False,,prod_eval_2025
2025-07-16,2025-07-21,7,Random Forest,5570.0,5712.02,-142.02000000000044,142.02000000000044,20169.680400000125,0.02549730700179541,False,,prod_eval_2025
2025-07-16,2025-07-22,7,Random Forest,5579.0,5670.255,-91.25500000000011,91.25500000000011,8327.47502500002,0.016356873991754815,False,,prod_eval_2025
2025-07-23,2025-07-23,7,Random Forest,5604.0,5747.6,-143.60000000000036,143.60000000000036,20620.960000000105,0.02562455389007858,False,,prod_eval_2025
2025-07-23,2025-07-24,7,Random Forest,5561.0,5968.96,-407.96000000000004,407.96000000000004,166431.36160000003,0.07336090631181443,False,,prod_eval_2025
2025-07-23,2025-07-25,7,Random Forest,5534.0,5658.555,-124.55500000000029,124.55500000000029,15513.948025000072,0.02250722804481393,False,,prod_eval_2025
2025-07-23,2025-07-26,7,Random Forest,6183.0,6203.82,-20.81999999999971,20.81999999999971,433.4723999999879,0.0033672974284327524,False,,prod_eval_2025
2025-07-23,2025-07-27,7,Random Forest,6145.0,6283.835,-138.83500000000004,138.83500000000004,19275.15722500001,0.022593165174938982,False,,prod_eval_2025
2025-07-23,2025-07-28,7,Random Forest,5522.0,5562.075,-40.07499999999982,40.07499999999982,1606.0056249999855,0.007257334299166936,False,,prod_eval_2025
2025-07-23,2025-07-29,7,Random Forest,5458.0,5533.905,-75.90499999999975,75.90499999999975,5761.569024999962,0.013907108831073607,False,,prod_eval_2025
2025-07-30,2025-07-30,7,Random Forest,5561.0,5529.22,31.779999999999745,31.779999999999745,1009.9683999999838,0.00571479949649339,False,,prod_eval_2025
2025-07-30,2025-07-31,7,Random Forest,5622.0,5517.41,104.59000000000015,104.59000000000015,10939.068100000031,0.018603699750978326,False,,prod_eval_2025
2025-07-30,2025-08-01,7,Random Forest,6614.0,6292.32,321.6800000000003,321.6800000000003,103478.02240000019,0.048636226186876366,False,,prod_eval_2025
2025-07-30,2025-08-02,7,Random Forest,7391.0,6722.015,668.9849999999997,668.9849999999997,447540.93022499955,0.09051346231903662,False,,prod_eval_2025
2025-07-30,2025-08-03,7,Random Forest,7337.0,6766.54,570.46,570.46,325424.61160000006,0.07775112443778111,False,,prod_eval_2025
2025-07-30,2025-08-04,7,Random Forest,6591.0,6382.96,208.03999999999996,208.03999999999996,43280.64159999999,0.03156425428614777,False,,prod_eval_2025
2025-07-30,2025-08-05,7,Random Forest,6621.0,6354.34,266.65999999999985,266.65999999999985,71107.55559999992,0.04027488294819512,False,,prod_eval_2025
2025-08-06,2025-08-06,7,Random Forest,6519.0,6418.915,100.08500000000004,100.08500000000004,10017.007225000007,0.015352814848903211,False,,prod_eval_2025
2025-08-06,2025-08-07,7,Random Forest,6385.0,6569.71,-184.71000000000004,184.71000000000004,34117.78410000001,0.028928739232576356,False,,prod_eval_2025
2025-08-06,2025-08-08,7,Random Forest,5468.0,5677.395,-209.39500000000044,209.39500000000044,43846.266025000186,0.038294623262618954,False,,prod_eval_2025
2025-08-06,2025-08-09,7,Random Forest,5937.0,6191.02,-254.02000000000044,254.02000000000044,64526.16040000022,0.042785918814216006,False,,prod_eval_2025
2025-08-06,2025-08-10,7,Random Forest,5964.0,6192.115,-228.11499999999978,228.11499999999978,52036.4532249999,0.03824865861837689,False,,prod_eval_2025
2025-08-06,2025-08-11,7,Random Forest,5477.0,5627.475,-150.47500000000036,150.47500000000036,22642.72562500011,0.027473982106992947,False,,prod_eval_2025
2025-08-06,2025-08-12,7,Random Forest,5431.0,5526.92,-95.92000000000007,95.92000000000007,9200.646400000014,0.017661572454428294,False,,prod_eval_2025
2025-08-13,2025-08-13,7,Random Forest,5276.0,5622.215,-346.21500000000015,346.21500000000015,119864.8262250001,0.06562073540561034,False,,prod_eval_2025
2025-08-13,2025-08-14,7,Random Forest,5397.0,5665.01,-268.0100000000002,268.0100000000002,71829.36010000012,0.04965906985362242,False,,prod_eval_2025
2025-08-13,2025-08-15,7,Random Forest,5874.0,5547.72,326.27999999999975,326.27999999999975,106458.63839999984,0.055546475995914155,False,,prod_eval_2025
2025-08-13,2025-08-16,7,Random Forest,5955.0,6131.995,-176.9949999999999,176.9949999999999,31327.23002499996,0.029722082283795113,False,,prod_eval_2025
2025-08-13,2025-08-17,7,Random Forest,5881.0,6138.71,-257.71000000000004,257.71000000000004,66414.44410000002,0.043820778779119204,False,,prod_eval_2025
2025-08-13,2025-08-18,7,Random Forest,5304.0,5536.055,-232.0550000000003,232.0550000000003,53849.52302500013,0.04375094268476627,False,,prod_eval_2025
2025-08-13,2025-08-19,7,Random Forest,5329.0,5447.275,-118.27499999999964,118.27499999999964,13988.975624999914,0.02219459560893219,False,,prod_eval_2025
2025-08-20,2025-08-20,7,Random Forest,5321.0,5357.87,-36.86999999999989,36.86999999999989,1359.396899999992,0.006929148656267598,False,,prod_eval_2025
2025-08-20,2025-08-21,7,Random Forest,5341.0,5364.83,-23.829999999999927,23.829999999999927,567.8688999999965,0.0044617112900205815,False,,prod_eval_2025
2025-08-20,2025-08-22,7,Random Forest,5323.0,5468.25,-145.25,145.25,21097.5625,0.02728724403531843,False,,prod_eval_2025
2025-08-20,2025-08-23,7,Random Forest,5911.0,5942.75,-31.75,31.75,1008.0625,0.0053713415665708,False,,prod_eval_2025
2025-08-20,2025-08-24,7,Random Forest,5796.0,5940.19,-144.1899999999996,144.1899999999996,20790.756099999886,0.024877501725327742,False,,prod_eval_2025
2025-08-20,2025-08-25,7,Random Forest,5215.0,5318.96,-103.96000000000004,103.96000000000004,10807.681600000007,0.01993480345158198,False,,prod_eval_2025
2025-08-20,2025-08-26,7,Random Forest,5236.0,5311.64,-75.64000000000033,75.64000000000033,5721.40960000005,0.014446142093200979,False,,prod_eval_2025
2025-08-27,2025-08-27,7,Random Forest,5237.0,5260.75,-23.75,23.75,564.0625,0.004535039144548406,False,,prod_eval_2025
2025-08-27,2025-08-28,7,Random Forest,5239.0,5295.05,-56.05000000000018,56.05000000000018,3141.6025000000204,0.010698606604313834,False,,prod_eval_2025
2025-08-27,2025-08-29,7,Random Forest,5278.0,5377.245,-99.24499999999989,99.24499999999989,9849.570024999979,0.018803524062144732,False,,prod_eval_2025
2025-08-27,2025-08-30,7,Random Forest,5807.0,5867.25,-60.25,60.25,3630.0625,0.010375408989151024,False,,prod_eval_2025
2025-08-27,2025-08-31,7,Random Forest,5845.0,5821.115,23.88500000000022,23.88500000000022,570.4932250000104,0.004086398631308849,False,,prod_eval_2025
2025-08-27,2025-09-01,7,Random Forest,5149.0,5269.42,-120.42000000000007,120.42000000000007,14500.976400000018,0.02338706544960188,False,,prod_eval_2025
2025-08-27,2025-09-02,7,Random Forest,5194.0,5302.91,-108.90999999999985,108.90999999999985,11861.38809999997,0.020968425105891385,False,,prod_eval_2025
2025-09-03,2025-09-03,7,Random Forest,5138.0,5242.965,-104.96500000000015,104.96500000000015,11017.65122500003,0.020429155313351526,False,,prod_eval_2025
2025-09-03,2025-09-04,7,Random Forest,5089.0,5273.14,-184.14000000000033,184.14000000000033,33907.53960000012,0.03618392611515039,False,,prod_eval_2025
2025-09-03,2025-09-05,7,Random Forest,5191.0,5226.59,-35.590000000000146,35.590000000000146,1266.6481000000103,0.006856097091119273,False,,prod_eval_2025
2025-09-03,2025-09-06,7,Random Forest,5714.0,5730.97,-16.970000000000255,16.970000000000255,287.98090000000866,0.0029698984949247907,False,,prod_eval_2025
2025-09-03,2025-09-07,7,Random Forest,5795.0,5714.955,80.04500000000007,80.04500000000007,6407.202025000011,0.013812769628990522,False,,prod_eval_2025
2025-09-03,2025-09-08,7,Random Forest,5023.0,5166.66,-143.65999999999985,143.65999999999985,20638.19559999996,0.02860043798526774,False,,prod_eval_2025
2025-09-03,2025-09-09,7,Random Forest,5111.0,5160.365,-49.36499999999978,49.36499999999978,2436.9032249999786,0.00965857953433766,False,,prod_eval_2025
2025-09-10,2025-09-10,7,Random Forest,5110.0,5110.84,-0.8400000000001455,0.8400000000001455,0.7056000000002445,0.00016438356164386408,False,,prod_eval_2025
2025-09-10,2025-09-11,7,Random Forest,5154.0,5106.77,47.22999999999956,47.22999999999956,2230.6728999999586,0.009163756305781832,False,,prod_eval_2025
2025-09-10,2025-09-12,7,Random Forest,5055.0,5186.43,-131.4300000000003,131.4300000000003,17273.844900000076,0.026000000000000058,False,,prod_eval_2025
2025-09-10,2025-09-13,7,Random Forest,5770.0,5677.97,92.02999999999975,92.02999999999975,8469.520899999952,0.015949740034662,False,,prod_eval_2025
2025-09-10,2025-09-14,7,Random Forest,5721.0,5674.185,46.8149999999996,46.8149999999996,2191.6442249999627,0.008183009963293061,False,,prod_eval_2025
2025-09-10,2025-09-15,7,Random Forest,5054.0,5074.995,-20.99499999999989,20.99499999999989,440.7900249999954,0.004154135338345843,False,,prod_eval_2025
2025-09-10,2025-09-16,7,Random Forest,5121.0,5083.29,37.710000000000036,37.710000000000036,1422.0441000000028,0.00736379613356767,False,,prod_eval_2025
2025-09-17,2025-09-17,7,Random Forest,4999.0,5060.655,-61.654999999999745,61.654999999999745,3801.3390249999684,0.012333466693338617,False,,prod_eval_2025
2025-09-17,2025-09-18,7,Random Forest,5016.0,5055.465,-39.465000000000146,39.465000000000146,1557.4862250000115,0.007867822966507206,False,,prod_eval_2025
2025-09-17,2025-09-19,7,Random Forest,5041.0,5048.1,-7.100000000000364,7.100000000000364,50.41000000000517,0.0014084507042254242,False,,prod_eval_2025
2025-09-17,2025-09-20,7,Random Forest,5594.0,5568.255,25.74499999999989,25.74499999999989,662.8050249999944,0.004602252413299945,False,,prod_eval_2025
2025-09-17,2025-09-21,7,Random Forest,5587.0,5645.055,-58.05500000000029,58.05500000000029,3370.3830250000337,0.010391086450689152,False,,prod_eval_2025
2025-09-17,2025-09-22,7,Random Forest,5020.0,5022.94,-2.9399999999996,2.9399999999996,8.643599999997647,0.0005856573705178486,False,,prod_eval_2025
2025-09-17,2025-09-23,7,Random Forest,4973.0,5034.68,-61.68000000000029,61.68000000000029,3804.422400000036,0.012402976070782282,False,,prod_eval_2025
2025-09-24,2025-09-24,7,Random Forest,4972.0,4985.54,-13.539999999999964,13.539999999999964,183.331599999999,0.0027232502011263,False,,prod_eval_2025
2025-09-24,2025-09-25,7,Random Forest,4935.0,5000.795,-65.79500000000007,65.79500000000007,4328.982025000009,0.01333232016210741,False,,prod_eval_2025
2025-09-24,2025-09-26,7,Random Forest,5050.0,4997.275,52.725000000000364,52.725000000000364,2779.9256250000385,0.010440594059406012,False,,prod_eval_2025
2025-09-24,2025-09-27,7,Random Forest,5590.0,5530.56,59.4399999999996,59.4399999999996,3533.1135999999524,0.010633273703041074,False,,prod_eval_2025
2025-09-24,2025-09-28,7,Random Forest,5607.0,5501.8,105.19999999999982,105.19999999999982,11067.03999999996,0.01876226145889064,False,,prod_eval_2025
2025-09-24,2025-09-29,7,Random Forest,4991.0,4979.015,11.984999999999673,11.984999999999673,143.64022499999214,0.0024013223802844467,False,,prod_eval_2025
2025-09-24,2025-09-30,7,Random Forest,4938.0,4983.18,-45.18000000000029,45.18000000000029,2041.2324000000262,0.009149453219927155,False,,prod_eval_2025
2025-10-01,2025-10-01,7,Random Forest,4947.0,4966.055,-19.05500000000029,19.05500000000029,363.0930250000111,0.0038518293915504936,False,,prod_eval_2025
2025-10-01,2025-10-02,7,Random Forest,5361.0,5047.965,313.03499999999985,313.03499999999985,97990.91122499992,0.05839115836597647,False,,prod_eval_2025
2025-10-01,2025-10-03,7,Random Forest,4950.0,5026.095,-76.09500000000025,76.09500000000025,5790.449025000039,0.015372727272727324,False,,prod_eval_2025
2025-10-01,2025-10-04,7,Random Forest,5563.0,5526.415,36.585000000000036,36.585000000000036,1338.4622250000027,0.006576487506740974,False,,prod_eval_2025
2025-10-01,2025-10-05,7,Random Forest,5542.0,5499.955,42.04500000000007,42.04500000000007,1767.7820250000061,0.007586611331649238,False,,prod_eval_2025
2025-10-01,2025-10-06,7,Random Forest,4913.0,4995.965,-82.96500000000015,82.96500000000015,6883.191225000024,0.016886830856910267,False,,prod_eval_2025
2025-10-01,2025-10-07,7,Random Forest,4890.0,4936.33,-46.32999999999993,46.32999999999993,2146.4688999999935,0.009474437627811846,False,,prod_eval_2025
2025-10-08,2025-10-08,7,Random Forest,4898.0,4930.32,-32.31999999999971,32.31999999999971,1044.5823999999811,0.006598611678235955,False,,prod_eval_2025
2025-10-08,2025-10-09,7,Random Forest,4836.0,4918.715,-82.71500000000015,82.71500000000015,6841.771225000024,0.01710401157981806,False,,prod_eval_2025
2025-10-08,2025-10-10,7,Random Forest,4863.0,4999.285,-136.28499999999985,136.28499999999985,18573.601224999962,0.02802488176023028,False,,prod_eval_2025
2025-10-08,2025-10-11,7,Random Forest,5414.0,5495.03,-81.02999999999975,81.02999999999975,6565.860899999959,0.014966752862947866,False,,prod_eval_2025
2025-10-08,2025-10-12,7,Random Forest,5562.0,5464.08,97.92000000000007,97.92000000000007,9588.326400000014,0.01760517799352752,False,,prod_eval_2025
2025-10-08,2025-10-13,7,Random Forest,4925.0,4958.815,-33.8149999999996,33.8149999999996,1143.454224999973,0.006865989847715655,False,,prod_eval_2025
2025-10-08,2025-10-14,7,Random Forest,4887.0,4878.955,8.045000000000073,8.045000000000073,64.72202500000117,0.0016462042152650036,False,,prod_eval_2025
2025-10-15,2025-10-15,7,Random Forest,4900.0,4868.67,31.329999999999927,31.329999999999927,981.5688999999954,0.0063938775510203934,False,,prod_eval_2025
2025-10-15,2025-10-16,7,Random Forest,4903.0,4928.98,-25.979999999999563,25.979999999999563,674.9603999999773,0.0052987966551090275,False,,prod_eval_2025
2025-10-15,2025-10-17,7,Random Forest,4816.0,4864.775,-48.774999999999636,48.774999999999636,2379.0006249999647,0.010127699335548097,False,,prod_eval_2025
2025-10-15,2025-10-18,7,Random Forest,5549.0,5347.08,201.92000000000007,201.92000000000007,40771.68640000003,0.03638853847540099,False,,prod_eval_2025
2025-10-15,2025-10-19,7,Random Forest,5461.0,5392.94,68.0600000000004,68.0600000000004,4632.163600000054,0.012462918879326204,False,,prod_eval_2025
2025-10-15,2025-10-20,7,Random Forest,4797.0,4885.69,-88.6899999999996,88.6899999999996,7865.916099999929,0.01848863873254109,False,,prod_eval_2025
2025-10-15,2025-10-21,7,Random Forest,4918.0,4854.855,63.14500000000044,63.14500000000044,3987.291025000055,0.012839568930459625,False,,prod_eval_2025
2025-10-22,2025-10-22,7,Random Forest,4892.0,4871.645,20.354999999999563,20.354999999999563,414.3260249999822,0.004160874897792224,False,,prod_eval_2025
2025-10-22,2025-10-23,7,Random Forest,4871.0,4836.335,34.664999999999964,34.664999999999964,1201.6622249999975,0.007116608499281454,False,,prod_eval_2025
2025-10-22,2025-10-24,7,Random Forest,4871.0,4820.84,50.159999999999854,50.159999999999854,2516.0255999999854,0.01029768014781356,False,,prod_eval_2025
2025-10-22,2025-10-25,7,Random Forest,5397.0,5328.315,68.6850000000004,68.6850000000004,4717.629225000055,0.012726514730405855,False,,prod_eval_2025
2025-10-22,2025-10-26,7,Random Forest,5412.0,5373.015,38.98499999999967,38.98499999999967,1519.8302249999745,0.0072034368070952835,False,,prod_eval_2025
2025-10-22,2025-10-27,7,Random Forest,4954.0,4831.785,122.21500000000015,122.21500000000015,14936.506225000036,0.024669963665724697,False,,prod_eval_2025
2025-10-22,2025-10-28,7,Random Forest,4918.0,4860.47,57.529999999999745,57.529999999999745,3309.7008999999707,0.01169784465229763,False,,prod_eval_2025
2025-10-29,2025-10-29,7,Random Forest,4963.0,4868.185,94.8149999999996,94.8149999999996,8989.884224999923,0.019104372355430103,False,,prod_eval_2025
2025-10-29,2025-10-30,7,Random Forest,4926.0,4848.4,77.60000000000036,77.60000000000036,6021.760000000057,0.015753146569224597,False,,prod_eval_2025
2025-10-29,2025-10-31,7,Random Forest,4870.0,4821.725,48.274999999999636,48.274999999999636,2330.475624999965,0.009912731006160089,False,,prod_eval_2025
2025-10-29,2025-11-01,7,Random Forest,6061.0,5317.705,743.2950000000001,743.2950000000001,552487.4570250001,0.12263570367926085,False,,prod_eval_2025
2025-10-29,2025-11-02,7,Random Forest,5435.0,5313.11,121.89000000000033,121.89000000000033,14857.17210000008,0.02242686292548304,False,,prod_eval_2025
2025-10-29,2025-11-03,7,Random Forest,4940.0,4882.78,57.220000000000255,57.220000000000255,3274.128400000029,0.011582995951417055,False,,prod_eval_2025
2025-10-29,2025-11-04,7,Random Forest,4848.0,4980.89,-132.89000000000033,132.89000000000033,17659.75210000009,0.027411303630363103,False,,prod_eval_2025
2025-11-05,2025-11-05,7,Random Forest,4922.0,4899.185,22.8149999999996,22.8149999999996,520.5242249999817,0.004635310849248192,False,,prod_eval_2025
2025-11-05,2025-11-06,7,Random Forest,4960.0,4896.565,63.4350000000004,63.4350000000004,4023.999225000051,0.012789314516129113,False,,prod_eval_2025
2025-11-05,2025-11-07,7,Random Forest,4834.0,4857.725,-23.725000000000364,23.725000000000364,562.8756250000173,0.0049079437318991235,False,,prod_eval_2025
2025-11-05,2025-11-08,7,Random Forest,5465.0,5267.11,197.89000000000033,197.89000000000033,39160.45210000013,0.03621043000914919,False,,prod_eval_2025
2025-11-05,2025-11-09,7,Random Forest,5463.0,5289.895,173.10499999999956,173.10499999999956,29965.34102499985,0.03168680212337535,False,,prod_eval_2025
2025-11-05,2025-11-10,7,Random Forest,4940.0,4953.99,-13.989999999999782,13.989999999999782,195.7200999999939,0.002831983805667972,False,,prod_eval_2025
2025-11-05,2025-11-11,7,Random Forest,4916.0,4928.9,-12.899999999999636,12.899999999999636,166.40999999999062,0.0026240846216435388,False,,prod_eval_2025
2025-11-12,2025-11-12,7,Random Forest,4924.0,4944.365,-20.36499999999978,20.36499999999978,414.73322499999114,0.004135865150284277,False,,prod_eval_2025
2025-11-12,2025-11-13,7,Random Forest,4906.0,4940.135,-34.13500000000022,34.13500000000022,1165.1982250000149,0.006957806767223852,False,,prod_eval_2025
2025-11-12,2025-11-14,7,Random Forest,4967.0,4866.63,100.36999999999989,100.36999999999989,10074.136899999978,0.020207368632977632,False,,prod_eval_2025
2025-11-12,2025-11-15,7,Random Forest,5499.0,5369.6,129.39999999999964,129.39999999999964,16744.359999999906,0.023531551191125592,False,,prod_eval_2025
2025-11-12,2025-11-16,7,Random Forest,5603.0,5322.02,280.97999999999956,280.97999999999956,78949.76039999975,0.05014813492771722,False,,prod_eval_2025
2025-11-12,2025-11-17,7,Random Forest,4982.0,4908.795,73.20499999999993,73.20499999999993,5358.972024999989,0.014693898032918491,False,,prod_eval_2025
2025-11-12,2025-11-18,7,Random Forest,4923.0,4945.055,-22.05500000000029,22.05500000000029,486.42302500001284,0.004479991874873104,False,,prod_eval_2025
2025-11-19,2025-11-19,7,Random Forest,4930.0,4945.825,-15.824999999999818,15.824999999999818,250.43062499999425,0.0032099391480729855,False,,prod_eval_2025
2025-11-19,2025-11-20,7,Random Forest,6006.0,5812.42,193.57999999999993,193.57999999999993,37473.21639999997,0.03223110223110222,False,,prod_eval_2025
2025-11-19,2025-11-21,7,Random Forest,5953.0,5838.985,114.01500000000033,114.01500000000033,12999.420225000074,0.0191525281370738,False,,prod_eval_2025
2025-11-19,2025-11-22,7,Random Forest,6701.0,6215.155,485.84500000000025,485.84500000000025,236045.36402500025,0.07250335770780485,False,,prod_eval_2025
2025-11-19,2025-11-23,7,Random Forest,6595.0,6268.77,326.22999999999956,326.22999999999956,106426.01289999971,0.04946626231993928,False,,prod_eval_2025
2025-11-19,2025-11-24,7,Random Forest,6013.0,5821.355,191.64500000000044,191.64500000000044,36727.806025000165,0.03187177781473481,False,,prod_eval_2025
2025-11-19,2025-11-25,7,Random Forest,5906.0,5692.425,213.57499999999982,213.57499999999982,45614.28062499992,0.036162377243481175,False,,prod_eval_2025
2025-11-26,2025-11-26,7,Random Forest,6038.0,5691.525,346.47500000000036,346.47500000000036,120044.92562500025,0.05738241139450155,False,,prod_eval_2025
2025-11-26,2025-11-27,7,Random Forest,6079.0,5779.54,299.46000000000004,299.46000000000004,89676.29160000003,0.04926139167626255,False,,prod_eval_2025
2025-11-26,2025-11-28,7,Random Forest,5989.0,5769.775,219.22500000000036,219.22500000000036,48059.60062500016,0.0366046084488229,False,,prod_eval_2025
2025-11-26,2025-11-29,7,Random Forest,6773.0,6493.285,279.71500000000015,279.71500000000015,78240.48122500008,0.04129853831389342,False,,prod_eval_2025
2025-11-26,2025-11-30,7,Random Forest,6552.0,6650.79,-98.78999999999996,98.78999999999996,9759.464099999992,0.015077838827838821,False,,prod_eval_2025
2025-11-26,2025-12-01,7,Random Forest,4950.0,5027.345,-77.34500000000025,77.34500000000025,5982.249025000039,0.015625252525252577,False,,prod_eval_2025
2025-11-26,2025-12-02,7,Random Forest,5035.0,4912.87,122.13000000000011,122.13000000000011,14915.736900000027,0.024256206554121175,False,,prod_eval_2025
2025-12-03,2025-12-03,7,Random Forest,4956.0,4929.32,26.68000000000029,26.68000000000029,711.8224000000155,0.005383373688458493,False,,prod_eval_2025
2025-12-03,2025-12-04,7,Random Forest,5004.0,5681.87,-677.8699999999999,677.8699999999999,459507.73689999984,0.1354656274980016,False,,prod_eval_2025
2025-12-03,2025-12-05,7,Random Forest,4923.0,5899.555,-976.5550000000003,976.5550000000003,953659.6680250006,0.19836583384115383,False,,prod_eval_2025
2025-12-03,2025-12-06,7,Random Forest,5617.0,6021.605,-404.60499999999956,404.60499999999956,163705.20602499964,0.07203222360690753,False,,prod_eval_2025
2025-12-03,2025-12-07,7,Random Forest,5671.0,5940.24,-269.2399999999998,269.2399999999998,72490.17759999988,0.04747663551401865,False,,prod_eval_2025
2025-12-03,2025-12-08,7,Random Forest,5040.0,5061.62,-21.61999999999989,21.61999999999989,467.4243999999953,0.004289682539682518,False,,prod_eval_2025
2025-12-03,2025-12-09,7,Random Forest,5064.0,5086.445,-22.44499999999971,22.44499999999971,503.77802499998694,0.004432266982622376,False,,prod_eval_2025
2025-12-10,2025-12-10,7,Random Forest,5020.0,5037.135,-17.13500000000022,17.13500000000022,293.6082250000075,0.00341334661354586,False,,prod_eval_2025
2025-12-10,2025-12-11,7,Random Forest,5062.0,5048.72,13.279999999999745,13.279999999999745,176.35839999999322,0.0026234689845910206,False,,prod_eval_2025
2025-12-10,2025-12-12,7,Random Forest,5014.0,4989.43,24.56999999999971,24.56999999999971,603.6848999999856,0.0049002792181890124,False,,prod_eval_2025
2025-12-10,2025-12-13,7,Random Forest,5771.0,5546.47,224.52999999999975,224.52999999999975,50413.720899999884,0.03890660197539417,False,,prod_eval_2025
2025-12-10,2025-12-14,7,Random Forest,5605.0,5616.825,-11.824999999999818,11.824999999999818,139.8306249999957,0.002109723461195329,False,,prod_eval_2025
2025-12-10,2025-12-15,7,Random Forest,5084.0,4999.17,84.82999999999993,84.82999999999993,7196.128899999988,0.01668568056648307,False,,prod_eval_2025
2025-12-10,2025-12-16,7,Random Forest,5050.0,5084.78,-34.779999999999745,34.779999999999745,1209.6483999999823,0.006887128712871237,False,,prod_eval_2025
2025-12-17,2025-12-17,7,Random Forest,5218.0,5029.745,188.2550000000001,188.2550000000001,35439.945025000045,0.03607799923342279,False,,prod_eval_2025
2025-12-17,2025-12-18,7,Random Forest,5177.0,5117.45,59.55000000000018,59.55000000000018,3546.2025000000217,0.011502800849913113,False,,prod_eval_2025
2025-12-17,2025-12-19,7,Random Forest,5175.0,5035.495,139.5050000000001,139.5050000000001,19461.64502500003,0.026957487922705334,False,,prod_eval_2025
2025-12-17,2025-12-20,7,Random Forest,5666.0,5524.745,141.2550000000001,141.2550000000001,19952.975025000032,0.024930285915990134,False,,prod_eval_2025
2025-12-17,2025-12-21,7,Random Forest,5765.0,5486.49,278.5100000000002,278.5100000000002,77567.82010000013,0.04831049436253256,False,,prod_eval_2025
2025-12-17,2025-12-22,7,Random Forest,5075.0,5120.2,-45.19999999999982,45.19999999999982,2043.0399999999836,0.008906403940886664,False,,prod_eval_2025
2025-12-17,2025-12-23,7,Random Forest,5200.0,5133.055,66.94499999999971,66.94499999999971,4481.633024999961,0.012874038461538406,False,,prod_eval_2025
2025-12-24,2025-12-24,7,Random Forest,5158.0,5193.74,-35.73999999999978,35.73999999999978,1277.3475999999844,0.006929042264443541,False,,prod_eval_2025
2025-12-24,2025-12-25,7,Random Forest,5721.0,5206.445,514.5550000000003,514.5550000000003,264766.8480250003,0.0899414438035309,False,,prod_eval_2025
2025-12-24,2025-12-26,7,Random Forest,5181.0,5186.075,-5.074999999999818,5.074999999999818,25.755624999998155,0.0009795406292221229,False,,prod_eval_2025
2025-12-24,2025-12-27,7,Random Forest,5822.0,5576.885,245.11499999999978,245.11499999999978,60081.36322499989,0.042101511508072786,False,,prod_eval_2025
2025-12-24,2025-12-28,7,Random Forest,5839.0,5494.98,344.02000000000044,344.02000000000044,118349.7604000003,0.05891762288063032,False,,prod_eval_2025
2025-12-24,2025-12-29,7,Random Forest,5255.0,5119.575,135.42500000000018,135.42500000000018,18339.930625000048,0.025770694576593756,False,,prod_eval_2025
2025-12-24,2025-12-30,7,Random Forest,5293.0,5168.4,124.60000000000036,124.60000000000036,15525.16000000009,0.023540525221991376,False,,prod_eval_2025
2025-12-31,2025-12-31,7,Random Forest,5189.0,5212.31,-23.3100000000004,23.3100000000004,543.3561000000186,0.004492195027943804,False,,prod_eval_2025
2025-01-01,2025-01-01,30,HistGradientBoosting,5031.0,5155.2277946294425,-124.22779462944254,124.22779462944254,15432.544958494953,0.02469246563892716,False,,prod_eval_2025
2025-01-01,2025-01-02,30,HistGradientBoosting,5003.0,5060.374387988454,-57.374387988454146,57.374387988454146,3291.8203970496716,0.011467996799611063,False,,prod_eval_2025
2025-01-01,2025-01-03,30,HistGradientBoosting,5134.0,5075.765812853895,58.23418714610489,58.23418714610489,3391.2205525675677,0.011342849074036791,False,,prod_eval_2025
2025-01-01,2025-01-04,30,HistGradientBoosting,5747.0,5769.375222713775,-22.375222713774747,22.375222713774747,500.6505914910214,0.0038933744064337476,False,,prod_eval_2025
2025-01-01,2025-01-05,30,HistGradientBoosting,5664.0,5752.971850488531,-88.97185048853135,88.97185048853135,7915.9901793535755,0.01570830693653449,False,,prod_eval_2025
2025-01-01,2025-01-06,30,HistGradientBoosting,5082.0,5192.453743883893,-110.45374388389337,110.45374388389337,12200.02953796871,0.021734306155823172,False,,prod_eval_2025
2025-01-01,2025-01-07,30,HistGradientBoosting,5134.0,5158.023087836248,-24.023087836248123,24.023087836248123,577.1087491880926,0.004679214615552809,False,,prod_eval_2025
2025-01-01,2025-01-08,30,HistGradientBoosting,5130.0,5215.269357530665,-85.26935753066482,85.26935753066482,7270.863333692345,0.016621707120987296,False,,prod_eval_2025
2025-01-01,2025-01-09,30,HistGradientBoosting,5101.0,5187.255365755037,-86.25536575503702,86.25536575503702,7439.9881215352125,0.016909501226237408,False,,prod_eval_2025
2025-01-01,2025-01-10,30,HistGradientBoosting,5136.0,5116.782949411314,19.217050588686106,19.217050588686106,369.295033328121,0.003741637575678759,False,,prod_eval_2025
2025-01-01,2025-01-11,30,HistGradientBoosting,5770.0,5776.533360000158,-6.5333600001577,6.5333600001577,42.68479289166062,0.0011322980936148525,False,,prod_eval_2025
2025-01-01,2025-01-12,30,HistGradientBoosting,5723.0,5834.063345768668,-111.06334576866811,111.06334576866811,12335.06677333073,0.019406490611334634,False,,prod_eval_2025
2025-01-01,2025-01-13,30,HistGradientBoosting,5242.0,5217.231267977774,24.768732022225777,24.768732022225777,613.4900859888326,0.004725053800500911,False,,prod_eval_2025
2025-01-01,2025-01-14,30,HistGradientBoosting,5138.0,5199.943866450521,-61.943866450521455,61.943866450521455,3837.0425908400375,0.01205602694638409,False,,prod_eval_2025
2025-01-01,2025-01-15,30,HistGradientBoosting,5210.0,5238.376932684065,-28.37693268406474,28.37693268406474,805.2503085559417,0.005446628154331045,False,,prod_eval_2025
2025-01-01,2025-01-16,30,HistGradientBoosting,5234.0,5174.604510648074,59.39548935192579,59.39548935192579,3527.82415535473,0.011348010957570842,False,,prod_eval_2025
2025-01-01,2025-01-17,30,HistGradientBoosting,5220.0,5143.256977401216,76.74302259878368,76.74302259878368,5889.491517597423,0.01470172846719994,False,,prod_eval_2025
2025-01-01,2025-01-18,30,HistGradientBoosting,5928.0,5858.220204489077,69.77979551092267,69.77979551092267,4869.219861546183,0.011771220565270355,False,,prod_eval_2025
2025-01-01,2025-01-19,30,HistGradientBoosting,5903.0,5866.128549293513,36.87145070648694,36.87145070648694,1359.503877200896,0.006246222379550557,False,,prod_eval_2025
2025-01-01,2025-01-20,30,HistGradientBoosting,5226.0,5291.309010109889,-65.30901010988873,65.30901010988873,4265.2668015335485,0.012496940319534775,False,,prod_eval_2025
2025-01-01,2025-01-21,30,HistGradientBoosting,5313.0,5247.947892302434,65.05210769756559,65.05210769756559,4231.776715895672,0.012243950253635533,False,,prod_eval_2025
2025-01-01,2025-01-22,30,HistGradientBoosting,5275.0,5319.353638399543,-44.35363839954334,44.35363839954334,1967.2452392774458,0.008408272682377885,False,,prod_eval_2025
2025-01-01,2025-01-23,30,HistGradientBoosting,5356.0,5247.677910506313,108.32208949368669,108.32208949368669,11733.675072278269,0.020224437918910883,False,,prod_eval_2025
2025-01-01,2025-01-24,30,HistGradientBoosting,5414.0,5187.169567869159,226.83043213084056,226.83043213084056,51452.044940663865,0.04189701369243453,False,,prod_eval_2025
2025-01-01,2025-01-25,30,HistGradientBoosting,5935.0,5856.165155990461,78.83484400953876,78.83484400953876,6214.9326300083085,0.013283040271194398,False,,prod_eval_2025
2025-01-01,2025-01-26,30,HistGradientBoosting,6470.0,6058.848916121599,411.15108387840064,411.15108387840064,169045.21377438365,0.06354730817285945,False,,prod_eval_2025
2025-01-01,2025-01-27,30,HistGradientBoosting,5410.0,5343.66681436503,66.3331856349696,66.3331856349696,4400.091516483337,0.01226121730775778,False,,prod_eval_2025
2025-01-01,2025-01-28,30,HistGradientBoosting,5373.0,5311.540950279822,61.45904972017797,61.45904972017797,3777.214792507308,0.011438497993705188,False,,prod_eval_2025
2025-01-01,2025-01-29,30,HistGradientBoosting,5327.0,5335.895341861004,-8.895341861004454,8.895341861004454,79.12710682413818,0.0016698595571624656,False,,prod_eval_2025
2025-01-01,2025-01-30,30,HistGradientBoosting,5379.0,5335.9498158142,43.05018418580039,43.05018418580039,1853.318358431338,0.00800338058854813,False,,prod_eval_2025
2025-01-31,2025-01-31,30,HistGradientBoosting,5334.0,5302.512118352481,31.487881647519316,31.487881647519316,991.4866906481838,0.005903239903921881,False,,prod_eval_2025
2025-01-31,2025-02-01,30,HistGradientBoosting,5977.0,6126.059075789997,-149.05907578999722,149.05907578999722,22218.608075368138,0.024938777947130203,False,,prod_eval_2025
2025-01-31,2025-02-02,30,HistGradientBoosting,6061.0,6145.37470025062,-84.37470025061975,84.37470025061975,7119.090042381933,0.013920920681507961,False,,prod_eval_2025
2025-01-31,2025-02-03,30,HistGradientBoosting,5536.0,5260.029274588914,275.9707254110863,275.9707254110863,76159.84128392118,0.04985020328957483,False,,prod_eval_2025
2025-01-31,2025-02-04,30,HistGradientBoosting,5354.0,5359.314644565139,-5.314644565139133,5.314644565139133,28.245446853762925,0.0009926493397719712,False,,prod_eval_2025
2025-01-31,2025-02-05,30,HistGradientBoosting,5458.0,5345.0051499487,112.99485005130009,112.99485005130009,12767.836138115792,0.02070261085586297,False,,prod_eval_2025
2025-01-31,2025-02-06,30,HistGradientBoosting,5543.0,5354.6798275481615,188.32017245183852,188.32017245183852,35464.4873522902,0.03397441321519728,False,,prod_eval_2025
2025-01-31,2025-02-07,30,HistGradientBoosting,5515.0,5352.239101185685,162.76089881431471,162.76089881431471,26491.110182843593,0.02951240232353848,False,,prod_eval_2025
2025-01-31,2025-02-08,30,HistGradientBoosting,6178.0,6031.0658666047,146.9341333952998,146.9341333952998,21589.639556627753,0.023783446648640304,False,,prod_eval_2025
2025-01-31,2025-02-09,30,HistGradientBoosting,6169.0,6057.077371824199,111.92262817580104,111.92262817580104,12526.674697778612,0.01814275055532518,False,,prod_eval_2025
2025-01-31,2025-02-10,30,HistGradientBoosting,5467.0,5339.319148273528,127.6808517264717,127.6808517264717,16302.399897597252,0.023354829289641797,False,,prod_eval_2025
2025-01-31,2025-02-11,30,HistGradientBoosting,5441.0,5271.81920253165,169.18079746834974,169.18079746834974,28622.142232026774,0.03109369554647119,False,,prod_eval_2025
2025-01-31,2025-02-12,30,HistGradientBoosting,5546.0,5311.432833099403,234.56716690059693,234.56716690059693,55021.7557877725,0.04229483716202613,False,,prod_eval_2025
2025-01-31,2025-02-13,30,HistGradientBoosting,5591.0,5311.577150946707,279.42284905329325,279.42284905329325,78077.1285730595,0.04997725792403743,False,,prod_eval_2025
2025-01-31,2025-02-14,30,HistGradientBoosting,5496.0,5316.535767941218,179.46423205878182,179.46423205878182,32207.410588448292,0.03265360845319902,False,,prod_eval_2025
2025-01-31,2025-02-15,30,HistGradientBoosting,6235.0,5974.432478950485,260.56752104951465,260.56752104951465,67895.43302588926,0.04179110201275295,False,,prod_eval_2025
2025-01-31,2025-02-16,30,HistGradientBoosting,6249.0,5988.74306888683,260.25693111317014,260.25693111317014,67733.67019244538,0.0416477726217267,False,,prod_eval_2025
2025-01-31,2025-02-17,30,HistGradientBoosting,5555.0,5413.303388296119,141.696611703881,141.696611703881,20077.929768360424,0.02550794090078866,False,,prod_eval_2025
2025-01-31,2025-02-18,30,HistGradientBoosting,5620.0,5409.07416448566,210.92583551434018,210.92583551434018,44489.70808742249,0.03753128745806765,False,,prod_eval_2025
2025-01-31,2025-02-19,30,HistGradientBoosting,5634.0,5422.931414030802,211.06858596919756,211.06858596919756,44549.94798303654,0.037463362791834855,False,,prod_eval_2025
2025-01-31,2025-02-20,30,HistGradientBoosting,5663.0,5408.412653652085,254.58734634791472,254.58734634791472,64814.71692047308,0.04495626811723728,False,,prod_eval_2025
2025-01-31,2025-02-21,30,HistGradientBoosting,5654.0,5415.06177761682,238.9382223831799,238.9382223831799,57091.47411563393,0.04226003225737175,False,,prod_eval_2025
2025-01-31,2025-02-22,30,HistGradientBoosting,6461.0,6077.823953597093,383.17604640290665,383.17604640290665,146823.88253696248,0.05930599696686374,False,,prod_eval_2025
2025-01-31,2025-02-23,30,HistGradientBoosting,6417.0,6119.5842433394755,297.4157566605245,297.4157566605245,88456.13230995231,0.04634809983801223,False,,prod_eval_2025
2025-01-31,2025-02-24,30,HistGradientBoosting,5682.0,5429.941842533845,252.05815746615463,252.05815746615463,63533.3147452328,0.04436081616792584,False,,prod_eval_2025
2025-01-31,2025-02-25,30,HistGradientBoosting,5661.0,5391.641172370261,269.3588276297387,269.3588276297387,72554.17802206728,0.04758149225043962,False,,prod_eval_2025
2025-01-31,2025-02-26,30,HistGradientBoosting,5708.0,5403.7352600997165,304.26473990028353,304.26473990028353,92577.03194658719,0.053304964943988,False,,prod_eval_2025
2025-01-31,2025-02-27,30,HistGradientBoosting,5781.0,5421.632723188132,359.36727681186767,359.36727681186767,129144.83964317752,0.06216351441132463,False,,prod_eval_2025
2025-01-31,2025-02-28,30,HistGradientBoosting,5729.0,5421.658363061117,307.3416369388833,307.3416369388833,94458.88179627237,0.05364664634995345,False,,prod_eval_2025
2025-01-31,2025-03-01,30,HistGradientBoosting,7664.0,6741.859912372823,922.1400876271773,922.1400876271773,850342.3412090583,0.12032099264446468,False,,prod_eval_2025
2025-03-02,2025-03-02,30,HistGradientBoosting,7544.0,6887.578030921943,656.4219690780574,656.4219690780574,430889.8014883141,0.08701245613441906,False,,prod_eval_2025
2025-03-02,2025-03-03,30,HistGradientBoosting,6799.0,6234.842829343611,564.1571706563891,564.1571706563891,318273.3132030221,0.08297649222773777,False,,prod_eval_2025
2025-03-02,2025-03-04,30,HistGradientBoosting,6858.0,6250.91446033836,607.0855396616398,607.0855396616398,368552.85246626445,0.0885222425869991,False,,prod_eval_2025
2025-03-02,2025-03-05,30,HistGradientBoosting,7056.0,6254.645920666522,801.3540793334778,801.3540793334778,642168.3604644059,0.11357058947469924,False,,prod_eval_2025
2025-03-02,2025-03-06,30,HistGradientBoosting,6920.0,6302.3659519620405,617.6340480379595,617.6340480379595,381471.8172957564,0.08925347514999414,False,,prod_eval_2025
2025-03-02,2025-03-07,30,HistGradientBoosting,6930.0,6226.710652540106,703.2893474598941,703.2893474598941,494615.9062505636,0.10148475432321705,False,,prod_eval_2025
2025-03-02,2025-03-08,30,HistGradientBoosting,6573.0,6219.291721040294,353.70827895970615,353.70827895970615,125109.5466046373,0.05381230472534705,False,,prod_eval_2025
2025-03-02,2025-03-09,30,HistGradientBoosting,6463.0,6232.751484463433,230.24851553656663,230.24851553656663,53014.37890679256,0.035625640652416316,False,,prod_eval_2025
2025-03-02,2025-03-10,30,HistGradientBoosting,5884.0,5769.046093229621,114.95390677037904,114.95390677037904,13214.400681772995,0.019536693876678966,False,,prod_eval_2025
2025-03-02,2025-03-11,30,HistGradientBoosting,5797.0,5740.5162058899305,56.48379411006954,56.48379411006954,3190.418997068726,0.00974362499742445,False,,prod_eval_2025
2025-03-02,2025-03-12,30,HistGradientBoosting,5837.0,5830.284575373164,6.715424626835556,6.715424626835556,45.096927918709476,0.0011504924836106829,False,,prod_eval_2025
2025-03-02,2025-03-13,30,HistGradientBoosting,5863.0,5902.360240985987,-39.36024098598682,39.36024098598682,1549.2285704749568,0.0067133278161328365,False,,prod_eval_2025
2025-03-02,2025-03-14,30,HistGradientBoosting,5857.0,5841.071535769478,15.928464230521968,15.928464230521968,253.71597274301777,0.0027195602237531104,False,,prod_eval_2025
2025-03-02,2025-03-15,30,HistGradientBoosting,6630.0,6214.448739084632,415.5512609153684,415.5512609153684,172682.85044835258,0.06267741491936175,False,,prod_eval_2025
2025-03-02,2025-03-16,30,HistGradientBoosting,6504.0,6286.7001949033465,217.29980509665347,217.29980509665347,47219.20529504358,0.03341017913540183,False,,prod_eval_2025
2025-03-02,2025-03-17,30,HistGradientBoosting,5941.0,5943.839649805736,-2.8396498057363715,2.8396498057363715,8.063611019218612,0.00047797505567015176,False,,prod_eval_2025
2025-03-02,2025-03-18,30,HistGradientBoosting,5868.0,5929.970097970562,-61.970097970562165,61.970097970562165,3840.293042481073,0.010560684725726341,False,,prod_eval_2025
2025-03-02,2025-03-19,30,HistGradientBoosting,5860.0,5927.508788617779,-67.50878861777892,67.50878861777892,4557.436540639957,0.011520271095184116,False,,prod_eval_2025
2025-03-02,2025-03-20,30,HistGradientBoosting,5907.0,5942.607425676211,-35.60742567621128,35.60742567621128,1267.8887632869103,0.006028005023905752,False,,prod_eval_2025
2025-03-02,2025-03-21,30,HistGradientBoosting,5937.0,5938.94963511767,-1.9496351176703683,1.9496351176703683,3.801077092053551,0.0003283872524288982,False,,prod_eval_2025
2025-03-02,2025-03-22,30,HistGradientBoosting,6673.0,6267.940581630567,405.05941836943293,405.05941836943293,164073.1324097833,0.060701246571172325,False,,prod_eval_2025
2025-03-02,2025-03-23,30,HistGradientBoosting,6642.0,6293.22126105412,348.7787389458799,348.7787389458799,121646.60874067826,0.05251110191898222,False,,prod_eval_2025
2025-03-02,2025-03-24,30,HistGradientBoosting,5909.0,5857.462844683959,51.53715531604121,51.53715531604121,2656.0783780697543,0.008721806619739585,False,,prod_eval_2025
2025-03-02,2025-03-25,30,HistGradientBoosting,5995.0,5834.432070095977,160.567929904023,160.567929904023,25782.060113663243,0.026783641351796998,False,,prod_eval_2025
2025-03-02,2025-03-26,30,HistGradientBoosting,6039.0,5928.333727169759,110.66627283024081,110.66627283024081,12247.023942137295,0.0183252645852361,False,,prod_eval_2025
2025-03-02,2025-03-27,30,HistGradientBoosting,5986.0,5947.155953516435,38.84404648356485,38.84404648356485,1508.859947217347,0.006489149095149491,False,,prod_eval_2025
2025-03-02,2025-03-28,30,HistGradientBoosting,5945.0,5928.66266768788,16.337332312120452,16.337332312120452,266.908427076655,0.0027480794469504546,False,,prod_eval_2025
2025-03-02,2025-03-29,30,HistGradientBoosting,6560.0,6262.016070370997,297.9839296290029,297.9839296290029,88794.42231714254,0.04542437951661629,False,,prod_eval_2025
2025-03-02,2025-03-30,30,HistGradientBoosting,6767.0,6302.967919525647,464.0320804743533,464.0320804743533,215325.7717093567,0.06857279155820205,False,,prod_eval_2025
2025-03-02,2025-03-31,30,HistGradientBoosting,6049.0,5971.97820403309,77.02179596690985,77.02179596690985,5932.3570539682905,0.012732979991223317,False,,prod_eval_2025
2025-04-01,2025-04-01,30,HistGradientBoosting,5999.0,5975.6524606885305,23.347539311469518,23.347539311469518,545.1075919006146,0.0038919052027787163,False,,prod_eval_2025
2025-04-01,2025-04-02,30,HistGradientBoosting,5956.0,5973.350569905927,-17.350569905926932,17.350569905926932,301.0422760604573,0.0029131245644605326,False,,prod_eval_2025
2025-04-01,2025-04-03,30,HistGradientBoosting,6014.0,5996.464276002462,17.535723997538298,17.535723997538298,307.50161611784057,0.0029158170930392914,False,,prod_eval_2025
2025-04-01,2025-04-04,30,HistGradientBoosting,6046.0,6002.582105716687,43.41789428331322,43.41789428331322,1885.1135439969626,0.007181259391881114,False,,prod_eval_2025
2025-04-01,2025-04-05,30,HistGradientBoosting,6741.0,6313.3270301628645,427.6729698371355,427.6729698371355,182904.1691293154,0.06344354989424944,False,,prod_eval_2025
2025-04-01,2025-04-06,30,HistGradientBoosting,6707.0,6331.592992475798,375.4070075242016,375.4070075242016,140930.42129827596,0.05597241799973186,False,,prod_eval_2025
2025-04-01,2025-04-07,30,HistGradientBoosting,5940.0,5978.1039507322685,-38.10395073226846,38.10395073226846,1451.911061407142,0.006414806520583916,False,,prod_eval_2025
2025-04-01,2025-04-08,30,HistGradientBoosting,6020.0,5985.848983391906,34.151016608094324,34.151016608094324,1166.2919353663344,0.005672926346859522,False,,prod_eval_2025
2025-04-01,2025-04-09,30,HistGradientBoosting,6006.0,5989.136094684134,16.86390531586585,16.86390531586585,284.3913025024885,0.002807843042934707,False,,prod_eval_2025
2025-04-01,2025-04-10,30,HistGradientBoosting,6023.0,5979.9423463502635,43.057653649736494,43.057653649736494,1853.9615378206665,0.007148871600487547,False,,prod_eval_2025
2025-04-01,2025-04-11,30,HistGradientBoosting,6085.0,5978.478113519978,106.52188648002175,106.52188648002175,11346.91229926264,0.017505651023832662,False,,prod_eval_2025
2025-04-01,2025-04-12,30,HistGradientBoosting,6779.0,6280.525915079767,498.4740849202326,498.4740849202326,248476.41333706325,0.07353209690518256,False,,prod_eval_2025
2025-04-01,2025-04-13,30,HistGradientBoosting,6833.0,6297.077744278309,535.9222557216908,535.9222557216908,287212.6641778254,0.0784314731043013,False,,prod_eval_2025
2025-04-01,2025-04-14,30,HistGradientBoosting,5984.0,5970.671420836753,13.328579163247014,13.328579163247014,177.65102251094245,0.0022273695125747013,False,,prod_eval_2025
2025-04-01,2025-04-15,30,HistGradientBoosting,6035.0,5979.0030675494745,55.99693245052549,55.99693245052549,3135.6564438687146,0.009278696346400247,False,,prod_eval_2025
2025-04-01,2025-04-16,30,HistGradientBoosting,6096.0,5970.908815897698,125.09118410230167,125.09118410230167,15647.80434011593,0.020520207365863134,False,,prod_eval_2025
2025-04-01,2025-04-17,30,HistGradientBoosting,6175.0,5975.567826812468,199.4321731875316,199.4321731875316,39773.19170230159,0.03229670820850714,False,,prod_eval_2025
2025-04-01,2025-04-18,30,HistGradientBoosting,6139.0,5975.567826812468,163.4321731875316,163.4321731875316,26710.075232799318,0.026621953606048476,False,,prod_eval_2025
2025-04-01,2025-04-19,30,HistGradientBoosting,6879.0,6286.395085411128,592.6049145888719,592.6049145888719,351180.58479488414,0.08614695661998428,False,,prod_eval_2025
2025-04-01,2025-04-20,30,HistGradientBoosting,6757.0,6306.026442530546,450.97355746945414,450.97355746945414,203377.14953665505,0.06674168380486224,False,,prod_eval_2025
2025-04-01,2025-04-21,30,HistGradientBoosting,6144.0,5973.297008145677,170.70299185432305,170.70299185432305,29139.51142801708,0.027783690080456225,False,,prod_eval_2025
2025-04-01,2025-04-22,30,HistGradientBoosting,6169.0,5978.899025207855,190.10097479214528,190.10097479214528,36138.38061692385,0.030815525172985133,False,,prod_eval_2025
2025-04-01,2025-04-23,30,HistGradientBoosting,6098.0,5978.663370068857,119.33662993114285,119.33662993114285,14241.23124332254,0.019569798283231035,False,,prod_eval_2025
2025-04-01,2025-04-24,30,HistGradientBoosting,6109.0,5979.998816177703,129.0011838222972,129.0011838222972,16641.305427554114,0.021116579443820137,False,,prod_eval_2025
2025-04-01,2025-04-25,30,HistGradientBoosting,6053.0,5977.356479611313,75.64352038868674,75.64352038868674,5721.9421767936665,0.012496864428991696,False,,prod_eval_2025
2025-04-01,2025-04-26,30,HistGradientBoosting,6866.0,6282.357308233723,583.6426917662766,583.6426917662766,340638.7916521849,0.08500476139910815,False,,prod_eval_2025
2025-04-01,2025-04-27,30,HistGradientBoosting,6819.0,6297.993269050467,521.0067309495334,521.0067309495334,271448.0136947195,0.07640515192103438,False,,prod_eval_2025
2025-04-01,2025-04-28,30,HistGradientBoosting,6059.0,5974.644988997996,84.35501100200418,84.35501100200418,7115.767881148246,0.013922266215877896,False,,prod_eval_2025
2025-04-01,2025-04-29,30,HistGradientBoosting,6055.0,5972.141951085765,82.85804891423504,82.85804891423504,6865.456269873766,0.013684235989138736,False,,prod_eval_2025
2025-04-01,2025-04-30,30,HistGradientBoosting,6084.0,5973.628795801185,110.37120419881467,110.37120419881467,12181.802716296444,0.018141223569824897,False,,prod_eval_2025
2025-05-01,2025-05-01,30,HistGradientBoosting,6067.0,5997.2200913713905,69.77990862860952,69.77990862860952,4869.2356482170935,0.01150155078763961,False,,prod_eval_2025
2025-05-01,2025-05-02,30,HistGradientBoosting,6108.0,5980.874953834196,127.12504616580372,127.12504616580372,16160.777362657727,0.020812875927603752,False,,prod_eval_2025
2025-05-01,2025-05-03,30,HistGradientBoosting,6731.0,6271.9481431282775,459.0518568717225,459.0518568717225,210728.6072973764,0.06819965189001968,False,,prod_eval_2025
2025-05-01,2025-05-04,30,HistGradientBoosting,6854.0,6325.873599405692,528.1264005943076,528.1264005943076,278917.49500469904,0.0770537497219591,False,,prod_eval_2025
2025-05-01,2025-05-05,30,HistGradientBoosting,6239.0,5998.193984471844,240.80601552815642,240.80601552815642,57987.537114546714,0.038596893016213565,False,,prod_eval_2025
2025-05-01,2025-05-06,30,HistGradientBoosting,6223.0,5987.27183509795,235.72816490204968,235.72816490204968,55567.76772808793,0.037880148626393974,False,,prod_eval_2025
2025-05-01,2025-05-07,30,HistGradientBoosting,6078.0,5991.3246945810915,86.67530541890847,86.67530541890847,7512.608569461063,0.014260497765532818,False,,prod_eval_2025
2025-05-01,2025-05-08,30,HistGradientBoosting,6109.0,5971.198048379,137.80195162099972,137.80195162099972,18989.377870556345,0.022557202753478427,False,,prod_eval_2025
2025-05-01,2025-05-09,30,HistGradientBoosting,6206.0,5998.870346906509,207.12965309349056,207.12965309349056,42902.69319062975,0.033375709489766446,False,,prod_eval_2025
2025-05-01,2025-05-10,30,HistGradientBoosting,6951.0,6274.274983079401,676.725016920599,676.725016920599,457956.74852618505,0.09735649790254626,False,,prod_eval_2025
2025-05-01,2025-05-11,30,HistGradientBoosting,6847.0,6296.903369345075,550.0966306549253,550.0966306549253,302606.3030579013,0.08034126342265595,False,,prod_eval_2025
2025-05-01,2025-05-12,30,HistGradientBoosting,6070.0,5951.522686016132,118.47731398386804,118.47731398386804,14036.873928832054,0.01951850312749062,False,,prod_eval_2025
2025-05-01,2025-05-13,30,HistGradientBoosting,6090.0,5969.050813045832,120.949186954168,120.949186954168,14628.705824874283,0.019860293424329722,False,,prod_eval_2025
2025-05-01,2025-05-14,30,HistGradientBoosting,6164.0,5978.566656729341,185.43334327065895,185.43334327065895,34385.52479653404,0.0300832808680498,False,,prod_eval_2025
2025-05-01,2025-05-15,30,HistGradientBoosting,6172.0,5983.839849544613,188.16015045538734,188.16015045538734,35404.242219394,0.03048609048207831,False,,prod_eval_2025
2025-05-01,2025-05-16,30,HistGradientBoosting,6132.0,5978.927460752681,153.07253924731867,153.07253924731867,23431.202271621914,0.024962905943789738,False,,prod_eval_2025
2025-05-01,2025-05-17,30,HistGradientBoosting,6881.0,6279.361777864637,601.6382221353633,601.6382221353633,361968.5503342008,0.08743470747498377,False,,prod_eval_2025
2025-05-01,2025-05-18,30,HistGradientBoosting,6909.0,6299.500766202103,609.4992337978974,609.4992337978974,371489.31600022403,0.08821815513068425,False,,prod_eval_2025
2025-05-01,2025-05-19,30,HistGradientBoosting,6188.0,5965.747205141787,222.25279485821284,222.25279485821284,49396.30482228684,0.035916741250519205,False,,prod_eval_2025
2025-05-01,2025-05-20,30,HistGradientBoosting,6090.0,5965.033664455827,124.96633554417258,124.96633554417258,15616.58501933873,0.020519923734675302,False,,prod_eval_2025
2025-05-01,2025-05-21,30,HistGradientBoosting,6193.0,5965.6508576508295,227.3491423491705,227.3491423491705,51687.63252690339,0.03671066403183764,False,,prod_eval_2025
2025-05-01,2025-05-22,30,HistGradientBoosting,6092.0,5965.6508576508295,126.3491423491705,126.3491423491705,15964.105772370953,0.020740174384302448,False,,prod_eval_2025
2025-05-01,2025-05-23,30,HistGradientBoosting,6112.0,5951.084570843151,160.9154291568493,160.9154291568493,25893.77534073299,0.02632778618403948,False,,prod_eval_2025
2025-05-01,2025-05-24,30,HistGradientBoosting,6875.0,6270.63909047929,604.3609095207103,604.3609095207103,365252.10895670013,0.08790704138483059,False,,prod_eval_2025
2025-05-01,2025-05-25,30,HistGradientBoosting,6786.0,6285.762036603126,500.23796339687397,500.23796339687397,250238.0200234522,0.073716174977435,False,,prod_eval_2025
2025-05-01,2025-05-26,30,HistGradientBoosting,6117.0,5966.02965838328,150.97034161672036,150.97034161672036,22792.044047869247,0.02468045473544554,False,,prod_eval_2025
2025-05-01,2025-05-27,30,HistGradientBoosting,6132.0,5956.8658735442805,175.13412645571952,175.13412645571952,30671.962249407956,0.028560685984298683,False,,prod_eval_2025
2025-05-01,2025-05-28,30,HistGradientBoosting,6066.0,5971.034030638071,94.96596936192873,94.96596936192873,9018.535336850786,0.015655451592800646,False,,prod_eval_2025
2025-05-01,2025-05-29,30,HistGradientBoosting,6048.0,5952.253853133085,95.7461468669153,95.7461468669153,9167.324639860914,0.015831042802069328,False,,prod_eval_2025
2025-05-01,2025-05-30,30,HistGradientBoosting,6206.0,5953.976352987503,252.02364701249735,252.02364701249735,63515.918653479865,0.040609675638494575,False,,prod_eval_2025
2025-05-31,2025-05-31,30,HistGradientBoosting,6785.0,6245.161692877344,539.8383071226563,539.8383071226563,291425.3978370553,0.07956349404902818,False,,prod_eval_2025
2025-05-31,2025-06-01,30,HistGradientBoosting,6749.0,6305.796386280705,443.2036137192954,443.2036137192954,196429.4432138424,0.06566952344336871,False,,prod_eval_2025
2025-05-31,2025-06-02,30,HistGradientBoosting,5965.0,6012.166466764939,-47.16646676493929,47.16646676493929,2224.6755870881225,0.007907203145840619,False,,prod_eval_2025
2025-05-31,2025-06-03,30,HistGradientBoosting,6149.0,6004.817815506084,144.18218449391588,144.18218449391588,20788.5023254376,0.023448070335650655,False,,prod_eval_2025
2025-05-31,2025-06-04,30,HistGradientBoosting,6104.0,6009.159658903827,94.84034109617278,94.84034109617278,8994.690299238398,0.01553740843646343,False,,prod_eval_2025
2025-05-31,2025-06-05,30,HistGradientBoosting,6013.0,5975.285194052545,37.714805947454806,37.714805947454806,1422.4065876541724,0.006272211200308466,False,,prod_eval_2025
2025-05-31,2025-06-06,30,HistGradientBoosting,6002.0,6004.181850081944,-2.181850081943594,2.181850081943594,4.760469780077268,0.00036352050682165847,False,,prod_eval_2025
2025-05-31,2025-06-07,30,HistGradientBoosting,6768.0,6291.466167990294,476.5338320097062,476.5338320097062,227084.49304985488,0.07040984515509843,False,,prod_eval_2025
2025-05-31,2025-06-08,30,HistGradientBoosting,6825.0,6290.316738628093,534.6832613719071,534.6832613719071,285886.18999129906,0.07834186979808162,False,,prod_eval_2025
2025-05-31,2025-06-09,30,HistGradientBoosting,6064.0,5949.0805506866145,114.91944931338548,114.91944931338548,13206.479830491775,0.01895109652265592,False,,prod_eval_2025
2025-05-31,2025-06-10,30,HistGradientBoosting,6053.0,5959.27993742159,93.72006257840985,93.72006257840985,8783.45012970106,0.015483241793888956,False,,prod_eval_2025
2025-05-31,2025-06-11,30,HistGradientBoosting,6046.0,5960.877894754536,85.1221052454639,85.1221052454639,7245.772801419833,0.014079077943345005,False,,prod_eval_2025
2025-05-31,2025-06-12,30,HistGradientBoosting,6156.0,5971.206560959875,184.79343904012512,184.79343904012512,34148.61511227644,0.030018427394432282,False,,prod_eval_2025
2025-05-31,2025-06-13,30,HistGradientBoosting,6060.0,5969.268781134579,90.7312188654214,90.7312188654214,8232.154076805,0.014972148327627293,False,,prod_eval_2025
2025-05-31,2025-06-14,30,HistGradientBoosting,6650.0,6268.780857954513,381.2191420454874,381.2191420454874,145328.0342618975,0.057326186773757504,False,,prod_eval_2025
2025-05-31,2025-06-15,30,HistGradientBoosting,6714.0,6284.66530657453,429.3346934254696,429.3346934254696,184328.27897874196,0.06394618609256324,False,,prod_eval_2025
2025-05-31,2025-06-16,30,HistGradientBoosting,5869.0,5956.314594654517,-87.31459465451735,87.31459465451735,7623.83843968267,0.0148772524543393,False,,prod_eval_2025
2025-05-31,2025-06-17,30,HistGradientBoosting,6028.0,5955.809126934986,72.19087306501388,72.19087306501388,5211.5221538889455,0.01197592452969706,False,,prod_eval_2025
2025-05-31,2025-06-18,30,HistGradientBoosting,6031.0,5951.799664976212,79.20033502378828,79.20033502378828,6272.6930678803055,0.013132206105751663,False,,prod_eval_2025
2025-05-31,2025-06-19,30,HistGradientBoosting,5965.0,5950.792614944238,14.207385055761733,14.207385055761733,201.84979012268184,0.0023817912918292932,False,,prod_eval_2025
2025-05-31,2025-06-20,30,HistGradientBoosting,5871.0,5951.784251834222,-80.78425183422223,80.78425183422223,6526.095344415038,0.013759879379019287,False,,prod_eval_2025
2025-05-31,2025-06-21,30,HistGradientBoosting,6666.0,6259.559056070168,406.44094392983243,406.44094392983243,165194.2409025732,0.0609722388133562,False,,prod_eval_2025
2025-05-31,2025-06-22,30,HistGradientBoosting,6579.0,6267.956892557506,311.04310744249415,311.04310744249415,96747.81468748295,0.047278174105866266,False,,prod_eval_2025
2025-05-31,2025-06-23,30,HistGradientBoosting,5849.0,5937.476293515183,-88.47629351518299,88.47629351518299,7828.0545141848115,0.015126738504903913,False,,prod_eval_2025
2025-05-31,2025-06-24,30,HistGradientBoosting,6014.0,5932.407958811604,81.59204118839625,81.59204118839625,6657.26118528895,0.013567017158030638,False,,prod_eval_2025
2025-05-31,2025-06-25,30,HistGradientBoosting,6035.0,5929.868077757275,105.13192224272461,105.13192224272461,11052.721074450294,0.017420368225803583,False,,prod_eval_2025
2025-05-31,2025-06-26,30,HistGradientBoosting,6021.0,5915.464265524487,105.53573447551298,105.53573447551298,11137.791251285978,0.01752794128475552,False,,prod_eval_2025
2025-05-31,2025-06-27,30,HistGradientBoosting,5886.0,5929.868077757275,-43.86807775727539,43.86807775727539,1924.4082461183596,0.007452952388256097,False,,prod_eval_2025
2025-05-31,2025-06-28,30,HistGradientBoosting,6551.0,6226.958950130873,324.04104986912716,324.04104986912716,105002.60200028616,0.04946436419922564,False,,prod_eval_2025
2025-05-31,2025-06-29,30,HistGradientBoosting,6518.0,6247.660363025866,270.339636974134,270.339636974134,73083.51931930656,0.041475857160806075,False,,prod_eval_2025
2025-06-30,2025-06-30,30,HistGradientBoosting,5810.0,5905.24007549211,-95.24007549211001,95.24007549211001,9070.671979742814,0.016392439843736662,False,,prod_eval_2025
2025-06-30,2025-07-01,30,HistGradientBoosting,5873.0,5948.108090627081,-75.10809062708086,75.10809062708086,5641.225277645791,0.012788709454636617,False,,prod_eval_2025
2025-06-30,2025-07-02,30,HistGradientBoosting,5874.0,5962.8577883647895,-88.85778836478949,88.85778836478949,7895.706553081717,0.015127304794822861,False,,prod_eval_2025
2025-06-30,2025-07-03,30,HistGradientBoosting,5811.0,5943.7547963581555,-132.75479635815555,132.75479635815555,17623.83595609535,0.022845430452272508,False,,prod_eval_2025
2025-06-30,2025-07-04,30,HistGradientBoosting,5882.0,5916.33526632538,-34.33526632537996,34.33526632537996,1178.9105136347712,0.005837345516045556,False,,prod_eval_2025
2025-06-30,2025-07-05,30,HistGradientBoosting,6442.0,6253.896681715597,188.10331828440303,188.10331828440303,35382.85834960343,0.029199521621298203,False,,prod_eval_2025
2025-06-30,2025-07-06,30,HistGradientBoosting,6416.0,6303.197159425886,112.80284057411427,112.80284057411427,12724.48084158904,0.017581490114419306,False,,prod_eval_2025
2025-06-30,2025-07-07,30,HistGradientBoosting,5719.0,5916.979569654622,-197.97956965462163,197.97956965462163,39195.91000062918,0.03461786495097423,False,,prod_eval_2025
2025-06-30,2025-07-08,30,HistGradientBoosting,5740.0,5922.298537889513,-182.29853788951277,182.29853788951277,33232.75691665412,0.0317593271584517,False,,prod_eval_2025
2025-06-30,2025-07-09,30,HistGradientBoosting,5768.0,5922.380626834806,-154.3806268348062,154.3806268348062,23833.377941907685,0.026765018521984433,False,,prod_eval_2025
2025-06-30,2025-07-10,30,HistGradientBoosting,5830.0,5940.6123011766185,-110.61230117661853,110.61230117661853,12235.081171586966,0.01897295045911124,False,,prod_eval_2025
2025-06-30,2025-07-11,30,HistGradientBoosting,5732.0,5916.370195462378,-184.37019546237843,184.37019546237843,33992.36897483563,0.03216507248122443,False,,prod_eval_2025
2025-06-30,2025-07-12,30,HistGradientBoosting,6307.0,6232.958706044853,74.04129395514701,74.04129395514701,5482.113210552489,0.011739542406080071,False,,prod_eval_2025
2025-06-30,2025-07-13,30,HistGradientBoosting,6398.0,6263.245025611534,134.7549743884656,134.7549743884656,18158.90312243602,0.021062046637772055,False,,prod_eval_2025
2025-06-30,2025-07-14,30,HistGradientBoosting,5724.0,5916.083238171805,-192.08323817180462,192.08323817180462,36895.97038656622,0.033557518897939315,False,,prod_eval_2025
2025-06-30,2025-07-15,30,HistGradientBoosting,5651.0,5913.762607060937,-262.7626070609367,262.7626070609367,69044.18766946023,0.046498426307014104,False,,prod_eval_2025
2025-06-30,2025-07-16,30,HistGradientBoosting,5655.0,5913.526951921939,-258.52695192193914,258.52695192193914,66836.18487004863,0.045716525538804446,False,,prod_eval_2025
2025-06-30,2025-07-17,30,HistGradientBoosting,5741.0,5903.243830905667,-162.24383090566698,162.24383090566698,26323.06066694666,0.02826055232636596,False,,prod_eval_2025
2025-06-30,2025-07-18,30,HistGradientBoosting,5633.0,5902.750657568409,-269.7506575684092,269.7506575684092,72765.41725858918,0.04788756569650439,False,,prod_eval_2025
2025-06-30,2025-07-19,30,HistGradientBoosting,6356.0,6221.547422155404,134.4525778445959,134.4525778445959,18077.495689057123,0.0211536466086526,False,,prod_eval_2025
2025-06-30,2025-07-20,30,HistGradientBoosting,6413.0,6244.9065723920885,168.0934276079115,168.0934276079115,28255.400404976186,0.026211356246360753,False,,prod_eval_2025
2025-06-30,2025-07-21,30,HistGradientBoosting,5570.0,5876.942065919173,-306.9420659191728,306.9420659191728,94213.43183072984,0.055106295497158495,False,,prod_eval_2025
2025-06-30,2025-07-22,30,HistGradientBoosting,5579.0,5871.864501851557,-292.8645018515572,292.8645018515572,85769.61644476074,0.05249408529334239,False,,prod_eval_2025
2025-06-30,2025-07-23,30,HistGradientBoosting,5604.0,5873.964723362945,-269.9647233629448,269.9647233629448,72880.95186043132,0.04817357661722784,False,,prod_eval_2025
2025-06-30,2025-07-24,30,HistGradientBoosting,5561.0,5875.15680547995,-314.15680547995,314.15680547995,98694.49842936713,0.05649286198164898,False,,prod_eval_2025
2025-06-30,2025-07-25,30,HistGradientBoosting,5534.0,5872.359406227361,-338.35940622736143,338.35940622736143,114487.08778253259,0.06114192378521168,False,,prod_eval_2025
2025-06-30,2025-07-26,30,HistGradientBoosting,6183.0,6188.509571149161,-5.509571149161275,5.509571149161275,30.355374247670287,0.000891083802225663,False,,prod_eval_2025
2025-06-30,2025-07-27,30,HistGradientBoosting,6145.0,6216.321493604291,-71.32149360429139,71.32149360429139,5086.755449946978,0.011606426949437167,False,,prod_eval_2025
2025-06-30,2025-07-28,30,HistGradientBoosting,5522.0,5875.407047147566,-353.4070471475661,353.4070471475661,124896.54097356202,0.06399982744432563,False,,prod_eval_2025
2025-06-30,2025-07-29,30,HistGradientBoosting,5458.0,5862.556278930856,-404.556278930856,404.556278930856,163665.78282238057,0.07412170738931037,False,,prod_eval_2025
2025-07-30,2025-07-30,30,HistGradientBoosting,5561.0,5492.461849508111,68.5381504918887,68.5381504918887,4697.478072848783,0.012324788795520356,False,,prod_eval_2025
2025-07-30,2025-07-31,30,HistGradientBoosting,5622.0,5482.595826668597,139.4041733314034,139.4041733314034,19433.523542211962,0.02479618878182202,False,,prod_eval_2025
2025-07-30,2025-08-01,30,HistGradientBoosting,6614.0,6050.580842092775,563.4191579072249,563.4191579072249,317441.1474968864,0.08518584183659281,False,,prod_eval_2025
2025-07-30,2025-08-02,30,HistGradientBoosting,7391.0,6699.671478322308,691.3285216776922,691.3285216776922,477935.12488506327,0.09353653384896389,False,,prod_eval_2025
2025-07-30,2025-08-03,30,HistGradientBoosting,7337.0,6731.554993638106,605.4450063618942,605.4450063618942,366563.6557285541,0.08251942297422574,False,,prod_eval_2025
2025-07-30,2025-08-04,30,HistGradientBoosting,6591.0,6049.403923903205,541.5960760967946,541.5960760967946,293326.30964344495,0.08217206434483304,False,,prod_eval_2025
2025-07-30,2025-08-05,30,HistGradientBoosting,6621.0,6054.980259598429,566.0197404015707,566.0197404015707,320378.3465242615,0.08548855768034598,False,,prod_eval_2025
2025-07-30,2025-08-06,30,HistGradientBoosting,6519.0,6053.508088251315,465.4919117486852,465.4919117486852,216682.71990344572,0.07140541674316386,False,,prod_eval_2025
2025-07-30,2025-08-07,30,HistGradientBoosting,6385.0,6011.712518459575,373.2874815404248,373.2874815404248,139343.54387479296,0.05846319209716911,False,,prod_eval_2025
2025-07-30,2025-08-08,30,HistGradientBoosting,5468.0,5456.688789384857,11.311210615142954,11.311210615142954,127.94348558012265,0.0020686193517086603,False,,prod_eval_2025
2025-07-30,2025-08-09,30,HistGradientBoosting,5937.0,6096.40756625635,-159.40756625635004,159.40756625635004,25410.772179772626,0.02684985114642918,False,,prod_eval_2025
2025-07-30,2025-08-10,30,HistGradientBoosting,5964.0,6087.398778974663,-123.3987789746634,123.3987789746634,15227.25865243783,0.02069060680326348,False,,prod_eval_2025
2025-07-30,2025-08-11,30,HistGradientBoosting,5477.0,5446.85004394079,30.149956059210126,30.149956059210126,909.0198503723014,0.00550483039240645,False,,prod_eval_2025
2025-07-30,2025-08-12,30,HistGradientBoosting,5431.0,5320.682592386057,110.31740761394303,110.31740761394303,12169.930422660856,0.020312540529173823,False,,prod_eval_2025
2025-07-30,2025-08-13,30,HistGradientBoosting,5276.0,5340.61091089267,-64.61091089267029,64.61091089267029,4174.56980638058,0.01224619236024835,False,,prod_eval_2025
2025-07-30,2025-08-14,30,HistGradientBoosting,5397.0,5332.553802359813,64.44619764018717,64.44619764018717,4153.312390278065,0.011941114997255357,False,,prod_eval_2025
2025-07-30,2025-08-15,30,HistGradientBoosting,5874.0,5653.075023367164,220.92497663283575,220.92497663283575,48807.84530021902,0.03761065315506227,False,,prod_eval_2025
2025-07-30,2025-08-16,30,HistGradientBoosting,5955.0,6010.437371880409,-55.437371880409046,55.437371880409046,3073.3022010067675,0.009309382347675742,False,,prod_eval_2025
2025-07-30,2025-08-17,30,HistGradientBoosting,5881.0,6003.366078151549,-122.36607815154912,122.36607815154912,14973.457082191026,0.020807018900110375,False,,prod_eval_2025
2025-07-30,2025-08-18,30,HistGradientBoosting,5304.0,5382.520969801977,-78.52096980197712,78.52096980197712,6165.542698643002,0.014804104412137465,False,,prod_eval_2025
2025-07-30,2025-08-19,30,HistGradientBoosting,5329.0,5334.524308148204,-5.524308148204,5.524308148204,30.517980516313106,0.0010366500559587165,False,,prod_eval_2025
2025-07-30,2025-08-20,30,HistGradientBoosting,5321.0,5348.987646431822,-27.987646431822213,27.987646431822213,783.3083527926907,0.0052598471023909445,False,,prod_eval_2025
2025-07-30,2025-08-21,30,HistGradientBoosting,5341.0,5340.296872750642,0.703127249357749,0.703127249357749,0.4943879287893941,0.00013164711652457385,False,,prod_eval_2025
2025-07-30,2025-08-22,30,HistGradientBoosting,5323.0,5354.535028877106,-31.535028877106015,31.535028877106015,994.4580462799103,0.0059242962384193154,False,,prod_eval_2025
2025-07-30,2025-08-23,30,HistGradientBoosting,5911.0,5897.836858444963,13.163141555037328,13.163141555037328,173.26829559795053,0.002226889114369367,False,,prod_eval_2025
2025-07-30,2025-08-24,30,HistGradientBoosting,5796.0,5879.42322865384,-83.42322865383994,83.42322865383994,6959.435079030862,0.014393241658702543,False,,prod_eval_2025
2025-07-30,2025-08-25,30,HistGradientBoosting,5215.0,5311.017726262581,-96.01772626258116,96.01772626258116,9219.40375663597,0.018411836291961872,False,,prod_eval_2025
2025-07-30,2025-08-26,30,HistGradientBoosting,5236.0,5247.38844671835,-11.388446718349769,11.388446718349769,129.69671865669162,0.0021750280210752044,False,,prod_eval_2025
2025-07-30,2025-08-27,30,HistGradientBoosting,5237.0,5274.672817207189,-37.67281720718893,37.67281720718893,1419.2411563262701,0.007193587398737622,False,,prod_eval_2025
2025-07-30,2025-08-28,30,HistGradientBoosting,5239.0,5244.689886334421,-5.689886334421317,5.689886334421317,32.37480649863445,0.0010860634347053478,False,,prod_eval_2025
2025-08-29,2025-08-29,30,HistGradientBoosting,5278.0,5342.756873353222,-64.75687335322164,64.75687335322164,4193.452646485186,0.012269206774009405,False,,prod_eval_2025
2025-08-29,2025-08-30,30,HistGradientBoosting,5807.0,5808.4313678030985,-1.4313678030985102,1.4313678030985102,2.0488137877470556,0.0002464900642497865,False,,prod_eval_2025
2025-08-29,2025-08-31,30,HistGradientBoosting,5845.0,5793.341212232854,51.65878776714635,51.65878776714635,2668.6303535710695,0.008838115956740179,False,,prod_eval_2025
2025-08-29,2025-09-01,30,HistGradientBoosting,5149.0,5240.385544126612,-91.38554412661233,91.38554412661233,8351.31767531701,0.01774821210460523,False,,prod_eval_2025
2025-08-29,2025-09-02,30,HistGradientBoosting,5194.0,5257.529401239709,-63.52940123970893,63.52940123970893,4035.9848218759307,0.012231305591010575,False,,prod_eval_2025
2025-08-29,2025-09-03,30,HistGradientBoosting,5138.0,5224.034880329486,-86.03488032948644,86.03488032948644,7402.000633309053,0.01674481905984555,False,,prod_eval_2025
2025-08-29,2025-09-04,30,HistGradientBoosting,5089.0,5228.659833263549,-139.65983326354944,139.65983326354944,19504.869027202432,0.027443472836225082,False,,prod_eval_2025
2025-08-29,2025-09-05,30,HistGradientBoosting,5191.0,5185.014115897997,5.985884102003183,5.985884102003183,35.83080848261446,0.0011531273554234605,False,,prod_eval_2025
2025-08-29,2025-09-06,30,HistGradientBoosting,5714.0,5734.83455766218,-20.834557662179577,20.834557662179577,434.0787929786857,0.003646229902376545,False,,prod_eval_2025
2025-08-29,2025-09-07,30,HistGradientBoosting,5795.0,5807.959192985083,-12.959192985083064,12.959192985083064,167.9406828246261,0.0022362714383232208,False,,prod_eval_2025
2025-08-29,2025-09-08,30,HistGradientBoosting,5023.0,5134.2623687335135,-111.26236873351354,111.26236873351354,12379.314696192332,0.022150581073763397,False,,prod_eval_2025
2025-08-29,2025-09-09,30,HistGradientBoosting,5111.0,5150.3600113788325,-39.360011378832496,39.360011378832496,1549.2104957418235,0.0077010392054064755,False,,prod_eval_2025
2025-08-29,2025-09-10,30,HistGradientBoosting,5110.0,5117.6524680661305,-7.652468066130496,7.652468066130496,58.56026750314701,0.0014975475667574356,False,,prod_eval_2025
2025-08-29,2025-09-11,30,HistGradientBoosting,5154.0,5108.992814312961,45.007185687039055,45.007185687039055,2025.6467634676133,0.008732476850415028,False,,prod_eval_2025
2025-08-29,2025-09-12,30,HistGradientBoosting,5055.0,5157.347095372933,-102.34709537293293,102.34709537293293,10474.927931276228,0.020246705316109382,False,,prod_eval_2025
2025-08-29,2025-09-13,30,HistGradientBoosting,5770.0,5721.241887712297,48.758112287702716,48.758112287702716,2377.3535138602265,0.008450279425945012,False,,prod_eval_2025
2025-08-29,2025-09-14,30,HistGradientBoosting,5721.0,5792.010995902658,-71.01099590265767,71.01099590265767,5042.5615390872645,0.012412339783719221,False,,prod_eval_2025
2025-08-29,2025-09-15,30,HistGradientBoosting,5054.0,5099.941804606577,-45.941804606576625,45.941804606576625,2110.649410508865,0.009090186902765458,False,,prod_eval_2025
2025-08-29,2025-09-16,30,HistGradientBoosting,5121.0,5105.583066556237,15.4169334437629,15.4169334437629,237.68183680941502,0.003010531818739094,False,,prod_eval_2025
2025-08-29,2025-09-17,30,HistGradientBoosting,4999.0,5082.897321428957,-83.89732142895718,83.89732142895718,7038.760542953758,0.016782820849961428,False,,prod_eval_2025
2025-08-29,2025-09-18,30,HistGradientBoosting,5016.0,5069.016761663583,-53.016761663582656,53.016761663582656,2810.7770172931278,0.01056952983723737,False,,prod_eval_2025
2025-08-29,2025-09-19,30,HistGradientBoosting,5041.0,5035.688999652996,5.3110003470037555,5.3110003470037555,28.20672468587401,0.0010535608702645816,False,,prod_eval_2025
2025-08-29,2025-09-20,30,HistGradientBoosting,5594.0,5567.792125854,26.207874145999995,26.207874145999995,686.852667252575,0.0046849971658920265,False,,prod_eval_2025
2025-08-29,2025-09-21,30,HistGradientBoosting,5587.0,5702.683609192505,-115.68360919250517,115.68360919250517,13382.697435804268,0.020705854518078607,False,,prod_eval_2025
2025-08-29,2025-09-22,30,HistGradientBoosting,5020.0,5008.587909315622,11.4120906843782,11.4120906843782,130.2358137884717,0.002273324837525538,False,,prod_eval_2025
2025-08-29,2025-09-23,30,HistGradientBoosting,4973.0,5018.140915724513,-45.140915724513434,45.140915724513434,2037.7022724476242,0.00907720002503789,False,,prod_eval_2025
2025-08-29,2025-09-24,30,HistGradientBoosting,4972.0,4999.204829499438,-27.204829499438347,27.204829499438347,740.1027480935109,0.005471606898519378,False,,prod_eval_2025
2025-08-29,2025-09-25,30,HistGradientBoosting,4935.0,4979.283610717672,-44.28361071767176,44.28361071767176,1961.0381781942936,0.008973376031949698,False,,prod_eval_2025
2025-08-29,2025-09-26,30,HistGradientBoosting,5050.0,4977.562202369901,72.43779763009934,72.43779763009934,5247.234525499225,0.014344118342593928,False,,prod_eval_2025
2025-08-29,2025-09-27,30,HistGradientBoosting,5590.0,5496.4418035664285,93.55819643357154,93.55819643357154,8753.136119902758,0.016736707769869685,False,,prod_eval_2025
2025-09-28,2025-09-28,30,HistGradientBoosting,5607.0,5578.578233135084,28.421766864916208,28.421766864916208,807.7968317236489,0.005068979287482826,False,,prod_eval_2025
2025-09-28,2025-09-29,30,HistGradientBoosting,4991.0,4981.123387928038,9.876612071961972,9.876612071961972,97.54746602002496,0.0019788844063237773,False,,prod_eval_2025
2025-09-28,2025-09-30,30,HistGradientBoosting,4938.0,4938.9555367933335,-0.9555367933335219,0.9555367933335219,0.9130505634141098,0.00019350684352643214,False,,prod_eval_2025
2025-09-28,2025-10-01,30,HistGradientBoosting,4947.0,4923.217463917564,23.78253608243631,23.78253608243631,565.609022512385,0.004807466359902225,False,,prod_eval_2025
2025-09-28,2025-10-02,30,HistGradientBoosting,5361.0,5179.910635400624,181.08936459937559,181.08936459937559,32793.357971005586,0.03377902715899563,False,,prod_eval_2025
2025-09-28,2025-10-03,30,HistGradientBoosting,4950.0,5032.60935033524,-82.60935033524038,82.60935033524038,6824.30476281048,0.016688757643482904,False,,prod_eval_2025
2025-09-28,2025-10-04,30,HistGradientBoosting,5563.0,5510.729431251456,52.270568748544065,52.270568748544065,2732.2123572962714,0.009396111585213746,False,,prod_eval_2025
2025-09-28,2025-10-05,30,HistGradientBoosting,5542.0,5551.558131176954,-9.558131176953793,9.558131176953793,91.35787159585611,0.0017246718110706953,False,,prod_eval_2025
2025-09-28,2025-10-06,30,HistGradientBoosting,4913.0,4940.363186516819,-27.36318651681904,27.36318651681904,748.7439763542274,0.005569547428621828,False,,prod_eval_2025
2025-09-28,2025-10-07,30,HistGradientBoosting,4890.0,4919.893054805229,-29.89305480522944,29.89305480522944,893.594725588451,0.00611309914217371,False,,prod_eval_2025
2025-09-28,2025-10-08,30,HistGradientBoosting,4898.0,4919.007436797584,-21.007436797583978,21.007436797583978,441.3124008044854,0.00428898260465169,False,,prod_eval_2025
2025-09-28,2025-10-09,30,HistGradientBoosting,4836.0,4956.529265506154,-120.52926550615393,120.52926550615393,14527.303843452948,0.02492333860755871,False,,prod_eval_2025
2025-09-28,2025-10-10,30,HistGradientBoosting,4863.0,4993.211335779478,-130.21133577947785,130.21133577947785,16954.99196547593,0.026775927571350576,False,,prod_eval_2025
2025-09-28,2025-10-11,30,HistGradientBoosting,5414.0,5481.724839411274,-67.72483941127393,67.72483941127393,4586.653873282843,0.012509205654095665,False,,prod_eval_2025
2025-09-28,2025-10-12,30,HistGradientBoosting,5562.0,5481.026390510079,80.97360948992082,80.97360948992082,6556.725433826195,0.01455836200825617,False,,prod_eval_2025
2025-09-28,2025-10-13,30,HistGradientBoosting,4925.0,4936.635181436712,-11.635181436711719,11.635181436711719,135.37744706520098,0.0023624733881648157,False,,prod_eval_2025
2025-09-28,2025-10-14,30,HistGradientBoosting,4887.0,4913.1082719930555,-26.108271993055496,26.108271993055496,681.641866463366,0.005342392468396869,False,,prod_eval_2025
2025-09-28,2025-10-15,30,HistGradientBoosting,4900.0,4909.510469803724,-9.510469803723936,9.510469803723936,90.4490358875448,0.0019409122048416195,False,,prod_eval_2025
2025-09-28,2025-10-16,30,HistGradientBoosting,4903.0,4931.121215673887,-28.12121567388658,28.12121567388658,790.8027709772443,0.005735512068914253,False,,prod_eval_2025
2025-09-28,2025-10-17,30,HistGradientBoosting,4816.0,4994.869010244008,-178.86901024400777,178.86901024400777,31994.122825670955,0.03714057521677902,False,,prod_eval_2025
2025-09-28,2025-10-18,30,HistGradientBoosting,5549.0,5456.366417536898,92.63358246310236,92.63358246310236,8580.980599948385,0.016693743460641983,False,,prod_eval_2025
2025-09-28,2025-10-19,30,HistGradientBoosting,5461.0,5453.898655219225,7.101344780775435,7.101344780775435,50.42909769544651,0.0013003744333959777,False,,prod_eval_2025
2025-09-28,2025-10-20,30,HistGradientBoosting,4797.0,4865.708713361352,-68.70871336135224,68.70871336135224,4720.887291772464,0.014323267325693608,False,,prod_eval_2025
2025-09-28,2025-10-21,30,HistGradientBoosting,4918.0,4906.082418780736,11.91758121926432,11.91758121926432,142.02874211776165,0.002423257669634876,False,,prod_eval_2025
2025-09-28,2025-10-22,30,HistGradientBoosting,4892.0,4910.402209515497,-18.402209515496907,18.402209515496907,338.64131505224486,0.0037616945043942984,False,,prod_eval_2025
2025-09-28,2025-10-23,30,HistGradientBoosting,4871.0,4904.568114879946,-33.568114879945824,33.568114879945824,1126.8183365932402,0.006891421654679907,False,,prod_eval_2025
2025-09-28,2025-10-24,30,HistGradientBoosting,4871.0,4950.784164921594,-79.78416492159431,79.78416492159431,6365.51297223616,0.016379422073823507,False,,prod_eval_2025
2025-09-28,2025-10-25,30,HistGradientBoosting,5397.0,5415.093538231648,-18.09353823164838,18.09353823164838,327.3761257401216,0.003352517737937443,False,,prod_eval_2025
2025-09-28,2025-10-26,30,HistGradientBoosting,5412.0,5402.914133712505,9.085866287495264,9.085866287495264,82.55296619424297,0.001678837081946649,False,,prod_eval_2025
2025-09-28,2025-10-27,30,HistGradientBoosting,4954.0,4835.641433674887,118.35856632511332,118.35856632511332,14008.750222536248,0.023891515204907815,False,,prod_eval_2025
2025-10-28,2025-10-28,30,HistGradientBoosting,4918.0,4895.843468292223,22.156531707776594,22.156531707776594,490.9118973177096,0.004505191481857787,False,,prod_eval_2025
2025-10-28,2025-10-29,30,HistGradientBoosting,4963.0,4892.816024002266,70.1839759977338,70.1839759977338,4925.790486850474,0.014141441869380173,False,,prod_eval_2025
2025-10-28,2025-10-30,30,HistGradientBoosting,4926.0,4891.656761465333,34.34323853466685,34.34323853466685,1179.4580330490262,0.006971830802815033,False,,prod_eval_2025
2025-10-28,2025-10-31,30,HistGradientBoosting,4870.0,4866.419807558659,3.5801924413408415,3.5801924413408415,12.817777917034094,0.0007351524520207067,False,,prod_eval_2025
2025-10-28,2025-11-01,30,HistGradientBoosting,6061.0,5584.847030432308,476.1529695676918,476.1529695676918,226721.65042813122,0.0785601335699871,False,,prod_eval_2025
2025-10-28,2025-11-02,30,HistGradientBoosting,5435.0,5376.251785260638,58.74821473936208,58.74821473936208,3451.3527350622003,0.010809239142476924,False,,prod_eval_2025
2025-10-28,2025-11-03,30,HistGradientBoosting,4940.0,4794.516592707685,145.48340729231495,145.48340729231495,21165.421797381598,0.029450082447837034,False,,prod_eval_2025
2025-10-28,2025-11-04,30,HistGradientBoosting,4848.0,4840.0355851588365,7.964414841163489,7.964414841163489,63.43190376214524,0.001642824843474317,False,,prod_eval_2025
2025-10-28,2025-11-05,30,HistGradientBoosting,4922.0,4867.202831974662,54.79716802533767,54.79716802533767,3002.729623597089,0.011133110122986118,False,,prod_eval_2025
2025-10-28,2025-11-06,30,HistGradientBoosting,4960.0,4869.88941866323,90.11058133677034,90.11058133677034,8119.9168688507025,0.01816745591467144,False,,prod_eval_2025
2025-10-28,2025-11-07,30,HistGradientBoosting,4834.0,4860.7528337036765,-26.752833703676515,26.752833703676515,715.7141111765701,0.005534305689631054,False,,prod_eval_2025
2025-10-28,2025-11-08,30,HistGradientBoosting,5465.0,5328.622547770083,136.37745222991725,136.37745222991725,18598.809476723363,0.024954703061284035,False,,prod_eval_2025
2025-10-28,2025-11-09,30,HistGradientBoosting,5463.0,5335.767118439285,127.23288156071521,127.23288156071521,16188.206150242986,0.023289928896341794,False,,prod_eval_2025
2025-10-28,2025-11-10,30,HistGradientBoosting,4940.0,4896.495049388064,43.50495061193578,43.50495061193578,1892.6807277469716,0.00880667016435947,False,,prod_eval_2025
2025-10-28,2025-11-11,30,HistGradientBoosting,4916.0,4878.805133416414,37.19486658358619,37.19486658358619,1383.4581001707766,0.0075660835198507305,False,,prod_eval_2025
2025-10-28,2025-11-12,30,HistGradientBoosting,4924.0,4873.921897979675,50.07810202032488,50.07810202032488,2507.8163019580666,0.010170207558961185,False,,prod_eval_2025
2025-10-28,2025-11-13,30,HistGradientBoosting,4906.0,4873.921897979675,32.07810202032488,32.07810202032488,1029.004629226371,0.006538545051024231,False,,prod_eval_2025
2025-10-28,2025-11-14,30,HistGradientBoosting,4967.0,4885.1117218111485,81.88827818885147,81.88827818885147,6705.690104734728,0.01648646631545228,False,,prod_eval_2025
2025-10-28,2025-11-15,30,HistGradientBoosting,5499.0,5424.475900395393,74.52409960460682,74.52409960460682,5553.841421877358,0.013552300346355123,False,,prod_eval_2025
2025-10-28,2025-11-16,30,HistGradientBoosting,5603.0,5364.209119520407,238.7908804795934,238.7908804795934,57021.08460021946,0.04261839737276341,False,,prod_eval_2025
2025-10-28,2025-11-17,30,HistGradientBoosting,4982.0,4782.288218378332,199.7117816216678,199.7117816216678,39884.795718500725,0.04008666833032272,False,,prod_eval_2025
2025-10-28,2025-11-18,30,HistGradientBoosting,4923.0,4837.31237082083,85.68762917916956,85.68762917916956,7342.369794346871,0.01740557163907568,False,,prod_eval_2025
2025-10-28,2025-11-19,30,HistGradientBoosting,4930.0,4864.994397902245,65.0056020977554,65.0056020977554,4225.728304091701,0.013185720506644098,False,,prod_eval_2025
2025-10-28,2025-11-20,30,HistGradientBoosting,6006.0,5591.647294588916,414.35270541108366,414.35270541108366,171688.16448148427,0.06898979444073987,False,,prod_eval_2025
2025-10-28,2025-11-21,30,HistGradientBoosting,5953.0,5647.163400065005,305.8365999349953,305.8365999349953,93536.02585979838,0.05137520576767937,False,,prod_eval_2025
2025-10-28,2025-11-22,30,HistGradientBoosting,6701.0,6201.59636704617,499.4036329538303,499.4036329538303,249403.98860748406,0.0745267322718744,False,,prod_eval_2025
2025-10-28,2025-11-23,30,HistGradientBoosting,6595.0,6278.800537152429,316.19946284757134,316.19946284757134,99982.10030509265,0.04794533174337701,False,,prod_eval_2025
2025-10-28,2025-11-24,30,HistGradientBoosting,6013.0,5694.930169537627,318.0698304623729,318.0698304623729,101168.41705036265,0.052897028182666374,False,,prod_eval_2025
2025-10-28,2025-11-25,30,HistGradientBoosting,5906.0,5705.479863957673,200.52013604232707,200.52013604232707,40208.32495843335,0.03395193634309635,False,,prod_eval_2025
2025-10-28,2025-11-26,30,HistGradientBoosting,6038.0,5682.713636343449,355.28636365655075,355.28636365655075,126228.40020029483,0.05884172965494382,False,,prod_eval_2025
2025-11-27,2025-11-27,30,HistGradientBoosting,6079.0,5707.613295833405,371.38670416659534,371.38670416659534,137928.0840317262,0.06109338775564983,False,,prod_eval_2025
2025-11-27,2025-11-28,30,HistGradientBoosting,5989.0,5786.8149042523455,202.1850957476545,202.1850957476545,40878.81294248821,0.03375940820632067,False,,prod_eval_2025
2025-11-27,2025-11-29,30,HistGradientBoosting,6773.0,6370.27837530637,402.72162469362956,402.72162469362956,162184.70699587662,0.0594598589537324,False,,prod_eval_2025
2025-11-27,2025-11-30,30,HistGradientBoosting,6552.0,6387.5291025553115,164.4708974446885,164.4708974446885,27050.67610626124,0.025102395824891405,False,,prod_eval_2025
2025-11-27,2025-12-01,30,HistGradientBoosting,4950.0,4889.385605652757,60.61439434724343,60.61439434724343,3674.1048020831367,0.012245332191362309,False,,prod_eval_2025
2025-11-27,2025-12-02,30,HistGradientBoosting,5035.0,4864.4874309906745,170.5125690093255,170.5125690093255,29074.536190159986,0.03386545561257706,False,,prod_eval_2025
2025-11-27,2025-12-03,30,HistGradientBoosting,4956.0,4871.944720190107,84.05527980989336,84.05527980989336,7065.290063919467,0.01696030666059188,False,,prod_eval_2025
2025-11-27,2025-12-04,30,HistGradientBoosting,5004.0,5428.395760708799,-424.39576070879866,424.39576070879866,180111.7617075999,0.08481130309928031,False,,prod_eval_2025
2025-11-27,2025-12-05,30,HistGradientBoosting,4923.0,5492.500099113356,-569.5000991133556,569.5000991133556,324330.3628901219,0.11568151515607468,False,,prod_eval_2025
2025-11-27,2025-12-06,30,HistGradientBoosting,5617.0,5811.969435074064,-194.96943507406377,194.96943507406377,38013.08061309957,0.03471059908742456,False,,prod_eval_2025
2025-11-27,2025-12-07,30,HistGradientBoosting,5671.0,5711.180944808015,-40.18094480801483,40.18094480801483,1614.5083256647338,0.007085336767415769,False,,prod_eval_2025
2025-11-27,2025-12-08,30,HistGradientBoosting,5040.0,4930.136878848195,109.86312115180499,109.86312115180499,12069.905389216181,0.02179823832377083,False,,prod_eval_2025
2025-11-27,2025-12-09,30,HistGradientBoosting,5064.0,4873.9489054256655,190.05109457433446,190.05109457433446,36119.41854890262,0.03752983700125088,False,,prod_eval_2025
2025-11-27,2025-12-10,30,HistGradientBoosting,5020.0,4870.5816359073215,149.41836409267853,149.41836409267853,22325.847528132246,0.02976461436109134,False,,prod_eval_2025
2025-11-27,2025-12-11,30,HistGradientBoosting,5062.0,5192.022395291166,-130.0223952911656,130.0223952911656,16905.823277252122,0.02568597299311845,False,,prod_eval_2025
2025-11-27,2025-12-12,30,HistGradientBoosting,5014.0,5301.181236775681,-287.1812367756811,287.1812367756811,82473.06275600981,0.0572758749054011,False,,prod_eval_2025
2025-11-27,2025-12-13,30,HistGradientBoosting,5771.0,5670.548404252261,100.45159574773879,100.45159574773879,10090.523088267135,0.017406272006192824,False,,prod_eval_2025
2025-11-27,2025-12-14,30,HistGradientBoosting,5605.0,5668.895579469145,-63.89557946914465,63.89557946914465,4082.6450756977792,0.011399746560061489,False,,prod_eval_2025
2025-11-27,2025-12-15,30,HistGradientBoosting,5084.0,4856.03685562043,227.9631443795697,227.9631443795697,51967.19519542054,0.04483932816277925,False,,prod_eval_2025
2025-11-27,2025-12-16,30,HistGradientBoosting,5050.0,4880.524231786843,169.4757682131567,169.4757682131567,28722.036011439614,0.033559558062011226,False,,prod_eval_2025
2025-11-27,2025-12-17,30,HistGradientBoosting,5218.0,4897.463189265716,320.5368107342838,320.5368107342838,102743.84703570607,0.061429055334282064,False,,prod_eval_2025
2025-11-27,2025-12-18,30,HistGradientBoosting,5177.0,5080.603874240758,96.39612575924184,96.39612575924184,9292.213061391569,0.018620074514050965,False,,prod_eval_2025
2025-11-27,2025-12-19,30,HistGradientBoosting,5175.0,5286.261308069261,-111.26130806926085,111.26130806926085,12379.07867328297,0.021499769675219486,False,,prod_eval_2025
2025-11-27,2025-12-20,30,HistGradientBoosting,5666.0,5661.123134889833,4.876865110167273,4.876865110167273,23.78381330276685,0.0008607245164432179,False,,prod_eval_2025
2025-11-27,2025-12-21,30,HistGradientBoosting,5765.0,5588.537141934233,176.46285806576725,176.46285806576725,31139.14027673912,0.03060934224904896,False,,prod_eval_2025
2025-11-27,2025-12-22,30,HistGradientBoosting,5075.0,4878.970004589119,196.02999541088138,196.02999541088138,38427.75910079018,0.03862660008096185,False,,prod_eval_2025
2025-11-27,2025-12-23,30,HistGradientBoosting,5200.0,4936.122533209927,263.8774667900734,263.8774667900734,69631.3174795463,0.05074566669039873,False,,prod_eval_2025
2025-11-27,2025-12-24,30,HistGradientBoosting,5158.0,4965.130357882233,192.8696421177674,192.8696421177674,37198.69885063568,0.03739233077118406,False,,prod_eval_2025
2025-11-27,2025-12-25,30,HistGradientBoosting,5721.0,5298.860561645169,422.1394383548313,422.1394383548313,178201.70541453245,0.07378770116322869,False,,prod_eval_2025
2025-11-27,2025-12-26,30,HistGradientBoosting,5181.0,5195.978898310826,-14.97889831082557,14.97889831082557,224.36739460605313,0.002891121079101635,False,,prod_eval_2025
2025-12-27,2025-12-27,30,HistGradientBoosting,5822.0,5648.38358435029,173.61641564970978,173.61641564970978,30142.65978305279,0.029820751571575023,False,,prod_eval_2025
2025-12-27,2025-12-28,30,HistGradientBoosting,5839.0,5693.740873080971,145.25912691902886,145.25912691902886,21100.213953278533,0.024877397999491156,False,,prod_eval_2025
2025-12-27,2025-12-29,30,HistGradientBoosting,5255.0,5143.1641084551,111.83589154489982,111.83589154489982,12507.266637642595,0.021281806193130318,False,,prod_eval_2025
2025-12-27,2025-12-30,30,HistGradientBoosting,5293.0,5146.145166214883,146.85483378511708,146.85483378511708,21566.342206054363,0.027745103681299278,False,,prod_eval_2025
2025-12-27,2025-12-31,30,HistGradientBoosting,5189.0,5181.748744099591,7.251255900408978,7.251255900408978,52.58071213321602,0.001397428387051258,False,,prod_eval_2025
2025-01-01,2025-01-01,90,Linear Regression,5031.0,5130.785223096029,-99.78522309602886,99.78522309602886,9957.090748324252,0.01983407336434682,False,,prod_eval_2025
2025-01-01,2025-01-02,90,Linear Regression,5003.0,5153.788798849127,-150.78879884912658,150.78879884912658,22737.261858362355,0.030139675964246767,False,,prod_eval_2025
2025-01-01,2025-01-03,90,Linear Regression,5134.0,5182.460328964514,-48.46032896451379,48.46032896451379,2348.4034833488945,0.009439097967377054,False,,prod_eval_2025
2025-01-01,2025-01-04,90,Linear Regression,5747.0,5754.970975541857,-7.970975541857115,7.970975541857115,63.53645108888433,0.0013869802578488106,False,,prod_eval_2025
2025-01-01,2025-01-05,90,Linear Regression,5664.0,5777.0198573736525,-113.01985737365248,113.01985737365248,12773.48816076075,0.019954070863992316,False,,prod_eval_2025
2025-01-01,2025-01-06,90,Linear Regression,5082.0,5214.856570397533,-132.85657039753278,132.85657039753278,17650.868297794583,0.026142575835799445,False,,prod_eval_2025
2025-01-01,2025-01-07,90,Linear Regression,5134.0,5220.100753047998,-86.1007530479983,86.1007530479983,7413.339675432388,0.01677069595792721,False,,prod_eval_2025
2025-01-01,2025-01-08,90,Linear Regression,5130.0,5296.64783374651,-166.6478337465096,166.6478337465096,27771.500492404306,0.03248495784532351,False,,prod_eval_2025
2025-01-01,2025-01-09,90,Linear Regression,5101.0,5265.572830048419,-164.57283004841884,164.57283004841884,27084.21639014575,0.032262856312177776,False,,prod_eval_2025
2025-01-01,2025-01-10,90,Linear Regression,5136.0,5277.520879571455,-141.52087957145523,141.52087957145523,20028.159354678333,0.027554688390080847,False,,prod_eval_2025
2025-01-01,2025-01-11,90,Linear Regression,5770.0,5846.075449064988,-76.07544906498788,76.07544906498788,5787.473950439565,0.013184653217502233,False,,prod_eval_2025
2025-01-01,2025-01-12,90,Linear Regression,5723.0,5859.942222827048,-136.94222282704777,136.94222282704777,18753.172392812805,0.023928398187497427,False,,prod_eval_2025
2025-01-01,2025-01-13,90,Linear Regression,5242.0,5303.7453662112985,-61.74536621129846,61.74536621129846,3812.4902485673574,0.011778971043742552,False,,prod_eval_2025
2025-01-01,2025-01-14,90,Linear Regression,5138.0,5306.285387383561,-168.2853873835611,168.2853873835611,28319.971606835225,0.03275309213381882,False,,prod_eval_2025
2025-01-01,2025-01-15,90,Linear Regression,5210.0,5339.770092200877,-129.77009220087712,129.77009220087712,16840.276829824146,0.02490788717867123,False,,prod_eval_2025
2025-01-01,2025-01-16,90,Linear Regression,5234.0,5367.057677386909,-133.05767738690884,133.05767738690884,17704.345511598713,0.025421795450307382,False,,prod_eval_2025
2025-01-01,2025-01-17,90,Linear Regression,5220.0,5397.24134321722,-177.24134321721976,177.24134321721976,31414.493745444295,0.033954280309812214,False,,prod_eval_2025
2025-01-01,2025-01-18,90,Linear Regression,5928.0,5960.484805005995,-32.48480500599544,32.48480500599544,1055.2625562775463,0.005479892882252942,False,,prod_eval_2025
2025-01-01,2025-01-19,90,Linear Regression,5903.0,5979.112841043561,-76.11284104356128,76.11284104356128,5793.1645717224255,0.012893925299603808,False,,prod_eval_2025
2025-01-01,2025-01-20,90,Linear Regression,5226.0,5416.646886661715,-190.64688666171514,190.64688666171514,36346.23539380486,0.036480460516975725,False,,prod_eval_2025
2025-01-01,2025-01-21,90,Linear Regression,5313.0,5418.523576037065,-105.52357603706514,105.52357603706514,11135.225099650268,0.019861392064194454,False,,prod_eval_2025
2025-01-01,2025-01-22,90,Linear Regression,5275.0,5466.8662282486275,-191.86622824862752,191.86622824862752,36812.64954235443,0.036372744691682946,False,,prod_eval_2025
2025-01-01,2025-01-23,90,Linear Regression,5356.0,5462.529905631433,-106.5299056314334,106.5299056314334,11348.620793842105,0.01988982554731766,False,,prod_eval_2025
2025-01-01,2025-01-24,90,Linear Regression,5414.0,5483.883934008864,-69.88393400886434,69.88393400886434,4883.764232555306,0.012908004065176273,False,,prod_eval_2025
2025-01-01,2025-01-25,90,Linear Regression,5935.0,6044.794958774864,-109.79495877486443,109.79495877486443,12054.93297237418,0.01849957182390302,False,,prod_eval_2025
2025-01-01,2025-01-26,90,Linear Regression,6470.0,6471.369494722443,-1.3694947224430507,1.3694947224430507,1.8755157947993686,0.00021166842696183165,False,,prod_eval_2025
2025-01-01,2025-01-27,90,Linear Regression,5410.0,5500.409564837242,-90.40956483724221,90.40956483724221,8173.889414059504,0.016711564664924624,False,,prod_eval_2025
2025-01-01,2025-01-28,90,Linear Regression,5373.0,5484.65659341039,-111.65659341039009,111.65659341039009,12467.194852013166,0.020781052188793985,False,,prod_eval_2025
2025-01-01,2025-01-29,90,Linear Regression,5327.0,5510.977461107231,-183.97746110723074,183.97746110723074,33847.7061954626,0.034536786391445605,False,,prod_eval_2025
2025-01-01,2025-01-30,90,Linear Regression,5379.0,5536.793484749292,-157.79348474929157,157.79348474929157,24898.78382932491,0.029335096625635167,False,,prod_eval_2025
2025-01-01,2025-01-31,90,Linear Regression,5334.0,5561.938373987342,-227.93837398734195,227.93837398734195,51955.90233599336,0.04273310348469103,False,,prod_eval_2025
2025-01-01,2025-02-01,90,Linear Regression,5977.0,6112.012436937395,-135.01243693739525,135.01243693739525,18228.35812777413,0.02258866269656939,False,,prod_eval_2025
2025-01-01,2025-02-02,90,Linear Regression,6061.0,6117.247756082966,-56.24775608296568,56.24775608296568,3163.8100643688026,0.009280276535714515,False,,prod_eval_2025
2025-01-01,2025-02-03,90,Linear Regression,5536.0,5553.255863898997,-17.255863898996722,17.255863898996722,297.76483890069835,0.003117027438402587,False,,prod_eval_2025
2025-01-01,2025-02-04,90,Linear Regression,5354.0,5549.497125788555,-195.49712578855542,195.49712578855542,38219.12619158626,0.036514218488710386,False,,prod_eval_2025
2025-01-01,2025-02-05,90,Linear Regression,5458.0,5573.93518904347,-115.93518904347002,115.93518904347002,13440.96805854513,0.021241331814486994,False,,prod_eval_2025
2025-01-01,2025-02-06,90,Linear Regression,5543.0,5587.163342379773,-44.163342379772985,44.163342379772985,1950.4008101530526,0.007967407970372178,False,,prod_eval_2025
2025-01-01,2025-02-07,90,Linear Regression,5515.0,5606.231754125244,-91.23175412524415,91.23175412524415,8323.232960769003,0.016542475816000754,False,,prod_eval_2025
2025-01-01,2025-02-08,90,Linear Regression,6178.0,6156.198329520656,21.801670479343557,21.801670479343557,475.3128356898803,0.003528920440165678,False,,prod_eval_2025
2025-01-01,2025-02-09,90,Linear Regression,6169.0,6224.176503453133,-55.17650345313268,55.17650345313268,3044.4465333135627,0.008944156824952615,False,,prod_eval_2025
2025-01-01,2025-02-10,90,Linear Regression,5467.0,5659.348005055756,-192.3480050557564,192.3480050557564,36997.75504892929,0.03518346534767814,False,,prod_eval_2025
2025-01-01,2025-02-11,90,Linear Regression,5441.0,5654.486636050413,-213.48663605041293,213.48663605041293,45576.54377212147,0.039236654300755916,False,,prod_eval_2025
2025-01-01,2025-02-12,90,Linear Regression,5546.0,5677.925150074213,-131.92515007421298,131.92515007421298,17404.24522210362,0.023787441412587988,False,,prod_eval_2025
2025-01-01,2025-02-13,90,Linear Regression,5591.0,5701.956058403815,-110.9560584038154,110.9560584038154,12311.246896510895,0.019845476373424327,False,,prod_eval_2025
2025-01-01,2025-02-14,90,Linear Regression,5496.0,5725.260195456172,-229.26019545617237,229.26019545617237,52560.23722060236,0.041714009362476774,False,,prod_eval_2025
2025-01-01,2025-02-15,90,Linear Regression,6235.0,6276.106372348732,-41.10637234873229,41.10637234873229,1689.733847672623,0.00659284239755129,False,,prod_eval_2025
2025-01-01,2025-02-16,90,Linear Regression,6249.0,6294.532547839362,-45.53254783936245,45.53254783936245,2073.21291274383,0.007286373474053841,False,,prod_eval_2025
2025-01-01,2025-02-17,90,Linear Regression,5555.0,5734.86879509407,-179.86879509407026,179.86879509407026,32352.783448592636,0.03237962107904055,False,,prod_eval_2025
2025-01-01,2025-02-18,90,Linear Regression,5620.0,5732.083130438837,-112.08313043883663,112.08313043883663,12562.628128969267,0.01994361751580723,False,,prod_eval_2025
2025-01-01,2025-02-19,90,Linear Regression,5634.0,5756.00175142294,-122.00175142294029,122.00175142294029,14884.427350264912,0.021654552968218013,False,,prod_eval_2025
2025-01-01,2025-02-20,90,Linear Regression,5663.0,5777.162949319416,-114.16294931941593,114.16294931941593,13033.17899730753,0.020159447169241732,False,,prod_eval_2025
2025-01-01,2025-02-21,90,Linear Regression,5654.0,5800.794087123628,-146.79408712362783,146.79408712362783,21548.50401445924,0.025962873562721582,False,,prod_eval_2025
2025-01-01,2025-02-22,90,Linear Regression,6461.0,6353.974330818072,107.0256691819277,107.0256691819277,11454.493863839429,0.016564876827414903,False,,prod_eval_2025
2025-01-01,2025-02-23,90,Linear Regression,6417.0,6391.255913047616,25.74408695238435,25.74408695238435,662.7580130119261,0.004011857090912319,False,,prod_eval_2025
2025-01-01,2025-02-24,90,Linear Regression,5682.0,5822.817836041549,-140.81783604154862,140.81783604154862,19829.66294742447,0.024783146082637913,False,,prod_eval_2025
2025-01-01,2025-02-25,90,Linear Regression,5661.0,5817.869319212316,-156.86931921231644,156.86931921231644,24607.98331013563,0.027710531569036644,False,,prod_eval_2025
2025-01-01,2025-02-26,90,Linear Regression,5708.0,5840.040951026082,-132.04095102608244,132.04095102608244,17434.8127478723,0.023132612303097835,False,,prod_eval_2025
2025-01-01,2025-02-27,90,Linear Regression,5781.0,5863.018347023094,-82.01834702309407,82.01834702309407,6727.009248400683,0.014187570839490411,False,,prod_eval_2025
2025-01-01,2025-02-28,90,Linear Regression,5729.0,5885.377919421193,-156.37791942119293,156.37791942119293,24454.053682501108,0.027295849087308942,False,,prod_eval_2025
2025-01-01,2025-03-01,90,Linear Regression,7664.0,7290.564502953697,373.43549704630277,373.43549704630277,139454.0704542192,0.0487259260237869,False,,prod_eval_2025
2025-01-01,2025-03-02,90,Linear Regression,7544.0,7281.618067731206,262.3819322687941,262.3819322687941,68844.27838110607,0.03478021371537568,False,,prod_eval_2025
2025-01-01,2025-03-03,90,Linear Regression,6799.0,6698.787270443217,100.21272955678342,100.21272955678342,10042.591165221012,0.014739333660359379,False,,prod_eval_2025
2025-01-01,2025-03-04,90,Linear Regression,6858.0,6720.247365671792,137.75263432820793,137.75263432820793,18975.78826436097,0.02008641503765062,False,,prod_eval_2025
2025-01-01,2025-03-05,90,Linear Regression,7056.0,6773.3764869226425,282.62351307735753,282.62351307735753,79876.05014418728,0.040054352760396476,False,,prod_eval_2025
2025-01-01,2025-03-06,90,Linear Regression,6920.0,6828.276899354115,91.7231006458851,91.7231006458851,8413.127192095168,0.013254783330330217,False,,prod_eval_2025
2025-01-01,2025-03-07,90,Linear Regression,6930.0,6883.664998446798,46.335001553202346,46.335001553202346,2146.9323689352636,0.006686147410274509,False,,prod_eval_2025
2025-01-01,2025-03-08,90,Linear Regression,6573.0,6564.3218964713105,8.678103528689462,8.678103528689462,75.30948085465249,0.00132026525615236,False,,prod_eval_2025
2025-01-01,2025-03-09,90,Linear Regression,6463.0,6546.875553668711,-83.87555366871129,83.87555366871129,7035.108503232868,0.01297780499283789,False,,prod_eval_2025
2025-01-01,2025-03-10,90,Linear Regression,5884.0,5966.940298464566,-82.94029846456579,82.94029846456579,6879.093109391253,0.014095903885888135,False,,prod_eval_2025
2025-01-01,2025-03-11,90,Linear Regression,5797.0,5971.677015541334,-174.67701554133419,174.67701554133419,30512.059758427506,0.03013231249634883,False,,prod_eval_2025
2025-01-01,2025-03-12,90,Linear Regression,5837.0,5988.231700322583,-151.23170032258258,151.23170032258258,22871.027182459424,0.025909148590471574,False,,prod_eval_2025
2025-01-01,2025-03-13,90,Linear Regression,5863.0,5996.216412203166,-133.21641220316633,133.21641220316633,17746.612480283922,0.02272154395414742,False,,prod_eval_2025
2025-01-01,2025-03-14,90,Linear Regression,5857.0,5993.920729510834,-136.92072951083355,136.92072951083355,18747.286169778847,0.023377280094047048,False,,prod_eval_2025
2025-01-01,2025-03-15,90,Linear Regression,6630.0,6635.209844770563,-5.209844770562995,5.209844770562995,27.142482533362585,0.0007857986079280536,False,,prod_eval_2025
2025-01-01,2025-03-16,90,Linear Regression,6504.0,6693.461330577181,-189.4613305771809,189.4613305771809,35895.59578407582,0.02912997087595032,False,,prod_eval_2025
2025-01-01,2025-03-17,90,Linear Regression,5941.0,6183.100206870259,-242.10020687025917,242.10020687025917,58612.51016662228,0.040750750188564076,False,,prod_eval_2025
2025-01-01,2025-03-18,90,Linear Regression,5868.0,6168.827797283358,-300.82779728335845,300.82779728335845,90497.36361835741,0.051265814124635045,False,,prod_eval_2025
2025-01-01,2025-03-19,90,Linear Regression,5860.0,6180.460383089677,-320.4603830896767,320.4603830896767,102694.85712998237,0.05468607219960354,False,,prod_eval_2025
2025-01-01,2025-03-20,90,Linear Regression,5907.0,6199.610857117575,-292.6108571175746,292.6108571175746,85621.11370308166,0.04953628866050019,False,,prod_eval_2025
2025-01-01,2025-03-21,90,Linear Regression,5937.0,6228.937900904082,-291.9379009040822,291.9379009040822,85227.73798428172,0.04917262942632343,False,,prod_eval_2025
2025-01-01,2025-03-22,90,Linear Regression,6673.0,6701.014155882503,-28.014155882502564,28.014155882502564,784.7929298091531,0.004198135153979104,False,,prod_eval_2025
2025-01-01,2025-03-23,90,Linear Regression,6642.0,6718.144021171205,-76.14402117120517,76.14402117120517,5797.91196012094,0.011464020049865277,False,,prod_eval_2025
2025-01-01,2025-03-24,90,Linear Regression,5909.0,6156.487637163077,-247.48763716307712,247.48763716307712,61250.13054856291,0.041883167568637185,False,,prod_eval_2025
2025-01-01,2025-03-25,90,Linear Regression,5995.0,6157.018701777281,-162.01870177728142,162.01870177728142,26250.059725595653,0.0270256383281537,False,,prod_eval_2025
2025-01-01,2025-03-26,90,Linear Regression,6039.0,6182.2547586153105,-143.2547586153105,143.2547586153105,20521.925865930876,0.023721602685098608,False,,prod_eval_2025
2025-01-01,2025-03-27,90,Linear Regression,5986.0,6208.108456174043,-222.10845617404266,222.10845617404266,49332.16630401663,0.03710465355396637,False,,prod_eval_2025
2025-01-01,2025-03-28,90,Linear Regression,5945.0,6234.11248253426,-289.1124825342604,289.1124825342604,83586.02755712302,0.048631199753450025,False,,prod_eval_2025
2025-01-01,2025-03-29,90,Linear Regression,6560.0,6835.837701765859,-275.8377017658586,275.8377017658586,76086.43771547075,0.04204843014723454,False,,prod_eval_2025
2025-01-01,2025-03-30,90,Linear Regression,6767.0,6867.646923307704,-100.64692330770413,100.64692330770413,10129.803171306876,0.014873196883065484,False,,prod_eval_2025
2025-01-01,2025-03-31,90,Linear Regression,6049.0,6323.442058264495,-274.44205826449524,274.44205826449524,75318.44334445261,0.04536982282435035,False,,prod_eval_2025
2025-04-01,2025-04-01,90,Linear Regression,5999.0,6009.569293216493,-10.569293216492952,10.569293216492952,111.70995909620392,0.0017618425098337976,False,,prod_eval_2025
2025-04-01,2025-04-02,90,Linear Regression,5956.0,6019.094627269872,-63.094627269872035,63.094627269872035,3980.93199032408,0.010593456559750174,False,,prod_eval_2025
2025-04-01,2025-04-03,90,Linear Regression,6014.0,6034.363958838257,-20.36395883825662,20.36395883825662,414.69081956621,0.0033860922577746296,False,,prod_eval_2025
2025-04-01,2025-04-04,90,Linear Regression,6046.0,6050.95225494948,-4.952254949480448,4.952254949480448,24.524829084653593,0.0008190960882369249,False,,prod_eval_2025
2025-04-01,2025-04-05,90,Linear Regression,6741.0,6581.532977797382,159.46702220261795,159.46702220261795,25429.73117017025,0.023656285744343267,False,,prod_eval_2025
2025-04-01,2025-04-06,90,Linear Regression,6707.0,6596.751372542041,110.24862745795872,110.24862745795872,12154.75985636377,0.016437845155503016,False,,prod_eval_2025
2025-04-01,2025-04-07,90,Linear Regression,5940.0,6024.37596760163,-84.37596760162978,84.37596760162978,7119.303908711278,0.014204708350442723,False,,prod_eval_2025
2025-04-01,2025-04-08,90,Linear Regression,6020.0,6022.265747043893,-2.2657470438925884,2.2657470438925884,5.133609666908003,0.0003763699408459449,False,,prod_eval_2025
2025-04-01,2025-04-09,90,Linear Regression,6006.0,6037.2778551738165,-31.277855173816533,31.277855173816533,978.3042242742417,0.005207768094208547,False,,prod_eval_2025
2025-04-01,2025-04-10,90,Linear Regression,6023.0,6039.708912401106,-16.708912401106318,16.708912401106318,279.1877536278445,0.002774184360137194,False,,prod_eval_2025
2025-04-01,2025-04-11,90,Linear Regression,6085.0,6044.429247155265,40.57075284473467,40.57075284473467,1645.9859863885463,0.0066673381831938655,False,,prod_eval_2025
2025-04-01,2025-04-12,90,Linear Regression,6779.0,6603.658081939285,175.34191806071522,175.34191806071522,30744.788229210568,0.025865454795798083,False,,prod_eval_2025
2025-04-01,2025-04-13,90,Linear Regression,6833.0,6645.934073186043,187.06592681395705,187.06592681395705,34993.66097476474,0.027376836940429833,False,,prod_eval_2025
2025-04-01,2025-04-14,90,Linear Regression,5984.0,6091.111361945261,-107.1113619452608,107.1113619452608,11472.843857768663,0.0178996259935262,False,,prod_eval_2025
2025-04-01,2025-04-15,90,Linear Regression,6035.0,6070.998666896229,-35.998666896229224,35.998666896229224,1295.9040183056698,0.005964982087196226,False,,prod_eval_2025
2025-04-01,2025-04-16,90,Linear Regression,6096.0,6081.622142411794,14.377857588206098,14.377857588206098,206.72278882673567,0.0023585724390101865,False,,prod_eval_2025
2025-04-01,2025-04-17,90,Linear Regression,6175.0,6096.902870486743,78.09712951325673,78.09712951325673,6099.161638210396,0.012647308423199471,False,,prod_eval_2025
2025-04-01,2025-04-18,90,Linear Regression,6139.0,6111.069318310472,27.930681689527773,27.930681689527773,780.122979641722,0.0045497119546388295,False,,prod_eval_2025
2025-04-01,2025-04-19,90,Linear Regression,6879.0,6656.403155072659,222.5968449273414,222.5968449273414,49549.35537160688,0.032358895904541565,False,,prod_eval_2025
2025-04-01,2025-04-20,90,Linear Regression,6757.0,6678.970360271681,78.02963972831913,78.02963972831913,6088.624676131279,0.011547970952836929,False,,prod_eval_2025
2025-04-01,2025-04-21,90,Linear Regression,6144.0,6116.820511595686,27.179488404313815,27.179488404313815,738.7245899202292,0.0044237448574729514,False,,prod_eval_2025
2025-04-01,2025-04-22,90,Linear Regression,6169.0,6110.482248473544,58.51775152645587,58.51775152645587,3424.327243712028,0.009485775899895585,False,,prod_eval_2025
2025-04-01,2025-04-23,90,Linear Regression,6098.0,6123.884613327864,-25.884613327863917,25.884613327863917,670.0132071330304,0.0042447709622604,False,,prod_eval_2025
2025-04-01,2025-04-24,90,Linear Regression,6109.0,6132.5394637403015,-23.53946374030147,23.53946374030147,554.1063531809677,0.0038532433688494797,False,,prod_eval_2025
2025-04-01,2025-04-25,90,Linear Regression,6053.0,6143.303200728758,-90.30320072875838,90.30320072875838,8154.668061858429,0.014918751152942075,False,,prod_eval_2025
2025-04-01,2025-04-26,90,Linear Regression,6866.0,6691.150290527144,174.84970947285638,174.84970947285638,30572.42090274228,0.025466022352586132,False,,prod_eval_2025
2025-04-01,2025-04-27,90,Linear Regression,6819.0,6722.775009744047,96.22499025595334,96.22499025595334,9259.248749758315,0.014111305214247447,False,,prod_eval_2025
2025-04-01,2025-04-28,90,Linear Regression,6059.0,6165.411741122084,-106.4117411220841,106.4117411220841,11323.458648633443,0.01756259137185742,False,,prod_eval_2025
2025-04-01,2025-04-29,90,Linear Regression,6055.0,6149.567104301887,-94.56710430188741,94.56710430188741,8942.937216044053,0.015618018877272901,False,,prod_eval_2025
2025-04-01,2025-04-30,90,Linear Regression,6084.0,6160.762418499784,-76.76241849978396,76.76241849978396,5892.468893935975,0.012617097057821164,False,,prod_eval_2025
2025-04-01,2025-05-01,90,Linear Regression,6067.0,6170.5883507654935,-103.58835076549349,103.58835076549349,10730.546414314915,0.01707406473800783,False,,prod_eval_2025
2025-04-01,2025-05-02,90,Linear Regression,6108.0,6183.014244666843,-75.0142446668433,75.0142446668433,5627.136902937028,0.012281310521749066,False,,prod_eval_2025
2025-04-01,2025-05-03,90,Linear Regression,6731.0,6723.268350084822,7.731649915178423,7.731649915178423,59.778410410878514,0.0011486628903845525,False,,prod_eval_2025
2025-04-01,2025-05-04,90,Linear Regression,6854.0,6746.632220503117,107.36777949688258,107.36777949688258,11527.840074091198,0.01566498095956851,False,,prod_eval_2025
2025-04-01,2025-05-05,90,Linear Regression,6239.0,6190.635190149745,48.36480985025537,48.36480985025537,2339.1548318513587,0.007752013119130529,False,,prod_eval_2025
2025-04-01,2025-05-06,90,Linear Regression,6223.0,6178.934195500008,44.06580449999183,44.06580449999183,1941.7951262315,0.007081119154747201,False,,prod_eval_2025
2025-04-01,2025-05-07,90,Linear Regression,6078.0,6190.61950984749,-112.61950984749001,112.61950984749001,12683.153998288899,0.018529040777803554,False,,prod_eval_2025
2025-04-01,2025-05-08,90,Linear Regression,6109.0,6202.123771845585,-93.123771845585,93.123771845585,8672.036882748569,0.015243701398851693,False,,prod_eval_2025
2025-04-01,2025-05-09,90,Linear Regression,6206.0,6214.138753339055,-8.138753339055256,8.138753339055256,66.23930591398309,0.001311433022728852,False,,prod_eval_2025
2025-04-01,2025-05-10,90,Linear Regression,6951.0,6756.718578914398,194.28142108560223,194.28142108560223,37745.27057904109,0.027950139704445726,False,,prod_eval_2025
2025-04-01,2025-05-11,90,Linear Regression,6847.0,6782.521947188926,64.47805281107412,64.47805281107412,4157.419294307663,0.009416978649200252,False,,prod_eval_2025
2025-04-01,2025-05-12,90,Linear Regression,6070.0,6228.827648463321,-158.82764846332066,158.82764846332066,25226.221916388164,0.026166004689179678,False,,prod_eval_2025
2025-04-01,2025-05-13,90,Linear Regression,6090.0,6214.2775521785925,-124.27755217859249,124.27755217859249,15444.909975502778,0.02040682301783128,False,,prod_eval_2025
2025-04-01,2025-05-14,90,Linear Regression,6164.0,6224.960289637674,-60.96028963767367,60.96028963767367,3716.1569127090634,0.00988972901325011,False,,prod_eval_2025
2025-04-01,2025-05-15,90,Linear Regression,6172.0,6236.5702458698215,-64.57024586982152,64.57024586982152,4169.316651689203,0.010461802636069592,False,,prod_eval_2025
2025-04-01,2025-05-16,90,Linear Regression,6132.0,6248.383478864632,-116.3834788646318,116.3834788646318,13545.114152634196,0.01897969322645659,False,,prod_eval_2025
2025-04-01,2025-05-17,90,Linear Regression,6881.0,6788.529591365308,92.47040863469192,92.47040863469192,8550.776473066906,0.013438513099068728,False,,prod_eval_2025
2025-04-01,2025-05-18,90,Linear Regression,6909.0,6812.605937710993,96.3940622890068,96.3940622890068,9291.815244576923,0.013951955751774034,False,,prod_eval_2025
2025-04-01,2025-05-19,90,Linear Regression,6188.0,6257.995474847712,-69.9954748477121,69.9954748477121,4899.3664991566975,0.011311485915919862,False,,prod_eval_2025
2025-04-01,2025-05-20,90,Linear Regression,6090.0,6244.723233044987,-154.72323304498696,154.72323304498696,23939.278843893342,0.02540611380049047,False,,prod_eval_2025
2025-04-01,2025-05-21,90,Linear Regression,6193.0,6255.529550770692,-62.52955077069237,62.52955077069237,3909.9447195845946,0.010096811039995539,False,,prod_eval_2025
2025-04-01,2025-05-22,90,Linear Regression,6092.0,6266.908458031,-174.908458031,174.908458031,30592.96869078209,0.02871117170567958,False,,prod_eval_2025
2025-04-01,2025-05-23,90,Linear Regression,6112.0,6278.390703598054,-166.39070359805373,166.39070359805373,27685.866243855373,0.02722360988188052,False,,prod_eval_2025
2025-04-01,2025-05-24,90,Linear Regression,6875.0,6818.862696138506,56.13730386149382,56.13730386149382,3151.396884837689,0.008165426016217283,False,,prod_eval_2025
2025-04-01,2025-05-25,90,Linear Regression,6786.0,6843.730600821078,-57.73060082107804,57.73060082107804,3332.8222711626568,0.008507309286925736,False,,prod_eval_2025
2025-04-01,2025-05-26,90,Linear Regression,6117.0,6289.997180257432,-172.99718025743186,172.99718025743186,29928.02437702237,0.028281376533828978,False,,prod_eval_2025
2025-04-01,2025-05-27,90,Linear Regression,6132.0,6275.3974242799995,-143.39742427999954,143.39742427999954,20562.821290138203,0.023385098545335867,False,,prod_eval_2025
2025-04-01,2025-05-28,90,Linear Regression,6066.0,6285.499168767678,-219.49916876767838,219.49916876767838,48179.885089701755,0.0361851580559971,False,,prod_eval_2025
2025-04-01,2025-05-29,90,Linear Regression,6048.0,6296.49762334239,-248.4976233423904,248.4976233423904,61751.068806816525,0.04108756999708836,False,,prod_eval_2025
2025-04-01,2025-05-30,90,Linear Regression,6206.0,6307.537018330393,-101.53701833039304,101.53701833039304,10309.766091426573,0.0163611051128574,False,,prod_eval_2025
2025-04-01,2025-05-31,90,Linear Regression,6785.0,6846.93521084771,-61.93521084770964,61.93521084770964,3835.97034275025,0.009128255099146594,False,,prod_eval_2025
2025-04-01,2025-06-01,90,Linear Regression,6749.0,6867.9867424141885,-118.98674241418848,118.98674241418848,14157.844870340441,0.01763027743579619,False,,prod_eval_2025
2025-04-01,2025-06-02,90,Linear Regression,5965.0,6314.029077342732,-349.0290773427323,349.0290773427323,121821.29683071902,0.05851283777749075,False,,prod_eval_2025
2025-04-01,2025-06-03,90,Linear Regression,6149.0,6299.421845545327,-150.42184554532741,150.42184554532741,22626.731617262336,0.024462814367430055,False,,prod_eval_2025
2025-04-01,2025-06-04,90,Linear Regression,6104.0,6309.076650380435,-205.07665038043524,205.07665038043524,42056.43253125927,0.033597092133098826,False,,prod_eval_2025
2025-04-01,2025-06-05,90,Linear Regression,6013.0,6319.5473191163,-306.54731911630006,306.54731911630006,93971.2588573907,0.05098076153605522,False,,prod_eval_2025
2025-04-01,2025-06-06,90,Linear Regression,6002.0,6329.917884864206,-327.9178848642059,327.9178848642059,107530.1392138146,0.054634769220960666,False,,prod_eval_2025
2025-04-01,2025-06-07,90,Linear Regression,6768.0,6868.810333656373,-100.81033365637268,100.81033365637268,10162.723371909186,0.014895143861757193,False,,prod_eval_2025
2025-04-01,2025-06-08,90,Linear Regression,6825.0,6893.856194472102,-68.85619447210229,68.85619447210229,4741.17551717997,0.010088819702872131,False,,prod_eval_2025
2025-04-01,2025-06-09,90,Linear Regression,6064.0,6340.705532515466,-276.7055325154661,276.7055325154661,76565.95172466766,0.04563085958368504,False,,prod_eval_2025
2025-04-01,2025-06-10,90,Linear Regression,6053.0,6325.377449953911,-272.3774499539113,272.3774499539113,74189.47524339546,0.04499875267700501,False,,prod_eval_2025
2025-04-01,2025-06-11,90,Linear Regression,6046.0,6334.439979315674,-288.43997931567355,288.43997931567355,83197.62166762618,0.04770757183520899,False,,prod_eval_2025
2025-04-01,2025-06-12,90,Linear Regression,6156.0,6344.419987293592,-188.41998729359238,188.41998729359238,35502.091611717515,0.030607535297854514,False,,prod_eval_2025
2025-04-01,2025-06-13,90,Linear Regression,6060.0,6354.28103251103,-294.2810325110304,294.2810325110304,86601.32609575812,0.048561226486968714,False,,prod_eval_2025
2025-04-01,2025-06-14,90,Linear Regression,6650.0,6892.514542538698,-242.51454253869815,242.51454253869815,58813.303342754036,0.03646835226145837,False,,prod_eval_2025
2025-04-01,2025-06-15,90,Linear Regression,6714.0,6917.315406521522,-203.31540652152216,203.31540652152216,41337.154529011816,0.030282306601358677,False,,prod_eval_2025
2025-04-01,2025-06-16,90,Linear Regression,5869.0,6364.020855191139,-495.02085519113916,495.02085519113916,245045.64707416677,0.08434500855190649,False,,prod_eval_2025
2025-04-01,2025-06-17,90,Linear Regression,6028.0,6348.585215007933,-320.5852150079327,320.5852150079327,102774.88008168242,0.0531826833125303,False,,prod_eval_2025
2025-04-01,2025-06-18,90,Linear Regression,6031.0,6357.418427203203,-326.41842720320255,326.41842720320255,106548.98961781245,0.05412343346098533,False,,prod_eval_2025
2025-04-01,2025-06-19,90,Linear Regression,5965.0,6367.15223966653,-402.15223966652957,402.15223966652957,161726.42386880584,0.06741864872867218,False,,prod_eval_2025
2025-04-01,2025-06-20,90,Linear Regression,5871.0,6376.772328094464,-505.7723280944638,505.7723280944638,255805.6478660939,0.086147560567955,False,,prod_eval_2025
2025-04-01,2025-06-21,90,Linear Regression,6666.0,6914.845394738022,-248.84539473802215,248.84539473802215,61924.030482322065,0.037330542264929815,False,,prod_eval_2025
2025-04-01,2025-06-22,90,Linear Regression,6579.0,6940.05950610749,-361.05950610749005,361.05950610749005,130363.96695058464,0.05488060588349142,False,,prod_eval_2025
2025-04-01,2025-06-23,90,Linear Regression,5849.0,6387.107185538134,-538.1071855381342,538.1071855381342,289559.343127772,0.09199986075194636,False,,prod_eval_2025
2025-04-01,2025-06-24,90,Linear Regression,6014.0,6371.185904849138,-357.18590484913784,357.18590484913784,127581.77062289735,0.05939240187049183,False,,prod_eval_2025
2025-04-01,2025-06-25,90,Linear Regression,6035.0,6379.547288771967,-344.54728877196703,344.54728877196703,118712.83420011324,0.05709151429527209,False,,prod_eval_2025
2025-04-01,2025-06-26,90,Linear Regression,6021.0,6388.847852750816,-367.84785275081595,367.84785275081595,135312.04277338597,0.06109414594765254,False,,prod_eval_2025
2025-04-01,2025-06-27,90,Linear Regression,5886.0,6398.038659834615,-512.0386598346149,512.0386598346149,262183.5891652285,0.08699263673710753,False,,prod_eval_2025
2025-04-01,2025-06-28,90,Linear Regression,6551.0,6935.651922601967,-384.65192260196727,384.65192260196727,147957.10156138983,0.05871652001251218,False,,prod_eval_2025
2025-04-01,2025-06-29,90,Linear Regression,6518.0,6960.81904593888,-442.81904593887975,442.81904593887975,196088.7074462197,0.06793787142357775,False,,prod_eval_2025
2025-06-30,2025-06-30,90,Linear Regression,5810.0,6005.823675934755,-195.82367593475465,195.82367593475465,38346.91205659981,0.03370459138291818,False,,prod_eval_2025
2025-06-30,2025-07-01,90,Linear Regression,5873.0,5971.894868021613,-98.89486802161264,98.89486802161264,9780.194921012182,0.016838901416927062,False,,prod_eval_2025
2025-06-30,2025-07-02,90,Linear Regression,5874.0,5965.48482990063,-91.48482990062985,91.48482990062985,8369.474101947177,0.015574536925541343,False,,prod_eval_2025
2025-06-30,2025-07-03,90,Linear Regression,5811.0,5952.51777968564,-141.51777968563965,141.51777968563965,20027.28196715324,0.024353429648191302,False,,prod_eval_2025
2025-06-30,2025-07-04,90,Linear Regression,5882.0,5948.036539268013,-66.03653926801326,66.03653926801326,4360.824518495857,0.011226885288679574,False,,prod_eval_2025
2025-06-30,2025-07-05,90,Linear Regression,6442.0,6514.575086526522,-72.57508652652177,72.57508652652177,5267.1431843321225,0.011265924639323468,False,,prod_eval_2025
2025-06-30,2025-07-06,90,Linear Regression,6416.0,6544.840912970715,-128.84091297071518,128.84091297071518,16599.980855127404,0.020081189677480547,False,,prod_eval_2025
2025-06-30,2025-07-07,90,Linear Regression,5719.0,5973.854989993668,-254.8549899936679,254.8549899936679,64951.06592467257,0.04456285889030738,False,,prod_eval_2025
2025-06-30,2025-07-08,90,Linear Regression,5740.0,5979.494133070893,-239.49413307089344,239.49413307089344,57357.439775378814,0.04172371656287342,False,,prod_eval_2025
2025-06-30,2025-07-09,90,Linear Regression,5768.0,5982.290401114071,-214.29040111407085,214.29040111407085,45920.37600962938,0.03715159520008163,False,,prod_eval_2025
2025-06-30,2025-07-10,90,Linear Regression,5830.0,5984.900127308982,-154.9001273089816,154.9001273089816,23994.04944033871,0.02656949010445654,False,,prod_eval_2025
2025-06-30,2025-07-11,90,Linear Regression,5732.0,5967.053201965589,-235.05320196558932,235.05320196558932,55250.00775427613,0.04100718806098907,False,,prod_eval_2025
2025-06-30,2025-07-12,90,Linear Regression,6307.0,6517.1693548225185,-210.16935482251847,210.16935482251847,44171.157706513666,0.03332318928532083,False,,prod_eval_2025
2025-06-30,2025-07-13,90,Linear Regression,6398.0,6543.3511559496565,-145.35115594965646,145.35115594965646,21126.95853590135,0.022718217560121358,False,,prod_eval_2025
2025-06-30,2025-07-14,90,Linear Regression,5724.0,5988.329945643835,-264.32994564383534,264.32994564383534,69870.32016407295,0.04617923578683357,False,,prod_eval_2025
2025-06-30,2025-07-15,90,Linear Regression,5651.0,5972.197360869159,-321.19736086915873,321.19736086915873,103167.74462931258,0.05683903041393713,False,,prod_eval_2025
2025-06-30,2025-07-16,90,Linear Regression,5655.0,5973.099531364127,-318.09953136412696,318.09953136412696,101187.3118540772,0.05625102234555738,False,,prod_eval_2025
2025-06-30,2025-07-17,90,Linear Regression,5741.0,5972.10052143811,-231.10052143811026,231.10052143811026,53407.45100896646,0.04025440192268076,False,,prod_eval_2025
2025-06-30,2025-07-18,90,Linear Regression,5633.0,5973.692606563267,-340.69260656326696,340.69260656326696,116071.45216687302,0.06048155628675075,False,,prod_eval_2025
2025-06-30,2025-07-19,90,Linear Regression,6356.0,6521.285947350542,-165.2859473505423,165.2859473505423,27319.44439156624,0.02600471166622755,False,,prod_eval_2025
2025-06-30,2025-07-20,90,Linear Regression,6413.0,6547.172684452332,-134.17268445233185,134.17268445233185,18002.309253145013,0.020921984165341002,False,,prod_eval_2025
2025-06-30,2025-07-21,90,Linear Regression,5570.0,5989.365252620575,-419.3652526205751,419.3652526205751,175867.2151055188,0.0752899914938196,False,,prod_eval_2025
2025-06-30,2025-07-22,90,Linear Regression,5579.0,5980.679256859263,-401.67925685926275,401.67925685926275,161346.2253910096,0.07199843284804854,False,,prod_eval_2025
2025-06-30,2025-07-23,90,Linear Regression,5604.0,5984.134279587616,-380.1342795876162,380.1342795876162,144502.07051759597,0.06783266944818277,False,,prod_eval_2025
2025-06-30,2025-07-24,90,Linear Regression,5561.0,5986.777279657842,-425.777279657842,425.777279657842,181286.29187283217,0.07656487675918755,False,,prod_eval_2025
2025-06-30,2025-07-25,90,Linear Regression,5534.0,5983.412065845619,-449.4120658456186,449.4120658456186,201971.20492762662,0.08120926379573881,False,,prod_eval_2025
2025-06-30,2025-07-26,90,Linear Regression,6183.0,6524.178444668376,-341.17844466837596,341.17844466837596,116402.73110633208,0.05518008162192721,False,,prod_eval_2025
2025-06-30,2025-07-27,90,Linear Regression,6145.0,6549.86650819371,-404.8665081937097,404.8665081937097,163916.8894569672,0.06588551801362241,False,,prod_eval_2025
2025-06-30,2025-07-28,90,Linear Regression,5522.0,6000.193181703745,-478.1931817037448,478.1931817037448,228668.7190279507,0.0865978235609824,False,,prod_eval_2025
2025-06-30,2025-07-29,90,Linear Regression,5458.0,5979.443635025366,-521.4436350253663,521.4436350253663,271903.46450846747,0.09553749267595572,False,,prod_eval_2025
2025-06-30,2025-07-30,90,Linear Regression,5561.0,5982.169767646382,-421.16976764638184,421.16976764638184,177383.97317930727,0.07573633656651355,False,,prod_eval_2025
2025-06-30,2025-07-31,90,Linear Regression,5622.0,5985.732766036649,-363.7327660366491,363.7327660366491,132301.5250886717,0.06469810850883122,False,,prod_eval_2025
2025-06-30,2025-08-01,90,Linear Regression,6614.0,6845.505485790582,-231.5054857905816,231.5054857905816,53594.78995113317,0.03500234136537369,False,,prod_eval_2025
2025-06-30,2025-08-02,90,Linear Regression,7391.0,7429.202672911184,-38.20267291118398,38.20267291118398,1459.4442175589104,0.005168809756620752,False,,prod_eval_2025
2025-06-30,2025-08-03,90,Linear Regression,7337.0,7414.783331267028,-77.78333126702819,77.78333126702819,6050.246622996245,0.01060151714147856,False,,prod_eval_2025
2025-06-30,2025-08-04,90,Linear Regression,6591.0,6841.329935018933,-250.3299350189327,250.3299350189327,62665.07636658307,0.037980569719152285,False,,prod_eval_2025
2025-06-30,2025-08-05,90,Linear Regression,6621.0,6858.716900078029,-237.71690007802863,237.71690007802863,56509.32458270745,0.03590347380728419,False,,prod_eval_2025
2025-06-30,2025-08-06,90,Linear Regression,6519.0,6902.817266148982,-383.8172661489816,383.8172661489816,147315.6937940782,0.05887670902730198,False,,prod_eval_2025
2025-06-30,2025-08-07,90,Linear Regression,6385.0,6948.015083397113,-563.0150833971129,563.0150833971129,316985.984132658,0.08817777343729255,False,,prod_eval_2025
2025-06-30,2025-08-08,90,Linear Regression,5468.0,6089.243236431405,-621.2432364314054,621.2432364314054,385943.1588117671,0.11361434462900612,False,,prod_eval_2025
2025-06-30,2025-08-09,90,Linear Regression,5937.0,6603.891032826899,-666.8910328268994,666.8910328268994,444743.6496649286,0.11232794893496706,False,,prod_eval_2025
2025-06-30,2025-08-10,90,Linear Regression,5964.0,6607.230894027766,-643.2308940277662,643.2308940277662,413745.98303175945,0.10785226258010835,False,,prod_eval_2025
2025-06-30,2025-08-11,90,Linear Regression,5477.0,6024.270152188111,-547.2701521881108,547.2701521881108,299504.619475998,0.09992151765348016,False,,prod_eval_2025
2025-06-30,2025-08-12,90,Linear Regression,5431.0,5994.237848957074,-563.2378489570738,563.2378489570738,317236.87449779146,0.10370794493777827,False,,prod_eval_2025
2025-06-30,2025-08-13,90,Linear Regression,5276.0,5979.294350200794,-703.2943502007938,703.2943502007938,494622.9430243568,0.1333006728962839,False,,prod_eval_2025
2025-06-30,2025-08-14,90,Linear Regression,5397.0,5953.983223751967,-556.9832237519668,556.9832237519668,310230.31154113344,0.10320237608893214,False,,prod_eval_2025
2025-06-30,2025-08-15,90,Linear Regression,5874.0,6452.936676459096,-578.9366764590959,578.9366764590959,335167.6753495039,0.09855918904649233,False,,prod_eval_2025
2025-06-30,2025-08-16,90,Linear Regression,5955.0,6613.817074767698,-658.8170747676977,658.8170747676977,434039.9380054662,0.11063259022127585,False,,prod_eval_2025
2025-06-30,2025-08-17,90,Linear Regression,5881.0,6650.403941889587,-769.4039418895873,769.4039418895873,591982.4257952353,0.13082876073619917,False,,prod_eval_2025
2025-06-30,2025-08-18,90,Linear Regression,5304.0,6141.175203868425,-837.1752038684253,837.1752038684253,700862.3219721395,0.15783846226780265,False,,prod_eval_2025
2025-06-30,2025-08-19,90,Linear Regression,5329.0,6120.3668656212485,-791.3668656212485,791.3668656212485,626261.5160031992,0.1485019451344058,False,,prod_eval_2025
2025-06-30,2025-08-20,90,Linear Regression,5321.0,6126.743655031376,-805.743655031376,805.743655031376,649222.837623321,0.1514271105114407,False,,prod_eval_2025
2025-06-30,2025-08-21,90,Linear Regression,5341.0,6145.501985648738,-804.5019856487379,804.5019856487379,647223.444912762,0.150627595141123,False,,prod_eval_2025
2025-06-30,2025-08-22,90,Linear Regression,5323.0,6062.807755630887,-739.8077556308872,739.8077556308872,547315.5152916105,0.13898323419704814,False,,prod_eval_2025
2025-06-30,2025-08-23,90,Linear Regression,5911.0,6597.941037069229,-686.9410370692294,686.9410370692294,471887.9884097484,0.11621401405332929,False,,prod_eval_2025
2025-06-30,2025-08-24,90,Linear Regression,5796.0,6622.423313717847,-826.4233137178471,826.4233137178471,682975.4934563872,0.1425851127877583,False,,prod_eval_2025
2025-06-30,2025-08-25,90,Linear Regression,5215.0,6064.836667785176,-849.8366677851764,849.8366677851764,722222.3619122122,0.1629600513490271,False,,prod_eval_2025
2025-06-30,2025-08-26,90,Linear Regression,5236.0,6045.879887291066,-809.8798872910656,809.8798872910656,655905.4318385891,0.15467530314955416,False,,prod_eval_2025
2025-06-30,2025-08-27,90,Linear Regression,5237.0,6051.129774406118,-814.1297744061176,814.1297744061176,662807.2895745559,0.1554572798178571,False,,prod_eval_2025
2025-06-30,2025-08-28,90,Linear Regression,5239.0,6057.328365929848,-818.3283659298477,818.3283659298477,669661.3144854147,0.1561993445180087,False,,prod_eval_2025
2025-06-30,2025-08-29,90,Linear Regression,5278.0,6154.60521748199,-876.6052174819897,876.6052174819897,768436.7073166465,0.166086627033344,False,,prod_eval_2025
2025-06-30,2025-08-30,90,Linear Regression,5807.0,6644.347764040367,-837.3477640403671,837.3477640403671,701151.2779434023,0.14419627415883712,False,,prod_eval_2025
2025-06-30,2025-08-31,90,Linear Regression,5845.0,6676.771925033004,-831.7719250330038,831.7719250330038,691844.5352731089,0.1423048631365276,False,,prod_eval_2025
2025-06-30,2025-09-01,90,Linear Regression,5149.0,6137.261822379428,-988.2618223794279,988.2618223794279,976661.429572708,0.19193276798978984,False,,prod_eval_2025
2025-06-30,2025-09-02,90,Linear Regression,5194.0,6114.585415966603,-920.5854159666033,920.5854159666033,847477.508090404,0.177240164799115,False,,prod_eval_2025
2025-06-30,2025-09-03,90,Linear Regression,5138.0,6115.773662556384,-977.7736625563839,977.7736625563839,956041.3351889253,0.19030238664001245,False,,prod_eval_2025
2025-06-30,2025-09-04,90,Linear Regression,5089.0,6120.563853350175,-1031.5638533501751,1031.5638533501751,1064123.9835386616,0.2027046282865347,False,,prod_eval_2025
2025-06-30,2025-09-05,90,Linear Regression,5191.0,6082.689506848209,-891.689506848209,891.689506848209,795110.1766232022,0.17177605602932172,False,,prod_eval_2025
2025-06-30,2025-09-06,90,Linear Regression,5714.0,6615.272602337495,-901.2726023374953,901.2726023374953,812292.3037242009,0.1577305919386586,False,,prod_eval_2025
2025-06-30,2025-09-07,90,Linear Regression,5795.0,6638.687971595453,-843.6879715954528,843.6879715954528,711809.3934148496,0.14558895109498754,False,,prod_eval_2025
2025-06-30,2025-09-08,90,Linear Regression,5023.0,6082.490844819212,-1059.4908448192118,1059.4908448192118,1122520.850255727,0.21092790062098582,False,,prod_eval_2025
2025-06-30,2025-09-09,90,Linear Regression,5111.0,6062.8848907302045,-951.8848907302045,951.8848907302045,906084.8452004533,0.1862423969341038,False,,prod_eval_2025
2025-06-30,2025-09-10,90,Linear Regression,5110.0,6067.4620423138285,-957.4620423138285,957.4620423138285,916733.5624717675,0.18737026268372378,False,,prod_eval_2025
2025-06-30,2025-09-11,90,Linear Regression,5154.0,6073.006097762502,-919.0060977625017,919.0060977625017,844572.2077246608,0.17830929331829679,False,,prod_eval_2025
2025-06-30,2025-09-12,90,Linear Regression,5055.0,6108.142003216322,-1053.1420032163223,1053.1420032163223,1109108.0789384884,0.2083366969765227,False,,prod_eval_2025
2025-06-30,2025-09-13,90,Linear Regression,5770.0,6619.550040991771,-849.5500409917713,849.5500409917713,721735.2721491203,0.1472357090107056,False,,prod_eval_2025
2025-06-30,2025-09-14,90,Linear Regression,5721.0,6648.909635957767,-927.909635957767,927.909635957767,861016.2925032757,0.16219360880226658,False,,prod_eval_2025
2025-06-30,2025-09-15,90,Linear Regression,5054.0,6104.174743105426,-1050.1747431054264,1050.1747431054264,1102866.9910565482,0.20779080789581053,False,,prod_eval_2025
2025-06-30,2025-09-16,90,Linear Regression,5121.0,6081.060816047702,-960.0608160477022,960.0608160477022,921716.7705101799,0.18747526187223243,False,,prod_eval_2025
2025-06-30,2025-09-17,90,Linear Regression,4999.0,6081.111444174365,-1082.1114441743648,1082.1114441743648,1170965.1776131294,0.21646558195126323,False,,prod_eval_2025
2025-06-30,2025-09-18,90,Linear Regression,5016.0,6082.665617372516,-1066.665617372516,1066.665617372516,1137775.5392846905,0.21265263504236762,False,,prod_eval_2025
2025-06-30,2025-09-19,90,Linear Regression,5041.0,6074.667645969575,-1033.6676459695746,1033.6676459695746,1068468.8023242818,0.20505210195786044,False,,prod_eval_2025
2025-06-30,2025-09-20,90,Linear Regression,5594.0,6606.972480973173,-1012.9724809731733,1012.9724809731733,1026113.247208946,0.1810819594160124,False,,prod_eval_2025
2025-06-30,2025-09-21,90,Linear Regression,5587.0,6633.525486294341,-1046.5254862943411,1046.5254862943411,1095215.5934636071,0.18731438809635603,False,,prod_eval_2025
2025-06-30,2025-09-22,90,Linear Regression,5020.0,6081.52589941238,-1061.5258994123797,1061.5258994123797,1126837.2351232616,0.21145934251242623,False,,prod_eval_2025
2025-06-30,2025-09-23,90,Linear Regression,4973.0,6060.736995168268,-1087.7369951682676,1087.7369951682676,1183171.7706576919,0.21872853311246082,False,,prod_eval_2025
2025-06-30,2025-09-24,90,Linear Regression,4972.0,6063.777946757253,-1091.7779467572527,1091.7779467572527,1191979.0850254826,0.21958526684578694,False,,prod_eval_2025
2025-06-30,2025-09-25,90,Linear Regression,4935.0,6067.7365136655,-1132.7365136654998,1132.7365136654998,1283092.009391071,0.2295312084428571,False,,prod_eval_2025
2025-06-30,2025-09-26,90,Linear Regression,5050.0,6078.18647391116,-1028.1864739111597,1028.1864739111597,1057167.425133864,0.20360128196260588,False,,prod_eval_2025
2025-06-30,2025-09-27,90,Linear Regression,5590.0,6604.2874729339765,-1014.2874729339765,1014.2874729339765,1028779.077750792,0.18144677512235716,False,,prod_eval_2025
2025-09-28,2025-09-28,90,Linear Regression,5607.0,5641.29970935215,-34.299709352149875,34.299709352149875,1176.4700616419577,0.006117301471758494,False,,prod_eval_2025
2025-09-28,2025-09-29,90,Linear Regression,4991.0,5086.897022489167,-95.89702248916728,95.89702248916728,9196.238922287856,0.019213989679256117,False,,prod_eval_2025
2025-09-28,2025-09-30,90,Linear Regression,4938.0,5079.9876063834845,-141.9876063834845,141.9876063834845,20160.480366511325,0.028754071766602773,False,,prod_eval_2025
2025-09-28,2025-10-01,90,Linear Regression,4947.0,5023.411990364611,-76.41199036461057,76.41199036461057,5838.792271481339,0.015446127019326981,False,,prod_eval_2025
2025-09-28,2025-10-02,90,Linear Regression,5361.0,5436.210971526059,-75.21097152605944,75.21097152605944,5656.690237893724,0.014029280269736885,False,,prod_eval_2025
2025-09-28,2025-10-03,90,Linear Regression,4950.0,5068.676238991459,-118.67623899145929,118.67623899145929,14084.049701157961,0.02397499777605238,False,,prod_eval_2025
2025-09-28,2025-10-04,90,Linear Regression,5563.0,5587.346918520386,-24.34691852038577,24.34691852038577,592.7724414383036,0.004376580715510655,False,,prod_eval_2025
2025-09-28,2025-10-05,90,Linear Regression,5542.0,5612.298711802016,-70.29871180201644,70.29871180201644,4941.908881022966,0.01268471883832848,False,,prod_eval_2025
2025-09-28,2025-10-06,90,Linear Regression,4913.0,5051.711645195459,-138.7116451954589,138.7116451954589,19240.92051283088,0.028233593567160372,False,,prod_eval_2025
2025-09-28,2025-10-07,90,Linear Regression,4890.0,5032.744477166651,-142.74447716665145,142.74447716665145,20375.985761580676,0.029191099625082095,False,,prod_eval_2025
2025-09-28,2025-10-08,90,Linear Regression,4898.0,5039.962765108614,-141.9627651086139,141.9627651086139,20153.42667728348,0.028983823011150243,False,,prod_eval_2025
2025-09-28,2025-10-09,90,Linear Regression,4836.0,5026.6734163175215,-190.67341631752151,190.67341631752151,36356.35169019488,0.03942791900693166,False,,prod_eval_2025
2025-09-28,2025-10-10,90,Linear Regression,4863.0,5049.050737886431,-186.0507378864313,186.0507378864313,34614.87706808557,0.0382584285186986,False,,prod_eval_2025
2025-09-28,2025-10-11,90,Linear Regression,5414.0,5589.219143536547,-175.21914353654665,175.21914353654665,30701.74826168094,0.03236408266282723,False,,prod_eval_2025
2025-09-28,2025-10-12,90,Linear Regression,5562.0,5618.905493883869,-56.905493883868985,56.905493883868985,3238.2352341670503,0.010231120798969612,False,,prod_eval_2025
2025-09-28,2025-10-13,90,Linear Regression,4925.0,5067.762087069693,-142.76208706969283,142.76208706969283,20381.013504494556,0.028987225800952858,False,,prod_eval_2025
2025-09-28,2025-10-14,90,Linear Regression,4887.0,5050.380571248103,-163.38057124810257,163.38057124810257,26693.21106135632,0.03343166999142676,False,,prod_eval_2025
2025-09-28,2025-10-15,90,Linear Regression,4900.0,5039.833782498443,-139.83378249844282,139.83378249844282,19553.48672782181,0.028537506632335268,False,,prod_eval_2025
2025-09-28,2025-10-16,90,Linear Regression,4903.0,5089.58038612137,-186.58038612136988,186.58038612136988,34812.24048519947,0.03805433125053434,False,,prod_eval_2025
2025-09-28,2025-10-17,90,Linear Regression,4816.0,5052.896506787198,-236.89650678719772,236.89650678719772,56119.95492797682,0.04918947400066398,False,,prod_eval_2025
2025-09-28,2025-10-18,90,Linear Regression,5549.0,5581.911661556243,-32.911661556243416,32.911661556243416,1083.1774663927108,0.005931097775498904,False,,prod_eval_2025
2025-09-28,2025-10-19,90,Linear Regression,5461.0,5607.706854568908,-146.70685456890806,146.70685456890806,21522.90117750274,0.026864467051622057,False,,prod_eval_2025
2025-09-28,2025-10-20,90,Linear Regression,4797.0,5055.345298858029,-258.3452988580293,258.3452988580293,66742.29344204448,0.05385559701022083,False,,prod_eval_2025
2025-09-28,2025-10-21,90,Linear Regression,4918.0,5034.184662452624,-116.18466245262425,116.18466245262425,13498.875789230236,0.023624372194514895,False,,prod_eval_2025
2025-09-28,2025-10-22,90,Linear Regression,4892.0,5038.995988815583,-146.99598881558268,146.99598881558268,21607.82072787091,0.030048239741533662,False,,prod_eval_2025
2025-09-28,2025-10-23,90,Linear Regression,4871.0,5038.995750666895,-167.99575066689522,167.99575066689522,28222.572242133625,0.03448896544177689,False,,prod_eval_2025
2025-09-28,2025-10-24,90,Linear Regression,4871.0,5052.467902417087,-181.46790241708732,181.46790241708732,32930.599607657525,0.03725475311375227,False,,prod_eval_2025
2025-09-28,2025-10-25,90,Linear Regression,5397.0,5586.713655571787,-189.71365557178706,189.71365557178706,35991.27111041065,0.03515168715430555,False,,prod_eval_2025
2025-09-28,2025-10-26,90,Linear Regression,5412.0,5615.803149085966,-203.80314908596574,203.80314908596574,41535.72357735638,0.03765764025978672,False,,prod_eval_2025
2025-09-28,2025-10-27,90,Linear Regression,4954.0,5066.482860091492,-112.4828600914916,112.4828600914916,12652.393814362074,0.0227054622711933,False,,prod_eval_2025
2025-09-28,2025-10-28,90,Linear Regression,4918.0,5046.0701896833425,-128.0701896833425,128.0701896833425,16401.973485527327,0.02604111217636082,False,,prod_eval_2025
2025-09-28,2025-10-29,90,Linear Regression,4963.0,5044.561921723757,-81.56192172375722,81.56192172375722,6652.347075272301,0.016433995914518884,False,,prod_eval_2025
2025-09-28,2025-10-30,90,Linear Regression,4926.0,5067.48571153346,-141.48571153345983,141.48571153345983,20018.206568129408,0.028722231330381615,False,,prod_eval_2025
2025-09-28,2025-10-31,90,Linear Regression,4870.0,5050.813436608911,-180.8134366089107,180.8134366089107,32693.49885832457,0.03712801573078248,False,,prod_eval_2025
2025-09-28,2025-11-01,90,Linear Regression,6061.0,5987.705747313788,73.29425268621162,73.29425268621162,5372.047476830239,0.012092765663456793,False,,prod_eval_2025
2025-09-28,2025-11-02,90,Linear Regression,5435.0,5605.2424691564,-170.24246915640015,170.24246915640015,28982.498304467856,0.03132336139032201,False,,prod_eval_2025
2025-09-28,2025-11-03,90,Linear Regression,4940.0,5037.530807386154,-97.53080738615427,97.53080738615427,9512.258389395123,0.019743078418249852,False,,prod_eval_2025
2025-09-28,2025-11-04,90,Linear Regression,4848.0,5014.211802356379,-166.21180235637894,166.21180235637894,27626.363242555977,0.034284612697272884,False,,prod_eval_2025
2025-09-28,2025-11-05,90,Linear Regression,4922.0,5015.439620419012,-93.43962041901159,93.43962041901159,8730.962664048968,0.018984075664163266,False,,prod_eval_2025
2025-09-28,2025-11-06,90,Linear Regression,4960.0,5015.119874833537,-55.119874833537324,55.119874833537324,3038.200601664821,0.011112877990632526,False,,prod_eval_2025
2025-09-28,2025-11-07,90,Linear Regression,4834.0,5018.987040039599,-184.98704003959938,184.98704003959938,34220.20498261234,0.03826790236648725,False,,prod_eval_2025
2025-09-28,2025-11-08,90,Linear Regression,5465.0,5531.316994977027,-66.3169949770272,66.3169949770272,4397.9438227830515,0.01213485726935539,False,,prod_eval_2025
2025-09-28,2025-11-09,90,Linear Regression,5463.0,5548.848371830967,-85.84837183096715,85.84837183096715,7369.942946027994,0.01571451067746058,False,,prod_eval_2025
2025-09-28,2025-11-10,90,Linear Regression,4940.0,4998.797118301403,-58.797118301403316,58.797118301403316,3457.101120549217,0.011902250668300267,False,,prod_eval_2025
2025-09-28,2025-11-11,90,Linear Regression,4916.0,4972.519698705859,-56.5196987058589,56.5196987058589,3194.4763418010684,0.01149709086774998,False,,prod_eval_2025
2025-09-28,2025-11-12,90,Linear Regression,4924.0,4967.868102918351,-43.868102918350814,43.868102918350814,1924.4104536550192,0.008909037960672384,False,,prod_eval_2025
2025-09-28,2025-11-13,90,Linear Regression,4906.0,4968.638564606918,-62.63856460691841,62.63856460691841,3923.5897760150915,0.012767746556648677,False,,prod_eval_2025
2025-09-28,2025-11-14,90,Linear Regression,4967.0,4960.603258850542,6.396741149457739,6.396741149457739,40.91829733316592,0.0012878480268688824,False,,prod_eval_2025
2025-09-28,2025-11-15,90,Linear Regression,5499.0,5528.762365356547,-29.76236535654698,29.76236535654698,885.7983916165878,0.005412323214502087,False,,prod_eval_2025
2025-09-28,2025-11-16,90,Linear Regression,5603.0,5555.753536885929,47.24646311407105,47.24646311407105,2232.228276789276,0.008432351082290032,False,,prod_eval_2025
2025-09-28,2025-11-17,90,Linear Regression,4982.0,5007.847388296483,-25.847388296482677,25.847388296482677,668.0874817491497,0.005188155017359028,False,,prod_eval_2025
2025-09-28,2025-11-18,90,Linear Regression,4923.0,4984.642945823207,-61.6429458232069,61.6429458232069,3799.852769762821,0.01252141901751105,False,,prod_eval_2025
2025-09-28,2025-11-19,90,Linear Regression,4930.0,4985.014783715381,-55.01478371538087,55.01478371538087,3026.626427250136,0.01115918533780545,False,,prod_eval_2025
2025-09-28,2025-11-20,90,Linear Regression,6006.0,5843.914605022439,162.085394977561,162.085394977561,26271.67526503196,0.026987245251009158,False,,prod_eval_2025
2025-09-28,2025-11-21,90,Linear Regression,5953.0,5896.850905904763,56.14909409523716,56.14909409523716,3152.7207677157967,0.009432066873045047,False,,prod_eval_2025
2025-09-28,2025-11-22,90,Linear Regression,6701.0,6445.800321931142,255.1996780688578,255.1996780688578,65126.87568644866,0.03808382003713741,False,,prod_eval_2025
2025-09-28,2025-11-23,90,Linear Regression,6595.0,6442.565054467487,152.43494553251276,152.43494553251276,23236.41261950013,0.02311371425815205,False,,prod_eval_2025
2025-09-28,2025-11-24,90,Linear Regression,6013.0,5877.486463551785,135.51353644821484,135.51353644821484,18363.91856070165,0.022536759761885055,False,,prod_eval_2025
2025-09-28,2025-11-25,90,Linear Regression,5906.0,5893.566225429272,12.43377457072802,12.43377457072802,154.59875007568274,0.0021052784576241143,False,,prod_eval_2025
2025-09-28,2025-11-26,90,Linear Regression,6038.0,5937.490363098654,100.50963690134631,100.50963690134631,10102.187110040477,0.016646180341395547,False,,prod_eval_2025
2025-09-28,2025-11-27,90,Linear Regression,6079.0,5939.966194716733,139.0338052832667,139.0338052832667,19330.39901154532,0.022871163889334873,False,,prod_eval_2025
2025-09-28,2025-11-28,90,Linear Regression,5989.0,5989.403331385453,-0.40333138545338443,0.40333138545338443,0.16267620649174655,6.734536407637075e-05,False,,prod_eval_2025
2025-09-28,2025-11-29,90,Linear Regression,6773.0,6600.765774209543,172.23422579045655,172.23422579045655,29664.628533637966,0.02542953282008808,False,,prod_eval_2025
2025-09-28,2025-11-30,90,Linear Regression,6552.0,6613.171628681557,-61.171628681557195,61.171628681557195,3741.9681555543107,0.00933632916385183,False,,prod_eval_2025
2025-09-28,2025-12-01,90,Linear Regression,4950.0,5207.063117276458,-257.0631172764579,257.0631172764579,66081.44626388994,0.05193194288413291,False,,prod_eval_2025
2025-09-28,2025-12-02,90,Linear Regression,5035.0,5177.728306914458,-142.7283069144578,142.7283069144578,20371.36959466766,0.028347230767518924,False,,prod_eval_2025
2025-09-28,2025-12-03,90,Linear Regression,4956.0,5199.294002836551,-243.29400283655104,243.29400283655104,59191.97181623171,0.049090799603823856,False,,prod_eval_2025
2025-09-28,2025-12-04,90,Linear Regression,5004.0,5313.813445393467,-309.8134453934672,309.8134453934672,95984.37094657088,0.061913158551851956,False,,prod_eval_2025
2025-09-28,2025-12-05,90,Linear Regression,4923.0,5286.033397708147,-363.0333977081473,363.0333977081473,131793.24785152182,0.07374231113307887,False,,prod_eval_2025
2025-09-28,2025-12-06,90,Linear Regression,5617.0,5770.528143764454,-153.5281437644544,153.5281437644544,23570.890927758977,0.027332765491268365,False,,prod_eval_2025
2025-09-28,2025-12-07,90,Linear Regression,5671.0,5759.104321735317,-88.10432173531717,88.10432173531717,7762.371508440282,0.01553594105718871,False,,prod_eval_2025
2025-09-28,2025-12-08,90,Linear Regression,5040.0,5195.352857078917,-155.3528570789167,155.3528570789167,24134.51020258232,0.030823979579150142,False,,prod_eval_2025
2025-09-28,2025-12-09,90,Linear Regression,5064.0,5150.767858488567,-86.76785848856707,86.76785848856707,7528.661266692001,0.017134253256036153,False,,prod_eval_2025
2025-09-28,2025-12-10,90,Linear Regression,5020.0,5129.329095092017,-109.32909509201727,109.32909509201727,11952.851033639354,0.021778704201597065,False,,prod_eval_2025
2025-09-28,2025-12-11,90,Linear Regression,5062.0,5103.578237308112,-41.578237308111966,41.578237308111966,1728.7498176496738,0.008213796386430654,False,,prod_eval_2025
2025-09-28,2025-12-12,90,Linear Regression,5014.0,5089.213844603076,-75.21384460307581,75.21384460307581,5657.122419975637,0.015000766773648946,False,,prod_eval_2025
2025-09-28,2025-12-13,90,Linear Regression,5771.0,5615.52882740876,155.47117259124025,155.47117259124025,24171.285506895212,0.026940074959494065,False,,prod_eval_2025
2025-09-28,2025-12-14,90,Linear Regression,5605.0,5692.30710407525,-87.30710407525021,87.30710407525021,7622.530422006572,0.015576646578992008,False,,prod_eval_2025
2025-09-28,2025-12-15,90,Linear Regression,5084.0,5152.355769226147,-68.35576922614655,68.35576922614655,4672.511186498204,0.013445273254552822,False,,prod_eval_2025
2025-09-28,2025-12-16,90,Linear Regression,5050.0,5131.453872973707,-81.4538729737069,81.4538729737069,6634.733422416778,0.016129479796773642,False,,prod_eval_2025
2025-09-28,2025-12-17,90,Linear Regression,5218.0,5137.613658266331,80.38634173366881,80.38634173366881,6461.963937322184,0.015405584847387662,False,,prod_eval_2025
2025-09-28,2025-12-18,90,Linear Regression,5177.0,5183.183510155649,-6.183510155648946,6.183510155648946,38.23579784501366,0.0011944195780662441,False,,prod_eval_2025
2025-09-28,2025-12-19,90,Linear Regression,5175.0,5174.763726798575,0.2362732014253197,0.2362732014253197,0.0558250257117697,4.5656657280255015e-05,False,,prod_eval_2025
2025-09-28,2025-12-20,90,Linear Regression,5666.0,5689.804612506834,-23.80461250683402,23.80461250683402,566.6595766005186,0.00420130824335228,False,,prod_eval_2025
2025-09-28,2025-12-21,90,Linear Regression,5765.0,5720.296017662035,44.70398233796459,44.70398233796459,1998.44603687305,0.007754376814911464,False,,prod_eval_2025
2025-09-28,2025-12-22,90,Linear Regression,5075.0,5174.929362951437,-99.92936295143681,99.92936295143681,9985.877579879992,0.01969051486727819,False,,prod_eval_2025
2025-09-28,2025-12-23,90,Linear Regression,5200.0,5144.600799634835,55.39920036516469,55.39920036516469,3069.0714010996635,0.010653692377916286,False,,prod_eval_2025
2025-09-28,2025-12-24,90,Linear Regression,5158.0,5137.712870378606,20.287129621394342,20.287129621394342,411.56762827525574,0.003933138740091963,False,,prod_eval_2025
2025-09-28,2025-12-25,90,Linear Regression,5721.0,5539.579724575354,181.4202754246462,181.4202754246462,32913.316335154486,0.03171128743657511,False,,prod_eval_2025
2025-09-28,2025-12-26,90,Linear Regression,5181.0,5167.197457181387,13.802542818612892,13.802542818612892,190.51018825964232,0.0026640692566324824,False,,prod_eval_2025
2025-12-27,2025-12-27,90,Linear Regression,5822.0,5661.958009902175,160.04199009782496,160.04199009782496,25613.438594472304,0.027489177275476635,False,,prod_eval_2025
2025-12-27,2025-12-28,90,Linear Regression,5839.0,5677.370400286198,161.62959971380224,161.62959971380224,26124.12750364394,0.027681041225175926,False,,prod_eval_2025
2025-12-27,2025-12-29,90,Linear Regression,5255.0,5213.604569915422,41.39543008457804,41.39543008457804,1713.5816318871885,0.007877341595542918,False,,prod_eval_2025
2025-12-27,2025-12-30,90,Linear Regression,5293.0,5205.763394642344,87.23660535765612,87.23660535765612,7610.225314327436,0.016481504885255266,False,,prod_eval_2025
2025-12-27,2025-12-31,90,Linear Regression,5189.0,5240.1666457725905,-51.16664577259053,51.16664577259053,2618.025639617756,0.009860598530081041,False,,prod_eval_2025
2025-01-01,2025-01-01,7,Seasonal Naive,5031.0,5484.0,-453.0,453.0,205209.0,0.0900417412045319,False,,prod_eval_2025
2025-01-01,2025-01-02,7,Seasonal Naive,5003.0,5033.0,-30.0,30.0,900.0,0.005996402158704777,False,,prod_eval_2025
2025-01-01,2025-01-03,7,Seasonal Naive,5134.0,4981.0,153.0,153.0,23409.0,0.029801324503311258,False,,prod_eval_2025
2025-01-01,2025-01-04,7,Seasonal Naive,5747.0,5588.0,159.0,159.0,25281.0,0.027666608665390637,False,,prod_eval_2025
2025-01-01,2025-01-05,7,Seasonal Naive,5664.0,5579.0,85.0,85.0,7225.0,0.015007062146892656,False,,prod_eval_2025
2025-01-01,2025-01-06,7,Seasonal Naive,5082.0,5062.0,20.0,20.0,400.0,0.003935458480913027,False,,prod_eval_2025
2025-01-01,2025-01-07,7,Seasonal Naive,5134.0,5059.0,75.0,75.0,5625.0,0.01460849240358395,False,,prod_eval_2025
2025-01-08,2025-01-08,7,Seasonal Naive,5130.0,5031.0,99.0,99.0,9801.0,0.01929824561403509,False,,prod_eval_2025
2025-01-08,2025-01-09,7,Seasonal Naive,5101.0,5003.0,98.0,98.0,9604.0,0.019211919231523232,False,,prod_eval_2025
2025-01-08,2025-01-10,7,Seasonal Naive,5136.0,5134.0,2.0,2.0,4.0,0.0003894080996884735,False,,prod_eval_2025
2025-01-08,2025-01-11,7,Seasonal Naive,5770.0,5747.0,23.0,23.0,529.0,0.003986135181975737,False,,prod_eval_2025
2025-01-08,2025-01-12,7,Seasonal Naive,5723.0,5664.0,59.0,59.0,3481.0,0.010309278350515464,False,,prod_eval_2025
2025-01-08,2025-01-13,7,Seasonal Naive,5242.0,5082.0,160.0,160.0,25600.0,0.030522701259061428,False,,prod_eval_2025
2025-01-08,2025-01-14,7,Seasonal Naive,5138.0,5134.0,4.0,4.0,16.0,0.0007785130400934215,False,,prod_eval_2025
2025-01-15,2025-01-15,7,Seasonal Naive,5210.0,5130.0,80.0,80.0,6400.0,0.015355086372360844,False,,prod_eval_2025
2025-01-15,2025-01-16,7,Seasonal Naive,5234.0,5101.0,133.0,133.0,17689.0,0.025410775697363393,False,,prod_eval_2025
2025-01-15,2025-01-17,7,Seasonal Naive,5220.0,5136.0,84.0,84.0,7056.0,0.016091954022988506,False,,prod_eval_2025
2025-01-15,2025-01-18,7,Seasonal Naive,5928.0,5770.0,158.0,158.0,24964.0,0.026653171390013497,False,,prod_eval_2025
2025-01-15,2025-01-19,7,Seasonal Naive,5903.0,5723.0,180.0,180.0,32400.0,0.03049296967643571,False,,prod_eval_2025
2025-01-15,2025-01-20,7,Seasonal Naive,5226.0,5242.0,-16.0,16.0,256.0,0.0030616150019135095,False,,prod_eval_2025
2025-01-15,2025-01-21,7,Seasonal Naive,5313.0,5138.0,175.0,175.0,30625.0,0.03293807641633729,False,,prod_eval_2025
2025-01-22,2025-01-22,7,Seasonal Naive,5275.0,5210.0,65.0,65.0,4225.0,0.012322274881516588,False,,prod_eval_2025
2025-01-22,2025-01-23,7,Seasonal Naive,5356.0,5234.0,122.0,122.0,14884.0,0.022778192681105303,False,,prod_eval_2025
2025-01-22,2025-01-24,7,Seasonal Naive,5414.0,5220.0,194.0,194.0,37636.0,0.03583302548947174,False,,prod_eval_2025
2025-01-22,2025-01-25,7,Seasonal Naive,5935.0,5928.0,7.0,7.0,49.0,0.0011794439764111204,False,,prod_eval_2025
2025-01-22,2025-01-26,7,Seasonal Naive,6470.0,5903.0,567.0,567.0,321489.0,0.08763523956723339,False,,prod_eval_2025
2025-01-22,2025-01-27,7,Seasonal Naive,5410.0,5226.0,184.0,184.0,33856.0,0.034011090573012936,False,,prod_eval_2025
2025-01-22,2025-01-28,7,Seasonal Naive,5373.0,5313.0,60.0,60.0,3600.0,0.011166945840312675,False,,prod_eval_2025
2025-01-29,2025-01-29,7,Seasonal Naive,5327.0,5275.0,52.0,52.0,2704.0,0.009761591890369814,False,,prod_eval_2025
2025-01-29,2025-01-30,7,Seasonal Naive,5379.0,5356.0,23.0,23.0,529.0,0.0042758877114705334,False,,prod_eval_2025
2025-01-29,2025-01-31,7,Seasonal Naive,5334.0,5414.0,-80.0,80.0,6400.0,0.014998125234345707,False,,prod_eval_2025
2025-01-29,2025-02-01,7,Seasonal Naive,5977.0,5935.0,42.0,42.0,1764.0,0.007026936590262674,False,,prod_eval_2025
2025-01-29,2025-02-02,7,Seasonal Naive,6061.0,6470.0,-409.0,409.0,167281.0,0.0674806137601056,False,,prod_eval_2025
2025-01-29,2025-02-03,7,Seasonal Naive,5536.0,5410.0,126.0,126.0,15876.0,0.022760115606936415,False,,prod_eval_2025
2025-01-29,2025-02-04,7,Seasonal Naive,5354.0,5373.0,-19.0,19.0,361.0,0.0035487485991781845,False,,prod_eval_2025
2025-02-05,2025-02-05,7,Seasonal Naive,5458.0,5327.0,131.0,131.0,17161.0,0.0240014657383657,False,,prod_eval_2025
2025-02-05,2025-02-06,7,Seasonal Naive,5543.0,5379.0,164.0,164.0,26896.0,0.029586866317878404,False,,prod_eval_2025
2025-02-05,2025-02-07,7,Seasonal Naive,5515.0,5334.0,181.0,181.0,32761.0,0.0328195829555757,False,,prod_eval_2025
2025-02-05,2025-02-08,7,Seasonal Naive,6178.0,5977.0,201.0,201.0,40401.0,0.032534800906442216,False,,prod_eval_2025
2025-02-05,2025-02-09,7,Seasonal Naive,6169.0,6061.0,108.0,108.0,11664.0,0.017506889285135354,False,,prod_eval_2025
2025-02-05,2025-02-10,7,Seasonal Naive,5467.0,5536.0,-69.0,69.0,4761.0,0.012621181635266142,False,,prod_eval_2025
2025-02-05,2025-02-11,7,Seasonal Naive,5441.0,5354.0,87.0,87.0,7569.0,0.015989707774306194,False,,prod_eval_2025
2025-02-12,2025-02-12,7,Seasonal Naive,5546.0,5458.0,88.0,88.0,7744.0,0.015867291741795887,False,,prod_eval_2025
2025-02-12,2025-02-13,7,Seasonal Naive,5591.0,5543.0,48.0,48.0,2304.0,0.008585226256483634,False,,prod_eval_2025
2025-02-12,2025-02-14,7,Seasonal Naive,5496.0,5515.0,-19.0,19.0,361.0,0.0034570596797671035,False,,prod_eval_2025
2025-02-12,2025-02-15,7,Seasonal Naive,6235.0,6178.0,57.0,57.0,3249.0,0.009141940657578188,False,,prod_eval_2025
2025-02-12,2025-02-16,7,Seasonal Naive,6249.0,6169.0,80.0,80.0,6400.0,0.012802048327732437,False,,prod_eval_2025
2025-02-12,2025-02-17,7,Seasonal Naive,5555.0,5467.0,88.0,88.0,7744.0,0.015841584158415842,False,,prod_eval_2025
2025-02-12,2025-02-18,7,Seasonal Naive,5620.0,5441.0,179.0,179.0,32041.0,0.03185053380782918,False,,prod_eval_2025
2025-02-19,2025-02-19,7,Seasonal Naive,5634.0,5546.0,88.0,88.0,7744.0,0.01561945331913383,False,,prod_eval_2025
2025-02-19,2025-02-20,7,Seasonal Naive,5663.0,5591.0,72.0,72.0,5184.0,0.012714109129436693,False,,prod_eval_2025
2025-02-19,2025-02-21,7,Seasonal Naive,5654.0,5496.0,158.0,158.0,24964.0,0.02794481782808631,False,,prod_eval_2025
2025-02-19,2025-02-22,7,Seasonal Naive,6461.0,6235.0,226.0,226.0,51076.0,0.03497910540164061,False,,prod_eval_2025
2025-02-19,2025-02-23,7,Seasonal Naive,6417.0,6249.0,168.0,168.0,28224.0,0.026180458158017766,False,,prod_eval_2025
2025-02-19,2025-02-24,7,Seasonal Naive,5682.0,5555.0,127.0,127.0,16129.0,0.022351284758887716,False,,prod_eval_2025
2025-02-19,2025-02-25,7,Seasonal Naive,5661.0,5620.0,41.0,41.0,1681.0,0.00724253665430136,False,,prod_eval_2025
2025-02-26,2025-02-26,7,Seasonal Naive,5708.0,5634.0,74.0,74.0,5476.0,0.01296426068675543,False,,prod_eval_2025
2025-02-26,2025-02-27,7,Seasonal Naive,5781.0,5663.0,118.0,118.0,13924.0,0.020411693478636913,False,,prod_eval_2025
2025-02-26,2025-02-28,7,Seasonal Naive,5729.0,5654.0,75.0,75.0,5625.0,0.013091289928434282,False,,prod_eval_2025
2025-02-26,2025-03-01,7,Seasonal Naive,7664.0,6461.0,1203.0,1203.0,1447209.0,0.15696764091858037,False,,prod_eval_2025
2025-02-26,2025-03-02,7,Seasonal Naive,7544.0,6417.0,1127.0,1127.0,1270129.0,0.14939024390243902,False,,prod_eval_2025
2025-02-26,2025-03-03,7,Seasonal Naive,6799.0,5682.0,1117.0,1117.0,1247689.0,0.1642888660097073,False,,prod_eval_2025
2025-02-26,2025-03-04,7,Seasonal Naive,6858.0,5661.0,1197.0,1197.0,1432809.0,0.17454068241469817,False,,prod_eval_2025
2025-03-05,2025-03-05,7,Seasonal Naive,7056.0,5708.0,1348.0,1348.0,1817104.0,0.19104308390022676,False,,prod_eval_2025
2025-03-05,2025-03-06,7,Seasonal Naive,6920.0,5781.0,1139.0,1139.0,1297321.0,0.16459537572254335,False,,prod_eval_2025
2025-03-05,2025-03-07,7,Seasonal Naive,6930.0,5729.0,1201.0,1201.0,1442401.0,0.1733044733044733,False,,prod_eval_2025
2025-03-05,2025-03-08,7,Seasonal Naive,6573.0,7664.0,-1091.0,1091.0,1190281.0,0.16598204777118516,False,,prod_eval_2025
2025-03-05,2025-03-09,7,Seasonal Naive,6463.0,7544.0,-1081.0,1081.0,1168561.0,0.16725978647686832,False,,prod_eval_2025
2025-03-05,2025-03-10,7,Seasonal Naive,5884.0,6799.0,-915.0,915.0,837225.0,0.15550645819170633,False,,prod_eval_2025
2025-03-05,2025-03-11,7,Seasonal Naive,5797.0,6858.0,-1061.0,1061.0,1125721.0,0.1830257029498016,False,,prod_eval_2025
2025-03-12,2025-03-12,7,Seasonal Naive,5837.0,7056.0,-1219.0,1219.0,1485961.0,0.2088401576152133,False,,prod_eval_2025
2025-03-12,2025-03-13,7,Seasonal Naive,5863.0,6920.0,-1057.0,1057.0,1117249.0,0.1802831315026437,False,,prod_eval_2025
2025-03-12,2025-03-14,7,Seasonal Naive,5857.0,6930.0,-1073.0,1073.0,1151329.0,0.18319959023390814,False,,prod_eval_2025
2025-03-12,2025-03-15,7,Seasonal Naive,6630.0,6573.0,57.0,57.0,3249.0,0.008597285067873304,False,,prod_eval_2025
2025-03-12,2025-03-16,7,Seasonal Naive,6504.0,6463.0,41.0,41.0,1681.0,0.006303813038130381,False,,prod_eval_2025
2025-03-12,2025-03-17,7,Seasonal Naive,5941.0,5884.0,57.0,57.0,3249.0,0.009594344386466926,False,,prod_eval_2025
2025-03-12,2025-03-18,7,Seasonal Naive,5868.0,5797.0,71.0,71.0,5041.0,0.012099522835719155,False,,prod_eval_2025
2025-03-19,2025-03-19,7,Seasonal Naive,5860.0,5837.0,23.0,23.0,529.0,0.003924914675767918,False,,prod_eval_2025
2025-03-19,2025-03-20,7,Seasonal Naive,5907.0,5863.0,44.0,44.0,1936.0,0.0074487895716946,False,,prod_eval_2025
2025-03-19,2025-03-21,7,Seasonal Naive,5937.0,5857.0,80.0,80.0,6400.0,0.013474818932120599,False,,prod_eval_2025
2025-03-19,2025-03-22,7,Seasonal Naive,6673.0,6630.0,43.0,43.0,1849.0,0.00644387831560018,False,,prod_eval_2025
2025-03-19,2025-03-23,7,Seasonal Naive,6642.0,6504.0,138.0,138.0,19044.0,0.02077687443541102,False,,prod_eval_2025
2025-03-19,2025-03-24,7,Seasonal Naive,5909.0,5941.0,-32.0,32.0,1024.0,0.0054154679302758505,False,,prod_eval_2025
2025-03-19,2025-03-25,7,Seasonal Naive,5995.0,5868.0,127.0,127.0,16129.0,0.021184320266889073,False,,prod_eval_2025
2025-03-26,2025-03-26,7,Seasonal Naive,6039.0,5860.0,179.0,179.0,32041.0,0.02964066898493128,False,,prod_eval_2025
2025-03-26,2025-03-27,7,Seasonal Naive,5986.0,5907.0,79.0,79.0,6241.0,0.013197460741730706,False,,prod_eval_2025
2025-03-26,2025-03-28,7,Seasonal Naive,5945.0,5937.0,8.0,8.0,64.0,0.001345668629100084,False,,prod_eval_2025
2025-03-26,2025-03-29,7,Seasonal Naive,6560.0,6673.0,-113.0,113.0,12769.0,0.017225609756097562,False,,prod_eval_2025
2025-03-26,2025-03-30,7,Seasonal Naive,6767.0,6642.0,125.0,125.0,15625.0,0.01847199645337668,False,,prod_eval_2025
2025-03-26,2025-03-31,7,Seasonal Naive,6049.0,5909.0,140.0,140.0,19600.0,0.023144321375433957,False,,prod_eval_2025
2025-03-26,2025-04-01,7,Seasonal Naive,5999.0,5995.0,4.0,4.0,16.0,0.0006667777962993832,False,,prod_eval_2025
2025-04-02,2025-04-02,7,Seasonal Naive,5956.0,6039.0,-83.0,83.0,6889.0,0.013935527199462727,False,,prod_eval_2025
2025-04-02,2025-04-03,7,Seasonal Naive,6014.0,5986.0,28.0,28.0,784.0,0.004655803126039242,False,,prod_eval_2025
2025-04-02,2025-04-04,7,Seasonal Naive,6046.0,5945.0,101.0,101.0,10201.0,0.016705259675818724,False,,prod_eval_2025
2025-04-02,2025-04-05,7,Seasonal Naive,6741.0,6560.0,181.0,181.0,32761.0,0.026850615635662364,False,,prod_eval_2025
2025-04-02,2025-04-06,7,Seasonal Naive,6707.0,6767.0,-60.0,60.0,3600.0,0.008945877441479051,False,,prod_eval_2025
2025-04-02,2025-04-07,7,Seasonal Naive,5940.0,6049.0,-109.0,109.0,11881.0,0.01835016835016835,False,,prod_eval_2025
2025-04-02,2025-04-08,7,Seasonal Naive,6020.0,5999.0,21.0,21.0,441.0,0.0034883720930232558,False,,prod_eval_2025
2025-04-09,2025-04-09,7,Seasonal Naive,6006.0,5956.0,50.0,50.0,2500.0,0.008325008325008326,False,,prod_eval_2025
2025-04-09,2025-04-10,7,Seasonal Naive,6023.0,6014.0,9.0,9.0,81.0,0.0014942719574962643,False,,prod_eval_2025
2025-04-09,2025-04-11,7,Seasonal Naive,6085.0,6046.0,39.0,39.0,1521.0,0.006409202958093673,False,,prod_eval_2025
2025-04-09,2025-04-12,7,Seasonal Naive,6779.0,6741.0,38.0,38.0,1444.0,0.0056055465407877265,False,,prod_eval_2025
2025-04-09,2025-04-13,7,Seasonal Naive,6833.0,6707.0,126.0,126.0,15876.0,0.018439923898726767,False,,prod_eval_2025
2025-04-09,2025-04-14,7,Seasonal Naive,5984.0,5940.0,44.0,44.0,1936.0,0.007352941176470588,False,,prod_eval_2025
2025-04-09,2025-04-15,7,Seasonal Naive,6035.0,6020.0,15.0,15.0,225.0,0.0024855012427506215,False,,prod_eval_2025
2025-04-16,2025-04-16,7,Seasonal Naive,6096.0,6006.0,90.0,90.0,8100.0,0.014763779527559055,False,,prod_eval_2025
2025-04-16,2025-04-17,7,Seasonal Naive,6175.0,6023.0,152.0,152.0,23104.0,0.024615384615384615,False,,prod_eval_2025
2025-04-16,2025-04-18,7,Seasonal Naive,6139.0,6085.0,54.0,54.0,2916.0,0.008796220882879948,False,,prod_eval_2025
2025-04-16,2025-04-19,7,Seasonal Naive,6879.0,6779.0,100.0,100.0,10000.0,0.01453699665649077,False,,prod_eval_2025
2025-04-16,2025-04-20,7,Seasonal Naive,6757.0,6833.0,-76.0,76.0,5776.0,0.011247595086576884,False,,prod_eval_2025
2025-04-16,2025-04-21,7,Seasonal Naive,6144.0,5984.0,160.0,160.0,25600.0,0.026041666666666668,False,,prod_eval_2025
2025-04-16,2025-04-22,7,Seasonal Naive,6169.0,6035.0,134.0,134.0,17956.0,0.021721510779704977,False,,prod_eval_2025
2025-04-23,2025-04-23,7,Seasonal Naive,6098.0,6096.0,2.0,2.0,4.0,0.00032797638570022957,False,,prod_eval_2025
2025-04-23,2025-04-24,7,Seasonal Naive,6109.0,6175.0,-66.0,66.0,4356.0,0.01080373219839581,False,,prod_eval_2025
2025-04-23,2025-04-25,7,Seasonal Naive,6053.0,6139.0,-86.0,86.0,7396.0,0.014207830827688749,False,,prod_eval_2025
2025-04-23,2025-04-26,7,Seasonal Naive,6866.0,6879.0,-13.0,13.0,169.0,0.0018933877075444218,False,,prod_eval_2025
2025-04-23,2025-04-27,7,Seasonal Naive,6819.0,6757.0,62.0,62.0,3844.0,0.009092242264261622,False,,prod_eval_2025
2025-04-23,2025-04-28,7,Seasonal Naive,6059.0,6144.0,-85.0,85.0,7225.0,0.014028717610166695,False,,prod_eval_2025
2025-04-23,2025-04-29,7,Seasonal Naive,6055.0,6169.0,-114.0,114.0,12996.0,0.018827415359207268,False,,prod_eval_2025
2025-04-30,2025-04-30,7,Seasonal Naive,6084.0,6098.0,-14.0,14.0,196.0,0.0023011176857330702,False,,prod_eval_2025
2025-04-30,2025-05-01,7,Seasonal Naive,6067.0,6109.0,-42.0,42.0,1764.0,0.006922696555134333,False,,prod_eval_2025
2025-04-30,2025-05-02,7,Seasonal Naive,6108.0,6053.0,55.0,55.0,3025.0,0.009004584151931892,False,,prod_eval_2025
2025-04-30,2025-05-03,7,Seasonal Naive,6731.0,6866.0,-135.0,135.0,18225.0,0.020056455207250037,False,,prod_eval_2025
2025-04-30,2025-05-04,7,Seasonal Naive,6854.0,6819.0,35.0,35.0,1225.0,0.005106507149110009,False,,prod_eval_2025
2025-04-30,2025-05-05,7,Seasonal Naive,6239.0,6059.0,180.0,180.0,32400.0,0.028850777368167976,False,,prod_eval_2025
2025-04-30,2025-05-06,7,Seasonal Naive,6223.0,6055.0,168.0,168.0,28224.0,0.02699662542182227,False,,prod_eval_2025
2025-05-07,2025-05-07,7,Seasonal Naive,6078.0,6084.0,-6.0,6.0,36.0,0.0009871668311944718,False,,prod_eval_2025
2025-05-07,2025-05-08,7,Seasonal Naive,6109.0,6067.0,42.0,42.0,1764.0,0.006875102308070061,False,,prod_eval_2025
2025-05-07,2025-05-09,7,Seasonal Naive,6206.0,6108.0,98.0,98.0,9604.0,0.015791169835642927,False,,prod_eval_2025
2025-05-07,2025-05-10,7,Seasonal Naive,6951.0,6731.0,220.0,220.0,48400.0,0.031650122284563376,False,,prod_eval_2025
2025-05-07,2025-05-11,7,Seasonal Naive,6847.0,6854.0,-7.0,7.0,49.0,0.0010223455527968454,False,,prod_eval_2025
2025-05-07,2025-05-12,7,Seasonal Naive,6070.0,6239.0,-169.0,169.0,28561.0,0.027841845140032948,False,,prod_eval_2025
2025-05-07,2025-05-13,7,Seasonal Naive,6090.0,6223.0,-133.0,133.0,17689.0,0.021839080459770115,False,,prod_eval_2025
2025-05-14,2025-05-14,7,Seasonal Naive,6164.0,6078.0,86.0,86.0,7396.0,0.013951979234263466,False,,prod_eval_2025
2025-05-14,2025-05-15,7,Seasonal Naive,6172.0,6109.0,63.0,63.0,3969.0,0.010207388204795852,False,,prod_eval_2025
2025-05-14,2025-05-16,7,Seasonal Naive,6132.0,6206.0,-74.0,74.0,5476.0,0.012067840834964122,False,,prod_eval_2025
2025-05-14,2025-05-17,7,Seasonal Naive,6881.0,6951.0,-70.0,70.0,4900.0,0.01017293997965412,False,,prod_eval_2025
2025-05-14,2025-05-18,7,Seasonal Naive,6909.0,6847.0,62.0,62.0,3844.0,0.008973802286872196,False,,prod_eval_2025
2025-05-14,2025-05-19,7,Seasonal Naive,6188.0,6070.0,118.0,118.0,13924.0,0.01906916612798966,False,,prod_eval_2025
2025-05-14,2025-05-20,7,Seasonal Naive,6090.0,6090.0,0.0,0.0,0.0,0.0,False,,prod_eval_2025
2025-05-21,2025-05-21,7,Seasonal Naive,6193.0,6164.0,29.0,29.0,841.0,0.004682706281285322,False,,prod_eval_2025
2025-05-21,2025-05-22,7,Seasonal Naive,6092.0,6172.0,-80.0,80.0,6400.0,0.013131976362442548,False,,prod_eval_2025
2025-05-21,2025-05-23,7,Seasonal Naive,6112.0,6132.0,-20.0,20.0,400.0,0.0032722513089005235,False,,prod_eval_2025
2025-05-21,2025-05-24,7,Seasonal Naive,6875.0,6881.0,-6.0,6.0,36.0,0.0008727272727272727,False,,prod_eval_2025
2025-05-21,2025-05-25,7,Seasonal Naive,6786.0,6909.0,-123.0,123.0,15129.0,0.018125552608311227,False,,prod_eval_2025
2025-05-21,2025-05-26,7,Seasonal Naive,6117.0,6188.0,-71.0,71.0,5041.0,0.01160699689390224,False,,prod_eval_2025
2025-05-21,2025-05-27,7,Seasonal Naive,6132.0,6090.0,42.0,42.0,1764.0,0.00684931506849315,False,,prod_eval_2025
2025-05-28,2025-05-28,7,Seasonal Naive,6066.0,6193.0,-127.0,127.0,16129.0,0.02093636663369601,False,,prod_eval_2025
2025-05-28,2025-05-29,7,Seasonal Naive,6048.0,6092.0,-44.0,44.0,1936.0,0.007275132275132275,False,,prod_eval_2025
2025-05-28,2025-05-30,7,Seasonal Naive,6206.0,6112.0,94.0,94.0,8836.0,0.01514663229133097,False,,prod_eval_2025
2025-05-28,2025-05-31,7,Seasonal Naive,6785.0,6875.0,-90.0,90.0,8100.0,0.013264554163596167,False,,prod_eval_2025
2025-05-28,2025-06-01,7,Seasonal Naive,6749.0,6786.0,-37.0,37.0,1369.0,0.005482293673136761,False,,prod_eval_2025
2025-05-28,2025-06-02,7,Seasonal Naive,5965.0,6117.0,-152.0,152.0,23104.0,0.02548197820620285,False,,prod_eval_2025
2025-05-28,2025-06-03,7,Seasonal Naive,6149.0,6132.0,17.0,17.0,289.0,0.0027646771832818343,False,,prod_eval_2025
2025-06-04,2025-06-04,7,Seasonal Naive,6104.0,6066.0,38.0,38.0,1444.0,0.006225425950196592,False,,prod_eval_2025
2025-06-04,2025-06-05,7,Seasonal Naive,6013.0,6048.0,-35.0,35.0,1225.0,0.005820721769499418,False,,prod_eval_2025
2025-06-04,2025-06-06,7,Seasonal Naive,6002.0,6206.0,-204.0,204.0,41616.0,0.033988670443185605,False,,prod_eval_2025
2025-06-04,2025-06-07,7,Seasonal Naive,6768.0,6785.0,-17.0,17.0,289.0,0.0025118203309692673,False,,prod_eval_2025
2025-06-04,2025-06-08,7,Seasonal Naive,6825.0,6749.0,76.0,76.0,5776.0,0.011135531135531136,False,,prod_eval_2025
2025-06-04,2025-06-09,7,Seasonal Naive,6064.0,5965.0,99.0,99.0,9801.0,0.01632585751978892,False,,prod_eval_2025
2025-06-04,2025-06-10,7,Seasonal Naive,6053.0,6149.0,-96.0,96.0,9216.0,0.01585990417974558,False,,prod_eval_2025
2025-06-11,2025-06-11,7,Seasonal Naive,6046.0,6104.0,-58.0,58.0,3364.0,0.00959311941779689,False,,prod_eval_2025
2025-06-11,2025-06-12,7,Seasonal Naive,6156.0,6013.0,143.0,143.0,20449.0,0.02322936972059779,False,,prod_eval_2025
2025-06-11,2025-06-13,7,Seasonal Naive,6060.0,6002.0,58.0,58.0,3364.0,0.00957095709570957,False,,prod_eval_2025
2025-06-11,2025-06-14,7,Seasonal Naive,6650.0,6768.0,-118.0,118.0,13924.0,0.01774436090225564,False,,prod_eval_2025
2025-06-11,2025-06-15,7,Seasonal Naive,6714.0,6825.0,-111.0,111.0,12321.0,0.01653261840929401,False,,prod_eval_2025
2025-06-11,2025-06-16,7,Seasonal Naive,5869.0,6064.0,-195.0,195.0,38025.0,0.033225421707275514,False,,prod_eval_2025
2025-06-11,2025-06-17,7,Seasonal Naive,6028.0,6053.0,-25.0,25.0,625.0,0.004147312541473125,False,,prod_eval_2025
2025-06-18,2025-06-18,7,Seasonal Naive,6031.0,6046.0,-15.0,15.0,225.0,0.00248714972641353,False,,prod_eval_2025
2025-06-18,2025-06-19,7,Seasonal Naive,5965.0,6156.0,-191.0,191.0,36481.0,0.032020117351215426,False,,prod_eval_2025
2025-06-18,2025-06-20,7,Seasonal Naive,5871.0,6060.0,-189.0,189.0,35721.0,0.032192130812468064,False,,prod_eval_2025
2025-06-18,2025-06-21,7,Seasonal Naive,6666.0,6650.0,16.0,16.0,256.0,0.0024002400240024004,False,,prod_eval_2025
2025-06-18,2025-06-22,7,Seasonal Naive,6579.0,6714.0,-135.0,135.0,18225.0,0.02051983584131327,False,,prod_eval_2025
2025-06-18,2025-06-23,7,Seasonal Naive,5849.0,5869.0,-20.0,20.0,400.0,0.0034193879295606085,False,,prod_eval_2025
2025-06-18,2025-06-24,7,Seasonal Naive,6014.0,6028.0,-14.0,14.0,196.0,0.002327901563019621,False,,prod_eval_2025
2025-06-25,2025-06-25,7,Seasonal Naive,6035.0,6031.0,4.0,4.0,16.0,0.0006628003314001657,False,,prod_eval_2025
2025-06-25,2025-06-26,7,Seasonal Naive,6021.0,5965.0,56.0,56.0,3136.0,0.009300780601229032,False,,prod_eval_2025
2025-06-25,2025-06-27,7,Seasonal Naive,5886.0,5871.0,15.0,15.0,225.0,0.0025484199796126403,False,,prod_eval_2025
2025-06-25,2025-06-28,7,Seasonal Naive,6551.0,6666.0,-115.0,115.0,13225.0,0.017554571821096016,False,,prod_eval_2025
2025-06-25,2025-06-29,7,Seasonal Naive,6518.0,6579.0,-61.0,61.0,3721.0,0.009358698987419454,False,,prod_eval_2025
2025-06-25,2025-06-30,7,Seasonal Naive,5810.0,5849.0,-39.0,39.0,1521.0,0.006712564543889845,False,,prod_eval_2025
2025-06-25,2025-07-01,7,Seasonal Naive,5873.0,6014.0,-141.0,141.0,19881.0,0.02400817299506215,False,,prod_eval_2025
2025-07-02,2025-07-02,7,Seasonal Naive,5874.0,6035.0,-161.0,161.0,25921.0,0.027408920667347635,False,,prod_eval_2025
2025-07-02,2025-07-03,7,Seasonal Naive,5811.0,6021.0,-210.0,210.0,44100.0,0.036138358286009295,False,,prod_eval_2025
2025-07-02,2025-07-04,7,Seasonal Naive,5882.0,5886.0,-4.0,4.0,16.0,0.0006800408024481469,False,,prod_eval_2025
2025-07-02,2025-07-05,7,Seasonal Naive,6442.0,6551.0,-109.0,109.0,11881.0,0.016920211114560695,False,,prod_eval_2025
2025-07-02,2025-07-06,7,Seasonal Naive,6416.0,6518.0,-102.0,102.0,10404.0,0.015897755610972567,False,,prod_eval_2025
2025-07-02,2025-07-07,7,Seasonal Naive,5719.0,5810.0,-91.0,91.0,8281.0,0.01591187270501836,False,,prod_eval_2025
2025-07-02,2025-07-08,7,Seasonal Naive,5740.0,5873.0,-133.0,133.0,17689.0,0.023170731707317073,False,,prod_eval_2025
2025-07-09,2025-07-09,7,Seasonal Naive,5768.0,5874.0,-106.0,106.0,11236.0,0.018377253814147017,False,,prod_eval_2025
2025-07-09,2025-07-10,7,Seasonal Naive,5830.0,5811.0,19.0,19.0,361.0,0.0032590051457975985,False,,prod_eval_2025
2025-07-09,2025-07-11,7,Seasonal Naive,5732.0,5882.0,-150.0,150.0,22500.0,0.026168876482903,False,,prod_eval_2025
2025-07-09,2025-07-12,7,Seasonal Naive,6307.0,6442.0,-135.0,135.0,18225.0,0.02140478833042651,False,,prod_eval_2025
2025-07-09,2025-07-13,7,Seasonal Naive,6398.0,6416.0,-18.0,18.0,324.0,0.002813379180994061,False,,prod_eval_2025
2025-07-09,2025-07-14,7,Seasonal Naive,5724.0,5719.0,5.0,5.0,25.0,0.0008735150244584207,False,,prod_eval_2025
2025-07-09,2025-07-15,7,Seasonal Naive,5651.0,5740.0,-89.0,89.0,7921.0,0.015749424880552115,False,,prod_eval_2025
2025-07-16,2025-07-16,7,Seasonal Naive,5655.0,5768.0,-113.0,113.0,12769.0,0.019982316534040673,False,,prod_eval_2025
2025-07-16,2025-07-17,7,Seasonal Naive,5741.0,5830.0,-89.0,89.0,7921.0,0.015502525692388086,False,,prod_eval_2025
2025-07-16,2025-07-18,7,Seasonal Naive,5633.0,5732.0,-99.0,99.0,9801.0,0.017575004438132435,False,,prod_eval_2025
2025-07-16,2025-07-19,7,Seasonal Naive,6356.0,6307.0,49.0,49.0,2401.0,0.007709251101321586,False,,prod_eval_2025
2025-07-16,2025-07-20,7,Seasonal Naive,6413.0,6398.0,15.0,15.0,225.0,0.002338998908467176,False,,prod_eval_2025
2025-07-16,2025-07-21,7,Seasonal Naive,5570.0,5724.0,-154.0,154.0,23716.0,0.027648114901256734,False,,prod_eval_2025
2025-07-16,2025-07-22,7,Seasonal Naive,5579.0,5651.0,-72.0,72.0,5184.0,0.012905538626994085,False,,prod_eval_2025
2025-07-23,2025-07-23,7,Seasonal Naive,5604.0,5655.0,-51.0,51.0,2601.0,0.009100642398286937,False,,prod_eval_2025
2025-07-23,2025-07-24,7,Seasonal Naive,5561.0,5741.0,-180.0,180.0,32400.0,0.032368279086495234,False,,prod_eval_2025
2025-07-23,2025-07-25,7,Seasonal Naive,5534.0,5633.0,-99.0,99.0,9801.0,0.01788941091434767,False,,prod_eval_2025
2025-07-23,2025-07-26,7,Seasonal Naive,6183.0,6356.0,-173.0,173.0,29929.0,0.027979945010512697,False,,prod_eval_2025
2025-07-23,2025-07-27,7,Seasonal Naive,6145.0,6413.0,-268.0,268.0,71824.0,0.043612693246541906,False,,prod_eval_2025
2025-07-23,2025-07-28,7,Seasonal Naive,5522.0,5570.0,-48.0,48.0,2304.0,0.008692502716407098,False,,prod_eval_2025
2025-07-23,2025-07-29,7,Seasonal Naive,5458.0,5579.0,-121.0,121.0,14641.0,0.02216929278123855,False,,prod_eval_2025
2025-07-30,2025-07-30,7,Seasonal Naive,5561.0,5604.0,-43.0,43.0,1849.0,0.007732422226218306,False,,prod_eval_2025
2025-07-30,2025-07-31,7,Seasonal Naive,5622.0,5561.0,61.0,61.0,3721.0,0.010850231234436144,False,,prod_eval_2025
2025-07-30,2025-08-01,7,Seasonal Naive,6614.0,5534.0,1080.0,1080.0,1166400.0,0.16328999092833385,False,,prod_eval_2025
2025-07-30,2025-08-02,7,Seasonal Naive,7391.0,6183.0,1208.0,1208.0,1459264.0,0.1634420240833446,False,,prod_eval_2025
2025-07-30,2025-08-03,7,Seasonal Naive,7337.0,6145.0,1192.0,1192.0,1420864.0,0.16246422243423742,False,,prod_eval_2025
2025-07-30,2025-08-04,7,Seasonal Naive,6591.0,5522.0,1069.0,1069.0,1142761.0,0.16219086633287816,False,,prod_eval_2025
2025-07-30,2025-08-05,7,Seasonal Naive,6621.0,5458.0,1163.0,1163.0,1352569.0,0.17565322458843075,False,,prod_eval_2025
2025-08-06,2025-08-06,7,Seasonal Naive,6519.0,5561.0,958.0,958.0,917764.0,0.14695505445620494,False,,prod_eval_2025
2025-08-06,2025-08-07,7,Seasonal Naive,6385.0,5622.0,763.0,763.0,582169.0,0.11949882537196554,False,,prod_eval_2025
2025-08-06,2025-08-08,7,Seasonal Naive,5468.0,6614.0,-1146.0,1146.0,1313316.0,0.20958302852962693,False,,prod_eval_2025
2025-08-06,2025-08-09,7,Seasonal Naive,5937.0,7391.0,-1454.0,1454.0,2114116.0,0.2449048340912919,False,,prod_eval_2025
2025-08-06,2025-08-10,7,Seasonal Naive,5964.0,7337.0,-1373.0,1373.0,1885129.0,0.23021462105969148,False,,prod_eval_2025
2025-08-06,2025-08-11,7,Seasonal Naive,5477.0,6591.0,-1114.0,1114.0,1240996.0,0.20339601971882418,False,,prod_eval_2025
2025-08-06,2025-08-12,7,Seasonal Naive,5431.0,6621.0,-1190.0,1190.0,1416100.0,0.21911250230160192,False,,prod_eval_2025
2025-08-13,2025-08-13,7,Seasonal Naive,5276.0,6519.0,-1243.0,1243.0,1545049.0,0.23559514783927218,False,,prod_eval_2025
2025-08-13,2025-08-14,7,Seasonal Naive,5397.0,6385.0,-988.0,988.0,976144.0,0.18306466555493792,False,,prod_eval_2025
2025-08-13,2025-08-15,7,Seasonal Naive,5874.0,5468.0,406.0,406.0,164836.0,0.06911814776983316,False,,prod_eval_2025
2025-08-13,2025-08-16,7,Seasonal Naive,5955.0,5937.0,18.0,18.0,324.0,0.003022670025188917,False,,prod_eval_2025
2025-08-13,2025-08-17,7,Seasonal Naive,5881.0,5964.0,-83.0,83.0,6889.0,0.014113246046590715,False,,prod_eval_2025
2025-08-13,2025-08-18,7,Seasonal Naive,5304.0,5477.0,-173.0,173.0,29929.0,0.03261689291101056,False,,prod_eval_2025
2025-08-13,2025-08-19,7,Seasonal Naive,5329.0,5431.0,-102.0,102.0,10404.0,0.01914055169825483,False,,prod_eval_2025
2025-08-20,2025-08-20,7,Seasonal Naive,5321.0,5276.0,45.0,45.0,2025.0,0.008457056944183423,False,,prod_eval_2025
2025-08-20,2025-08-21,7,Seasonal Naive,5341.0,5397.0,-56.0,56.0,3136.0,0.010484927916120577,False,,prod_eval_2025
2025-08-20,2025-08-22,7,Seasonal Naive,5323.0,5874.0,-551.0,551.0,303601.0,0.10351305654705993,False,,prod_eval_2025
2025-08-20,2025-08-23,7,Seasonal Naive,5911.0,5955.0,-44.0,44.0,1936.0,0.007443748942649298,False,,prod_eval_2025
2025-08-20,2025-08-24,7,Seasonal Naive,5796.0,5881.0,-85.0,85.0,7225.0,0.01466528640441684,False,,prod_eval_2025
2025-08-20,2025-08-25,7,Seasonal Naive,5215.0,5304.0,-89.0,89.0,7921.0,0.017066155321188877,False,,prod_eval_2025
2025-08-20,2025-08-26,7,Seasonal Naive,5236.0,5329.0,-93.0,93.0,8649.0,0.01776165011459129,False,,prod_eval_2025
2025-08-27,2025-08-27,7,Seasonal Naive,5237.0,5321.0,-84.0,84.0,7056.0,0.016039717395455413,False,,prod_eval_2025
2025-08-27,2025-08-28,7,Seasonal Naive,5239.0,5341.0,-102.0,102.0,10404.0,0.019469364382515748,False,,prod_eval_2025
2025-08-27,2025-08-29,7,Seasonal Naive,5278.0,5323.0,-45.0,45.0,2025.0,0.008525956801818871,False,,prod_eval_2025
2025-08-27,2025-08-30,7,Seasonal Naive,5807.0,5911.0,-104.0,104.0,10816.0,0.01790941966592044,False,,prod_eval_2025
2025-08-27,2025-08-31,7,Seasonal Naive,5845.0,5796.0,49.0,49.0,2401.0,0.008383233532934131,False,,prod_eval_2025
2025-08-27,2025-09-01,7,Seasonal Naive,5149.0,5215.0,-66.0,66.0,4356.0,0.012818022917071277,False,,prod_eval_2025
2025-08-27,2025-09-02,7,Seasonal Naive,5194.0,5236.0,-42.0,42.0,1764.0,0.008086253369272238,False,,prod_eval_2025
2025-09-03,2025-09-03,7,Seasonal Naive,5138.0,5237.0,-99.0,99.0,9801.0,0.019268197742312185,False,,prod_eval_2025
2025-09-03,2025-09-04,7,Seasonal Naive,5089.0,5239.0,-150.0,150.0,22500.0,0.029475338966398115,False,,prod_eval_2025
2025-09-03,2025-09-05,7,Seasonal Naive,5191.0,5278.0,-87.0,87.0,7569.0,0.01675977653631285,False,,prod_eval_2025
2025-09-03,2025-09-06,7,Seasonal Naive,5714.0,5807.0,-93.0,93.0,8649.0,0.016275813790689535,False,,prod_eval_2025
2025-09-03,2025-09-07,7,Seasonal Naive,5795.0,5845.0,-50.0,50.0,2500.0,0.008628127696289905,False,,prod_eval_2025
2025-09-03,2025-09-08,7,Seasonal Naive,5023.0,5149.0,-126.0,126.0,15876.0,0.025084610790364323,False,,prod_eval_2025
2025-09-03,2025-09-09,7,Seasonal Naive,5111.0,5194.0,-83.0,83.0,6889.0,0.01623948346703189,False,,prod_eval_2025
2025-09-10,2025-09-10,7,Seasonal Naive,5110.0,5138.0,-28.0,28.0,784.0,0.005479452054794521,False,,prod_eval_2025
2025-09-10,2025-09-11,7,Seasonal Naive,5154.0,5089.0,65.0,65.0,4225.0,0.012611563833915405,False,,prod_eval_2025
2025-09-10,2025-09-12,7,Seasonal Naive,5055.0,5191.0,-136.0,136.0,18496.0,0.026904055390702276,False,,prod_eval_2025
2025-09-10,2025-09-13,7,Seasonal Naive,5770.0,5714.0,56.0,56.0,3136.0,0.009705372616984401,False,,prod_eval_2025
2025-09-10,2025-09-14,7,Seasonal Naive,5721.0,5795.0,-74.0,74.0,5476.0,0.012934801608110471,False,,prod_eval_2025
2025-09-10,2025-09-15,7,Seasonal Naive,5054.0,5023.0,31.0,31.0,961.0,0.006133755441234665,False,,prod_eval_2025
2025-09-10,2025-09-16,7,Seasonal Naive,5121.0,5111.0,10.0,10.0,100.0,0.0019527436047646943,False,,prod_eval_2025
2025-09-17,2025-09-17,7,Seasonal Naive,4999.0,5110.0,-111.0,111.0,12321.0,0.022204440888177635,False,,prod_eval_2025
2025-09-17,2025-09-18,7,Seasonal Naive,5016.0,5154.0,-138.0,138.0,19044.0,0.02751196172248804,False,,prod_eval_2025
2025-09-17,2025-09-19,7,Seasonal Naive,5041.0,5055.0,-14.0,14.0,196.0,0.0027772267407260463,False,,prod_eval_2025
2025-09-17,2025-09-20,7,Seasonal Naive,5594.0,5770.0,-176.0,176.0,30976.0,0.031462281015373614,False,,prod_eval_2025
2025-09-17,2025-09-21,7,Seasonal Naive,5587.0,5721.0,-134.0,134.0,17956.0,0.023984249149812065,False,,prod_eval_2025
2025-09-17,2025-09-22,7,Seasonal Naive,5020.0,5054.0,-34.0,34.0,1156.0,0.006772908366533864,False,,prod_eval_2025
2025-09-17,2025-09-23,7,Seasonal Naive,4973.0,5121.0,-148.0,148.0,21904.0,0.029760707822240096,False,,prod_eval_2025
2025-09-24,2025-09-24,7,Seasonal Naive,4972.0,4999.0,-27.0,27.0,729.0,0.005430410297666935,False,,prod_eval_2025
2025-09-24,2025-09-25,7,Seasonal Naive,4935.0,5016.0,-81.0,81.0,6561.0,0.01641337386018237,False,,prod_eval_2025
2025-09-24,2025-09-26,7,Seasonal Naive,5050.0,5041.0,9.0,9.0,81.0,0.0017821782178217822,False,,prod_eval_2025
2025-09-24,2025-09-27,7,Seasonal Naive,5590.0,5594.0,-4.0,4.0,16.0,0.0007155635062611807,False,,prod_eval_2025
2025-09-24,2025-09-28,7,Seasonal Naive,5607.0,5587.0,20.0,20.0,400.0,0.0035669698591046907,False,,prod_eval_2025
2025-09-24,2025-09-29,7,Seasonal Naive,4991.0,5020.0,-29.0,29.0,841.0,0.005810458825886596,False,,prod_eval_2025
2025-09-24,2025-09-30,7,Seasonal Naive,4938.0,4973.0,-35.0,35.0,1225.0,0.007087889833940867,False,,prod_eval_2025
2025-10-01,2025-10-01,7,Seasonal Naive,4947.0,4972.0,-25.0,25.0,625.0,0.00505356781888013,False,,prod_eval_2025
2025-10-01,2025-10-02,7,Seasonal Naive,5361.0,4935.0,426.0,426.0,181476.0,0.07946278679350867,False,,prod_eval_2025
2025-10-01,2025-10-03,7,Seasonal Naive,4950.0,5050.0,-100.0,100.0,10000.0,0.020202020202020204,False,,prod_eval_2025
2025-10-01,2025-10-04,7,Seasonal Naive,5563.0,5590.0,-27.0,27.0,729.0,0.004853496314937983,False,,prod_eval_2025
2025-10-01,2025-10-05,7,Seasonal Naive,5542.0,5607.0,-65.0,65.0,4225.0,0.011728617827499097,False,,prod_eval_2025
2025-10-01,2025-10-06,7,Seasonal Naive,4913.0,4991.0,-78.0,78.0,6084.0,0.015876246692448606,False,,prod_eval_2025
2025-10-01,2025-10-07,7,Seasonal Naive,4890.0,4938.0,-48.0,48.0,2304.0,0.0098159509202454,False,,prod_eval_2025
2025-10-08,2025-10-08,7,Seasonal Naive,4898.0,4947.0,-49.0,49.0,2401.0,0.01000408329930584,False,,prod_eval_2025
2025-10-08,2025-10-09,7,Seasonal Naive,4836.0,5361.0,-525.0,525.0,275625.0,0.10856079404466501,False,,prod_eval_2025
2025-10-08,2025-10-10,7,Seasonal Naive,4863.0,4950.0,-87.0,87.0,7569.0,0.017890191239975324,False,,prod_eval_2025
2025-10-08,2025-10-11,7,Seasonal Naive,5414.0,5563.0,-149.0,149.0,22201.0,0.027521241226449944,False,,prod_eval_2025
2025-10-08,2025-10-12,7,Seasonal Naive,5562.0,5542.0,20.0,20.0,400.0,0.003595828838547285,False,,prod_eval_2025
2025-10-08,2025-10-13,7,Seasonal Naive,4925.0,4913.0,12.0,12.0,144.0,0.002436548223350254,False,,prod_eval_2025
2025-10-08,2025-10-14,7,Seasonal Naive,4887.0,4890.0,-3.0,3.0,9.0,0.0006138735420503376,False,,prod_eval_2025
2025-10-15,2025-10-15,7,Seasonal Naive,4900.0,4898.0,2.0,2.0,4.0,0.00040816326530612246,False,,prod_eval_2025
2025-10-15,2025-10-16,7,Seasonal Naive,4903.0,4836.0,67.0,67.0,4489.0,0.01366510299816439,False,,prod_eval_2025
2025-10-15,2025-10-17,7,Seasonal Naive,4816.0,4863.0,-47.0,47.0,2209.0,0.009759136212624584,False,,prod_eval_2025
2025-10-15,2025-10-18,7,Seasonal Naive,5549.0,5414.0,135.0,135.0,18225.0,0.024328707875292847,False,,prod_eval_2025
2025-10-15,2025-10-19,7,Seasonal Naive,5461.0,5562.0,-101.0,101.0,10201.0,0.018494781175608863,False,,prod_eval_2025
2025-10-15,2025-10-20,7,Seasonal Naive,4797.0,4925.0,-128.0,128.0,16384.0,0.026683343756514488,False,,prod_eval_2025
2025-10-15,2025-10-21,7,Seasonal Naive,4918.0,4887.0,31.0,31.0,961.0,0.0063033753558357055,False,,prod_eval_2025
2025-10-22,2025-10-22,7,Seasonal Naive,4892.0,4900.0,-8.0,8.0,64.0,0.001635322976287817,False,,prod_eval_2025
2025-10-22,2025-10-23,7,Seasonal Naive,4871.0,4903.0,-32.0,32.0,1024.0,0.006569492917265448,False,,prod_eval_2025
2025-10-22,2025-10-24,7,Seasonal Naive,4871.0,4816.0,55.0,55.0,3025.0,0.01129131595154999,False,,prod_eval_2025
2025-10-22,2025-10-25,7,Seasonal Naive,5397.0,5549.0,-152.0,152.0,23104.0,0.028163794700759682,False,,prod_eval_2025
2025-10-22,2025-10-26,7,Seasonal Naive,5412.0,5461.0,-49.0,49.0,2401.0,0.009053954175905396,False,,prod_eval_2025
2025-10-22,2025-10-27,7,Seasonal Naive,4954.0,4797.0,157.0,157.0,24649.0,0.03169156237383932,False,,prod_eval_2025
2025-10-22,2025-10-28,7,Seasonal Naive,4918.0,4918.0,0.0,0.0,0.0,0.0,False,,prod_eval_2025
2025-10-29,2025-10-29,7,Seasonal Naive,4963.0,4892.0,71.0,71.0,5041.0,0.014305863389079186,False,,prod_eval_2025
2025-10-29,2025-10-30,7,Seasonal Naive,4926.0,4871.0,55.0,55.0,3025.0,0.011165245635403978,False,,prod_eval_2025
2025-10-29,2025-10-31,7,Seasonal Naive,4870.0,4871.0,-1.0,1.0,1.0,0.0002053388090349076,False,,prod_eval_2025
2025-10-29,2025-11-01,7,Seasonal Naive,6061.0,5397.0,664.0,664.0,440896.0,0.10955287906286092,False,,prod_eval_2025
2025-10-29,2025-11-02,7,Seasonal Naive,5435.0,5412.0,23.0,23.0,529.0,0.004231830726770929,False,,prod_eval_2025
2025-10-29,2025-11-03,7,Seasonal Naive,4940.0,4954.0,-14.0,14.0,196.0,0.002834008097165992,False,,prod_eval_2025
2025-10-29,2025-11-04,7,Seasonal Naive,4848.0,4918.0,-70.0,70.0,4900.0,0.014438943894389438,False,,prod_eval_2025
2025-11-05,2025-11-05,7,Seasonal Naive,4922.0,4963.0,-41.0,41.0,1681.0,0.008329947175944739,False,,prod_eval_2025
2025-11-05,2025-11-06,7,Seasonal Naive,4960.0,4926.0,34.0,34.0,1156.0,0.0068548387096774195,False,,prod_eval_2025
2025-11-05,2025-11-07,7,Seasonal Naive,4834.0,4870.0,-36.0,36.0,1296.0,0.007447248655357882,False,,prod_eval_2025
2025-11-05,2025-11-08,7,Seasonal Naive,5465.0,6061.0,-596.0,596.0,355216.0,0.1090576395242452,False,,prod_eval_2025
2025-11-05,2025-11-09,7,Seasonal Naive,5463.0,5435.0,28.0,28.0,784.0,0.005125388980413692,False,,prod_eval_2025
2025-11-05,2025-11-10,7,Seasonal Naive,4940.0,4940.0,0.0,0.0,0.0,0.0,False,,prod_eval_2025
2025-11-05,2025-11-11,7,Seasonal Naive,4916.0,4848.0,68.0,68.0,4624.0,0.013832384052074858,False,,prod_eval_2025
2025-11-12,2025-11-12,7,Seasonal Naive,4924.0,4922.0,2.0,2.0,4.0,0.00040617384240454913,False,,prod_eval_2025
2025-11-12,2025-11-13,7,Seasonal Naive,4906.0,4960.0,-54.0,54.0,2916.0,0.0110069302894415,False,,prod_eval_2025
2025-11-12,2025-11-14,7,Seasonal Naive,4967.0,4834.0,133.0,133.0,17689.0,0.02677672639420173,False,,prod_eval_2025
2025-11-12,2025-11-15,7,Seasonal Naive,5499.0,5465.0,34.0,34.0,1156.0,0.006182942353155119,False,,prod_eval_2025
2025-11-12,2025-11-16,7,Seasonal Naive,5603.0,5463.0,140.0,140.0,19600.0,0.024986614313760487,False,,prod_eval_2025
2025-11-12,2025-11-17,7,Seasonal Naive,4982.0,4940.0,42.0,42.0,1764.0,0.008430349257326376,False,,prod_eval_2025
2025-11-12,2025-11-18,7,Seasonal Naive,4923.0,4916.0,7.0,7.0,49.0,0.001421897217144018,False,,prod_eval_2025
2025-11-19,2025-11-19,7,Seasonal Naive,4930.0,4924.0,6.0,6.0,36.0,0.0012170385395537525,False,,prod_eval_2025
2025-11-19,2025-11-20,7,Seasonal Naive,6006.0,4906.0,1100.0,1100.0,1210000.0,0.18315018315018314,False,,prod_eval_2025
2025-11-19,2025-11-21,7,Seasonal Naive,5953.0,4967.0,986.0,986.0,972196.0,0.16563077439946244,False,,prod_eval_2025
2025-11-19,2025-11-22,7,Seasonal Naive,6701.0,5499.0,1202.0,1202.0,1444804.0,0.17937621250559618,False,,prod_eval_2025
2025-11-19,2025-11-23,7,Seasonal Naive,6595.0,5603.0,992.0,992.0,984064.0,0.15041698256254737,False,,prod_eval_2025
2025-11-19,2025-11-24,7,Seasonal Naive,6013.0,4982.0,1031.0,1031.0,1062961.0,0.1714618326958257,False,,prod_eval_2025
2025-11-19,2025-11-25,7,Seasonal Naive,5906.0,4923.0,983.0,983.0,966289.0,0.1664409075516424,False,,prod_eval_2025
2025-11-26,2025-11-26,7,Seasonal Naive,6038.0,4930.0,1108.0,1108.0,1227664.0,0.18350447167936404,False,,prod_eval_2025
2025-11-26,2025-11-27,7,Seasonal Naive,6079.0,6006.0,73.0,73.0,5329.0,0.012008554038493173,False,,prod_eval_2025
2025-11-26,2025-11-28,7,Seasonal Naive,5989.0,5953.0,36.0,36.0,1296.0,0.006011020203706796,False,,prod_eval_2025
2025-11-26,2025-11-29,7,Seasonal Naive,6773.0,6701.0,72.0,72.0,5184.0,0.01063044441163443,False,,prod_eval_2025
2025-11-26,2025-11-30,7,Seasonal Naive,6552.0,6595.0,-43.0,43.0,1849.0,0.006562881562881563,False,,prod_eval_2025
2025-11-26,2025-12-01,7,Seasonal Naive,4950.0,6013.0,-1063.0,1063.0,1129969.0,0.21474747474747474,False,,prod_eval_2025
2025-11-26,2025-12-02,7,Seasonal Naive,5035.0,5906.0,-871.0,871.0,758641.0,0.17298907646474676,False,,prod_eval_2025
2025-12-03,2025-12-03,7,Seasonal Naive,4956.0,6038.0,-1082.0,1082.0,1170724.0,0.21832122679580307,False,,prod_eval_2025
2025-12-03,2025-12-04,7,Seasonal Naive,5004.0,6079.0,-1075.0,1075.0,1155625.0,0.21482813749000798,False,,prod_eval_2025
2025-12-03,2025-12-05,7,Seasonal Naive,4923.0,5989.0,-1066.0,1066.0,1136356.0,0.21653463335364614,False,,prod_eval_2025
2025-12-03,2025-12-06,7,Seasonal Naive,5617.0,6773.0,-1156.0,1156.0,1336336.0,0.20580380986291616,False,,prod_eval_2025
2025-12-03,2025-12-07,7,Seasonal Naive,5671.0,6552.0,-881.0,881.0,776161.0,0.15535178980779404,False,,prod_eval_2025
2025-12-03,2025-12-08,7,Seasonal Naive,5040.0,4950.0,90.0,90.0,8100.0,0.017857142857142856,False,,prod_eval_2025
2025-12-03,2025-12-09,7,Seasonal Naive,5064.0,5035.0,29.0,29.0,841.0,0.005726698262243286,False,,prod_eval_2025
2025-12-10,2025-12-10,7,Seasonal Naive,5020.0,4956.0,64.0,64.0,4096.0,0.012749003984063745,False,,prod_eval_2025
2025-12-10,2025-12-11,7,Seasonal Naive,5062.0,5004.0,58.0,58.0,3364.0,0.011457921770051362,False,,prod_eval_2025
2025-12-10,2025-12-12,7,Seasonal Naive,5014.0,4923.0,91.0,91.0,8281.0,0.01814918228958915,False,,prod_eval_2025
2025-12-10,2025-12-13,7,Seasonal Naive,5771.0,5617.0,154.0,154.0,23716.0,0.026685149887367875,False,,prod_eval_2025
2025-12-10,2025-12-14,7,Seasonal Naive,5605.0,5671.0,-66.0,66.0,4356.0,0.011775200713648529,False,,prod_eval_2025
2025-12-10,2025-12-15,7,Seasonal Naive,5084.0,5040.0,44.0,44.0,1936.0,0.00865460267505901,False,,prod_eval_2025
2025-12-10,2025-12-16,7,Seasonal Naive,5050.0,5064.0,-14.0,14.0,196.0,0.002772277227722772,False,,prod_eval_2025
2025-12-17,2025-12-17,7,Seasonal Naive,5218.0,5020.0,198.0,198.0,39204.0,0.03794557301648141,False,,prod_eval_2025
2025-12-17,2025-12-18,7,Seasonal Naive,5177.0,5062.0,115.0,115.0,13225.0,0.02221363724164574,False,,prod_eval_2025
2025-12-17,2025-12-19,7,Seasonal Naive,5175.0,5014.0,161.0,161.0,25921.0,0.03111111111111111,False,,prod_eval_2025
2025-12-17,2025-12-20,7,Seasonal Naive,5666.0,5771.0,-105.0,105.0,11025.0,0.01853159195199435,False,,prod_eval_2025
2025-12-17,2025-12-21,7,Seasonal Naive,5765.0,5605.0,160.0,160.0,25600.0,0.027753686036426712,False,,prod_eval_2025
2025-12-17,2025-12-22,7,Seasonal Naive,5075.0,5084.0,-9.0,9.0,81.0,0.0017733990147783252,False,,prod_eval_2025
2025-12-17,2025-12-23,7,Seasonal Naive,5200.0,5050.0,150.0,150.0,22500.0,0.028846153846153848,False,,prod_eval_2025
2025-12-24,2025-12-24,7,Seasonal Naive,5158.0,5218.0,-60.0,60.0,3600.0,0.011632415664986429,False,,prod_eval_2025
2025-12-24,2025-12-25,7,Seasonal Naive,5721.0,5177.0,544.0,544.0,295936.0,0.09508827128124454,False,,prod_eval_2025
2025-12-24,2025-12-26,7,Seasonal Naive,5181.0,5175.0,6.0,6.0,36.0,0.0011580775911986102,False,,prod_eval_2025
2025-12-24,2025-12-27,7,Seasonal Naive,5822.0,5666.0,156.0,156.0,24336.0,0.02679491583648231,False,,prod_eval_2025
2025-12-24,2025-12-28,7,Seasonal Naive,5839.0,5765.0,74.0,74.0,5476.0,0.012673402979962322,False,,prod_eval_2025
2025-12-24,2025-12-29,7,Seasonal Naive,5255.0,5075.0,180.0,180.0,32400.0,0.03425309229305423,False,,prod_eval_2025
2025-12-24,2025-12-30,7,Seasonal Naive,5293.0,5200.0,93.0,93.0,8649.0,0.017570375968259964,False,,prod_eval_2025
2025-12-31,2025-12-31,7,Seasonal Naive,5189.0,5158.0,31.0,31.0,961.0,0.005974176141838505,False,,prod_eval_2025
2025-01-01,2025-01-01,30,Seasonal Naive,5031.0,5484.0,-453.0,453.0,205209.0,0.0900417412045319,False,,prod_eval_2025
2025-01-01,2025-01-02,30,Seasonal Naive,5003.0,5033.0,-30.0,30.0,900.0,0.005996402158704777,False,,prod_eval_2025
2025-01-01,2025-01-03,30,Seasonal Naive,5134.0,4981.0,153.0,153.0,23409.0,0.029801324503311258,False,,prod_eval_2025
2025-01-01,2025-01-04,30,Seasonal Naive,5747.0,5588.0,159.0,159.0,25281.0,0.027666608665390637,False,,prod_eval_2025
2025-01-01,2025-01-05,30,Seasonal Naive,5664.0,5579.0,85.0,85.0,7225.0,0.015007062146892656,False,,prod_eval_2025
2025-01-01,2025-01-06,30,Seasonal Naive,5082.0,5062.0,20.0,20.0,400.0,0.003935458480913027,False,,prod_eval_2025
2025-01-01,2025-01-07,30,Seasonal Naive,5134.0,5059.0,75.0,75.0,5625.0,0.01460849240358395,False,,prod_eval_2025
2025-01-01,2025-01-08,30,Seasonal Naive,5130.0,5484.0,-354.0,354.0,125316.0,0.06900584795321638,False,,prod_eval_2025
2025-01-01,2025-01-09,30,Seasonal Naive,5101.0,5033.0,68.0,68.0,4624.0,0.013330719466771222,False,,prod_eval_2025
2025-01-01,2025-01-10,30,Seasonal Naive,5136.0,4981.0,155.0,155.0,24025.0,0.030179127725856698,False,,prod_eval_2025
2025-01-01,2025-01-11,30,Seasonal Naive,5770.0,5588.0,182.0,182.0,33124.0,0.03154246100519931,False,,prod_eval_2025
2025-01-01,2025-01-12,30,Seasonal Naive,5723.0,5579.0,144.0,144.0,20736.0,0.025161628516512317,False,,prod_eval_2025
2025-01-01,2025-01-13,30,Seasonal Naive,5242.0,5062.0,180.0,180.0,32400.0,0.0343380389164441,False,,prod_eval_2025
2025-01-01,2025-01-14,30,Seasonal Naive,5138.0,5059.0,79.0,79.0,6241.0,0.015375632541845076,False,,prod_eval_2025
2025-01-01,2025-01-15,30,Seasonal Naive,5210.0,5484.0,-274.0,274.0,75076.0,0.05259117082533589,False,,prod_eval_2025
2025-01-01,2025-01-16,30,Seasonal Naive,5234.0,5033.0,201.0,201.0,40401.0,0.038402751241880015,False,,prod_eval_2025
2025-01-01,2025-01-17,30,Seasonal Naive,5220.0,4981.0,239.0,239.0,57121.0,0.04578544061302682,False,,prod_eval_2025
2025-01-01,2025-01-18,30,Seasonal Naive,5928.0,5588.0,340.0,340.0,115600.0,0.05735492577597841,False,,prod_eval_2025
2025-01-01,2025-01-19,30,Seasonal Naive,5903.0,5579.0,324.0,324.0,104976.0,0.05488734541758428,False,,prod_eval_2025
2025-01-01,2025-01-20,30,Seasonal Naive,5226.0,5062.0,164.0,164.0,26896.0,0.03138155376961347,False,,prod_eval_2025
2025-01-01,2025-01-21,30,Seasonal Naive,5313.0,5059.0,254.0,254.0,64516.0,0.047807265198569544,False,,prod_eval_2025
2025-01-01,2025-01-22,30,Seasonal Naive,5275.0,5484.0,-209.0,209.0,43681.0,0.03962085308056872,False,,prod_eval_2025
2025-01-01,2025-01-23,30,Seasonal Naive,5356.0,5033.0,323.0,323.0,104329.0,0.06030619865571322,False,,prod_eval_2025
2025-01-01,2025-01-24,30,Seasonal Naive,5414.0,4981.0,433.0,433.0,187489.0,0.07997783524196528,False,,prod_eval_2025
2025-01-01,2025-01-25,30,Seasonal Naive,5935.0,5588.0,347.0,347.0,120409.0,0.05846672283066554,False,,prod_eval_2025
2025-01-01,2025-01-26,30,Seasonal Naive,6470.0,5579.0,891.0,891.0,793881.0,0.13771251931993816,False,,prod_eval_2025
2025-01-01,2025-01-27,30,Seasonal Naive,5410.0,5062.0,348.0,348.0,121104.0,0.06432532347504621,False,,prod_eval_2025
2025-01-01,2025-01-28,30,Seasonal Naive,5373.0,5059.0,314.0,314.0,98596.0,0.05844034989763633,False,,prod_eval_2025
2025-01-01,2025-01-29,30,Seasonal Naive,5327.0,5484.0,-157.0,157.0,24649.0,0.02947249859207809,False,,prod_eval_2025
2025-01-01,2025-01-30,30,Seasonal Naive,5379.0,5033.0,346.0,346.0,119716.0,0.06432422383342629,False,,prod_eval_2025
2025-01-31,2025-01-31,30,Seasonal Naive,5334.0,5414.0,-80.0,80.0,6400.0,0.014998125234345707,False,,prod_eval_2025
2025-01-31,2025-02-01,30,Seasonal Naive,5977.0,5935.0,42.0,42.0,1764.0,0.007026936590262674,False,,prod_eval_2025
2025-01-31,2025-02-02,30,Seasonal Naive,6061.0,6470.0,-409.0,409.0,167281.0,0.0674806137601056,False,,prod_eval_2025
2025-01-31,2025-02-03,30,Seasonal Naive,5536.0,5410.0,126.0,126.0,15876.0,0.022760115606936415,False,,prod_eval_2025
2025-01-31,2025-02-04,30,Seasonal Naive,5354.0,5373.0,-19.0,19.0,361.0,0.0035487485991781845,False,,prod_eval_2025
2025-01-31,2025-02-05,30,Seasonal Naive,5458.0,5327.0,131.0,131.0,17161.0,0.0240014657383657,False,,prod_eval_2025
2025-01-31,2025-02-06,30,Seasonal Naive,5543.0,5379.0,164.0,164.0,26896.0,0.029586866317878404,False,,prod_eval_2025
2025-01-31,2025-02-07,30,Seasonal Naive,5515.0,5414.0,101.0,101.0,10201.0,0.018313689936536717,False,,prod_eval_2025
2025-01-31,2025-02-08,30,Seasonal Naive,6178.0,5935.0,243.0,243.0,59049.0,0.039333117513758495,False,,prod_eval_2025
2025-01-31,2025-02-09,30,Seasonal Naive,6169.0,6470.0,-301.0,301.0,90601.0,0.04879234884097909,False,,prod_eval_2025
2025-01-31,2025-02-10,30,Seasonal Naive,5467.0,5410.0,57.0,57.0,3249.0,0.010426193524785073,False,,prod_eval_2025
2025-01-31,2025-02-11,30,Seasonal Naive,5441.0,5373.0,68.0,68.0,4624.0,0.012497702628193347,False,,prod_eval_2025
2025-01-31,2025-02-12,30,Seasonal Naive,5546.0,5327.0,219.0,219.0,47961.0,0.03948791922106022,False,,prod_eval_2025
2025-01-31,2025-02-13,30,Seasonal Naive,5591.0,5379.0,212.0,212.0,44944.0,0.03791808263280272,False,,prod_eval_2025
2025-01-31,2025-02-14,30,Seasonal Naive,5496.0,5414.0,82.0,82.0,6724.0,0.014919941775836972,False,,prod_eval_2025
2025-01-31,2025-02-15,30,Seasonal Naive,6235.0,5935.0,300.0,300.0,90000.0,0.048115477145148355,False,,prod_eval_2025
2025-01-31,2025-02-16,30,Seasonal Naive,6249.0,6470.0,-221.0,221.0,48841.0,0.03536565850536086,False,,prod_eval_2025
2025-01-31,2025-02-17,30,Seasonal Naive,5555.0,5410.0,145.0,145.0,21025.0,0.026102610261026102,False,,prod_eval_2025
2025-01-31,2025-02-18,30,Seasonal Naive,5620.0,5373.0,247.0,247.0,61009.0,0.04395017793594306,False,,prod_eval_2025
2025-01-31,2025-02-19,30,Seasonal Naive,5634.0,5327.0,307.0,307.0,94249.0,0.05449059282925098,False,,prod_eval_2025
2025-01-31,2025-02-20,30,Seasonal Naive,5663.0,5379.0,284.0,284.0,80656.0,0.05015009712166696,False,,prod_eval_2025
2025-01-31,2025-02-21,30,Seasonal Naive,5654.0,5414.0,240.0,240.0,57600.0,0.04244782454899186,False,,prod_eval_2025
2025-01-31,2025-02-22,30,Seasonal Naive,6461.0,5935.0,526.0,526.0,276676.0,0.0814115462002786,False,,prod_eval_2025
2025-01-31,2025-02-23,30,Seasonal Naive,6417.0,6470.0,-53.0,53.0,2809.0,0.008259311204612747,False,,prod_eval_2025
2025-01-31,2025-02-24,30,Seasonal Naive,5682.0,5410.0,272.0,272.0,73984.0,0.04787046814501936,False,,prod_eval_2025
2025-01-31,2025-02-25,30,Seasonal Naive,5661.0,5373.0,288.0,288.0,82944.0,0.05087440381558029,False,,prod_eval_2025
2025-01-31,2025-02-26,30,Seasonal Naive,5708.0,5327.0,381.0,381.0,145161.0,0.06674842326559215,False,,prod_eval_2025
2025-01-31,2025-02-27,30,Seasonal Naive,5781.0,5379.0,402.0,402.0,161604.0,0.06953814218993254,False,,prod_eval_2025
2025-01-31,2025-02-28,30,Seasonal Naive,5729.0,5414.0,315.0,315.0,99225.0,0.054983417699423984,False,,prod_eval_2025
2025-01-31,2025-03-01,30,Seasonal Naive,7664.0,5935.0,1729.0,1729.0,2989441.0,0.22560020876826722,False,,prod_eval_2025
2025-03-02,2025-03-02,30,Seasonal Naive,7544.0,6417.0,1127.0,1127.0,1270129.0,0.14939024390243902,False,,prod_eval_2025
2025-03-02,2025-03-03,30,Seasonal Naive,6799.0,5682.0,1117.0,1117.0,1247689.0,0.1642888660097073,False,,prod_eval_2025
2025-03-02,2025-03-04,30,Seasonal Naive,6858.0,5661.0,1197.0,1197.0,1432809.0,0.17454068241469817,False,,prod_eval_2025
2025-03-02,2025-03-05,30,Seasonal Naive,7056.0,5708.0,1348.0,1348.0,1817104.0,0.19104308390022676,False,,prod_eval_2025
2025-03-02,2025-03-06,30,Seasonal Naive,6920.0,5781.0,1139.0,1139.0,1297321.0,0.16459537572254335,False,,prod_eval_2025
2025-03-02,2025-03-07,30,Seasonal Naive,6930.0,5729.0,1201.0,1201.0,1442401.0,0.1733044733044733,False,,prod_eval_2025
2025-03-02,2025-03-08,30,Seasonal Naive,6573.0,7664.0,-1091.0,1091.0,1190281.0,0.16598204777118516,False,,prod_eval_2025
2025-03-02,2025-03-09,30,Seasonal Naive,6463.0,6417.0,46.0,46.0,2116.0,0.0071174377224199285,False,,prod_eval_2025
2025-03-02,2025-03-10,30,Seasonal Naive,5884.0,5682.0,202.0,202.0,40804.0,0.03433038749150238,False,,prod_eval_2025
2025-03-02,2025-03-11,30,Seasonal Naive,5797.0,5661.0,136.0,136.0,18496.0,0.02346041055718475,False,,prod_eval_2025
2025-03-02,2025-03-12,30,Seasonal Naive,5837.0,5708.0,129.0,129.0,16641.0,0.022100394038033235,False,,prod_eval_2025
2025-03-02,2025-03-13,30,Seasonal Naive,5863.0,5781.0,82.0,82.0,6724.0,0.013986013986013986,False,,prod_eval_2025
2025-03-02,2025-03-14,30,Seasonal Naive,5857.0,5729.0,128.0,128.0,16384.0,0.021854191565647944,False,,prod_eval_2025
2025-03-02,2025-03-15,30,Seasonal Naive,6630.0,7664.0,-1034.0,1034.0,1069156.0,0.1559577677224736,False,,prod_eval_2025
2025-03-02,2025-03-16,30,Seasonal Naive,6504.0,6417.0,87.0,87.0,7569.0,0.013376383763837638,False,,prod_eval_2025
2025-03-02,2025-03-17,30,Seasonal Naive,5941.0,5682.0,259.0,259.0,67081.0,0.043595354317454975,False,,prod_eval_2025
2025-03-02,2025-03-18,30,Seasonal Naive,5868.0,5661.0,207.0,207.0,42849.0,0.0352760736196319,False,,prod_eval_2025
2025-03-02,2025-03-19,30,Seasonal Naive,5860.0,5708.0,152.0,152.0,23104.0,0.025938566552901023,False,,prod_eval_2025
2025-03-02,2025-03-20,30,Seasonal Naive,5907.0,5781.0,126.0,126.0,15876.0,0.02133062468257999,False,,prod_eval_2025
2025-03-02,2025-03-21,30,Seasonal Naive,5937.0,5729.0,208.0,208.0,43264.0,0.03503452922351356,False,,prod_eval_2025
2025-03-02,2025-03-22,30,Seasonal Naive,6673.0,7664.0,-991.0,991.0,982081.0,0.14850891652929718,False,,prod_eval_2025
2025-03-02,2025-03-23,30,Seasonal Naive,6642.0,6417.0,225.0,225.0,50625.0,0.03387533875338753,False,,prod_eval_2025
2025-03-02,2025-03-24,30,Seasonal Naive,5909.0,5682.0,227.0,227.0,51529.0,0.03841597563039431,False,,prod_eval_2025
2025-03-02,2025-03-25,30,Seasonal Naive,5995.0,5661.0,334.0,334.0,111556.0,0.055713094245204334,False,,prod_eval_2025
2025-03-02,2025-03-26,30,Seasonal Naive,6039.0,5708.0,331.0,331.0,109561.0,0.05481039907269415,False,,prod_eval_2025
2025-03-02,2025-03-27,30,Seasonal Naive,5986.0,5781.0,205.0,205.0,42025.0,0.03424657534246575,False,,prod_eval_2025
2025-03-02,2025-03-28,30,Seasonal Naive,5945.0,5729.0,216.0,216.0,46656.0,0.03633305298570227,False,,prod_eval_2025
2025-03-02,2025-03-29,30,Seasonal Naive,6560.0,7664.0,-1104.0,1104.0,1218816.0,0.16829268292682928,False,,prod_eval_2025
2025-03-02,2025-03-30,30,Seasonal Naive,6767.0,6417.0,350.0,350.0,122500.0,0.051721590069454704,False,,prod_eval_2025
2025-03-02,2025-03-31,30,Seasonal Naive,6049.0,5682.0,367.0,367.0,134689.0,0.060671185319887584,False,,prod_eval_2025
2025-04-01,2025-04-01,30,Seasonal Naive,5999.0,5995.0,4.0,4.0,16.0,0.0006667777962993832,False,,prod_eval_2025
2025-04-01,2025-04-02,30,Seasonal Naive,5956.0,6039.0,-83.0,83.0,6889.0,0.013935527199462727,False,,prod_eval_2025
2025-04-01,2025-04-03,30,Seasonal Naive,6014.0,5986.0,28.0,28.0,784.0,0.004655803126039242,False,,prod_eval_2025
2025-04-01,2025-04-04,30,Seasonal Naive,6046.0,5945.0,101.0,101.0,10201.0,0.016705259675818724,False,,prod_eval_2025
2025-04-01,2025-04-05,30,Seasonal Naive,6741.0,6560.0,181.0,181.0,32761.0,0.026850615635662364,False,,prod_eval_2025
2025-04-01,2025-04-06,30,Seasonal Naive,6707.0,6767.0,-60.0,60.0,3600.0,0.008945877441479051,False,,prod_eval_2025
2025-04-01,2025-04-07,30,Seasonal Naive,5940.0,6049.0,-109.0,109.0,11881.0,0.01835016835016835,False,,prod_eval_2025
2025-04-01,2025-04-08,30,Seasonal Naive,6020.0,5995.0,25.0,25.0,625.0,0.004152823920265781,False,,prod_eval_2025
2025-04-01,2025-04-09,30,Seasonal Naive,6006.0,6039.0,-33.0,33.0,1089.0,0.005494505494505495,False,,prod_eval_2025
2025-04-01,2025-04-10,30,Seasonal Naive,6023.0,5986.0,37.0,37.0,1369.0,0.0061431180474846424,False,,prod_eval_2025
2025-04-01,2025-04-11,30,Seasonal Naive,6085.0,5945.0,140.0,140.0,19600.0,0.023007395234182416,False,,prod_eval_2025
2025-04-01,2025-04-12,30,Seasonal Naive,6779.0,6560.0,219.0,219.0,47961.0,0.03230564980085558,False,,prod_eval_2025
2025-04-01,2025-04-13,30,Seasonal Naive,6833.0,6767.0,66.0,66.0,4356.0,0.009659007756475926,False,,prod_eval_2025
2025-04-01,2025-04-14,30,Seasonal Naive,5984.0,6049.0,-65.0,65.0,4225.0,0.010862299465240642,False,,prod_eval_2025
2025-04-01,2025-04-15,30,Seasonal Naive,6035.0,5995.0,40.0,40.0,1600.0,0.006628003314001657,False,,prod_eval_2025
2025-04-01,2025-04-16,30,Seasonal Naive,6096.0,6039.0,57.0,57.0,3249.0,0.009350393700787402,False,,prod_eval_2025
2025-04-01,2025-04-17,30,Seasonal Naive,6175.0,5986.0,189.0,189.0,35721.0,0.03060728744939271,False,,prod_eval_2025
2025-04-01,2025-04-18,30,Seasonal Naive,6139.0,5945.0,194.0,194.0,37636.0,0.03160123798664278,False,,prod_eval_2025
2025-04-01,2025-04-19,30,Seasonal Naive,6879.0,6560.0,319.0,319.0,101761.0,0.046373019334205554,False,,prod_eval_2025
2025-04-01,2025-04-20,30,Seasonal Naive,6757.0,6767.0,-10.0,10.0,100.0,0.001479946721918011,False,,prod_eval_2025
2025-04-01,2025-04-21,30,Seasonal Naive,6144.0,6049.0,95.0,95.0,9025.0,0.015462239583333334,False,,prod_eval_2025
2025-04-01,2025-04-22,30,Seasonal Naive,6169.0,5995.0,174.0,174.0,30276.0,0.028205543848273625,False,,prod_eval_2025
2025-04-01,2025-04-23,30,Seasonal Naive,6098.0,6039.0,59.0,59.0,3481.0,0.009675303378156773,False,,prod_eval_2025
2025-04-01,2025-04-24,30,Seasonal Naive,6109.0,5986.0,123.0,123.0,15129.0,0.020134228187919462,False,,prod_eval_2025
2025-04-01,2025-04-25,30,Seasonal Naive,6053.0,5945.0,108.0,108.0,11664.0,0.01784239220221378,False,,prod_eval_2025
2025-04-01,2025-04-26,30,Seasonal Naive,6866.0,6560.0,306.0,306.0,93636.0,0.04456743373143024,False,,prod_eval_2025
2025-04-01,2025-04-27,30,Seasonal Naive,6819.0,6767.0,52.0,52.0,2704.0,0.007625751576477489,False,,prod_eval_2025
2025-04-01,2025-04-28,30,Seasonal Naive,6059.0,6049.0,10.0,10.0,100.0,0.001650437365901964,False,,prod_eval_2025
2025-04-01,2025-04-29,30,Seasonal Naive,6055.0,5995.0,60.0,60.0,3600.0,0.00990916597853014,False,,prod_eval_2025
2025-04-01,2025-04-30,30,Seasonal Naive,6084.0,6039.0,45.0,45.0,2025.0,0.0073964497041420114,False,,prod_eval_2025
2025-05-01,2025-05-01,30,Seasonal Naive,6067.0,6109.0,-42.0,42.0,1764.0,0.006922696555134333,False,,prod_eval_2025
2025-05-01,2025-05-02,30,Seasonal Naive,6108.0,6053.0,55.0,55.0,3025.0,0.009004584151931892,False,,prod_eval_2025
2025-05-01,2025-05-03,30,Seasonal Naive,6731.0,6866.0,-135.0,135.0,18225.0,0.020056455207250037,False,,prod_eval_2025
2025-05-01,2025-05-04,30,Seasonal Naive,6854.0,6819.0,35.0,35.0,1225.0,0.005106507149110009,False,,prod_eval_2025
2025-05-01,2025-05-05,30,Seasonal Naive,6239.0,6059.0,180.0,180.0,32400.0,0.028850777368167976,False,,prod_eval_2025
2025-05-01,2025-05-06,30,Seasonal Naive,6223.0,6055.0,168.0,168.0,28224.0,0.02699662542182227,False,,prod_eval_2025
2025-05-01,2025-05-07,30,Seasonal Naive,6078.0,6084.0,-6.0,6.0,36.0,0.0009871668311944718,False,,prod_eval_2025
2025-05-01,2025-05-08,30,Seasonal Naive,6109.0,6109.0,0.0,0.0,0.0,0.0,False,,prod_eval_2025
2025-05-01,2025-05-09,30,Seasonal Naive,6206.0,6053.0,153.0,153.0,23409.0,0.024653561069932325,False,,prod_eval_2025
2025-05-01,2025-05-10,30,Seasonal Naive,6951.0,6866.0,85.0,85.0,7225.0,0.012228456337217667,False,,prod_eval_2025
2025-05-01,2025-05-11,30,Seasonal Naive,6847.0,6819.0,28.0,28.0,784.0,0.004089382211187382,False,,prod_eval_2025
2025-05-01,2025-05-12,30,Seasonal Naive,6070.0,6059.0,11.0,11.0,121.0,0.001812191103789127,False,,prod_eval_2025
2025-05-01,2025-05-13,30,Seasonal Naive,6090.0,6055.0,35.0,35.0,1225.0,0.005747126436781609,False,,prod_eval_2025
2025-05-01,2025-05-14,30,Seasonal Naive,6164.0,6084.0,80.0,80.0,6400.0,0.012978585334198572,False,,prod_eval_2025
2025-05-01,2025-05-15,30,Seasonal Naive,6172.0,6109.0,63.0,63.0,3969.0,0.010207388204795852,False,,prod_eval_2025
2025-05-01,2025-05-16,30,Seasonal Naive,6132.0,6053.0,79.0,79.0,6241.0,0.012883235485975211,False,,prod_eval_2025
2025-05-01,2025-05-17,30,Seasonal Naive,6881.0,6866.0,15.0,15.0,225.0,0.002179915709925883,False,,prod_eval_2025
2025-05-01,2025-05-18,30,Seasonal Naive,6909.0,6819.0,90.0,90.0,8100.0,0.013026487190620929,False,,prod_eval_2025
2025-05-01,2025-05-19,30,Seasonal Naive,6188.0,6059.0,129.0,129.0,16641.0,0.020846800258564963,False,,prod_eval_2025
2025-05-01,2025-05-20,30,Seasonal Naive,6090.0,6055.0,35.0,35.0,1225.0,0.005747126436781609,False,,prod_eval_2025
2025-05-01,2025-05-21,30,Seasonal Naive,6193.0,6084.0,109.0,109.0,11881.0,0.017600516712417247,False,,prod_eval_2025
2025-05-01,2025-05-22,30,Seasonal Naive,6092.0,6109.0,-17.0,17.0,289.0,0.0027905449770190415,False,,prod_eval_2025
2025-05-01,2025-05-23,30,Seasonal Naive,6112.0,6053.0,59.0,59.0,3481.0,0.009653141361256544,False,,prod_eval_2025
2025-05-01,2025-05-24,30,Seasonal Naive,6875.0,6866.0,9.0,9.0,81.0,0.001309090909090909,False,,prod_eval_2025
2025-05-01,2025-05-25,30,Seasonal Naive,6786.0,6819.0,-33.0,33.0,1089.0,0.004862953138815208,False,,prod_eval_2025
2025-05-01,2025-05-26,30,Seasonal Naive,6117.0,6059.0,58.0,58.0,3364.0,0.00948177211051169,False,,prod_eval_2025
2025-05-01,2025-05-27,30,Seasonal Naive,6132.0,6055.0,77.0,77.0,5929.0,0.012557077625570776,False,,prod_eval_2025
2025-05-01,2025-05-28,30,Seasonal Naive,6066.0,6084.0,-18.0,18.0,324.0,0.002967359050445104,False,,prod_eval_2025
2025-05-01,2025-05-29,30,Seasonal Naive,6048.0,6109.0,-61.0,61.0,3721.0,0.010085978835978835,False,,prod_eval_2025
2025-05-01,2025-05-30,30,Seasonal Naive,6206.0,6053.0,153.0,153.0,23409.0,0.024653561069932325,False,,prod_eval_2025
2025-05-31,2025-05-31,30,Seasonal Naive,6785.0,6875.0,-90.0,90.0,8100.0,0.013264554163596167,False,,prod_eval_2025
2025-05-31,2025-06-01,30,Seasonal Naive,6749.0,6786.0,-37.0,37.0,1369.0,0.005482293673136761,False,,prod_eval_2025
2025-05-31,2025-06-02,30,Seasonal Naive,5965.0,6117.0,-152.0,152.0,23104.0,0.02548197820620285,False,,prod_eval_2025
2025-05-31,2025-06-03,30,Seasonal Naive,6149.0,6132.0,17.0,17.0,289.0,0.0027646771832818343,False,,prod_eval_2025
2025-05-31,2025-06-04,30,Seasonal Naive,6104.0,6066.0,38.0,38.0,1444.0,0.006225425950196592,False,,prod_eval_2025
2025-05-31,2025-06-05,30,Seasonal Naive,6013.0,6048.0,-35.0,35.0,1225.0,0.005820721769499418,False,,prod_eval_2025
2025-05-31,2025-06-06,30,Seasonal Naive,6002.0,6206.0,-204.0,204.0,41616.0,0.033988670443185605,False,,prod_eval_2025
2025-05-31,2025-06-07,30,Seasonal Naive,6768.0,6875.0,-107.0,107.0,11449.0,0.015809692671394798,False,,prod_eval_2025
2025-05-31,2025-06-08,30,Seasonal Naive,6825.0,6786.0,39.0,39.0,1521.0,0.005714285714285714,False,,prod_eval_2025
2025-05-31,2025-06-09,30,Seasonal Naive,6064.0,6117.0,-53.0,53.0,2809.0,0.008740105540897098,False,,prod_eval_2025
2025-05-31,2025-06-10,30,Seasonal Naive,6053.0,6132.0,-79.0,79.0,6241.0,0.013051379481248968,False,,prod_eval_2025
2025-05-31,2025-06-11,30,Seasonal Naive,6046.0,6066.0,-20.0,20.0,400.0,0.0033079722130334105,False,,prod_eval_2025
2025-05-31,2025-06-12,30,Seasonal Naive,6156.0,6048.0,108.0,108.0,11664.0,0.017543859649122806,False,,prod_eval_2025
2025-05-31,2025-06-13,30,Seasonal Naive,6060.0,6206.0,-146.0,146.0,21316.0,0.024092409240924092,False,,prod_eval_2025
2025-05-31,2025-06-14,30,Seasonal Naive,6650.0,6875.0,-225.0,225.0,50625.0,0.03383458646616541,False,,prod_eval_2025
2025-05-31,2025-06-15,30,Seasonal Naive,6714.0,6786.0,-72.0,72.0,5184.0,0.010723860589812333,False,,prod_eval_2025
2025-05-31,2025-06-16,30,Seasonal Naive,5869.0,6117.0,-248.0,248.0,61504.0,0.04225592094053501,False,,prod_eval_2025
2025-05-31,2025-06-17,30,Seasonal Naive,6028.0,6132.0,-104.0,104.0,10816.0,0.017252820172528202,False,,prod_eval_2025
2025-05-31,2025-06-18,30,Seasonal Naive,6031.0,6066.0,-35.0,35.0,1225.0,0.00580334936163157,False,,prod_eval_2025
2025-05-31,2025-06-19,30,Seasonal Naive,5965.0,6048.0,-83.0,83.0,6889.0,0.013914501257334452,False,,prod_eval_2025
2025-05-31,2025-06-20,30,Seasonal Naive,5871.0,6206.0,-335.0,335.0,112225.0,0.0570601260432635,False,,prod_eval_2025
2025-05-31,2025-06-21,30,Seasonal Naive,6666.0,6875.0,-209.0,209.0,43681.0,0.03135313531353135,False,,prod_eval_2025
2025-05-31,2025-06-22,30,Seasonal Naive,6579.0,6786.0,-207.0,207.0,42849.0,0.03146374829001368,False,,prod_eval_2025
2025-05-31,2025-06-23,30,Seasonal Naive,5849.0,6117.0,-268.0,268.0,71824.0,0.045819798256112154,False,,prod_eval_2025
2025-05-31,2025-06-24,30,Seasonal Naive,6014.0,6132.0,-118.0,118.0,13924.0,0.01962088460259395,False,,prod_eval_2025
2025-05-31,2025-06-25,30,Seasonal Naive,6035.0,6066.0,-31.0,31.0,961.0,0.005136702568351284,False,,prod_eval_2025
2025-05-31,2025-06-26,30,Seasonal Naive,6021.0,6048.0,-27.0,27.0,729.0,0.004484304932735426,False,,prod_eval_2025
2025-05-31,2025-06-27,30,Seasonal Naive,5886.0,6206.0,-320.0,320.0,102400.0,0.05436629289840299,False,,prod_eval_2025
2025-05-31,2025-06-28,30,Seasonal Naive,6551.0,6875.0,-324.0,324.0,104976.0,0.049458098000305296,False,,prod_eval_2025
2025-05-31,2025-06-29,30,Seasonal Naive,6518.0,6786.0,-268.0,268.0,71824.0,0.04111690702669531,False,,prod_eval_2025
2025-06-30,2025-06-30,30,Seasonal Naive,5810.0,5849.0,-39.0,39.0,1521.0,0.006712564543889845,False,,prod_eval_2025
2025-06-30,2025-07-01,30,Seasonal Naive,5873.0,6014.0,-141.0,141.0,19881.0,0.02400817299506215,False,,prod_eval_2025
2025-06-30,2025-07-02,30,Seasonal Naive,5874.0,6035.0,-161.0,161.0,25921.0,0.027408920667347635,False,,prod_eval_2025
2025-06-30,2025-07-03,30,Seasonal Naive,5811.0,6021.0,-210.0,210.0,44100.0,0.036138358286009295,False,,prod_eval_2025
2025-06-30,2025-07-04,30,Seasonal Naive,5882.0,5886.0,-4.0,4.0,16.0,0.0006800408024481469,False,,prod_eval_2025
2025-06-30,2025-07-05,30,Seasonal Naive,6442.0,6551.0,-109.0,109.0,11881.0,0.016920211114560695,False,,prod_eval_2025
2025-06-30,2025-07-06,30,Seasonal Naive,6416.0,6518.0,-102.0,102.0,10404.0,0.015897755610972567,False,,prod_eval_2025
2025-06-30,2025-07-07,30,Seasonal Naive,5719.0,5849.0,-130.0,130.0,16900.0,0.0227312467214548,False,,prod_eval_2025
2025-06-30,2025-07-08,30,Seasonal Naive,5740.0,6014.0,-274.0,274.0,75076.0,0.04773519163763066,False,,prod_eval_2025
2025-06-30,2025-07-09,30,Seasonal Naive,5768.0,6035.0,-267.0,267.0,71289.0,0.04628987517337032,False,,prod_eval_2025
2025-06-30,2025-07-10,30,Seasonal Naive,5830.0,6021.0,-191.0,191.0,36481.0,0.032761578044596916,False,,prod_eval_2025
2025-06-30,2025-07-11,30,Seasonal Naive,5732.0,5886.0,-154.0,154.0,23716.0,0.026866713189113746,False,,prod_eval_2025
2025-06-30,2025-07-12,30,Seasonal Naive,6307.0,6551.0,-244.0,244.0,59536.0,0.03868717298240051,False,,prod_eval_2025
2025-06-30,2025-07-13,30,Seasonal Naive,6398.0,6518.0,-120.0,120.0,14400.0,0.018755861206627072,False,,prod_eval_2025
2025-06-30,2025-07-14,30,Seasonal Naive,5724.0,5849.0,-125.0,125.0,15625.0,0.021837875611460517,False,,prod_eval_2025
2025-06-30,2025-07-15,30,Seasonal Naive,5651.0,6014.0,-363.0,363.0,131769.0,0.0642364183330384,False,,prod_eval_2025
2025-06-30,2025-07-16,30,Seasonal Naive,5655.0,6035.0,-380.0,380.0,144400.0,0.0671971706454465,False,,prod_eval_2025
2025-06-30,2025-07-17,30,Seasonal Naive,5741.0,6021.0,-280.0,280.0,78400.0,0.04877199094234454,False,,prod_eval_2025
2025-06-30,2025-07-18,30,Seasonal Naive,5633.0,5886.0,-253.0,253.0,64009.0,0.044913900230782886,False,,prod_eval_2025
2025-06-30,2025-07-19,30,Seasonal Naive,6356.0,6551.0,-195.0,195.0,38025.0,0.03067967275015733,False,,prod_eval_2025
2025-06-30,2025-07-20,30,Seasonal Naive,6413.0,6518.0,-105.0,105.0,11025.0,0.01637299235927023,False,,prod_eval_2025
2025-06-30,2025-07-21,30,Seasonal Naive,5570.0,5849.0,-279.0,279.0,77841.0,0.05008976660682226,False,,prod_eval_2025
2025-06-30,2025-07-22,30,Seasonal Naive,5579.0,6014.0,-435.0,435.0,189225.0,0.07797096253808926,False,,prod_eval_2025
2025-06-30,2025-07-23,30,Seasonal Naive,5604.0,6035.0,-431.0,431.0,185761.0,0.07690935046395432,False,,prod_eval_2025
2025-06-30,2025-07-24,30,Seasonal Naive,5561.0,6021.0,-460.0,460.0,211600.0,0.0827189354432656,False,,prod_eval_2025
2025-06-30,2025-07-25,30,Seasonal Naive,5534.0,5886.0,-352.0,352.0,123904.0,0.06360679436212505,False,,prod_eval_2025
2025-06-30,2025-07-26,30,Seasonal Naive,6183.0,6551.0,-368.0,368.0,135424.0,0.059518033317159956,False,,prod_eval_2025
2025-06-30,2025-07-27,30,Seasonal Naive,6145.0,6518.0,-373.0,373.0,139129.0,0.060699755899104965,False,,prod_eval_2025
2025-06-30,2025-07-28,30,Seasonal Naive,5522.0,5849.0,-327.0,327.0,106929.0,0.059217674755523364,False,,prod_eval_2025
2025-06-30,2025-07-29,30,Seasonal Naive,5458.0,6014.0,-556.0,556.0,309136.0,0.1018688164162697,False,,prod_eval_2025
2025-07-30,2025-07-30,30,Seasonal Naive,5561.0,5604.0,-43.0,43.0,1849.0,0.007732422226218306,False,,prod_eval_2025
2025-07-30,2025-07-31,30,Seasonal Naive,5622.0,5561.0,61.0,61.0,3721.0,0.010850231234436144,False,,prod_eval_2025
2025-07-30,2025-08-01,30,Seasonal Naive,6614.0,5534.0,1080.0,1080.0,1166400.0,0.16328999092833385,False,,prod_eval_2025
2025-07-30,2025-08-02,30,Seasonal Naive,7391.0,6183.0,1208.0,1208.0,1459264.0,0.1634420240833446,False,,prod_eval_2025
2025-07-30,2025-08-03,30,Seasonal Naive,7337.0,6145.0,1192.0,1192.0,1420864.0,0.16246422243423742,False,,prod_eval_2025
2025-07-30,2025-08-04,30,Seasonal Naive,6591.0,5522.0,1069.0,1069.0,1142761.0,0.16219086633287816,False,,prod_eval_2025
2025-07-30,2025-08-05,30,Seasonal Naive,6621.0,5458.0,1163.0,1163.0,1352569.0,0.17565322458843075,False,,prod_eval_2025
2025-07-30,2025-08-06,30,Seasonal Naive,6519.0,5604.0,915.0,915.0,837225.0,0.14035895075931892,False,,prod_eval_2025
2025-07-30,2025-08-07,30,Seasonal Naive,6385.0,5561.0,824.0,824.0,678976.0,0.12905246671887236,False,,prod_eval_2025
2025-07-30,2025-08-08,30,Seasonal Naive,5468.0,5534.0,-66.0,66.0,4356.0,0.012070226773957572,False,,prod_eval_2025
2025-07-30,2025-08-09,30,Seasonal Naive,5937.0,6183.0,-246.0,246.0,60516.0,0.04143506821627085,False,,prod_eval_2025
2025-07-30,2025-08-10,30,Seasonal Naive,5964.0,6145.0,-181.0,181.0,32761.0,0.03034875922199866,False,,prod_eval_2025
2025-07-30,2025-08-11,30,Seasonal Naive,5477.0,5522.0,-45.0,45.0,2025.0,0.008216176739090744,False,,prod_eval_2025
2025-07-30,2025-08-12,30,Seasonal Naive,5431.0,5458.0,-27.0,27.0,729.0,0.004971460136254833,False,,prod_eval_2025
2025-07-30,2025-08-13,30,Seasonal Naive,5276.0,5604.0,-328.0,328.0,107584.0,0.0621683093252464,False,,prod_eval_2025
2025-07-30,2025-08-14,30,Seasonal Naive,5397.0,5561.0,-164.0,164.0,26896.0,0.030387252177135445,False,,prod_eval_2025
2025-07-30,2025-08-15,30,Seasonal Naive,5874.0,5534.0,340.0,340.0,115600.0,0.057882192713653385,False,,prod_eval_2025
2025-07-30,2025-08-16,30,Seasonal Naive,5955.0,6183.0,-228.0,228.0,51984.0,0.03828715365239295,False,,prod_eval_2025
2025-07-30,2025-08-17,30,Seasonal Naive,5881.0,6145.0,-264.0,264.0,69696.0,0.04489032477469818,False,,prod_eval_2025
2025-07-30,2025-08-18,30,Seasonal Naive,5304.0,5522.0,-218.0,218.0,47524.0,0.04110105580693816,False,,prod_eval_2025
2025-07-30,2025-08-19,30,Seasonal Naive,5329.0,5458.0,-129.0,129.0,16641.0,0.024207168324263464,False,,prod_eval_2025
2025-07-30,2025-08-20,30,Seasonal Naive,5321.0,5604.0,-283.0,283.0,80089.0,0.053185491448975754,False,,prod_eval_2025
2025-07-30,2025-08-21,30,Seasonal Naive,5341.0,5561.0,-220.0,220.0,48400.0,0.04119078824190227,False,,prod_eval_2025
2025-07-30,2025-08-22,30,Seasonal Naive,5323.0,5534.0,-211.0,211.0,44521.0,0.03963930114597032,False,,prod_eval_2025
2025-07-30,2025-08-23,30,Seasonal Naive,5911.0,6183.0,-272.0,272.0,73984.0,0.0460159025545593,False,,prod_eval_2025
2025-07-30,2025-08-24,30,Seasonal Naive,5796.0,6145.0,-349.0,349.0,121801.0,0.060213940648723256,False,,prod_eval_2025
2025-07-30,2025-08-25,30,Seasonal Naive,5215.0,5522.0,-307.0,307.0,94249.0,0.058868648130393095,False,,prod_eval_2025
2025-07-30,2025-08-26,30,Seasonal Naive,5236.0,5458.0,-222.0,222.0,49284.0,0.04239877769289534,False,,prod_eval_2025
2025-07-30,2025-08-27,30,Seasonal Naive,5237.0,5604.0,-367.0,367.0,134689.0,0.07007828909681116,False,,prod_eval_2025
2025-07-30,2025-08-28,30,Seasonal Naive,5239.0,5561.0,-322.0,322.0,103684.0,0.061462111089902655,False,,prod_eval_2025
2025-08-29,2025-08-29,30,Seasonal Naive,5278.0,5323.0,-45.0,45.0,2025.0,0.008525956801818871,False,,prod_eval_2025
2025-08-29,2025-08-30,30,Seasonal Naive,5807.0,5911.0,-104.0,104.0,10816.0,0.01790941966592044,False,,prod_eval_2025
2025-08-29,2025-08-31,30,Seasonal Naive,5845.0,5796.0,49.0,49.0,2401.0,0.008383233532934131,False,,prod_eval_2025
2025-08-29,2025-09-01,30,Seasonal Naive,5149.0,5215.0,-66.0,66.0,4356.0,0.012818022917071277,False,,prod_eval_2025
2025-08-29,2025-09-02,30,Seasonal Naive,5194.0,5236.0,-42.0,42.0,1764.0,0.008086253369272238,False,,prod_eval_2025
2025-08-29,2025-09-03,30,Seasonal Naive,5138.0,5237.0,-99.0,99.0,9801.0,0.019268197742312185,False,,prod_eval_2025
2025-08-29,2025-09-04,30,Seasonal Naive,5089.0,5239.0,-150.0,150.0,22500.0,0.029475338966398115,False,,prod_eval_2025
2025-08-29,2025-09-05,30,Seasonal Naive,5191.0,5323.0,-132.0,132.0,17424.0,0.025428626468888462,False,,prod_eval_2025
2025-08-29,2025-09-06,30,Seasonal Naive,5714.0,5911.0,-197.0,197.0,38809.0,0.03447672383619181,False,,prod_eval_2025
2025-08-29,2025-09-07,30,Seasonal Naive,5795.0,5796.0,-1.0,1.0,1.0,0.0001725625539257981,False,,prod_eval_2025
2025-08-29,2025-09-08,30,Seasonal Naive,5023.0,5215.0,-192.0,192.0,36864.0,0.038224168823412306,False,,prod_eval_2025
2025-08-29,2025-09-09,30,Seasonal Naive,5111.0,5236.0,-125.0,125.0,15625.0,0.024457053414204656,False,,prod_eval_2025
2025-08-29,2025-09-10,30,Seasonal Naive,5110.0,5237.0,-127.0,127.0,16129.0,0.024853228962818004,False,,prod_eval_2025
2025-08-29,2025-09-11,30,Seasonal Naive,5154.0,5239.0,-85.0,85.0,7225.0,0.016492045013581685,False,,prod_eval_2025
2025-08-29,2025-09-12,30,Seasonal Naive,5055.0,5323.0,-268.0,268.0,71824.0,0.05301681503461919,False,,prod_eval_2025
2025-08-29,2025-09-13,30,Seasonal Naive,5770.0,5911.0,-141.0,141.0,19881.0,0.024436741767764298,False,,prod_eval_2025
2025-08-29,2025-09-14,30,Seasonal Naive,5721.0,5796.0,-75.0,75.0,5625.0,0.013109596224436287,False,,prod_eval_2025
2025-08-29,2025-09-15,30,Seasonal Naive,5054.0,5215.0,-161.0,161.0,25921.0,0.03185595567867036,False,,prod_eval_2025
2025-08-29,2025-09-16,30,Seasonal Naive,5121.0,5236.0,-115.0,115.0,13225.0,0.022456551454793985,False,,prod_eval_2025
2025-08-29,2025-09-17,30,Seasonal Naive,4999.0,5237.0,-238.0,238.0,56644.0,0.04760952190438088,False,,prod_eval_2025
2025-08-29,2025-09-18,30,Seasonal Naive,5016.0,5239.0,-223.0,223.0,49729.0,0.04445773524720893,False,,prod_eval_2025
2025-08-29,2025-09-19,30,Seasonal Naive,5041.0,5323.0,-282.0,282.0,79524.0,0.055941281491767504,False,,prod_eval_2025
2025-08-29,2025-09-20,30,Seasonal Naive,5594.0,5911.0,-317.0,317.0,100489.0,0.05666785841973543,False,,prod_eval_2025
2025-08-29,2025-09-21,30,Seasonal Naive,5587.0,5796.0,-209.0,209.0,43681.0,0.03740826919634867,False,,prod_eval_2025
2025-08-29,2025-09-22,30,Seasonal Naive,5020.0,5215.0,-195.0,195.0,38025.0,0.03884462151394422,False,,prod_eval_2025
2025-08-29,2025-09-23,30,Seasonal Naive,4973.0,5236.0,-263.0,263.0,69169.0,0.052885582143575305,False,,prod_eval_2025
2025-08-29,2025-09-24,30,Seasonal Naive,4972.0,5237.0,-265.0,265.0,70225.0,0.05329847144006436,False,,prod_eval_2025
2025-08-29,2025-09-25,30,Seasonal Naive,4935.0,5239.0,-304.0,304.0,92416.0,0.06160081053698075,False,,prod_eval_2025
2025-08-29,2025-09-26,30,Seasonal Naive,5050.0,5323.0,-273.0,273.0,74529.0,0.05405940594059406,False,,prod_eval_2025
2025-08-29,2025-09-27,30,Seasonal Naive,5590.0,5911.0,-321.0,321.0,103041.0,0.05742397137745975,False,,prod_eval_2025
2025-09-28,2025-09-28,30,Seasonal Naive,5607.0,5587.0,20.0,20.0,400.0,0.0035669698591046907,False,,prod_eval_2025
2025-09-28,2025-09-29,30,Seasonal Naive,4991.0,5020.0,-29.0,29.0,841.0,0.005810458825886596,False,,prod_eval_2025
2025-09-28,2025-09-30,30,Seasonal Naive,4938.0,4973.0,-35.0,35.0,1225.0,0.007087889833940867,False,,prod_eval_2025
2025-09-28,2025-10-01,30,Seasonal Naive,4947.0,4972.0,-25.0,25.0,625.0,0.00505356781888013,False,,prod_eval_2025
2025-09-28,2025-10-02,30,Seasonal Naive,5361.0,4935.0,426.0,426.0,181476.0,0.07946278679350867,False,,prod_eval_2025
2025-09-28,2025-10-03,30,Seasonal Naive,4950.0,5050.0,-100.0,100.0,10000.0,0.020202020202020204,False,,prod_eval_2025
2025-09-28,2025-10-04,30,Seasonal Naive,5563.0,5590.0,-27.0,27.0,729.0,0.004853496314937983,False,,prod_eval_2025
2025-09-28,2025-10-05,30,Seasonal Naive,5542.0,5587.0,-45.0,45.0,2025.0,0.00811981234211476,False,,prod_eval_2025
2025-09-28,2025-10-06,30,Seasonal Naive,4913.0,5020.0,-107.0,107.0,11449.0,0.02177895379605129,False,,prod_eval_2025
2025-09-28,2025-10-07,30,Seasonal Naive,4890.0,4973.0,-83.0,83.0,6889.0,0.016973415132924337,False,,prod_eval_2025
2025-09-28,2025-10-08,30,Seasonal Naive,4898.0,4972.0,-74.0,74.0,5476.0,0.015108207431604737,False,,prod_eval_2025
2025-09-28,2025-10-09,30,Seasonal Naive,4836.0,4935.0,-99.0,99.0,9801.0,0.020471464019851116,False,,prod_eval_2025
2025-09-28,2025-10-10,30,Seasonal Naive,4863.0,5050.0,-187.0,187.0,34969.0,0.03845362944684351,False,,prod_eval_2025
2025-09-28,2025-10-11,30,Seasonal Naive,5414.0,5590.0,-176.0,176.0,30976.0,0.03250831178426302,False,,prod_eval_2025
2025-09-28,2025-10-12,30,Seasonal Naive,5562.0,5587.0,-25.0,25.0,625.0,0.004494786048184107,False,,prod_eval_2025
2025-09-28,2025-10-13,30,Seasonal Naive,4925.0,5020.0,-95.0,95.0,9025.0,0.019289340101522844,False,,prod_eval_2025
2025-09-28,2025-10-14,30,Seasonal Naive,4887.0,4973.0,-86.0,86.0,7396.0,0.017597708205443013,False,,prod_eval_2025
2025-09-28,2025-10-15,30,Seasonal Naive,4900.0,4972.0,-72.0,72.0,5184.0,0.014693877551020407,False,,prod_eval_2025
2025-09-28,2025-10-16,30,Seasonal Naive,4903.0,4935.0,-32.0,32.0,1024.0,0.006526616357332245,False,,prod_eval_2025
2025-09-28,2025-10-17,30,Seasonal Naive,4816.0,5050.0,-234.0,234.0,54756.0,0.048588039867109634,False,,prod_eval_2025
2025-09-28,2025-10-18,30,Seasonal Naive,5549.0,5590.0,-41.0,41.0,1681.0,0.007388718688051901,False,,prod_eval_2025
2025-09-28,2025-10-19,30,Seasonal Naive,5461.0,5587.0,-126.0,126.0,15876.0,0.023072697308185314,False,,prod_eval_2025
2025-09-28,2025-10-20,30,Seasonal Naive,4797.0,5020.0,-223.0,223.0,49729.0,0.04648738795080259,False,,prod_eval_2025
2025-09-28,2025-10-21,30,Seasonal Naive,4918.0,4973.0,-55.0,55.0,3025.0,0.011183407889385929,False,,prod_eval_2025
2025-09-28,2025-10-22,30,Seasonal Naive,4892.0,4972.0,-80.0,80.0,6400.0,0.016353229762878167,False,,prod_eval_2025
2025-09-28,2025-10-23,30,Seasonal Naive,4871.0,4935.0,-64.0,64.0,4096.0,0.013138985834530896,False,,prod_eval_2025
2025-09-28,2025-10-24,30,Seasonal Naive,4871.0,5050.0,-179.0,179.0,32041.0,0.036748101005953604,False,,prod_eval_2025
2025-09-28,2025-10-25,30,Seasonal Naive,5397.0,5590.0,-193.0,193.0,37249.0,0.03576060774504354,False,,prod_eval_2025
2025-09-28,2025-10-26,30,Seasonal Naive,5412.0,5587.0,-175.0,175.0,30625.0,0.03233555062823355,False,,prod_eval_2025
2025-09-28,2025-10-27,30,Seasonal Naive,4954.0,5020.0,-66.0,66.0,4356.0,0.013322567622123537,False,,prod_eval_2025
2025-10-28,2025-10-28,30,Seasonal Naive,4918.0,4918.0,0.0,0.0,0.0,0.0,False,,prod_eval_2025
2025-10-28,2025-10-29,30,Seasonal Naive,4963.0,4892.0,71.0,71.0,5041.0,0.014305863389079186,False,,prod_eval_2025
2025-10-28,2025-10-30,30,Seasonal Naive,4926.0,4871.0,55.0,55.0,3025.0,0.011165245635403978,False,,prod_eval_2025
2025-10-28,2025-10-31,30,Seasonal Naive,4870.0,4871.0,-1.0,1.0,1.0,0.0002053388090349076,False,,prod_eval_2025
2025-10-28,2025-11-01,30,Seasonal Naive,6061.0,5397.0,664.0,664.0,440896.0,0.10955287906286092,False,,prod_eval_2025
2025-10-28,2025-11-02,30,Seasonal Naive,5435.0,5412.0,23.0,23.0,529.0,0.004231830726770929,False,,prod_eval_2025
2025-10-28,2025-11-03,30,Seasonal Naive,4940.0,4954.0,-14.0,14.0,196.0,0.002834008097165992,False,,prod_eval_2025
2025-10-28,2025-11-04,30,Seasonal Naive,4848.0,4918.0,-70.0,70.0,4900.0,0.014438943894389438,False,,prod_eval_2025
2025-10-28,2025-11-05,30,Seasonal Naive,4922.0,4892.0,30.0,30.0,900.0,0.006095083299471759,False,,prod_eval_2025
2025-10-28,2025-11-06,30,Seasonal Naive,4960.0,4871.0,89.0,89.0,7921.0,0.017943548387096775,False,,prod_eval_2025
2025-10-28,2025-11-07,30,Seasonal Naive,4834.0,4871.0,-37.0,37.0,1369.0,0.0076541166735622675,False,,prod_eval_2025
2025-10-28,2025-11-08,30,Seasonal Naive,5465.0,5397.0,68.0,68.0,4624.0,0.012442817932296431,False,,prod_eval_2025
2025-10-28,2025-11-09,30,Seasonal Naive,5463.0,5412.0,51.0,51.0,2601.0,0.009335529928610654,False,,prod_eval_2025
2025-10-28,2025-11-10,30,Seasonal Naive,4940.0,4954.0,-14.0,14.0,196.0,0.002834008097165992,False,,prod_eval_2025
2025-10-28,2025-11-11,30,Seasonal Naive,4916.0,4918.0,-2.0,2.0,4.0,0.0004068348250610252,False,,prod_eval_2025
2025-10-28,2025-11-12,30,Seasonal Naive,4924.0,4892.0,32.0,32.0,1024.0,0.006498781478472786,False,,prod_eval_2025
2025-10-28,2025-11-13,30,Seasonal Naive,4906.0,4871.0,35.0,35.0,1225.0,0.007134121483897269,False,,prod_eval_2025
2025-10-28,2025-11-14,30,Seasonal Naive,4967.0,4871.0,96.0,96.0,9216.0,0.01932756190859674,False,,prod_eval_2025
2025-10-28,2025-11-15,30,Seasonal Naive,5499.0,5397.0,102.0,102.0,10404.0,0.018548827059465357,False,,prod_eval_2025
2025-10-28,2025-11-16,30,Seasonal Naive,5603.0,5412.0,191.0,191.0,36481.0,0.034088880956630374,False,,prod_eval_2025
2025-10-28,2025-11-17,30,Seasonal Naive,4982.0,4954.0,28.0,28.0,784.0,0.005620232838217583,False,,prod_eval_2025
2025-10-28,2025-11-18,30,Seasonal Naive,4923.0,4918.0,5.0,5.0,25.0,0.0010156408693885843,False,,prod_eval_2025
2025-10-28,2025-11-19,30,Seasonal Naive,4930.0,4892.0,38.0,38.0,1444.0,0.007707910750507099,False,,prod_eval_2025
2025-10-28,2025-11-20,30,Seasonal Naive,6006.0,4871.0,1135.0,1135.0,1288225.0,0.188977688977689,False,,prod_eval_2025
2025-10-28,2025-11-21,30,Seasonal Naive,5953.0,4871.0,1082.0,1082.0,1170724.0,0.18175709726188477,False,,prod_eval_2025
2025-10-28,2025-11-22,30,Seasonal Naive,6701.0,5397.0,1304.0,1304.0,1700416.0,0.1945978212207133,False,,prod_eval_2025
2025-10-28,2025-11-23,30,Seasonal Naive,6595.0,5412.0,1183.0,1183.0,1399489.0,0.17937831690674755,False,,prod_eval_2025
2025-10-28,2025-11-24,30,Seasonal Naive,6013.0,4954.0,1059.0,1059.0,1121481.0,0.17611841011142523,False,,prod_eval_2025
2025-10-28,2025-11-25,30,Seasonal Naive,5906.0,4918.0,988.0,988.0,976144.0,0.1672875042329834,False,,prod_eval_2025
2025-10-28,2025-11-26,30,Seasonal Naive,6038.0,4892.0,1146.0,1146.0,1313316.0,0.18979794633984765,False,,prod_eval_2025
2025-11-27,2025-11-27,30,Seasonal Naive,6079.0,6006.0,73.0,73.0,5329.0,0.012008554038493173,False,,prod_eval_2025
2025-11-27,2025-11-28,30,Seasonal Naive,5989.0,5953.0,36.0,36.0,1296.0,0.006011020203706796,False,,prod_eval_2025
2025-11-27,2025-11-29,30,Seasonal Naive,6773.0,6701.0,72.0,72.0,5184.0,0.01063044441163443,False,,prod_eval_2025
2025-11-27,2025-11-30,30,Seasonal Naive,6552.0,6595.0,-43.0,43.0,1849.0,0.006562881562881563,False,,prod_eval_2025
2025-11-27,2025-12-01,30,Seasonal Naive,4950.0,6013.0,-1063.0,1063.0,1129969.0,0.21474747474747474,False,,prod_eval_2025
2025-11-27,2025-12-02,30,Seasonal Naive,5035.0,5906.0,-871.0,871.0,758641.0,0.17298907646474676,False,,prod_eval_2025
2025-11-27,2025-12-03,30,Seasonal Naive,4956.0,6038.0,-1082.0,1082.0,1170724.0,0.21832122679580307,False,,prod_eval_2025
2025-11-27,2025-12-04,30,Seasonal Naive,5004.0,6006.0,-1002.0,1002.0,1004004.0,0.20023980815347722,False,,prod_eval_2025
2025-11-27,2025-12-05,30,Seasonal Naive,4923.0,5953.0,-1030.0,1030.0,1060900.0,0.20922201909404833,False,,prod_eval_2025
2025-11-27,2025-12-06,30,Seasonal Naive,5617.0,6701.0,-1084.0,1084.0,1175056.0,0.1929855794908314,False,,prod_eval_2025
2025-11-27,2025-12-07,30,Seasonal Naive,5671.0,6595.0,-924.0,924.0,853776.0,0.16293422676776584,False,,prod_eval_2025
2025-11-27,2025-12-08,30,Seasonal Naive,5040.0,6013.0,-973.0,973.0,946729.0,0.19305555555555556,False,,prod_eval_2025
2025-11-27,2025-12-09,30,Seasonal Naive,5064.0,5906.0,-842.0,842.0,708964.0,0.16627172195892576,False,,prod_eval_2025
2025-11-27,2025-12-10,30,Seasonal Naive,5020.0,6038.0,-1018.0,1018.0,1036324.0,0.20278884462151395,False,,prod_eval_2025
2025-11-27,2025-12-11,30,Seasonal Naive,5062.0,6006.0,-944.0,944.0,891136.0,0.18648755432635322,False,,prod_eval_2025
2025-11-27,2025-12-12,30,Seasonal Naive,5014.0,5953.0,-939.0,939.0,881721.0,0.18727562824092542,False,,prod_eval_2025
2025-11-27,2025-12-13,30,Seasonal Naive,5771.0,6701.0,-930.0,930.0,864900.0,0.16115058048865014,False,,prod_eval_2025
2025-11-27,2025-12-14,30,Seasonal Naive,5605.0,6595.0,-990.0,990.0,980100.0,0.17662801070472792,False,,prod_eval_2025
2025-11-27,2025-12-15,30,Seasonal Naive,5084.0,6013.0,-929.0,929.0,863041.0,0.18273013375295044,False,,prod_eval_2025
2025-11-27,2025-12-16,30,Seasonal Naive,5050.0,5906.0,-856.0,856.0,732736.0,0.16950495049504952,False,,prod_eval_2025
2025-11-27,2025-12-17,30,Seasonal Naive,5218.0,6038.0,-820.0,820.0,672400.0,0.15714833269451897,False,,prod_eval_2025
2025-11-27,2025-12-18,30,Seasonal Naive,5177.0,6006.0,-829.0,829.0,687241.0,0.16013135020282016,False,,prod_eval_2025
2025-11-27,2025-12-19,30,Seasonal Naive,5175.0,5953.0,-778.0,778.0,605284.0,0.15033816425120772,False,,prod_eval_2025
2025-11-27,2025-12-20,30,Seasonal Naive,5666.0,6701.0,-1035.0,1035.0,1071225.0,0.1826685492410872,False,,prod_eval_2025
2025-11-27,2025-12-21,30,Seasonal Naive,5765.0,6595.0,-830.0,830.0,688900.0,0.14397224631396358,False,,prod_eval_2025
2025-11-27,2025-12-22,30,Seasonal Naive,5075.0,6013.0,-938.0,938.0,879844.0,0.18482758620689654,False,,prod_eval_2025
2025-11-27,2025-12-23,30,Seasonal Naive,5200.0,5906.0,-706.0,706.0,498436.0,0.13576923076923078,False,,prod_eval_2025
2025-11-27,2025-12-24,30,Seasonal Naive,5158.0,6038.0,-880.0,880.0,774400.0,0.17060876308646764,False,,prod_eval_2025
2025-11-27,2025-12-25,30,Seasonal Naive,5721.0,6006.0,-285.0,285.0,81225.0,0.04981646565285789,False,,prod_eval_2025
2025-11-27,2025-12-26,30,Seasonal Naive,5181.0,5953.0,-772.0,772.0,595984.0,0.14900598340088786,False,,prod_eval_2025
2025-12-27,2025-12-27,30,Seasonal Naive,5822.0,5666.0,156.0,156.0,24336.0,0.02679491583648231,False,,prod_eval_2025
2025-12-27,2025-12-28,30,Seasonal Naive,5839.0,5765.0,74.0,74.0,5476.0,0.012673402979962322,False,,prod_eval_2025
2025-12-27,2025-12-29,30,Seasonal Naive,5255.0,5075.0,180.0,180.0,32400.0,0.03425309229305423,False,,prod_eval_2025
2025-12-27,2025-12-30,30,Seasonal Naive,5293.0,5200.0,93.0,93.0,8649.0,0.017570375968259964,False,,prod_eval_2025
2025-12-27,2025-12-31,30,Seasonal Naive,5189.0,5158.0,31.0,31.0,961.0,0.005974176141838505,False,,prod_eval_2025
2025-01-01,2025-01-01,90,Seasonal Naive,5031.0,5484.0,-453.0,453.0,205209.0,0.0900417412045319,False,,prod_eval_2025
2025-01-01,2025-01-02,90,Seasonal Naive,5003.0,5033.0,-30.0,30.0,900.0,0.005996402158704777,False,,prod_eval_2025
2025-01-01,2025-01-03,90,Seasonal Naive,5134.0,4981.0,153.0,153.0,23409.0,0.029801324503311258,False,,prod_eval_2025
2025-01-01,2025-01-04,90,Seasonal Naive,5747.0,5588.0,159.0,159.0,25281.0,0.027666608665390637,False,,prod_eval_2025
2025-01-01,2025-01-05,90,Seasonal Naive,5664.0,5579.0,85.0,85.0,7225.0,0.015007062146892656,False,,prod_eval_2025
2025-01-01,2025-01-06,90,Seasonal Naive,5082.0,5062.0,20.0,20.0,400.0,0.003935458480913027,False,,prod_eval_2025
2025-01-01,2025-01-07,90,Seasonal Naive,5134.0,5059.0,75.0,75.0,5625.0,0.01460849240358395,False,,prod_eval_2025
2025-01-01,2025-01-08,90,Seasonal Naive,5130.0,5484.0,-354.0,354.0,125316.0,0.06900584795321638,False,,prod_eval_2025
2025-01-01,2025-01-09,90,Seasonal Naive,5101.0,5033.0,68.0,68.0,4624.0,0.013330719466771222,False,,prod_eval_2025
2025-01-01,2025-01-10,90,Seasonal Naive,5136.0,4981.0,155.0,155.0,24025.0,0.030179127725856698,False,,prod_eval_2025
2025-01-01,2025-01-11,90,Seasonal Naive,5770.0,5588.0,182.0,182.0,33124.0,0.03154246100519931,False,,prod_eval_2025
2025-01-01,2025-01-12,90,Seasonal Naive,5723.0,5579.0,144.0,144.0,20736.0,0.025161628516512317,False,,prod_eval_2025
2025-01-01,2025-01-13,90,Seasonal Naive,5242.0,5062.0,180.0,180.0,32400.0,0.0343380389164441,False,,prod_eval_2025
2025-01-01,2025-01-14,90,Seasonal Naive,5138.0,5059.0,79.0,79.0,6241.0,0.015375632541845076,False,,prod_eval_2025
2025-01-01,2025-01-15,90,Seasonal Naive,5210.0,5484.0,-274.0,274.0,75076.0,0.05259117082533589,False,,prod_eval_2025
2025-01-01,2025-01-16,90,Seasonal Naive,5234.0,5033.0,201.0,201.0,40401.0,0.038402751241880015,False,,prod_eval_2025
2025-01-01,2025-01-17,90,Seasonal Naive,5220.0,4981.0,239.0,239.0,57121.0,0.04578544061302682,False,,prod_eval_2025
2025-01-01,2025-01-18,90,Seasonal Naive,5928.0,5588.0,340.0,340.0,115600.0,0.05735492577597841,False,,prod_eval_2025
2025-01-01,2025-01-19,90,Seasonal Naive,5903.0,5579.0,324.0,324.0,104976.0,0.05488734541758428,False,,prod_eval_2025
2025-01-01,2025-01-20,90,Seasonal Naive,5226.0,5062.0,164.0,164.0,26896.0,0.03138155376961347,False,,prod_eval_2025
2025-01-01,2025-01-21,90,Seasonal Naive,5313.0,5059.0,254.0,254.0,64516.0,0.047807265198569544,False,,prod_eval_2025
2025-01-01,2025-01-22,90,Seasonal Naive,5275.0,5484.0,-209.0,209.0,43681.0,0.03962085308056872,False,,prod_eval_2025
2025-01-01,2025-01-23,90,Seasonal Naive,5356.0,5033.0,323.0,323.0,104329.0,0.06030619865571322,False,,prod_eval_2025
2025-01-01,2025-01-24,90,Seasonal Naive,5414.0,4981.0,433.0,433.0,187489.0,0.07997783524196528,False,,prod_eval_2025
2025-01-01,2025-01-25,90,Seasonal Naive,5935.0,5588.0,347.0,347.0,120409.0,0.05846672283066554,False,,prod_eval_2025
2025-01-01,2025-01-26,90,Seasonal Naive,6470.0,5579.0,891.0,891.0,793881.0,0.13771251931993816,False,,prod_eval_2025
2025-01-01,2025-01-27,90,Seasonal Naive,5410.0,5062.0,348.0,348.0,121104.0,0.06432532347504621,False,,prod_eval_2025
2025-01-01,2025-01-28,90,Seasonal Naive,5373.0,5059.0,314.0,314.0,98596.0,0.05844034989763633,False,,prod_eval_2025
2025-01-01,2025-01-29,90,Seasonal Naive,5327.0,5484.0,-157.0,157.0,24649.0,0.02947249859207809,False,,prod_eval_2025
2025-01-01,2025-01-30,90,Seasonal Naive,5379.0,5033.0,346.0,346.0,119716.0,0.06432422383342629,False,,prod_eval_2025
2025-01-01,2025-01-31,90,Seasonal Naive,5334.0,4981.0,353.0,353.0,124609.0,0.06617922759655043,False,,prod_eval_2025
2025-01-01,2025-02-01,90,Seasonal Naive,5977.0,5588.0,389.0,389.0,151321.0,0.06508281746695667,False,,prod_eval_2025
2025-01-01,2025-02-02,90,Seasonal Naive,6061.0,5579.0,482.0,482.0,232324.0,0.07952483088599241,False,,prod_eval_2025
2025-01-01,2025-02-03,90,Seasonal Naive,5536.0,5062.0,474.0,474.0,224676.0,0.085621387283237,False,,prod_eval_2025
2025-01-01,2025-02-04,90,Seasonal Naive,5354.0,5059.0,295.0,295.0,87025.0,0.055098991408292865,False,,prod_eval_2025
2025-01-01,2025-02-05,90,Seasonal Naive,5458.0,5484.0,-26.0,26.0,676.0,0.004763649688530597,False,,prod_eval_2025
2025-01-01,2025-02-06,90,Seasonal Naive,5543.0,5033.0,510.0,510.0,260100.0,0.09200793793974382,False,,prod_eval_2025
2025-01-01,2025-02-07,90,Seasonal Naive,5515.0,4981.0,534.0,534.0,285156.0,0.09682683590208523,False,,prod_eval_2025
2025-01-01,2025-02-08,90,Seasonal Naive,6178.0,5588.0,590.0,590.0,348100.0,0.09550016186468113,False,,prod_eval_2025
2025-01-01,2025-02-09,90,Seasonal Naive,6169.0,5579.0,590.0,590.0,348100.0,0.09563948776138759,False,,prod_eval_2025
2025-01-01,2025-02-10,90,Seasonal Naive,5467.0,5062.0,405.0,405.0,164025.0,0.07408084872873605,False,,prod_eval_2025
2025-01-01,2025-02-11,90,Seasonal Naive,5441.0,5059.0,382.0,382.0,145924.0,0.07020768241132144,False,,prod_eval_2025
2025-01-01,2025-02-12,90,Seasonal Naive,5546.0,5484.0,62.0,62.0,3844.0,0.011179228272628922,False,,prod_eval_2025
2025-01-01,2025-02-13,90,Seasonal Naive,5591.0,5033.0,558.0,558.0,311364.0,0.09980325523162226,False,,prod_eval_2025
2025-01-01,2025-02-14,90,Seasonal Naive,5496.0,4981.0,515.0,515.0,265225.0,0.09370451237263465,False,,prod_eval_2025
2025-01-01,2025-02-15,90,Seasonal Naive,6235.0,5588.0,647.0,647.0,418609.0,0.10376904570970329,False,,prod_eval_2025
2025-01-01,2025-02-16,90,Seasonal Naive,6249.0,5579.0,670.0,670.0,448900.0,0.10721715474475917,False,,prod_eval_2025
2025-01-01,2025-02-17,90,Seasonal Naive,5555.0,5062.0,493.0,493.0,243049.0,0.08874887488748875,False,,prod_eval_2025
2025-01-01,2025-02-18,90,Seasonal Naive,5620.0,5059.0,561.0,561.0,314721.0,0.0998220640569395,False,,prod_eval_2025
2025-01-01,2025-02-19,90,Seasonal Naive,5634.0,5484.0,150.0,150.0,22500.0,0.026624068157614485,False,,prod_eval_2025
2025-01-01,2025-02-20,90,Seasonal Naive,5663.0,5033.0,630.0,630.0,396900.0,0.11124845488257108,False,,prod_eval_2025
2025-01-01,2025-02-21,90,Seasonal Naive,5654.0,4981.0,673.0,673.0,452929.0,0.11903077467279802,False,,prod_eval_2025
2025-01-01,2025-02-22,90,Seasonal Naive,6461.0,5588.0,873.0,873.0,762129.0,0.13511840272403652,False,,prod_eval_2025
2025-01-01,2025-02-23,90,Seasonal Naive,6417.0,5579.0,838.0,838.0,702244.0,0.13059061866916005,False,,prod_eval_2025
2025-01-01,2025-02-24,90,Seasonal Naive,5682.0,5062.0,620.0,620.0,384400.0,0.1091165082717353,False,,prod_eval_2025
2025-01-01,2025-02-25,90,Seasonal Naive,5661.0,5059.0,602.0,602.0,362404.0,0.10634163575340046,False,,prod_eval_2025
2025-01-01,2025-02-26,90,Seasonal Naive,5708.0,5484.0,224.0,224.0,50176.0,0.039243167484232656,False,,prod_eval_2025
2025-01-01,2025-02-27,90,Seasonal Naive,5781.0,5033.0,748.0,748.0,559504.0,0.12938937900017297,False,,prod_eval_2025
2025-01-01,2025-02-28,90,Seasonal Naive,5729.0,4981.0,748.0,748.0,559504.0,0.13056379821958458,False,,prod_eval_2025
2025-01-01,2025-03-01,90,Seasonal Naive,7664.0,5588.0,2076.0,2076.0,4309776.0,0.2708768267223382,False,,prod_eval_2025
2025-01-01,2025-03-02,90,Seasonal Naive,7544.0,5579.0,1965.0,1965.0,3861225.0,0.26047189819724287,False,,prod_eval_2025
2025-01-01,2025-03-03,90,Seasonal Naive,6799.0,5062.0,1737.0,1737.0,3017169.0,0.25547874687454036,False,,prod_eval_2025
2025-01-01,2025-03-04,90,Seasonal Naive,6858.0,5059.0,1799.0,1799.0,3236401.0,0.26232137649460485,False,,prod_eval_2025
2025-01-01,2025-03-05,90,Seasonal Naive,7056.0,5484.0,1572.0,1572.0,2471184.0,0.2227891156462585,False,,prod_eval_2025
2025-01-01,2025-03-06,90,Seasonal Naive,6920.0,5033.0,1887.0,1887.0,3560769.0,0.2726878612716763,False,,prod_eval_2025
2025-01-01,2025-03-07,90,Seasonal Naive,6930.0,4981.0,1949.0,1949.0,3798601.0,0.28124098124098124,False,,prod_eval_2025
2025-01-01,2025-03-08,90,Seasonal Naive,6573.0,5588.0,985.0,985.0,970225.0,0.14985546934428723,False,,prod_eval_2025
2025-01-01,2025-03-09,90,Seasonal Naive,6463.0,5579.0,884.0,884.0,781456.0,0.13677858579606994,False,,prod_eval_2025
2025-01-01,2025-03-10,90,Seasonal Naive,5884.0,5062.0,822.0,822.0,675684.0,0.1397008837525493,False,,prod_eval_2025
2025-01-01,2025-03-11,90,Seasonal Naive,5797.0,5059.0,738.0,738.0,544644.0,0.12730722787648785,False,,prod_eval_2025
2025-01-01,2025-03-12,90,Seasonal Naive,5837.0,5484.0,353.0,353.0,124609.0,0.06047627205756382,False,,prod_eval_2025
2025-01-01,2025-03-13,90,Seasonal Naive,5863.0,5033.0,830.0,830.0,688900.0,0.14156575132184887,False,,prod_eval_2025
2025-01-01,2025-03-14,90,Seasonal Naive,5857.0,4981.0,876.0,876.0,767376.0,0.1495646235274031,False,,prod_eval_2025
2025-01-01,2025-03-15,90,Seasonal Naive,6630.0,5588.0,1042.0,1042.0,1085764.0,0.15716440422322775,False,,prod_eval_2025
2025-01-01,2025-03-16,90,Seasonal Naive,6504.0,5579.0,925.0,925.0,855625.0,0.142220172201722,False,,prod_eval_2025
2025-01-01,2025-03-17,90,Seasonal Naive,5941.0,5062.0,879.0,879.0,772641.0,0.14795488974920046,False,,prod_eval_2025
2025-01-01,2025-03-18,90,Seasonal Naive,5868.0,5059.0,809.0,809.0,654481.0,0.13786639400136333,False,,prod_eval_2025
2025-01-01,2025-03-19,90,Seasonal Naive,5860.0,5484.0,376.0,376.0,141376.0,0.06416382252559727,False,,prod_eval_2025
2025-01-01,2025-03-20,90,Seasonal Naive,5907.0,5033.0,874.0,874.0,763876.0,0.14796004740138818,False,,prod_eval_2025
2025-01-01,2025-03-21,90,Seasonal Naive,5937.0,4981.0,956.0,956.0,913936.0,0.16102408623884115,False,,prod_eval_2025
2025-01-01,2025-03-22,90,Seasonal Naive,6673.0,5588.0,1085.0,1085.0,1177225.0,0.16259553424246964,False,,prod_eval_2025
2025-01-01,2025-03-23,90,Seasonal Naive,6642.0,5579.0,1063.0,1063.0,1129969.0,0.16004215597711532,False,,prod_eval_2025
2025-01-01,2025-03-24,90,Seasonal Naive,5909.0,5062.0,847.0,847.0,717409.0,0.14334066677948892,False,,prod_eval_2025
2025-01-01,2025-03-25,90,Seasonal Naive,5995.0,5059.0,936.0,936.0,876096.0,0.1561301084236864,False,,prod_eval_2025
2025-01-01,2025-03-26,90,Seasonal Naive,6039.0,5484.0,555.0,555.0,308025.0,0.09190263288623944,False,,prod_eval_2025
2025-01-01,2025-03-27,90,Seasonal Naive,5986.0,5033.0,953.0,953.0,908209.0,0.15920481122619445,False,,prod_eval_2025
2025-01-01,2025-03-28,90,Seasonal Naive,5945.0,4981.0,964.0,964.0,929296.0,0.16215306980656014,False,,prod_eval_2025
2025-01-01,2025-03-29,90,Seasonal Naive,6560.0,5588.0,972.0,972.0,944784.0,0.14817073170731707,False,,prod_eval_2025
2025-01-01,2025-03-30,90,Seasonal Naive,6767.0,5579.0,1188.0,1188.0,1411344.0,0.17555785429289197,False,,prod_eval_2025
2025-01-01,2025-03-31,90,Seasonal Naive,6049.0,5062.0,987.0,987.0,974169.0,0.1631674656968094,False,,prod_eval_2025
2025-04-01,2025-04-01,90,Seasonal Naive,5999.0,5995.0,4.0,4.0,16.0,0.0006667777962993832,False,,prod_eval_2025
2025-04-01,2025-04-02,90,Seasonal Naive,5956.0,6039.0,-83.0,83.0,6889.0,0.013935527199462727,False,,prod_eval_2025
2025-04-01,2025-04-03,90,Seasonal Naive,6014.0,5986.0,28.0,28.0,784.0,0.004655803126039242,False,,prod_eval_2025
2025-04-01,2025-04-04,90,Seasonal Naive,6046.0,5945.0,101.0,101.0,10201.0,0.016705259675818724,False,,prod_eval_2025
2025-04-01,2025-04-05,90,Seasonal Naive,6741.0,6560.0,181.0,181.0,32761.0,0.026850615635662364,False,,prod_eval_2025
2025-04-01,2025-04-06,90,Seasonal Naive,6707.0,6767.0,-60.0,60.0,3600.0,0.008945877441479051,False,,prod_eval_2025
2025-04-01,2025-04-07,90,Seasonal Naive,5940.0,6049.0,-109.0,109.0,11881.0,0.01835016835016835,False,,prod_eval_2025
2025-04-01,2025-04-08,90,Seasonal Naive,6020.0,5995.0,25.0,25.0,625.0,0.004152823920265781,False,,prod_eval_2025
2025-04-01,2025-04-09,90,Seasonal Naive,6006.0,6039.0,-33.0,33.0,1089.0,0.005494505494505495,False,,prod_eval_2025
2025-04-01,2025-04-10,90,Seasonal Naive,6023.0,5986.0,37.0,37.0,1369.0,0.0061431180474846424,False,,prod_eval_2025
2025-04-01,2025-04-11,90,Seasonal Naive,6085.0,5945.0,140.0,140.0,19600.0,0.023007395234182416,False,,prod_eval_2025
2025-04-01,2025-04-12,90,Seasonal Naive,6779.0,6560.0,219.0,219.0,47961.0,0.03230564980085558,False,,prod_eval_2025
2025-04-01,2025-04-13,90,Seasonal Naive,6833.0,6767.0,66.0,66.0,4356.0,0.009659007756475926,False,,prod_eval_2025
2025-04-01,2025-04-14,90,Seasonal Naive,5984.0,6049.0,-65.0,65.0,4225.0,0.010862299465240642,False,,prod_eval_2025
2025-04-01,2025-04-15,90,Seasonal Naive,6035.0,5995.0,40.0,40.0,1600.0,0.006628003314001657,False,,prod_eval_2025
2025-04-01,2025-04-16,90,Seasonal Naive,6096.0,6039.0,57.0,57.0,3249.0,0.009350393700787402,False,,prod_eval_2025
2025-04-01,2025-04-17,90,Seasonal Naive,6175.0,5986.0,189.0,189.0,35721.0,0.03060728744939271,False,,prod_eval_2025
2025-04-01,2025-04-18,90,Seasonal Naive,6139.0,5945.0,194.0,194.0,37636.0,0.03160123798664278,False,,prod_eval_2025
2025-04-01,2025-04-19,90,Seasonal Naive,6879.0,6560.0,319.0,319.0,101761.0,0.046373019334205554,False,,prod_eval_2025
2025-04-01,2025-04-20,90,Seasonal Naive,6757.0,6767.0,-10.0,10.0,100.0,0.001479946721918011,False,,prod_eval_2025
2025-04-01,2025-04-21,90,Seasonal Naive,6144.0,6049.0,95.0,95.0,9025.0,0.015462239583333334,False,,prod_eval_2025
2025-04-01,2025-04-22,90,Seasonal Naive,6169.0,5995.0,174.0,174.0,30276.0,0.028205543848273625,False,,prod_eval_2025
2025-04-01,2025-04-23,90,Seasonal Naive,6098.0,6039.0,59.0,59.0,3481.0,0.009675303378156773,False,,prod_eval_2025
2025-04-01,2025-04-24,90,Seasonal Naive,6109.0,5986.0,123.0,123.0,15129.0,0.020134228187919462,False,,prod_eval_2025
2025-04-01,2025-04-25,90,Seasonal Naive,6053.0,5945.0,108.0,108.0,11664.0,0.01784239220221378,False,,prod_eval_2025
2025-04-01,2025-04-26,90,Seasonal Naive,6866.0,6560.0,306.0,306.0,93636.0,0.04456743373143024,False,,prod_eval_2025
2025-04-01,2025-04-27,90,Seasonal Naive,6819.0,6767.0,52.0,52.0,2704.0,0.007625751576477489,False,,prod_eval_2025
2025-04-01,2025-04-28,90,Seasonal Naive,6059.0,6049.0,10.0,10.0,100.0,0.001650437365901964,False,,prod_eval_2025
2025-04-01,2025-04-29,90,Seasonal Naive,6055.0,5995.0,60.0,60.0,3600.0,0.00990916597853014,False,,prod_eval_2025
2025-04-01,2025-04-30,90,Seasonal Naive,6084.0,6039.0,45.0,45.0,2025.0,0.0073964497041420114,False,,prod_eval_2025
2025-04-01,2025-05-01,90,Seasonal Naive,6067.0,5986.0,81.0,81.0,6561.0,0.013350914784901928,False,,prod_eval_2025
2025-04-01,2025-05-02,90,Seasonal Naive,6108.0,5945.0,163.0,163.0,26569.0,0.026686313032089064,False,,prod_eval_2025
2025-04-01,2025-05-03,90,Seasonal Naive,6731.0,6560.0,171.0,171.0,29241.0,0.025404843262516713,False,,prod_eval_2025
2025-04-01,2025-05-04,90,Seasonal Naive,6854.0,6767.0,87.0,87.0,7569.0,0.012693317770644879,False,,prod_eval_2025
2025-04-01,2025-05-05,90,Seasonal Naive,6239.0,6049.0,190.0,190.0,36100.0,0.030453598333066198,False,,prod_eval_2025
2025-04-01,2025-05-06,90,Seasonal Naive,6223.0,5995.0,228.0,228.0,51984.0,0.03663827735818737,False,,prod_eval_2025
2025-04-01,2025-05-07,90,Seasonal Naive,6078.0,6039.0,39.0,39.0,1521.0,0.006416584402764067,False,,prod_eval_2025
2025-04-01,2025-05-08,90,Seasonal Naive,6109.0,5986.0,123.0,123.0,15129.0,0.020134228187919462,False,,prod_eval_2025
2025-04-01,2025-05-09,90,Seasonal Naive,6206.0,5945.0,261.0,261.0,68121.0,0.04205607476635514,False,,prod_eval_2025
2025-04-01,2025-05-10,90,Seasonal Naive,6951.0,6560.0,391.0,391.0,152881.0,0.05625089915120127,False,,prod_eval_2025
2025-04-01,2025-05-11,90,Seasonal Naive,6847.0,6767.0,80.0,80.0,6400.0,0.011683949174821089,False,,prod_eval_2025
2025-04-01,2025-05-12,90,Seasonal Naive,6070.0,6049.0,21.0,21.0,441.0,0.0034596375617792423,False,,prod_eval_2025
2025-04-01,2025-05-13,90,Seasonal Naive,6090.0,5995.0,95.0,95.0,9025.0,0.015599343185550082,False,,prod_eval_2025
2025-04-01,2025-05-14,90,Seasonal Naive,6164.0,6039.0,125.0,125.0,15625.0,0.020279039584685268,False,,prod_eval_2025
2025-04-01,2025-05-15,90,Seasonal Naive,6172.0,5986.0,186.0,186.0,34596.0,0.030136098509397278,False,,prod_eval_2025
2025-04-01,2025-05-16,90,Seasonal Naive,6132.0,5945.0,187.0,187.0,34969.0,0.03049575994781474,False,,prod_eval_2025
2025-04-01,2025-05-17,90,Seasonal Naive,6881.0,6560.0,321.0,321.0,103041.0,0.046650196192413895,False,,prod_eval_2025
2025-04-01,2025-05-18,90,Seasonal Naive,6909.0,6767.0,142.0,142.0,20164.0,0.020552902011868577,False,,prod_eval_2025
2025-04-01,2025-05-19,90,Seasonal Naive,6188.0,6049.0,139.0,139.0,19321.0,0.022462831286360698,False,,prod_eval_2025
2025-04-01,2025-05-20,90,Seasonal Naive,6090.0,5995.0,95.0,95.0,9025.0,0.015599343185550082,False,,prod_eval_2025
2025-04-01,2025-05-21,90,Seasonal Naive,6193.0,6039.0,154.0,154.0,23716.0,0.02486678507992895,False,,prod_eval_2025
2025-04-01,2025-05-22,90,Seasonal Naive,6092.0,5986.0,106.0,106.0,11236.0,0.017399868680236377,False,,prod_eval_2025
2025-04-01,2025-05-23,90,Seasonal Naive,6112.0,5945.0,167.0,167.0,27889.0,0.02732329842931937,False,,prod_eval_2025
2025-04-01,2025-05-24,90,Seasonal Naive,6875.0,6560.0,315.0,315.0,99225.0,0.04581818181818182,False,,prod_eval_2025
2025-04-01,2025-05-25,90,Seasonal Naive,6786.0,6767.0,19.0,19.0,361.0,0.002799882110226938,False,,prod_eval_2025
2025-04-01,2025-05-26,90,Seasonal Naive,6117.0,6049.0,68.0,68.0,4624.0,0.011116560405427496,False,,prod_eval_2025
2025-04-01,2025-05-27,90,Seasonal Naive,6132.0,5995.0,137.0,137.0,18769.0,0.022341813437703847,False,,prod_eval_2025
2025-04-01,2025-05-28,90,Seasonal Naive,6066.0,6039.0,27.0,27.0,729.0,0.004451038575667656,False,,prod_eval_2025
2025-04-01,2025-05-29,90,Seasonal Naive,6048.0,5986.0,62.0,62.0,3844.0,0.01025132275132275,False,,prod_eval_2025
2025-04-01,2025-05-30,90,Seasonal Naive,6206.0,5945.0,261.0,261.0,68121.0,0.04205607476635514,False,,prod_eval_2025
2025-04-01,2025-05-31,90,Seasonal Naive,6785.0,6560.0,225.0,225.0,50625.0,0.03316138540899042,False,,prod_eval_2025
2025-04-01,2025-06-01,90,Seasonal Naive,6749.0,6767.0,-18.0,18.0,324.0,0.0026670617869313973,False,,prod_eval_2025
2025-04-01,2025-06-02,90,Seasonal Naive,5965.0,6049.0,-84.0,84.0,7056.0,0.014082145850796313,False,,prod_eval_2025
2025-04-01,2025-06-03,90,Seasonal Naive,6149.0,5995.0,154.0,154.0,23716.0,0.025044722719141325,False,,prod_eval_2025
2025-04-01,2025-06-04,90,Seasonal Naive,6104.0,6039.0,65.0,65.0,4225.0,0.01064875491480996,False,,prod_eval_2025
2025-04-01,2025-06-05,90,Seasonal Naive,6013.0,5986.0,27.0,27.0,729.0,0.004490271079328123,False,,prod_eval_2025
2025-04-01,2025-06-06,90,Seasonal Naive,6002.0,5945.0,57.0,57.0,3249.0,0.009496834388537155,False,,prod_eval_2025
2025-04-01,2025-06-07,90,Seasonal Naive,6768.0,6560.0,208.0,208.0,43264.0,0.030732860520094562,False,,prod_eval_2025
2025-04-01,2025-06-08,90,Seasonal Naive,6825.0,6767.0,58.0,58.0,3364.0,0.008498168498168498,False,,prod_eval_2025
2025-04-01,2025-06-09,90,Seasonal Naive,6064.0,6049.0,15.0,15.0,225.0,0.002473614775725594,False,,prod_eval_2025
2025-04-01,2025-06-10,90,Seasonal Naive,6053.0,5995.0,58.0,58.0,3364.0,0.009582025441929622,False,,prod_eval_2025
2025-04-01,2025-06-11,90,Seasonal Naive,6046.0,6039.0,7.0,7.0,49.0,0.0011577902745616936,False,,prod_eval_2025
2025-04-01,2025-06-12,90,Seasonal Naive,6156.0,5986.0,170.0,170.0,28900.0,0.02761533463287849,False,,prod_eval_2025
2025-04-01,2025-06-13,90,Seasonal Naive,6060.0,5945.0,115.0,115.0,13225.0,0.018976897689768978,False,,prod_eval_2025
2025-04-01,2025-06-14,90,Seasonal Naive,6650.0,6560.0,90.0,90.0,8100.0,0.013533834586466165,False,,prod_eval_2025
2025-04-01,2025-06-15,90,Seasonal Naive,6714.0,6767.0,-53.0,53.0,2809.0,0.007893952934167411,False,,prod_eval_2025
2025-04-01,2025-06-16,90,Seasonal Naive,5869.0,6049.0,-180.0,180.0,32400.0,0.03066962003748509,False,,prod_eval_2025
2025-04-01,2025-06-17,90,Seasonal Naive,6028.0,5995.0,33.0,33.0,1089.0,0.005474452554744526,False,,prod_eval_2025
2025-04-01,2025-06-18,90,Seasonal Naive,6031.0,6039.0,-8.0,8.0,64.0,0.001326479854087216,False,,prod_eval_2025
2025-04-01,2025-06-19,90,Seasonal Naive,5965.0,5986.0,-21.0,21.0,441.0,0.003520536462699078,False,,prod_eval_2025
2025-04-01,2025-06-20,90,Seasonal Naive,5871.0,5945.0,-74.0,74.0,5476.0,0.01260432634985522,False,,prod_eval_2025
2025-04-01,2025-06-21,90,Seasonal Naive,6666.0,6560.0,106.0,106.0,11236.0,0.0159015901590159,False,,prod_eval_2025
2025-04-01,2025-06-22,90,Seasonal Naive,6579.0,6767.0,-188.0,188.0,35344.0,0.028575771393828848,False,,prod_eval_2025
2025-04-01,2025-06-23,90,Seasonal Naive,5849.0,6049.0,-200.0,200.0,40000.0,0.034193879295606085,False,,prod_eval_2025
2025-04-01,2025-06-24,90,Seasonal Naive,6014.0,5995.0,19.0,19.0,361.0,0.003159294978383771,False,,prod_eval_2025
2025-04-01,2025-06-25,90,Seasonal Naive,6035.0,6039.0,-4.0,4.0,16.0,0.0006628003314001657,False,,prod_eval_2025
2025-04-01,2025-06-26,90,Seasonal Naive,6021.0,5986.0,35.0,35.0,1225.0,0.005812987875768145,False,,prod_eval_2025
2025-04-01,2025-06-27,90,Seasonal Naive,5886.0,5945.0,-59.0,59.0,3481.0,0.010023785253143052,False,,prod_eval_2025
2025-04-01,2025-06-28,90,Seasonal Naive,6551.0,6560.0,-9.0,9.0,81.0,0.001373836055564036,False,,prod_eval_2025
2025-04-01,2025-06-29,90,Seasonal Naive,6518.0,6767.0,-249.0,249.0,62001.0,0.03820190242405646,False,,prod_eval_2025
2025-06-30,2025-06-30,90,Seasonal Naive,5810.0,5849.0,-39.0,39.0,1521.0,0.006712564543889845,False,,prod_eval_2025
2025-06-30,2025-07-01,90,Seasonal Naive,5873.0,6014.0,-141.0,141.0,19881.0,0.02400817299506215,False,,prod_eval_2025
2025-06-30,2025-07-02,90,Seasonal Naive,5874.0,6035.0,-161.0,161.0,25921.0,0.027408920667347635,False,,prod_eval_2025
2025-06-30,2025-07-03,90,Seasonal Naive,5811.0,6021.0,-210.0,210.0,44100.0,0.036138358286009295,False,,prod_eval_2025
2025-06-30,2025-07-04,90,Seasonal Naive,5882.0,5886.0,-4.0,4.0,16.0,0.0006800408024481469,False,,prod_eval_2025
2025-06-30,2025-07-05,90,Seasonal Naive,6442.0,6551.0,-109.0,109.0,11881.0,0.016920211114560695,False,,prod_eval_2025
2025-06-30,2025-07-06,90,Seasonal Naive,6416.0,6518.0,-102.0,102.0,10404.0,0.015897755610972567,False,,prod_eval_2025
2025-06-30,2025-07-07,90,Seasonal Naive,5719.0,5849.0,-130.0,130.0,16900.0,0.0227312467214548,False,,prod_eval_2025
2025-06-30,2025-07-08,90,Seasonal Naive,5740.0,6014.0,-274.0,274.0,75076.0,0.04773519163763066,False,,prod_eval_2025
2025-06-30,2025-07-09,90,Seasonal Naive,5768.0,6035.0,-267.0,267.0,71289.0,0.04628987517337032,False,,prod_eval_2025
2025-06-30,2025-07-10,90,Seasonal Naive,5830.0,6021.0,-191.0,191.0,36481.0,0.032761578044596916,False,,prod_eval_2025
2025-06-30,2025-07-11,90,Seasonal Naive,5732.0,5886.0,-154.0,154.0,23716.0,0.026866713189113746,False,,prod_eval_2025
2025-06-30,2025-07-12,90,Seasonal Naive,6307.0,6551.0,-244.0,244.0,59536.0,0.03868717298240051,False,,prod_eval_2025
2025-06-30,2025-07-13,90,Seasonal Naive,6398.0,6518.0,-120.0,120.0,14400.0,0.018755861206627072,False,,prod_eval_2025
2025-06-30,2025-07-14,90,Seasonal Naive,5724.0,5849.0,-125.0,125.0,15625.0,0.021837875611460517,False,,prod_eval_2025
2025-06-30,2025-07-15,90,Seasonal Naive,5651.0,6014.0,-363.0,363.0,131769.0,0.0642364183330384,False,,prod_eval_2025
2025-06-30,2025-07-16,90,Seasonal Naive,5655.0,6035.0,-380.0,380.0,144400.0,0.0671971706454465,False,,prod_eval_2025
2025-06-30,2025-07-17,90,Seasonal Naive,5741.0,6021.0,-280.0,280.0,78400.0,0.04877199094234454,False,,prod_eval_2025
2025-06-30,2025-07-18,90,Seasonal Naive,5633.0,5886.0,-253.0,253.0,64009.0,0.044913900230782886,False,,prod_eval_2025
2025-06-30,2025-07-19,90,Seasonal Naive,6356.0,6551.0,-195.0,195.0,38025.0,0.03067967275015733,False,,prod_eval_2025
2025-06-30,2025-07-20,90,Seasonal Naive,6413.0,6518.0,-105.0,105.0,11025.0,0.01637299235927023,False,,prod_eval_2025
2025-06-30,2025-07-21,90,Seasonal Naive,5570.0,5849.0,-279.0,279.0,77841.0,0.05008976660682226,False,,prod_eval_2025
2025-06-30,2025-07-22,90,Seasonal Naive,5579.0,6014.0,-435.0,435.0,189225.0,0.07797096253808926,False,,prod_eval_2025
2025-06-30,2025-07-23,90,Seasonal Naive,5604.0,6035.0,-431.0,431.0,185761.0,0.07690935046395432,False,,prod_eval_2025
2025-06-30,2025-07-24,90,Seasonal Naive,5561.0,6021.0,-460.0,460.0,211600.0,0.0827189354432656,False,,prod_eval_2025
2025-06-30,2025-07-25,90,Seasonal Naive,5534.0,5886.0,-352.0,352.0,123904.0,0.06360679436212505,False,,prod_eval_2025
2025-06-30,2025-07-26,90,Seasonal Naive,6183.0,6551.0,-368.0,368.0,135424.0,0.059518033317159956,False,,prod_eval_2025
2025-06-30,2025-07-27,90,Seasonal Naive,6145.0,6518.0,-373.0,373.0,139129.0,0.060699755899104965,False,,prod_eval_2025
2025-06-30,2025-07-28,90,Seasonal Naive,5522.0,5849.0,-327.0,327.0,106929.0,0.059217674755523364,False,,prod_eval_2025
2025-06-30,2025-07-29,90,Seasonal Naive,5458.0,6014.0,-556.0,556.0,309136.0,0.1018688164162697,False,,prod_eval_2025
2025-06-30,2025-07-30,90,Seasonal Naive,5561.0,6035.0,-474.0,474.0,224676.0,0.08523646826110412,False,,prod_eval_2025
2025-06-30,2025-07-31,90,Seasonal Naive,5622.0,6021.0,-399.0,399.0,159201.0,0.07097118463180363,False,,prod_eval_2025
2025-06-30,2025-08-01,90,Seasonal Naive,6614.0,5886.0,728.0,728.0,529984.0,0.11006954944058059,False,,prod_eval_2025
2025-06-30,2025-08-02,90,Seasonal Naive,7391.0,6551.0,840.0,840.0,705600.0,0.11365173860100122,False,,prod_eval_2025
2025-06-30,2025-08-03,90,Seasonal Naive,7337.0,6518.0,819.0,819.0,670761.0,0.11162600517922856,False,,prod_eval_2025
2025-06-30,2025-08-04,90,Seasonal Naive,6591.0,5849.0,742.0,742.0,550564.0,0.11257775754817174,False,,prod_eval_2025
2025-06-30,2025-08-05,90,Seasonal Naive,6621.0,6014.0,607.0,607.0,368449.0,0.0916779942606857,False,,prod_eval_2025
2025-06-30,2025-08-06,90,Seasonal Naive,6519.0,6035.0,484.0,484.0,234256.0,0.07424451603006596,False,,prod_eval_2025
2025-06-30,2025-08-07,90,Seasonal Naive,6385.0,6021.0,364.0,364.0,132496.0,0.057008613938919345,False,,prod_eval_2025
2025-06-30,2025-08-08,90,Seasonal Naive,5468.0,5886.0,-418.0,418.0,174724.0,0.07644476956839795,False,,prod_eval_2025
2025-06-30,2025-08-09,90,Seasonal Naive,5937.0,6551.0,-614.0,614.0,376996.0,0.10341923530402561,False,,prod_eval_2025
2025-06-30,2025-08-10,90,Seasonal Naive,5964.0,6518.0,-554.0,554.0,306916.0,0.09289067739771965,False,,prod_eval_2025
2025-06-30,2025-08-11,90,Seasonal Naive,5477.0,5849.0,-372.0,372.0,138384.0,0.06792039437648348,False,,prod_eval_2025
2025-06-30,2025-08-12,90,Seasonal Naive,5431.0,6014.0,-583.0,583.0,339889.0,0.10734671331246548,False,,prod_eval_2025
2025-06-30,2025-08-13,90,Seasonal Naive,5276.0,6035.0,-759.0,759.0,576081.0,0.14385898407884762,False,,prod_eval_2025
2025-06-30,2025-08-14,90,Seasonal Naive,5397.0,6021.0,-624.0,624.0,389376.0,0.11561978877153975,False,,prod_eval_2025
2025-06-30,2025-08-15,90,Seasonal Naive,5874.0,5886.0,-12.0,12.0,144.0,0.0020429009193054137,False,,prod_eval_2025
2025-06-30,2025-08-16,90,Seasonal Naive,5955.0,6551.0,-596.0,596.0,355216.0,0.10008396305625525,False,,prod_eval_2025
2025-06-30,2025-08-17,90,Seasonal Naive,5881.0,6518.0,-637.0,637.0,405769.0,0.10831491242985887,False,,prod_eval_2025
2025-06-30,2025-08-18,90,Seasonal Naive,5304.0,5849.0,-545.0,545.0,297025.0,0.1027526395173454,False,,prod_eval_2025
2025-06-30,2025-08-19,90,Seasonal Naive,5329.0,6014.0,-685.0,685.0,469225.0,0.12854194032651528,False,,prod_eval_2025
2025-06-30,2025-08-20,90,Seasonal Naive,5321.0,6035.0,-714.0,714.0,509796.0,0.134185303514377,False,,prod_eval_2025
2025-06-30,2025-08-21,90,Seasonal Naive,5341.0,6021.0,-680.0,680.0,462400.0,0.127316981838607,False,,prod_eval_2025
2025-06-30,2025-08-22,90,Seasonal Naive,5323.0,5886.0,-563.0,563.0,316969.0,0.10576742438474544,False,,prod_eval_2025
2025-06-30,2025-08-23,90,Seasonal Naive,5911.0,6551.0,-640.0,640.0,409600.0,0.1082727118930807,False,,prod_eval_2025
2025-06-30,2025-08-24,90,Seasonal Naive,5796.0,6518.0,-722.0,722.0,521284.0,0.12456866804692891,False,,prod_eval_2025
2025-06-30,2025-08-25,90,Seasonal Naive,5215.0,5849.0,-634.0,634.0,401956.0,0.12157238734419942,False,,prod_eval_2025
2025-06-30,2025-08-26,90,Seasonal Naive,5236.0,6014.0,-778.0,778.0,605284.0,0.14858670741023683,False,,prod_eval_2025
2025-06-30,2025-08-27,90,Seasonal Naive,5237.0,6035.0,-798.0,798.0,636804.0,0.15237731525682643,False,,prod_eval_2025
2025-06-30,2025-08-28,90,Seasonal Naive,5239.0,6021.0,-782.0,782.0,611524.0,0.14926512693262073,False,,prod_eval_2025
2025-06-30,2025-08-29,90,Seasonal Naive,5278.0,5886.0,-608.0,608.0,369664.0,0.1151951496779083,False,,prod_eval_2025
2025-06-30,2025-08-30,90,Seasonal Naive,5807.0,6551.0,-744.0,744.0,553536.0,0.1281212329946616,False,,prod_eval_2025
2025-06-30,2025-08-31,90,Seasonal Naive,5845.0,6518.0,-673.0,673.0,452929.0,0.11514114627887083,False,,prod_eval_2025
2025-06-30,2025-09-01,90,Seasonal Naive,5149.0,5849.0,-700.0,700.0,490000.0,0.1359487279083317,False,,prod_eval_2025
2025-06-30,2025-09-02,90,Seasonal Naive,5194.0,6014.0,-820.0,820.0,672400.0,0.15787447054293416,False,,prod_eval_2025
2025-06-30,2025-09-03,90,Seasonal Naive,5138.0,6035.0,-897.0,897.0,804609.0,0.1745815492409498,False,,prod_eval_2025
2025-06-30,2025-09-04,90,Seasonal Naive,5089.0,6021.0,-932.0,932.0,868624.0,0.18314010611122028,False,,prod_eval_2025
2025-06-30,2025-09-05,90,Seasonal Naive,5191.0,5886.0,-695.0,695.0,483025.0,0.13388557118089,False,,prod_eval_2025
2025-06-30,2025-09-06,90,Seasonal Naive,5714.0,6551.0,-837.0,837.0,700569.0,0.14648232411620582,False,,prod_eval_2025
2025-06-30,2025-09-07,90,Seasonal Naive,5795.0,6518.0,-723.0,723.0,522729.0,0.12476272648835203,False,,prod_eval_2025
2025-06-30,2025-09-08,90,Seasonal Naive,5023.0,5849.0,-826.0,826.0,682276.0,0.16444355962572169,False,,prod_eval_2025
2025-06-30,2025-09-09,90,Seasonal Naive,5111.0,6014.0,-903.0,903.0,815409.0,0.17667775386421444,False,,prod_eval_2025
2025-06-30,2025-09-10,90,Seasonal Naive,5110.0,6035.0,-925.0,925.0,855625.0,0.18101761252446183,False,,prod_eval_2025
2025-06-30,2025-09-11,90,Seasonal Naive,5154.0,6021.0,-867.0,867.0,751689.0,0.16821885913853318,False,,prod_eval_2025
2025-06-30,2025-09-12,90,Seasonal Naive,5055.0,5886.0,-831.0,831.0,690561.0,0.16439169139465876,False,,prod_eval_2025
2025-06-30,2025-09-13,90,Seasonal Naive,5770.0,6551.0,-781.0,781.0,609961.0,0.13535528596187174,False,,prod_eval_2025
2025-06-30,2025-09-14,90,Seasonal Naive,5721.0,6518.0,-797.0,797.0,635209.0,0.13931130921167628,False,,prod_eval_2025
2025-06-30,2025-09-15,90,Seasonal Naive,5054.0,5849.0,-795.0,795.0,632025.0,0.15730114760585676,False,,prod_eval_2025
2025-06-30,2025-09-16,90,Seasonal Naive,5121.0,6014.0,-893.0,893.0,797449.0,0.17438000390548722,False,,prod_eval_2025
2025-06-30,2025-09-17,90,Seasonal Naive,4999.0,6035.0,-1036.0,1036.0,1073296.0,0.20724144828965793,False,,prod_eval_2025
2025-06-30,2025-09-18,90,Seasonal Naive,5016.0,6021.0,-1005.0,1005.0,1010025.0,0.20035885167464115,False,,prod_eval_2025
2025-06-30,2025-09-19,90,Seasonal Naive,5041.0,5886.0,-845.0,845.0,714025.0,0.16762547113667922,False,,prod_eval_2025
2025-06-30,2025-09-20,90,Seasonal Naive,5594.0,6551.0,-957.0,957.0,915849.0,0.17107615302109402,False,,prod_eval_2025
2025-06-30,2025-09-21,90,Seasonal Naive,5587.0,6518.0,-931.0,931.0,866761.0,0.1666368355110077,False,,prod_eval_2025
2025-06-30,2025-09-22,90,Seasonal Naive,5020.0,5849.0,-829.0,829.0,687241.0,0.16513944223107568,False,,prod_eval_2025
2025-06-30,2025-09-23,90,Seasonal Naive,4973.0,6014.0,-1041.0,1041.0,1083681.0,0.2093303840739996,False,,prod_eval_2025
2025-06-30,2025-09-24,90,Seasonal Naive,4972.0,6035.0,-1063.0,1063.0,1129969.0,0.21379726468222043,False,,prod_eval_2025
2025-06-30,2025-09-25,90,Seasonal Naive,4935.0,6021.0,-1086.0,1086.0,1179396.0,0.22006079027355624,False,,prod_eval_2025
2025-06-30,2025-09-26,90,Seasonal Naive,5050.0,5886.0,-836.0,836.0,698896.0,0.16554455445544555,False,,prod_eval_2025
2025-06-30,2025-09-27,90,Seasonal Naive,5590.0,6551.0,-961.0,961.0,923521.0,0.17191413237924866,False,,prod_eval_2025
2025-09-28,2025-09-28,90,Seasonal Naive,5607.0,5587.0,20.0,20.0,400.0,0.0035669698591046907,False,,prod_eval_2025
2025-09-28,2025-09-29,90,Seasonal Naive,4991.0,5020.0,-29.0,29.0,841.0,0.005810458825886596,False,,prod_eval_2025
2025-09-28,2025-09-30,90,Seasonal Naive,4938.0,4973.0,-35.0,35.0,1225.0,0.007087889833940867,False,,prod_eval_2025
2025-09-28,2025-10-01,90,Seasonal Naive,4947.0,4972.0,-25.0,25.0,625.0,0.00505356781888013,False,,prod_eval_2025
2025-09-28,2025-10-02,90,Seasonal Naive,5361.0,4935.0,426.0,426.0,181476.0,0.07946278679350867,False,,prod_eval_2025
2025-09-28,2025-10-03,90,Seasonal Naive,4950.0,5050.0,-100.0,100.0,10000.0,0.020202020202020204,False,,prod_eval_2025
2025-09-28,2025-10-04,90,Seasonal Naive,5563.0,5590.0,-27.0,27.0,729.0,0.004853496314937983,False,,prod_eval_2025
2025-09-28,2025-10-05,90,Seasonal Naive,5542.0,5587.0,-45.0,45.0,2025.0,0.00811981234211476,False,,prod_eval_2025
2025-09-28,2025-10-06,90,Seasonal Naive,4913.0,5020.0,-107.0,107.0,11449.0,0.02177895379605129,False,,prod_eval_2025
2025-09-28,2025-10-07,90,Seasonal Naive,4890.0,4973.0,-83.0,83.0,6889.0,0.016973415132924337,False,,prod_eval_2025
2025-09-28,2025-10-08,90,Seasonal Naive,4898.0,4972.0,-74.0,74.0,5476.0,0.015108207431604737,False,,prod_eval_2025
2025-09-28,2025-10-09,90,Seasonal Naive,4836.0,4935.0,-99.0,99.0,9801.0,0.020471464019851116,False,,prod_eval_2025
2025-09-28,2025-10-10,90,Seasonal Naive,4863.0,5050.0,-187.0,187.0,34969.0,0.03845362944684351,False,,prod_eval_2025
2025-09-28,2025-10-11,90,Seasonal Naive,5414.0,5590.0,-176.0,176.0,30976.0,0.03250831178426302,False,,prod_eval_2025
2025-09-28,2025-10-12,90,Seasonal Naive,5562.0,5587.0,-25.0,25.0,625.0,0.004494786048184107,False,,prod_eval_2025
2025-09-28,2025-10-13,90,Seasonal Naive,4925.0,5020.0,-95.0,95.0,9025.0,0.019289340101522844,False,,prod_eval_2025
2025-09-28,2025-10-14,90,Seasonal Naive,4887.0,4973.0,-86.0,86.0,7396.0,0.017597708205443013,False,,prod_eval_2025
2025-09-28,2025-10-15,90,Seasonal Naive,4900.0,4972.0,-72.0,72.0,5184.0,0.014693877551020407,False,,prod_eval_2025
2025-09-28,2025-10-16,90,Seasonal Naive,4903.0,4935.0,-32.0,32.0,1024.0,0.006526616357332245,False,,prod_eval_2025
2025-09-28,2025-10-17,90,Seasonal Naive,4816.0,5050.0,-234.0,234.0,54756.0,0.048588039867109634,False,,prod_eval_2025
2025-09-28,2025-10-18,90,Seasonal Naive,5549.0,5590.0,-41.0,41.0,1681.0,0.007388718688051901,False,,prod_eval_2025
2025-09-28,2025-10-19,90,Seasonal Naive,5461.0,5587.0,-126.0,126.0,15876.0,0.023072697308185314,False,,prod_eval_2025
2025-09-28,2025-10-20,90,Seasonal Naive,4797.0,5020.0,-223.0,223.0,49729.0,0.04648738795080259,False,,prod_eval_2025
2025-09-28,2025-10-21,90,Seasonal Naive,4918.0,4973.0,-55.0,55.0,3025.0,0.011183407889385929,False,,prod_eval_2025
2025-09-28,2025-10-22,90,Seasonal Naive,4892.0,4972.0,-80.0,80.0,6400.0,0.016353229762878167,False,,prod_eval_2025
2025-09-28,2025-10-23,90,Seasonal Naive,4871.0,4935.0,-64.0,64.0,4096.0,0.013138985834530896,False,,prod_eval_2025
2025-09-28,2025-10-24,90,Seasonal Naive,4871.0,5050.0,-179.0,179.0,32041.0,0.036748101005953604,False,,prod_eval_2025
2025-09-28,2025-10-25,90,Seasonal Naive,5397.0,5590.0,-193.0,193.0,37249.0,0.03576060774504354,False,,prod_eval_2025
2025-09-28,2025-10-26,90,Seasonal Naive,5412.0,5587.0,-175.0,175.0,30625.0,0.03233555062823355,False,,prod_eval_2025
2025-09-28,2025-10-27,90,Seasonal Naive,4954.0,5020.0,-66.0,66.0,4356.0,0.013322567622123537,False,,prod_eval_2025
2025-09-28,2025-10-28,90,Seasonal Naive,4918.0,4973.0,-55.0,55.0,3025.0,0.011183407889385929,False,,prod_eval_2025
2025-09-28,2025-10-29,90,Seasonal Naive,4963.0,4972.0,-9.0,9.0,81.0,0.0018134193028410237,False,,prod_eval_2025
2025-09-28,2025-10-30,90,Seasonal Naive,4926.0,4935.0,-9.0,9.0,81.0,0.0018270401948842874,False,,prod_eval_2025
2025-09-28,2025-10-31,90,Seasonal Naive,4870.0,5050.0,-180.0,180.0,32400.0,0.03696098562628337,False,,prod_eval_2025
2025-09-28,2025-11-01,90,Seasonal Naive,6061.0,5590.0,471.0,471.0,221841.0,0.07770994885332454,False,,prod_eval_2025
2025-09-28,2025-11-02,90,Seasonal Naive,5435.0,5587.0,-152.0,152.0,23104.0,0.02796688132474701,False,,prod_eval_2025
2025-09-28,2025-11-03,90,Seasonal Naive,4940.0,5020.0,-80.0,80.0,6400.0,0.016194331983805668,False,,prod_eval_2025
2025-09-28,2025-11-04,90,Seasonal Naive,4848.0,4973.0,-125.0,125.0,15625.0,0.025783828382838284,False,,prod_eval_2025
2025-09-28,2025-11-05,90,Seasonal Naive,4922.0,4972.0,-50.0,50.0,2500.0,0.010158472165786265,False,,prod_eval_2025
2025-09-28,2025-11-06,90,Seasonal Naive,4960.0,4935.0,25.0,25.0,625.0,0.005040322580645161,False,,prod_eval_2025
2025-09-28,2025-11-07,90,Seasonal Naive,4834.0,5050.0,-216.0,216.0,46656.0,0.04468349193214729,False,,prod_eval_2025
2025-09-28,2025-11-08,90,Seasonal Naive,5465.0,5590.0,-125.0,125.0,15625.0,0.022872827081427266,False,,prod_eval_2025
2025-09-28,2025-11-09,90,Seasonal Naive,5463.0,5587.0,-124.0,124.0,15376.0,0.022698151198974923,False,,prod_eval_2025
2025-09-28,2025-11-10,90,Seasonal Naive,4940.0,5020.0,-80.0,80.0,6400.0,0.016194331983805668,False,,prod_eval_2025
2025-09-28,2025-11-11,90,Seasonal Naive,4916.0,4973.0,-57.0,57.0,3249.0,0.011594792514239219,False,,prod_eval_2025
2025-09-28,2025-11-12,90,Seasonal Naive,4924.0,4972.0,-48.0,48.0,2304.0,0.00974817221770918,False,,prod_eval_2025
2025-09-28,2025-11-13,90,Seasonal Naive,4906.0,4935.0,-29.0,29.0,841.0,0.0059111292295148795,False,,prod_eval_2025
2025-09-28,2025-11-14,90,Seasonal Naive,4967.0,5050.0,-83.0,83.0,6889.0,0.01671028790014093,False,,prod_eval_2025
2025-09-28,2025-11-15,90,Seasonal Naive,5499.0,5590.0,-91.0,91.0,8281.0,0.016548463356973995,False,,prod_eval_2025
2025-09-28,2025-11-16,90,Seasonal Naive,5603.0,5587.0,16.0,16.0,256.0,0.0028556130644297696,False,,prod_eval_2025
2025-09-28,2025-11-17,90,Seasonal Naive,4982.0,5020.0,-38.0,38.0,1444.0,0.0076274588518667205,False,,prod_eval_2025
2025-09-28,2025-11-18,90,Seasonal Naive,4923.0,4973.0,-50.0,50.0,2500.0,0.010156408693885842,False,,prod_eval_2025
2025-09-28,2025-11-19,90,Seasonal Naive,4930.0,4972.0,-42.0,42.0,1764.0,0.008519269776876268,False,,prod_eval_2025
2025-09-28,2025-11-20,90,Seasonal Naive,6006.0,4935.0,1071.0,1071.0,1147041.0,0.17832167832167833,False,,prod_eval_2025
2025-09-28,2025-11-21,90,Seasonal Naive,5953.0,5050.0,903.0,903.0,815409.0,0.15168822442465985,False,,prod_eval_2025
2025-09-28,2025-11-22,90,Seasonal Naive,6701.0,5590.0,1111.0,1111.0,1234321.0,0.1657961498283838,False,,prod_eval_2025
2025-09-28,2025-11-23,90,Seasonal Naive,6595.0,5587.0,1008.0,1008.0,1016064.0,0.15284306292645944,False,,prod_eval_2025
2025-09-28,2025-11-24,90,Seasonal Naive,6013.0,5020.0,993.0,993.0,986049.0,0.16514219191751206,False,,prod_eval_2025
2025-09-28,2025-11-25,90,Seasonal Naive,5906.0,4973.0,933.0,933.0,870489.0,0.15797494073823232,False,,prod_eval_2025
2025-09-28,2025-11-26,90,Seasonal Naive,6038.0,4972.0,1066.0,1066.0,1136356.0,0.17654852600198742,False,,prod_eval_2025
2025-09-28,2025-11-27,90,Seasonal Naive,6079.0,4935.0,1144.0,1144.0,1308736.0,0.18818884684981083,False,,prod_eval_2025
2025-09-28,2025-11-28,90,Seasonal Naive,5989.0,5050.0,939.0,939.0,881721.0,0.1567874436466856,False,,prod_eval_2025
2025-09-28,2025-11-29,90,Seasonal Naive,6773.0,5590.0,1183.0,1183.0,1399489.0,0.1746641074856046,False,,prod_eval_2025
2025-09-28,2025-11-30,90,Seasonal Naive,6552.0,5587.0,965.0,965.0,931225.0,0.1472832722832723,False,,prod_eval_2025
2025-09-28,2025-12-01,90,Seasonal Naive,4950.0,5020.0,-70.0,70.0,4900.0,0.014141414141414142,False,,prod_eval_2025
2025-09-28,2025-12-02,90,Seasonal Naive,5035.0,4973.0,62.0,62.0,3844.0,0.012313803376365442,False,,prod_eval_2025
2025-09-28,2025-12-03,90,Seasonal Naive,4956.0,4972.0,-16.0,16.0,256.0,0.003228410008071025,False,,prod_eval_2025
2025-09-28,2025-12-04,90,Seasonal Naive,5004.0,4935.0,69.0,69.0,4761.0,0.013788968824940047,False,,prod_eval_2025
2025-09-28,2025-12-05,90,Seasonal Naive,4923.0,5050.0,-127.0,127.0,16129.0,0.025797278082470038,False,,prod_eval_2025
2025-09-28,2025-12-06,90,Seasonal Naive,5617.0,5590.0,27.0,27.0,729.0,0.0048068363895317785,False,,prod_eval_2025
2025-09-28,2025-12-07,90,Seasonal Naive,5671.0,5587.0,84.0,84.0,7056.0,0.014812202433433256,False,,prod_eval_2025
2025-09-28,2025-12-08,90,Seasonal Naive,5040.0,5020.0,20.0,20.0,400.0,0.003968253968253968,False,,prod_eval_2025
2025-09-28,2025-12-09,90,Seasonal Naive,5064.0,4973.0,91.0,91.0,8281.0,0.01796998420221169,False,,prod_eval_2025
2025-09-28,2025-12-10,90,Seasonal Naive,5020.0,4972.0,48.0,48.0,2304.0,0.009561752988047808,False,,prod_eval_2025
2025-09-28,2025-12-11,90,Seasonal Naive,5062.0,4935.0,127.0,127.0,16129.0,0.025088897668905572,False,,prod_eval_2025
2025-09-28,2025-12-12,90,Seasonal Naive,5014.0,5050.0,-36.0,36.0,1296.0,0.007179896290386917,False,,prod_eval_2025
2025-09-28,2025-12-13,90,Seasonal Naive,5771.0,5590.0,181.0,181.0,32761.0,0.03136371512736094,False,,prod_eval_2025
2025-09-28,2025-12-14,90,Seasonal Naive,5605.0,5587.0,18.0,18.0,324.0,0.0032114183764495987,False,,prod_eval_2025
2025-09-28,2025-12-15,90,Seasonal Naive,5084.0,5020.0,64.0,64.0,4096.0,0.012588512981904013,False,,prod_eval_2025
2025-09-28,2025-12-16,90,Seasonal Naive,5050.0,4973.0,77.0,77.0,5929.0,0.015247524752475247,False,,prod_eval_2025
2025-09-28,2025-12-17,90,Seasonal Naive,5218.0,4972.0,246.0,246.0,60516.0,0.047144499808355694,False,,prod_eval_2025
2025-09-28,2025-12-18,90,Seasonal Naive,5177.0,4935.0,242.0,242.0,58564.0,0.046745219238941475,False,,prod_eval_2025
2025-09-28,2025-12-19,90,Seasonal Naive,5175.0,5050.0,125.0,125.0,15625.0,0.024154589371980676,False,,prod_eval_2025
2025-09-28,2025-12-20,90,Seasonal Naive,5666.0,5590.0,76.0,76.0,5776.0,0.013413342746205436,False,,prod_eval_2025
2025-09-28,2025-12-21,90,Seasonal Naive,5765.0,5587.0,178.0,178.0,31684.0,0.03087597571552472,False,,prod_eval_2025
2025-09-28,2025-12-22,90,Seasonal Naive,5075.0,5020.0,55.0,55.0,3025.0,0.01083743842364532,False,,prod_eval_2025
2025-09-28,2025-12-23,90,Seasonal Naive,5200.0,4973.0,227.0,227.0,51529.0,0.043653846153846154,False,,prod_eval_2025
2025-09-28,2025-12-24,90,Seasonal Naive,5158.0,4972.0,186.0,186.0,34596.0,0.03606048856145793,False,,prod_eval_2025
2025-09-28,2025-12-25,90,Seasonal Naive,5721.0,4935.0,786.0,786.0,617796.0,0.1373885684320923,False,,prod_eval_2025
2025-09-28,2025-12-26,90,Seasonal Naive,5181.0,5050.0,131.0,131.0,17161.0,0.02528469407450299,False,,prod_eval_2025
2025-12-27,2025-12-27,90,Seasonal Naive,5822.0,5666.0,156.0,156.0,24336.0,0.02679491583648231,False,,prod_eval_2025
2025-12-27,2025-12-28,90,Seasonal Naive,5839.0,5765.0,74.0,74.0,5476.0,0.012673402979962322,False,,prod_eval_2025
2025-12-27,2025-12-29,90,Seasonal Naive,5255.0,5075.0,180.0,180.0,32400.0,0.03425309229305423,False,,prod_eval_2025
2025-12-27,2025-12-30,90,Seasonal Naive,5293.0,5200.0,93.0,93.0,8649.0,0.017570375968259964,False,,prod_eval_2025
2025-12-27,2025-12-31,90,Seasonal Naive,5189.0,5158.0,31.0,31.0,961.0,0.005974176141838505,False,,prod_eval_2025
