Date,Quantity,Sales_Amount,Profit,Promotions,Holiday_Flag,day_of_week,day_of_month,week_of_year,month,quarter,is_weekend,days_since_start,quantity_lag_1,sales_lag_1,quantity_lag_7,sales_lag_7,quantity_lag_14,sales_lag_14,quantity_lag_28,sales_lag_28,quantity_rolling_mean_7,quantity_rolling_std_7,sales_rolling_mean_7,quantity_rolling_mean_14,quantity_rolling_std_14,sales_rolling_mean_14,quantity_rolling_mean_28,quantity_rolling_std_28,sales_rolling_mean_28
2018-01-29,3842,13282797.838378416,4081518.1421411503,0,0,0,29,5,1,1,0,28,4305.0,15086694.056611031,3848.0,13293880.089958796,3820.0,13291218.535010155,3606.0,12392453.759557804,4024.285714285714,237.62836130234433,13907753.63085492,3963.5714285714284,238.41841510114236,13716544.745954867,3895.4285714285716,239.87734961255276,13472367.636943327
2018-01-30,3870,13572393.927710831,4183851.498659709,0,0,1,30,5,1,1,0,29,3842.0,13282797.838378416,3797.0,13137415.32906416,3720.0,12871015.327580037,3665.0,12710713.89474338,4023.4285714285716,238.3798489406179,13906170.452057721,3965.1428571428573,237.4699518296536,13715943.26762403,3903.8571428571427,233.38947170479975,13504165.63975835
2018-01-31,3868,13507746.677592,4159411.2782775033,0,0,2,31,5,1,1,0,30,3870.0,13572393.927710831,3858.0,13216478.123907406,3772.0,13133564.588394046,3638.0,12590143.349677589,4033.8571428571427,228.20270855201434,13968310.251864389,3975.8571428571427,228.78369264870696,13766041.739061942,3911.1785714285716,228.78909155092694,13534939.926650045
2018-02-01,3885,13500956.129349625,4145452.287293864,0,0,3,1,5,2,1,0,31,3868.0,13507746.677592,3853.0,13232073.863373736,3744.0,12848821.04239858,3692.0,12768579.230606643,4035.285714285714,226.94618619525383,14009920.045247903,3982.714285714286,223.58320721702367,13792769.031147512,3919.3928571428573,222.6647270849847,13567711.474075558
2018-02-02,3953,13578073.345313266,4172883.790846835,0,0,4,2,5,2,1,0,32,3885.0,13500956.129349625,4170.0,14378319.447684644,3760.0,13160231.5470144,3648.0,12750682.531055044,4039.8571428571427,222.94949246516705,14048331.797530174,3992.785714285714,215.01455355802838,13839350.108786872,3926.285714285714,218.30947403863738,13593867.791887807
2018-02-03,4332,15166607.52801594,4679635.622379266,0,0,5,3,5,2,1,1,33,3953.0,13578073.345313266,4339.0,15009414.505384663,4223.0,14586221.52390412,4135.0,14263844.353987982,4008.8571428571427,216.84051633356944,13934010.925762834,4006.5714285714284,204.89010723789485,13869195.951522503,3937.1785714285716,211.4099148961613,13623417.463825602
2018-02-04,4347,14898173.02552449,4586719.633122808,0,0,6,4,5,2,1,1,34,4332.0,15166607.52801594,4305.0,15086694.056611031,4281.0,14786278.463082382,4111.0,14077165.87874873,4007.8571428571427,215.0731879860334,13956467.071853016,4014.3571428571427,215.5410391559797,13910652.094673349,3944.214285714286,221.28469297245888,13655659.005755171
2018-02-05,3966,13778431.637215909,4214137.400553084,0,0,0,5,6,2,1,0,35,4347.0,14898173.02552449,3842.0,13282797.838378416,3848.0,13293880.089958796,3733.0,12988393.838422049,4013.8571428571427,225.09659302280795,13929535.49598351,4019.0714285714284,222.43321012617017,13918644.563419214,3952.6428571428573,232.10282113046284,13684980.689568592
2018-02-06,3893,13530574.34155219,4168401.5834861225,0,0,1,6,6,2,1,0,36,3966.0,13778431.637215909,3870.0,13572393.927710831,3797.0,13137415.32906416,3649.0,12669904.616661027,4031.5714285714284,213.91965558970603,14000340.324388865,4027.5,217.63616427423088,13953255.388223294,3960.964285714286,228.07836245025408,13713196.325239802
2018-02-07,3934,13709643.321474517,4240733.133154775,0,0,2,7,6,2,1,0,37,3893.0,13530574.34155219,3868.0,13507746.677592,3858.0,13216478.123907406,3742.0,12877382.03761595,4034.8571428571427,211.1835130650013,13994366.097794775,4034.3571428571427,211.23323133914803,13981338.174829584,3969.6785714285716,220.24431780141248,13743934.5297002
2018-02-08,3959,13804839.452153591,4256259.080689131,0,0,3,8,6,2,1,0,38,3934.0,13709643.321474517,3885.0,13500956.129349625,3853.0,13232073.863373736,3774.0,13015413.803795794,4044.285714285714,203.83793749423614,14023208.475492274,4039.785714285714,207.29213075398567,14016564.26037009,3976.535714285714,215.83798487357544,13773658.146980863
2018-02-09,4014,13899691.207478834,4272636.800845021,0,0,4,9,6,2,1,0,39,3959.0,13804839.452153591,3953.0,13578073.345313266,4170.0,14378319.447684644,3776.0,13059437.76743006,4054.8571428571427,195.96719842142508,14066620.378749985,4047.3571428571427,201.80821327452202,14057476.08814008,3983.1428571428573,212.20949018568368,13801851.920136498
2018-02-10,4491,15706402.937414838,4824075.062423763,0,0,5,10,6,2,1,1,40,4014.0,13899691.207478834,4332.0,15166607.52801594,4339.0,15009414.505384663,4148.0,14384801.458706183,4063.5714285714284,191.99900793394315,14112565.787630782,4036.214285714286,198.79992979855933,14023288.356696809,3991.6428571428573,208.3363047407147,13831860.971566811
2018-02-11,4428,15185297.689541329,4688845.080499825,0,0,6,11,6,2,1,1,41,4491.0,15706402.937414838,4347.0,14898173.02552449,4305.0,15086694.056611031,4265.0,14645750.870036764,4086.285714285714,233.8843833219825,14189679.41754491,4047.0714285714284,219.66389160425362,14073073.244698962,4003.8928571428573,227.10877460513404,13879061.024377834
2018-02-12,4008,13792393.396193968,4220995.800289279,0,0,0,12,7,2,1,0,42,4428.0,15185297.689541329,3966.0,13778431.637215909,3842.0,13282797.838378416,3820.0,13291218.535010155,4097.857142857143,250.35669791414705,14230697.226690173,4055.8571428571427,232.83829223233522,14080116.36133684,4009.714285714286,235.9659198780947,13898330.553645855
2018-02-13,4057,14066046.760257589,4343145.850140343,0,0,1,13,7,2,1,0,43,4008.0,13792393.396193968,3893.0,13530574.34155219,3870.0,13572393.927710831,3720.0,12871015.327580037,4103.857142857143,247.15273858582972,14232691.763687039,4067.714285714286,225.2118416655164,14116516.044037953,4016.4285714285716,233.02414889503197,13916229.655830992
2018-02-14,4013,13921291.491929654,4307997.166236442,0,0,2,14,7,2,1,0,44,4057.0,14066046.760257589,3934.0,13709643.321474517,3868.0,13507746.677592,3772.0,13133564.588394046,4127.285714285715,231.08419409796082,14309187.823502095,4081.0714285714284,218.0139248501605,14151776.960648434,4028.464285714286,225.7355847729912,13958909.34985519
2018-02-15,3968,13785295.21652099,4233876.468884087,0,0,3,15,7,2,1,0,45,4013.0,13921291.491929654,3959.0,13804839.452153591,3885.0,13500956.129349625,3744.0,12848821.04239858,4138.571428571428,221.8143797133502,14339423.276424259,4091.4285714285716,210.42510609412858,14181315.875958266,4037.0714285714284,220.11931588916337,13987042.45355289
2018-02-16,4029,14072226.397183534,4359154.073654495,0,0,4,16,7,2,1,0,46,3968.0,13785295.21652099,4014.0,13899691.207478834,3953.0,13578073.345313266,3760.0,13160231.5470144,4139.857142857143,220.62292761740667,14336631.242762458,4097.357142857143,205.26778275550848,14201625.810756221,4045.0714285714284,213.02980639501712,14020487.959771546
2018-02-17,4573,15872627.695428455,4905682.857992417,0,0,5,17,7,2,1,1,47,4029.0,14072226.397183534,4491.0,15706402.937414838,4332.0,15166607.52801594,4223.0,14586221.52390412,4142.0,219.26544035331383,14361279.127005985,4102.785714285715,202.13749264811293,14236922.457318384,4054.6785714285716,205.63488923808075,14053059.204420445
2018-02-18,4478,15372263.70230137,4711321.017870474,0,0,6,18,7,2,1,1,48,4573.0,15872627.695428455,4428.0,15185297.689541329,4347.0,14898173.02552449,4281.0,14786278.463082382,4153.714285714285,242.02734989095217,14385025.521007929,4120.0,231.315302629915,14287352.469276423,4067.1785714285716,225.88624694931434,14099002.281974884
2018-02-19,4007,13839240.42269961,4260824.937560332,0,0,0,19,8,2,1,0,49,4478.0,15372263.70230137,4008.0,13792393.396193968,3966.0,13778431.637215909,3848.0,13293880.089958796,4160.857142857143,252.0035902994415,14411734.951402223,4129.357142857143,243.53126703152088,14321216.089046197,4074.214285714286,235.6498276465343,14119930.326232705
2018-02-20,4123,14272944.81007823,4420725.246108765,0,0,1,20,8,2,1,0,50,4007.0,13839240.42269961,4057.0,14066046.760257589,3893.0,13530574.34155219,3797.0,13137415.32906416,4160.714285714285,252.10494791238034,14418427.383760171,4132.285714285715,241.6550079289539,14325559.573723605,4079.8928571428573,231.8823678930388,14139407.48097345
2018-02-21,4071,14077550.955040945,4331369.968608012,0,0,2,21,8,2,1,0,51,4123.0,14272944.81007823,4013.0,13921291.491929654,3934.0,13709643.321474517,3858.0,13216478.123907406,4170.142857142857,248.7920340173202,14447984.248020263,4148.714285714285,231.7513350957901,14378586.035761178,4091.535714285714,225.2413490989507,14179962.105295379
2018-02-22,4108,14221806.105267867,4403508.92760674,0,0,3,22,8,2,1,0,52,4071.0,14077550.955040945,3968.0,13785295.21652099,3959.0,13804839.452153591,3853.0,13232073.863373736,4178.428571428572,243.59793180762344,14470307.028464733,4158.5,224.77501572084813,14404865.152444495,4099.142857142857,220.61122403294036,14210714.706407292
2018-02-23,4110,14387273.515266636,4420798.742080661,0,0,4,23,8,2,1,0,53,4108.0,14221806.105267867,4029.0,14072226.397183534,4014.0,13899691.207478834,4170.0,14378319.447684644,4198.428571428572,228.7355511960297,14532665.726857144,4169.142857142857,218.02852923514246,14434648.484809801,4108.25,215.2725447392643,14246062.28647494
2018-02-24,4514,15638020.99496383,4830374.234194505,0,0,5,24,8,2,1,1,54,4110.0,14387273.515266636,4573.0,15872627.695428455,4491.0,15706402.937414838,4339.0,15009414.505384663,4210.0,220.64148899666577,14577672.458011875,4176.0,214.25075172653283,14469475.79250893,4106.107142857143,214.9334676188088,14246382.074602868
2018-02-25,4605,15907642.821486872,4925365.895787097,0,0,6,25,8,2,1,1,55,4514.0,15638020.99496383,4478.0,15372263.70230137,4428.0,15185297.689541329,4305.0,15086694.056611031,4201.571428571428,205.03890455460282,14544157.215088354,4177.642857142857,216.92345588775206,14464591.368048145,4112.357142857143,224.29696160253047,14268832.306373553
2018-02-26,4063,14096946.579778416,4342454.648906004,0,0,0,26,9,2,1,0,56,4605.0,15907642.821486872,4007.0,13839240.42269961,4008.0,13792393.396193968,3842.0,13282797.838378416,4219.714285714285,236.74297897770322,14620639.94640057,4190.285714285715,236.87758233101917,14516187.448901396,4123.071428571428,240.42538360032853,14298151.90511912
2018-02-27,4111,14261014.84990203,4380497.488327228,0,0,1,27,9,2,1,0,57,4063.0,14096946.579778416,4123.0,14272944.81007823,4057.0,14066046.760257589,3870.0,13572393.927710831,4227.714285714285,229.18239772846985,14657455.111697542,4194.214285714285,234.06119468451536,14537941.247728856,4130.964285714285,234.40870956876407,14327228.645883402
2018-02-28,4096,14210378.873187551,4366377.663011953,0,0,2,28,9,2,1,0,58,4111.0,14261014.84990203,4071.0,14077550.955040945,4013.0,13921291.491929654,3868.0,13507746.677592,4226.0,230.13908837917802,14655750.83167237,4198.071428571428,232.06247974520622,14551867.539846318,4139.571428571428,228.82978124157884,14351822.250247374
2018-03-01,5072,15745586.32068467,3657091.17079712,400,0,3,1,9,3,1,0,59,4096.0,14210378.873187551,4108.0,14221806.105267867,3968.0,13785295.21652099,3885.0,13500956.129349625,4229.571428571428,227.51179979864375,14674726.248550458,4204.0,227.99527660424434,14572516.638507595,4147.714285714285,222.7848750007517,14376916.25723293
2018-03-02,4895,15305886.151749063,3512378.266349911,400,0,4,2,9,3,1,0,60,5072.0,15745586.32068467,4110.0,14387273.515266636,4029.0,14072226.397183534,3953.0,13578073.345313266,4367.285714285715,381.38332173187297,14892409.136467144,4282.857142857143,314.57342475237647,14712537.431662144,4190.107142857143,277.22558527718013,14457081.621209184
2018-03-03,5475,17211956.37817594,4123950.985333696,400,0,5,3,9,3,1,1,61,4895.0,15305886.151749063,4514.0,15638020.99496383,4573.0,15872627.695428455,4332.0,15166607.52801594,4479.428571428572,407.6300844077693,15023639.51310749,4344.714285714285,344.5332246056136,14800655.985559681,4223.75,303.3163151514222,14518789.221439032
2018-03-04,5572,17397158.975664664,4024242.0159139736,400,0,6,4,9,3,1,1,62,5475.0,17211956.37817594,4605.0,15907642.821486872,4478.0,15372263.70230137,4347.0,14898173.02552449,4616.714285714285,556.0289903370485,15248487.424994934,4409.142857142857,456.6144404776818,14896322.320041643,4264.571428571428,384.4799689981862,14591837.394659033
2018-03-05,4987,15520449.49516032,3624651.4951595776,400,0,0,5,10,3,1,0,63,5572.0,17397158.975664664,4063.0,14096946.579778416,4007.0,13839240.42269961,3966.0,13778431.637215909,4754.857142857143,662.5529987785701,15461275.447020333,4487.285714285715,552.7876805611886,15040957.696710452,4308.321428571428,457.0538548032122,14681086.892878324
2018-03-06,4965,15625239.65817934,3610794.309556027,400,0,1,6,10,3,1,0,64,4987.0,15520449.49516032,4111.0,14261014.84990203,4123.0,14272944.81007823,3893.0,13530574.34155219,4886.857142857143,589.7901967568434,15664633.006360605,4557.285714285715,549.3286011923199,15161044.059029073,4344.785714285715,469.2958758050389,14743301.81637634
2018-03-07,5018,15651063.61507092,3595964.1931188647,400,0,2,7,10,3,1,0,65,4965.0,15625239.65817934,4096.0,14210378.873187551,4071.0,14077550.955040945,3934.0,13709643.321474517,5008.857142857143,480.8116154210603,15859522.264685938,4617.428571428572,544.1925160322338,15257636.548179153,4383.071428571428,474.76917811371436,14818111.291970165
2018-03-08,4143,14295402.829118434,4401832.839806273,0,0,3,8,10,3,1,0,66,5018.0,15651063.61507092,5072.0,15745586.32068467,4108.0,14221806.105267867,3959.0,13804839.452153591,5140.571428571428,268.45661172888384,16065334.370669274,4685.071428571428,529.7101477783287,15370030.309609866,4421.785714285715,480.9503983928955,14887447.731027182
2018-03-09,4205,14705994.324125117,4559222.152561568,0,0,4,9,10,3,1,0,67,4143.0,14295402.829118434,4895.0,15305886.151749063,4110.0,14387273.515266636,4014.0,13899691.207478834,5007.857142857143,465.3974747716296,15858165.300445527,4687.571428571428,526.8520029069181,15375287.218456337,4428.357142857143,475.62046916404876,14904967.851633068
2018-03-10,4731,16407377.300573813,5061787.025993824,0,0,5,10,10,3,1,1,68,4205.0,14705994.324125117,5475.0,17211956.37817594,4514.0,15638020.99496383,4491.0,15706402.937414838,4909.285714285715,557.2847011135674,15772466.46792782,4694.357142857143,519.399891463933,15398052.990517655,4435.178571428572,470.8028645851536,14933764.391513292
2018-03-11,4809,16584292.899976492,5117935.010608246,0,0,6,11,10,3,1,1,69,4731.0,16407377.300573813,5572.0,17397158.975664664,4605.0,15907642.821486872,4428.0,15185297.689541329,4803.0,499.3452379533287,15657526.599698944,4709.857142857143,516.8351704427549,15453007.01234694,4443.75,474.03044323240493,14958799.190197542
2018-03-12,4138,14427900.697934536,4444115.164354714,0,0,0,12,11,3,1,0,70,4809.0,16584292.899976492,4987.0,15520449.49516032,4063.0,14096946.579778416,4008.0,13792393.396193968,4694.0,370.0409887206185,15541402.874600634,4724.428571428572,516.5271181034561,15501339.160810484,4457.357142857143,479.0038439717177,15008763.30485594
2018-03-13,4289,14924357.009314336,4627953.660532661,0,0,1,13,11,3,1,0,71,4138.0,14427900.697934536,4965.0,15625239.65817934,4111.0,14261014.84990203,4057.0,14066046.760257589,4572.714285714285,396.2106822915104,15385324.47499695,4729.785714285715,509.4803051332596,15524978.740678776,4462.0,475.10115881895115,15031459.994203817
2018-03-14,4270,14785723.767400004,4629366.373836528,0,0,2,14,11,3,1,0,72,4289.0,14924357.009314336,5018.0,15651063.61507092,4096.0,14210378.873187551,4013.0,13921291.491929654,4476.142857142857,365.88269002119,15285198.382301947,4742.5,494.86171339538214,15572360.323493943,4470.285714285715,469.7695145764526,15062113.93167013
2018-03-15,4182,14596726.346351843,4464407.045642392,0,0,3,15,11,3,1,0,73,4270.0,14785723.767400004,4143.0,14295402.829118434,5072.0,15745586.32068467,3968.0,13785295.21652099,4369.285714285715,280.5284978308574,15161578.404063249,4754.928571428572,479.31657505335346,15613456.387366261,4479.464285714285,462.9653600467034,15092986.512936926
2018-03-16,4223,14658047.75366111,4547446.094530037,0,0,4,16,11,3,1,0,74,4182.0,14596726.346351843,4205.0,14705994.324125117,4895.0,15305886.151749063,4029.0,14072226.397183534,4374.857142857143,275.6298414972675,15204624.620810878,4691.357142857143,492.85754021324783,15531394.9606282,4487.107142857143,455.9219669494869,15121966.196145173
2018-03-17,4748,16534802.0369076,5115877.235291632,0,0,5,17,11,3,1,1,75,4223.0,14658047.75366111,4731.0,16407377.300573813,5475.0,17211956.37817594,4573.0,15872627.695428455,4377.428571428572,273.85936606395563,15197775.110744592,4643.357142857143,504.09425357120955,15485120.789336206,4494.035714285715,450.1397710623474,15142888.387447942
2018-03-18,4791,16683956.879988872,5138450.089084986,0,0,6,18,11,3,1,1,76,4748.0,16534802.0369076,4809.0,16584292.899976492,5572.0,17397158.975664664,4478.0,15372263.70230137,4379.857142857143,277.56766656764756,15215978.64450656,4591.428571428572,445.9226759955493,15436752.622102752,4500.285714285715,452.4855518170426,15166537.471072199
2018-03-19,4212,14635221.497431789,4536711.884659277,0,0,0,19,12,3,1,0,77,4791.0,16683956.879988872,4138.0,14427900.697934536,4987.0,15520449.49516032,4007.0,13839240.42269961,4377.285714285715,272.9747938825807,15230216.3559369,4535.642857142857,352.981936156436,15385809.615268767,4511.464285714285,455.7689864916414,15213383.655989612
2018-03-20,4251,14789576.10146252,4587328.296963008,0,0,1,20,12,3,1,0,78,4212.0,14635221.497431789,4289.0,14924357.009314336,4965.0,15625239.65817934,4123.0,14272944.81007823,4387.857142857143,263.4295785540079,15259833.613007935,4480.285714285715,337.16816816890196,15322579.044002444,4518.785714285715,448.96088727959057,15241811.551515758
2018-03-21,4210,14700800.282065287,4588975.9902349245,0,0,2,21,12,3,1,0,79,4251.0,14789576.10146252,4270.0,14785723.767400004,5018.0,15651063.61507092,4071.0,14077550.955040945,4382.428571428572,266.18343120415733,15240579.197600534,4429.285714285715,311.21113994581447,15262888.78995124,4523.357142857143,445.4193375274418,15260262.669065198
2018-03-22,4326,14817376.38341744,4552100.873650147,0,0,3,22,12,3,1,0,80,4210.0,14700800.282065287,4182.0,14596726.346351843,4143.0,14295402.829118434,4108.0,14221806.105267867,4373.857142857143,271.32356364767776,15228447.271124145,4371.571428571428,265.14864170461493,15195012.837593695,4528.321428571428,440.9431015256591,15282521.573601782
2018-03-23,4323,14993028.226300796,4602819.39994217,0,0,4,23,12,3,1,0,81,4326.0,14817376.38341744,4223.0,14658047.75366111,4205.0,14705994.324125117,4110.0,14387273.515266636,4394.428571428572,259.5565815917955,15259968.704990659,4384.642857142857,257.411555279107,15232296.662900766,4536.107142857143,435.13295875966537,15303791.940678552
2018-03-24,4868,16894935.711607605,5231817.234741801,0,0,5,24,12,3,1,1,82,4323.0,14993028.226300796,4748.0,16534802.0369076,4731.0,16407377.300573813,4514.0,15638020.99496383,4408.714285714285,251.16509463280167,15307823.058224902,4393.071428571428,252.97049517398534,15252799.084484745,4543.714285714285,429.2295299929727,15325426.037501201
2018-03-25,4873,16946022.866490215,5244822.484111451,0,0,6,25,12,3,1,1,83,4868.0,16894935.711607605,4791.0,16683956.879988872,4809.0,16584292.899976492,4605.0,15907642.821486872,4425.857142857143,280.5574383089419,15359270.726039186,4402.857142857143,269.1787673484086,15287624.685272874,4556.357142857143,433.5139977479217,15370315.848809907
2018-03-26,4240,14875512.725009412,4600224.3108292855,0,0,0,26,13,3,1,0,84,4873.0,16946022.866490215,4212.0,14635221.497431789,4138.0,14427900.697934536,4063.0,14096946.579778416,4437.571428571428,299.4221418793517,15396708.724110808,4407.428571428572,277.0356029010083,15313462.540023852,4565.928571428572,437.5673432675005,15407400.850417167
2018-03-27,4351,15111584.181534313,4681357.215206058,0,0,1,27,13,3,1,0,85,4240.0,14875512.725009412,4251.0,14789576.10146252,4289.0,14924357.009314336,4111.0,14261014.84990203,4441.571428571428,296.0747974993571,15431036.042336183,4414.714285714285,270.67307233618925,15345434.82767206,4572.25,431.2657189835161,15435206.78417542
2018-03-28,4288,14899175.488340734,4572652.368638623,0,0,2,28,13,3,1,0,86,4351.0,15111584.181534313,4210.0,14700800.282065287,4270.0,14785723.767400004,4096.0,14210378.873187551,4455.857142857143,287.6394899704765,15477037.19663215,4419.142857142857,268.9597788468797,15358808.197116343,4580.821428571428,424.08402849849455,15465584.260305142
2018-03-29,4259,14628640.290196028,4498012.786075493,0,0,3,29,13,3,1,0,87,4288.0,14899175.488340734,4326.0,14817376.38341744,4182.0,14596726.346351843,5072.0,15745586.32068467,4467.0,277.87287261143905,15505376.511814358,4420.428571428572,268.2340293577501,15366911.891469253,4587.678571428572,417.45490362534395,15490184.139417756
2018-03-30,4343,15060781.84386492,4666450.527206538,0,0,4,30,13,3,1,0,88,4259.0,14628640.290196028,4323.0,14993028.226300796,4223.0,14658047.75366111,4895.0,15305886.151749063,4457.428571428572,284.6113473627127,15478414.212782728,4425.928571428572,263.72055848384815,15369191.458886696,4558.642857142857,410.74045281262266,15450293.20975745
2018-03-31,4790,16665938.60856475,5133668.009886155,0,0,5,31,13,3,1,1,89,4343.0,15060781.84386492,4868.0,16894935.711607605,4748.0,16534802.0369076,5475.0,17211956.37817594,4460.285714285715,283.13348694312214,15488093.301006174,4434.5,258.51640328851573,15397958.179615539,4538.928571428572,407.230567921582,15441539.484475872
2018-04-01,4851,16932753.278014034,5206314.558873836,0,0,6,1,13,4,2,1,90,4790.0,16665938.60856475,4873.0,16946022.866490215,4791.0,16683956.879988872,5572.0,17397158.975664664,4449.142857142857,265.3924318008004,15455379.42914291,4437.5,262.64505149901987,15407325.077591049,4514.464285714285,367.5565446187325,15422038.8498469
2018-04-02,4359,15005456.089196084,4641654.714902093,0,0,0,2,14,4,2,0,91,4851.0,16932753.278014034,4240.0,14875512.725009412,4212.0,14635221.497431789,4987.0,15520449.49516032,4446.0,259.6035438895234,15453483.773646312,4441.785714285715,269.2631479745095,15425096.24887856,4488.714285714285,311.74239806500754,15405452.932073666
2018-04-03,4326,15017257.231113696,4655613.559098447,0,0,1,3,14,4,2,0,92,4359.0,15005456.089196084,4351.0,15111584.181534313,4251.0,14789576.10146252,4965.0,15625239.65817934,4463.0,247.4786186050553,15472047.111387266,4452.285714285715,262.3917882660397,15451541.576861724,4466.285714285715,296.79783082251674,15387060.310432086
2018-04-04,4335,15067945.775102736,4683485.880037629,0,0,2,4,14,4,2,0,93,4326.0,15017257.231113696,4288.0,14899175.488340734,4210.0,14700800.282065287,5018.0,15651063.61507092,4459.428571428572,249.53614109840973,15458571.832755748,4457.642857142857,258.705834474618,15467804.514693951,4443.464285714285,281.186834176646,15365346.652322596
2018-04-05,4351,15044136.334235992,4644863.622734717,0,0,3,5,14,4,2,0,94,4335.0,15067945.775102736,4259.0,14628640.290196028,4326.0,14817376.38341744,4143.0,14295402.829118434,4466.142857142857,244.74097094099844,15482681.87372175,4466.571428571428,251.55996816349216,15494029.192768054,4419.071428571428,258.1842478155953,15344521.015180875
2018-04-06,4331,15073805.335191283,4722380.440612064,0,0,4,6,14,4,2,0,95,4351.0,15044136.334235992,4343.0,15060781.84386492,4323.0,14993028.226300796,4205.0,14705994.324125117,4479.285714285715,233.99765973595672,15542038.451441746,4468.357142857143,250.57214749229547,15510226.332112238,4426.5,252.88476368437583,15371261.497506501
2018-04-07,4898,16854280.606334377,5163374.729221103,0,0,5,7,14,4,2,1,96,4331.0,15073805.335191283,4790.0,16665938.60856475,4868.0,16894935.711607605,4731.0,16407377.300573813,4477.571428571428,235.20335679496338,15543898.950202655,4468.928571428572,250.22404246708788,15515996.125604415,4431.0,249.90072102811,15384397.60504458
2018-04-08,4854,16842495.478723064,5164251.0999464765,0,0,6,8,14,4,2,1,97,4898.0,16854280.606334377,4851.0,16932753.278014034,4873.0,16946022.866490215,4809.0,16584292.899976492,4493.0,261.2170234370899,15570804.94988403,4471.071428571428,254.0043804242849,15513092.189513471,4436.964285714285,259.1476744942275,15400358.437393172
2018-04-09,4434,15532134.48222234,4786882.51318993,0,0,0,9,15,4,2,0,98,4854.0,16842495.478723064,4359.0,15005456.089196084,4240.0,14875512.725009412,4138.0,14427900.697934536,4493.428571428572,261.90383549619673,15557910.978556748,4469.714285714285,251.73228409789326,15505697.37610153,4438.571428571428,261.66764735434253,15409579.958062692
2018-04-10,4413,15465465.217149174,4798207.280486064,0,0,1,10,15,4,2,0,99,4434.0,15532134.48222234,4326.0,15017257.231113696,4351.0,15111584.181534313,4289.0,14924357.009314336,4504.142857142857,256.97563345670744,15633150.74898907,4483.571428571428,243.31325623430428,15552598.930188168,4449.142857142857,254.9682208644688,15449016.878930112
2018-04-11,4397,15374507.404044116,4745464.3729155725,0,0,2,11,15,4,2,0,100,4413.0,15465465.217149174,4335.0,15067945.775102736,4288.0,14899175.488340734,4270.0,14785723.767400004,4516.571428571428,248.90082170940894,15697180.461279852,4488.0,241.27035585704297,15577876.147017801,4453.571428571428,253.15409281501576,15468342.172067072
2018-04-12,4325,14976471.553099507,4615404.13163559,0,0,3,12,15,4,2,0,101,4397.0,15374507.404044116,4351.0,15044136.334235992,4259.0,14628640.290196028,4182.0,14596726.346351843,4525.428571428572,242.38045654360354,15740974.979700048,4495.785714285715,236.02156960473087,15611828.4267109,4458.107142857143,250.87068223757854,15489370.159090076
2018-04-13,4398,15487000.964692932,4784386.374556245,0,0,4,13,15,4,2,0,102,4325.0,14976471.553099507,4331.0,15073805.335191283,4343.0,15060781.84386492,4223.0,14658047.75366111,4521.714285714285,245.67574448563582,15731308.582394836,4500.5,231.5448951316741,15636673.516918289,4463.214285714285,246.45837408927508,15502932.487902492
2018-04-14,4980,17505938.145457696,5437515.790035632,0,0,5,14,15,4,2,1,103,4398.0,15487000.964692932,4898.0,16854280.606334377,4790.0,16665938.60856475,4748.0,16534802.0369076,4531.285714285715,238.19859661335423,15790336.5294665,4504.428571428572,229.1209671383592,15667117.739834577,4469.464285714285,242.3253830489909,15532537.959725058
2018-04-15,4819,16676565.841734018,5123689.428141477,0,0,6,15,15,4,2,1,104,4980.0,17505938.145457696,4854.0,16842495.478723064,4851.0,16932753.278014034,4791.0,16683956.879988872,4543.0,260.23579051826573,15883430.463626977,4518.0,251.83816537304463,15727117.706755502,4477.75,255.79398901227856,15567221.392173275
2018-04-16,4385,15233075.86359377,4695219.387745768,0,0,0,16,16,4,2,0,105,4819.0,16676565.841734018,4434.0,15532134.48222234,4359.0,15005456.089196084,4212.0,14635221.497431789,4538.0,253.51397068669277,15859726.229771396,4515.714285714285,248.70910674967098,15708818.604164073,4478.75,257.1152825456266,15566957.426521316
2018-04-17,4374,15257018.295836682,4724486.218185531,0,0,1,17,16,4,2,0,106,4385.0,15233075.86359377,4413.0,15465465.217149174,4326.0,15017257.231113696,4251.0,14789576.10146252,4531.0,257.50922313579366,15817003.569967316,4517.571428571428,247.543225218643,15725077.159478193,4484.928571428572,252.5050683131101,15588309.36816996
2018-04-18,4406,15328912.227248313,4708471.39483165,0,0,2,18,16,4,2,0,107,4374.0,15257018.295836682,4397.0,15374507.404044116,4335.0,15067945.775102736,4210.0,14700800.282065287,4525.428571428572,260.8874962781576,15787225.438351246,4521.0,245.00518047898072,15742202.949815547,4489.321428571428,249.3346781858284,15605003.73225475
2018-04-19,4407,15295808.060043473,4757044.181107171,0,0,3,19,16,4,2,0,108,4406.0,15328912.227248313,4325.0,14976471.553099507,4351.0,15044136.334235992,4326.0,14817376.38341744,4526.714285714285,260.1702739141645,15780711.841666132,4526.071428571428,241.5696950828415,15760843.41068309,4496.321428571428,243.8943386237107,15627436.301725572
2018-04-20,4361,15225185.089585386,4691313.186582605,0,0,4,20,16,4,2,0,109,4407.0,15295808.060043473,4398.0,15487000.964692932,4331.0,15073805.335191283,4323.0,14993028.226300796,4538.428571428572,251.26802233395927,15826331.342658127,4530.071428571428,238.8966510650773,15778819.962526482,4499.214285714285,242.27430996669892,15644523.14731936
2018-04-21,4931,16972993.264816646,5240247.395950713,0,0,5,21,16,4,2,1,110,4361.0,15225185.089585386,4980.0,17505938.145457696,4898.0,16854280.606334377,4868.0,16894935.711607605,4533.142857142857,255.07477895147306,15788929.07478562,4532.214285714285,237.10146434723634,15789632.802126061,4500.571428571428,241.355344080882,15652814.463865235
2018-04-22,4900,17053330.97157968,5289737.958735177,0,0,6,22,16,4,2,1,111,4931.0,16972993.264816646,4819.0,16676565.841734018,4854.0,16842495.478723064,4873.0,16946022.866490215,4526.142857142857,241.05492359725025,15712794.0918369,4534.571428571428,241.1471667757169,15798112.277731938,4502.821428571428,245.1709990660959,15655602.233622704
2018-04-23,4393,15328626.225442495,4756346.949250531,0,0,0,23,17,4,2,0,112,4900.0,17053330.97157968,4385.0,15233075.86359377,4434.0,15532134.48222234,4240.0,14875512.725009412,4537.714285714285,258.75066137481616,15766617.68181485,4537.857142857143,246.09687184048008,15813171.955793124,4503.785714285715,246.72902472188076,15659434.665947327
2018-04-24,4473,15652590.296037668,4881759.75334626,0,0,1,24,17,4,2,0,113,4393.0,15328626.225442495,4374.0,15257018.295836682,4413.0,15465465.217149174,4351.0,15111584.181534313,4538.857142857143,257.98025025921953,15780267.733507525,4534.928571428572,247.66679361460635,15798635.65173742,4509.25,242.32555772333367,15675617.290962795
2018-04-25,4389,15178264.64889962,4694994.164669632,0,0,2,25,17,4,2,0,114,4473.0,15652590.296037668,4406.0,15328912.227248313,4397.0,15374507.404044116,4288.0,14899175.488340734,4553.0,250.02733183927458,15836778.019250523,4539.214285714285,245.90748059176312,15812001.728800884,4513.607142857143,240.4644178322128,15694938.937909344
2018-04-26,4372,15064485.159616498,4643427.533268534,0,0,3,26,17,4,2,0,115,4389.0,15178264.64889962,4407.0,15295808.060043473,4325.0,14976471.553099507,4259.0,14628640.290196028,4550.571428571428,251.76964149982902,15815256.93662928,4538.642857142857,246.27239676137629,15797984.389147704,4517.214285714285,237.69640723111652,15704906.407929303
2018-04-27,4354,15210923.028646842,4728850.972955239,0,0,4,27,17,4,2,0,116,4372.0,15064485.159616498,4361.0,15225185.089585386,4398.0,15487000.964692932,4343.0,15060781.84386492,4545.571428571428,255.4172123819231,15782210.807996856,4542.0,243.44008898099807,15804271.075327491,4521.25,234.08175605654807,15720472.296122892
2018-04-28,4896,16899808.815259337,5213182.738146758,0,0,5,28,17,4,2,1,117,4354.0,15210923.028646842,4931.0,16972993.264816646,4980.0,17505938.145457696,4790.0,16665938.60856475,4544.571428571428,256.2725483691514,15780173.37071992,4538.857142857143,245.71555072508377,15784551.22275277,4521.642857142857,233.78055780228595,15725834.481293675
2018-04-29,4909,17156476.92527789,5309255.556146089,0,0,6,29,17,4,2,1,118,4896.0,16899808.815259337,4900.0,17053330.97157968,4819.0,16676565.841734018,4851.0,16932753.278014034,4539.571428571428,247.67374853683165,15769718.44935459,4532.857142857143,234.90255169156453,15741256.270595746,4525.428571428572,239.08520541793084,15734186.988675624
2018-04-30,4404,15398709.048872951,4777168.984220977,0,0,0,30,18,4,2,0,119,4909.0,17156476.92527789,4393.0,15328626.225442495,4385.0,15233075.86359377,4359.0,15005456.089196084,4540.857142857143,249.87025204522214,15784453.585597191,4539.285714285715,244.37626366273298,15775535.63370602,4527.5,242.24085045596325,15742177.118935047
2018-05-01,4404,15401641.19291897,4772012.903580407,0,0,1,1,18,5,2,0,120,4404.0,15398709.048872951,4473.0,15652590.296037668,4374.0,15257018.295836682,4326.0,15017257.231113696,4542.428571428572,248.81777612197587,15794465.41751583,4540.642857142857,243.50473290072676,15787366.575511677,4529.107142857143,241.2286972802637,15756221.867494935
2018-05-02,4427,15344854.110766524,4717113.477989818,0,0,2,2,18,5,2,0,121,4404.0,15401641.19291897,4389.0,15178264.64889962,4406.0,15328912.227248313,4335.0,15067945.775102736,4532.571428571428,253.3520983025119,15758615.54564173,4542.785714285715,242.053134208626,15797696.782446127,4531.892857142857,239.23850477987625,15769949.866130838
2018-05-03,4370,15154442.940411745,4711043.328516495,0,0,3,3,18,5,2,0,122,4427.0,15344854.110766524,4372.0,15064485.159616498,4407.0,15295808.060043473,4351.0,15044136.334235992,4538.0,250.14995502697968,15782414.040194144,4544.285714285715,241.20384885672124,15798835.488411713,4535.178571428572,237.0560261284412,15779839.4495474
2018-05-04,4459,15490507.86585246,4784344.663487733,0,0,4,4,18,5,2,0,123,4370.0,15154442.940411745,4354.0,15210923.028646842,4361.0,15225185.089585386,4331.0,15073805.335191283,4537.714285714285,250.37219912609714,15795265.151736323,4541.642857142857,243.01965958550406,15788737.97986659,4535.857142857143,236.53591290803342,15783778.971196536
2018-05-05,4924,16908416.735244785,5226503.490154128,0,0,5,5,18,5,2,1,124,4459.0,15490507.86585246,4896.0,16899808.815259337,4931.0,16972993.264816646,4898.0,16854280.606334377,4552.714285714285,240.48126350141735,15835205.842765698,4548.642857142857,238.7907378511901,15807689.606742809,4540.428571428572,233.64937779936497,15798661.204434436
2018-05-06,4970,17242916.08602079,5344267.597081994,0,0,6,6,18,5,2,1,125,4924.0,16908416.735244785,4909.0,17156476.92527789,4900.0,17053330.97157968,4854.0,16842495.478723064,4556.714285714285,247.27967586366282,15836435.54562076,4548.142857142857,237.93433390905685,15803076.997487677,4541.357142857143,235.1697911888968,15800594.637609806
2018-05-07,4419,15460585.131349418,4766389.785040616,0,0,0,7,19,5,2,0,126,4970.0,17242916.08602079,4404.0,15398709.048872951,4393.0,15328626.225442495,4434.0,15532134.48222234,4565.428571428572,262.37749976122666,15848783.997155461,4553.142857142857,246.47916346413,15816618.791376326,4545.5,241.809459729791,15814895.373584727
2018-05-08,4524,15596517.59496744,4842710.976062349,0,0,1,8,19,5,2,0,127,4419.0,15460585.131349418,4404.0,15401641.19291897,4473.0,15652590.296037668,4413.0,15465465.217149174,4567.571428571428,260.8964399545393,15857623.437509242,4555.0,245.27472822875902,15826044.427512536,4544.964285714285,242.0820923116537,15812340.039624978
2018-05-09,4402,15485921.75473252,4783151.922696328,0,0,2,9,19,5,2,0,128,4524.0,15596517.59496744,4427.0,15344854.110766524,4389.0,15178264.64889962,4397.0,15374507.404044116,4584.714285714285,252.15320361882843,15885462.923516167,4558.642857142857,244.34011829127178,15822039.234578948,4548.928571428572,240.74620547317878,15817020.481689915
2018-05-10,4483,15350945.156752553,4750436.087978308,0,0,3,10,19,5,2,0,129,4402.0,15485921.75473252,4370.0,15154442.940411745,4372.0,15064485.159616498,4325.0,14976471.553099507,4581.142857142857,254.92118296408748,15905615.444082737,4559.571428571428,243.6696105813739,15844014.742138442,4549.107142857143,240.63116686249734,15820999.565643074
2018-05-11,4445,15467290.509690069,4773474.888783654,0,0,4,11,19,5,2,0,130,4483.0,15350945.156752553,4459.0,15490507.86585246,4354.0,15210923.028646842,4398.0,15487000.964692932,4597.285714285715,242.60235934941994,15933687.189274281,4567.5,238.85520235554205,15864476.170505302,4554.75,237.00642669829617,15834373.622916397
2018-05-12,4805,16611785.10360454,5169507.762140795,0,0,5,12,19,5,2,1,131,4445.0,15467290.509690069,4924.0,16908416.735244785,4896.0,16899808.815259337,4980.0,17505938.145457696,4595.285714285715,243.98614324432117,15930370.424108224,4574.0,233.78260776265398,15882788.133436961,4556.428571428572,236.01952658883005,15833669.678094866
2018-05-13,4902,17013873.77662859,5300652.103718902,0,0,6,13,19,5,2,1,132,4805.0,16611785.10360454,4970.0,17242916.08602079,4909.0,17156476.92527789,4819.0,16676565.841734018,4578.285714285715,220.2572089518033,15887994.476731047,4567.5,225.25054426639448,15862215.011175903,4550.178571428572,226.51319208927933,15801735.640885826
2018-05-14,4375,15135410.836458469,4696470.727649255,0,0,0,14,20,5,2,0,133,4902.0,17013873.77662859,4419.0,15460585.131349418,4404.0,15398709.048872951,4385.0,15233075.86359377,4568.571428571428,200.73602661443866,15855274.146817876,4567.0,224.44050093852874,15852029.07198667,4553.142857142857,230.66646022561324,15813782.352846343
2018-05-15,4385,15129276.584603049,4678223.769050033,0,0,1,15,20,5,2,0,134,4375.0,15135410.836458469,4524.0,15596517.59496744,4404.0,15401641.19291897,4374.0,15257018.295836682,4562.285714285715,206.79757758551798,15808820.676119167,4564.928571428572,226.18762269262197,15833222.056814205,4552.785714285715,230.944013921418,15810294.316162942
2018-05-16,4380,15235060.504621023,4701039.788408667,0,0,2,16,20,5,2,0,135,4385.0,15129276.584603049,4402.0,15485921.75473252,4427.0,15344854.110766524,4406.0,15328912.227248313,4542.428571428572,217.48398955850953,15742071.960352827,4563.571428571428,227.2818359813037,15813767.441934496,4553.178571428572,230.63777172447337,15805732.11219031
2018-05-17,4391,15241992.596957289,4723248.444552226,0,0,3,17,20,5,2,0,136,4380.0,15235060.504621023,4483.0,15350945.156752553,4370.0,15154442.940411745,4407.0,15295808.060043473,4539.285714285715,219.995995634553,15706234.638908327,4560.214285714285,229.78758705559886,15805925.041495532,4552.25,231.30365243469066,15802380.264953623
2018-05-18,4341,15128913.72275773,4700365.430206656,0,0,4,18,20,5,2,0,137,4391.0,15241992.596957289,4445.0,15467290.509690069,4459.0,15490507.86585246,4361.0,15225185.089585386,4526.142857142857,226.56892150177245,15690669.987509003,4561.714285714285,228.51541896181968,15812178.588391643,4551.678571428572,231.69521064303248,15800458.284129115
2018-05-19,5022,17263147.391878948,5361847.497384075,0,0,5,19,20,5,2,1,138,4341.0,15128913.72275773,4805.0,16611785.10360454,4924.0,16908416.735244785,4931.0,16972993.264816646,4511.285714285715,235.99061724689716,15642330.44651867,4553.285714285715,234.68814940794684,15786350.435313448,4550.964285714285,232.33476520248038,15797020.02102813
2018-05-20,4908,16918847.73066017,5250746.321442272,0,0,6,20,20,5,2,1,139,5022.0,17263147.391878948,4902.0,17013873.77662859,4970.0,17242916.08602079,4900.0,17053330.97157968,4542.285714285715,289.24713440569286,15735382.201986443,4560.285714285715,247.6969080181614,15811688.339358747,4554.214285714285,238.40493984796936,15807382.66842321
2018-05-21,4365,15311956.459876005,4760303.440025092,0,0,0,21,21,5,2,0,140,4908.0,16918847.73066017,4375.0,15135410.836458469,4419.0,15460585.131349418,4393.0,15328626.225442495,4543.142857142857,290.4969469555168,15721807.052562382,4555.857142857143,240.2504645454094,15788540.59969013,4554.5,238.8390904167692,15802579.695533227
2018-05-22,4353,15114782.860926667,4659888.580251033,0,0,1,22,21,5,2,0,141,4365.0,15311956.459876005,4385.0,15129276.584603049,4524.0,15596517.59496744,4473.0,15652590.296037668,4541.714285714285,291.48454177749846,15747027.855907744,4552.0,243.03402737381813,15777924.266013458,4553.5,239.59773386673052,15801984.346762996
2018-05-23,4445,15560757.786639145,4831067.775026926,0,0,2,23,21,5,2,0,142,4353.0,15114782.860926667,4380.0,15235060.504621023,4402.0,15485921.75473252,4389.0,15178264.64889962,4537.142857142857,294.5863928580935,15744957.323953975,4539.785714285715,248.77860981864197,15743514.6421534,4549.214285714285,242.15060467385564,15782776.938366175
2018-05-24,4379,15172198.368235068,4703663.310521859,0,0,3,24,21,5,2,0,143,4445.0,15560757.786639145,4391.0,15241992.596957289,4483.0,15350945.156752553,4372.0,15064485.159616498,4546.428571428572,289.7929474313558,15791485.507099422,4542.857142857143,247.20712497288991,15748860.073003875,4551.214285714285,241.0068935763484,15796437.407571157
2018-05-25,4425,15300092.946631435,4731715.135196899,0,0,4,25,21,5,2,0,144,4379.0,15172198.368235068,4341.0,15128913.72275773,4445.0,15467290.509690069,4354.0,15210923.028646842,4544.714285714285,290.8990170063114,15781514.902996246,4535.428571428572,250.68236545805885,15736092.445252625,4551.464285714285,240.81766302618956,15800284.307878962
2018-05-26,5029,17449258.02248951,5397244.014179652,0,0,5,26,21,5,2,1,145,4425.0,15300092.946631435,5022.0,17263147.391878948,4805.0,16611785.10360454,4896.0,16899808.815259337,4556.714285714285,282.71228854656863,15805969.07783535,4534.0,251.29357639713155,15724149.762177007,4554.0,239.02858964288188,15803468.947806984
2018-05-27,4928,17080784.61807332,5282119.001619589,0,0,6,27,21,5,2,1,146,5029.0,17449258.02248951,4908.0,16918847.73066017,4902.0,17013873.77662859,4909.0,17156476.92527789,4557.714285714285,284.6381997587551,15832556.310779715,4550.0,275.81069316025037,15783969.256383078,4558.75,247.2564458209301,15823092.133779492
2018-05-28,4356,15068740.822548164,4665333.820401034,0,0,0,28,22,5,2,0,147,4928.0,17080784.61807332,4365.0,15311956.459876005,4375.0,15135410.836458469,4404.0,15398709.048872951,4560.571428571428,288.8101205191499,15855690.151838735,4551.857142857143,278.438187351921,15788748.602200558,4559.428571428572,248.27723879080386,15820388.837093612
2018-05-29,4316,14897553.897020165,4634546.418721806,0,0,1,29,22,5,2,0,148,4356.0,15068740.822548164,4353.0,15114782.860926667,4385.0,15129276.584603049,4404.0,15401641.19291897,4559.285714285715,289.84404673646753,15820945.0607919,4550.5,279.411125267188,15783986.458349824,4557.714285714285,249.5526155673518,15808604.257582013
2018-05-30,4343,15017081.964541882,4622571.053805119,0,0,2,30,22,5,2,0,149,4316.0,14897553.897020165,4445.0,15560757.786639145,4380.0,15235060.504621023,4427.0,15344854.110766524,4554.0,294.53239776522634,15789912.3516624,4545.571428571428,283.1386489080815,15767434.83780819,4554.571428571428,252.1013065873863,15790601.139871342
2018-05-31,4345,15001203.42833244,4679890.853246924,0,0,3,31,22,5,2,0,150,4343.0,15017081.964541882,4379.0,15172198.368235068,4391.0,15241992.596957289,4370.0,15154442.940411745,4539.428571428572,303.2187643395758,15712244.377077077,4542.928571428572,284.96975933643046,15751864.94208825,4551.571428571428,254.16696591186889,15778894.991791891
2018-06-01,4349,15036195.553276356,4667643.992206683,0,0,4,1,22,6,2,0,151,4345.0,15001203.42833244,4425.0,15300092.946631435,4341.0,15128913.72275773,4459.0,15490507.86585246,4534.571428571428,306.47178072532637,15687816.52851956,4539.642857142857,287.1133807515644,15734665.715757903,4550.678571428572,254.87136240790164,15773422.152074773
2018-06-02,4912,17136290.56556147,5303571.950225839,0,0,5,2,22,6,2,1,152,4349.0,15036195.553276356,5029.0,17449258.02248951,5022.0,17263147.391878948,4924.0,16908416.735244785,4523.714285714285,312.2913779820136,15650116.900897404,4540.214285714285,286.69527606621057,15728042.989366377,4546.75,257.17419157997443,15757196.712339912
2018-06-03,4939,17238975.61495407,5307047.434236468,0,0,6,3,22,6,2,1,153,4912.0,17136290.56556147,4928.0,17080784.61807332,4908.0,16918847.73066017,4970.0,17242916.08602079,4507.0,282.44527493539954,15605407.264193399,4532.357142857143,273.68808949179675,15718981.787486557,4546.321428571428,256.5314295337374,15765335.063422652
2018-06-04,4400,15310488.124150915,4744378.563921652,0,0,0,4,23,6,2,0,154,4939.0,17238975.61495407,4356.0,15068740.822548164,4365.0,15311956.459876005,4419.0,15460585.131349418,4508.571428571428,285.1951712674775,15628005.97803351,4534.571428571428,277.0655890927996,15741848.06493612,4545.214285714285,254.69551278497784,15765194.332313124
2018-06-05,4337,15026708.531573912,4632350.006597447,0,0,1,5,23,6,2,0,155,4400.0,15310488.124150915,4316.0,14897553.897020165,4353.0,15114782.860926667,4524.0,15596517.59496744,4514.857142857143,281.73594526993355,15662541.306833899,4537.071428571428,275.57170343898366,15741743.1838129,4544.535714285715,255.06926904388266,15759833.72491318
2018-06-06,4349,15127999.339363389,4667587.521634667,0,0,2,6,23,6,2,0,156,4337.0,15026708.531573912,4343.0,15017081.964541882,4445.0,15560757.786639145,4402.0,15485921.75473252,4517.857142857143,279.3673976274665,15680991.968913008,4535.928571428572,276.4256651464328,15735452.160287704,4537.857142857143,258.0575178902586,15739483.401220554
2018-06-07,4417,15229797.570736509,4695433.733188374,0,0,3,7,23,6,2,0,157,4349.0,15127999.339363389,4345.0,15001203.42833244,4379.0,15172198.368235068,4483.0,15350945.156752553,4518.714285714285,278.7500160153745,15696837.308173222,4529.071428571428,280.0221047004657,15704540.84262515,4535.964285714285,259.2824117591042,15726700.457814513
2018-06-08,4314,14958549.38922344,4665846.844789054,0,0,4,8,23,6,2,0,158,4417.0,15229797.570736509,4349.0,15036195.553276356,4425.0,15300092.946631435,4445.0,15467290.509690069,4529.0,272.53073221198395,15729493.614230946,4531.785714285715,278.63628858905076,15708655.071375253,4533.607142857143,260.08052019350777,15722373.75831394
2018-06-09,4948,17231634.84363412,5361328.589127172,0,0,5,9,23,6,2,1,159,4314.0,14958549.38922344,4912.0,17136290.56556147,5029.0,17449258.02248951,4805.0,16611785.10360454,4524.0,276.67309229485994,15718401.30508053,4523.857142857143,283.44633385497104,15684259.102988968,4528.928571428572,262.896533452965,15704204.432582987
2018-06-10,4844,16631798.888302095,5122943.702570897,0,0,6,10,23,6,2,1,160,4948.0,17231634.84363412,4939.0,17238975.61495407,4928.0,17080784.61807332,4902.0,17013873.77662859,4529.142857142857,285.287824586229,15732021.916233765,4518.071428571428,272.9754748875976,15668714.590213582,4534.035714285715,269.75770776656134,15726341.92329833
2018-06-11,4373,15069888.953402974,4620863.312552378,0,0,0,11,24,6,2,0,161,4844.0,16631798.888302095,4400.0,15310488.124150915,4356.0,15068740.822548164,4375.0,15135410.836458469,4515.571428571428,264.00685416787786,15645282.383854913,4512.071428571428,264.04937308876725,15636644.180944208,4531.964285714285,267.03647720625884,15712696.391572384
2018-06-12,4306,15159505.976974472,4703376.862559698,0,0,1,12,24,6,2,0,162,4373.0,15069888.953402974,4337.0,15026708.531573912,4316.0,14897553.897020165,4385.0,15129276.584603049,4511.714285714285,266.16518322632817,15610911.073748065,4513.285714285715,263.31450296656095,15636726.190290982,4531.892857142857,267.08028190812894,15710356.324320402
2018-06-13,4300,14922743.971905077,4655566.271219758,0,0,2,13,24,6,2,0,163,4306.0,15159505.976974472,4349.0,15127999.339363389,4343.0,15017081.964541882,4380.0,15235060.504621023,4507.285714285715,269.78986531849466,15629882.137376713,4512.571428571428,263.9037453564962,15655437.05314486,4529.071428571428,269.09917331601696,15711435.945476526
2018-06-14,4316,14973828.938776815,4621940.0181624405,0,0,3,14,24,6,2,0,164,4300.0,14922743.971905077,4417.0,15229797.570736509,4345.0,15001203.42833244,4391.0,15241992.596957289,4500.285714285715,275.1634146501035,15600559.942025527,4509.5,266.2687335410188,15648698.625099374,4526.214285714285,271.15737635425194,15700281.783593813
2018-06-15,4352,15044828.003652396,4661112.325673279,0,0,4,15,24,6,2,0,165,4316.0,14973828.938776815,4314.0,14958549.38922344,4349.0,15036195.553276356,4341.0,15128913.72275773,4485.857142857143,282.8005354612025,15563992.994602714,4507.428571428572,267.75554703317084,15646743.304416832,4523.535714285715,272.90732142002855,15690704.510087367
2018-06-16,4828,16474185.348978847,5091051.807349268,0,0,5,16,24,6,2,1,166,4352.0,15044828.003652396,4948.0,17231634.84363412,4912.0,17136290.56556147,5022.0,17263147.391878948,4491.285714285715,279.294775154444,15576318.510949707,4507.642857142857,267.62016916715106,15647359.908015119,4523.928571428572,272.6426135236262,15687701.448690746
2018-06-17,4755,16342526.782448305,5076498.94340931,0,0,6,17,24,6,2,1,167,4828.0,16474185.348978847,4844.0,16631798.888302095,4939.0,17238975.61495407,4908.0,16918847.73066017,4474.142857142857,248.58427717203438,15468111.44028467,4501.642857142857,258.6484418733585,15600066.678259218,4517.0,261.7645252257559,15659524.232872887
2018-06-18,4280,14772807.285741176,4583112.845623731,0,0,0,18,25,6,2,0,168,4755.0,16342526.782448305,4373.0,15069888.953402974,4400.0,15310488.124150915,4365.0,15311956.459876005,4461.428571428572,227.93263415817762,15426786.853734126,4488.5,238.61418811384718,15536034.618794518,4511.535714285715,254.80457030363058,15638941.34186532
2018-06-19,4265,14707974.600009298,4558228.707109314,0,0,1,19,25,6,2,0,169,4280.0,14772807.285741176,4306.0,15159505.976974472,4337.0,15026708.531573912,4353.0,15114782.860926667,4448.142857142857,236.4955451105638,15384346.615496729,4479.928571428572,244.1293680646556,15497628.844622394,4508.5,257.110943051897,15619686.014217649
2018-06-20,4306,14897300.48675808,4614655.369901593,0,0,2,20,25,6,2,0,170,4265.0,14707974.600009298,4300.0,14922743.971905077,4349.0,15127999.339363389,4445.0,15560757.786639145,4442.285714285715,241.06618336445413,15319842.13307313,4474.785714285715,248.09805089347768,15474862.135224922,4505.357142857143,259.60785445597924,15605157.147756312
2018-06-21,4229,14569380.628451744,4508374.804438559,0,0,3,21,25,6,2,0,171,4306.0,14897300.48675808,4316.0,14973828.938776815,4417.0,15229797.570736509,4379.0,15172198.368235068,4443.142857142857,240.4859168235763,15316207.349480703,4471.714285714285,250.03366806259305,15458383.645753114,4500.392857142857,262.12159170121345,15581462.244189132
2018-06-22,4272,14720297.344806114,4544697.238915244,0,0,4,22,25,6,2,0,172,4229.0,14569380.628451744,4352.0,15044828.003652396,4314.0,14958549.38922344,4425.0,15300092.946631435,4430.714285714285,250.2037265148235,15258429.019434262,4458.285714285715,258.11608258284093,15411211.00701849,4495.035714285715,266.19562315777966,15559933.03919687
2018-06-23,4718,16368937.746814257,5078497.156040873,0,0,5,23,25,6,2,1,173,4272.0,14720297.344806114,4828.0,16474185.348978847,4948.0,17231634.84363412,5029.0,17449258.02248951,4419.285714285715,256.1547151532407,15212067.496741937,4455.285714285715,260.15806691359717,15394193.003845824,4489.571428571428,269.23945401423333,15539226.053417396
2018-06-24,4771,16421293.92833049,5077907.173921265,0,0,6,24,25,6,2,1,174,4718.0,16368937.746814257,4755.0,16342526.782448305,4844.0,16631798.888302095,4928.0,17080784.61807332,4403.571428571428,228.81787309477983,15197032.125004139,4438.857142857143,232.43555174345798,15332571.782644404,4478.464285714285,252.02652449220096,15500643.186428994
2018-06-25,4283,14849627.290781789,4582613.811235181,0,0,0,25,26,6,2,0,175,4771.0,16421293.92833049,4280.0,14772807.285741176,4373.0,15069888.953402974,4356.0,15068740.822548164,4405.857142857143,232.9559533269667,15208284.57441588,4433.642857142857,223.28650348232577,15317535.714075003,4472.857142857143,243.24834349642666,15477089.947509605
2018-06-26,4218,14707926.817248868,4615891.340632856,0,0,1,26,26,6,2,0,176,4283.0,14849627.290781789,4265.0,14707974.600009298,4306.0,15159505.976974472,4316.0,14897553.897020165,4406.285714285715,232.68842850882044,15219258.86085025,4427.214285714285,226.44006799946976,15301802.738173489,4470.25,244.93258709739135,15469264.464232236
2018-06-27,4189,14344838.16029349,4442798.051359305,0,0,2,27,26,6,2,0,177,4218.0,14707926.817248868,4306.0,14897300.48675808,4300.0,14922743.971905077,4343.0,15017081.964541882,4399.571428571428,238.06081655944988,15219252.03474162,4420.928571428572,231.2343015164539,15269547.083907377,4466.75,247.90061105806487,15462492.068526119
2018-06-28,4209,14692320.667457782,4561216.981998165,0,0,3,28,26,6,2,0,178,4189.0,14344838.16029349,4229.0,14569380.628451744,4316.0,14973828.938776815,4345.0,15001203.42833244,4382.857142857143,249.5552233951618,15140328.845246676,4413.0,237.51728682026854,15228268.097363692,4461.25,252.41509390214495,15438483.361231532
2018-06-29,4192,14616761.050234169,4514229.670924236,0,0,4,29,26,6,2,0,179,4209.0,14692320.667457782,4272.0,14720297.344806114,4352.0,15044828.003652396,4349.0,15036195.553276356,4380.0,251.7154478109483,15157891.707961828,4405.357142857143,242.54693666075585,15208160.363698045,4456.392857142857,256.0176989376149,15427451.834057437
2018-06-30,4620,16111627.648488374,4991266.067221578,0,0,5,30,26,6,2,1,180,4192.0,14616761.050234169,4718.0,16368937.746814257,4828.0,16474185.348978847,4912.0,17136290.56556147,4368.571428571428,259.1427258885572,15143100.808737263,4393.928571428572,248.93974071147179,15177584.152739601,4450.785714285715,260.1428891038958,15412472.030377358
2018-07-01,4711,16287629.48686782,5038555.050042841,0,0,6,1,26,7,3,1,181,4620.0,16111627.648488374,4771.0,16421293.92833049,4755.0,16342526.782448305,4939.0,17238975.61495407,4354.571428571428,238.98176858138189,15106342.223262137,4379.071428571428,226.21006720633568,15151687.174133139,4440.357142857143,246.4621095190305,15375876.926196177
2018-07-02,4198,14459506.771246,4446408.980307858,0,0,0,2,27,7,3,0,182,4711.0,16287629.48686782,4283.0,14849627.290781789,4280.0,14772807.285741176,4400.0,15310488.124150915,4346.0,222.03152929257456,15087247.303053183,4375.928571428572,220.82692989541238,15147765.938734533,4432.214285714285,232.76301047979734,15341900.278764525
2018-07-03,4222,14663550.01683596,4544840.546428908,0,0,1,3,27,7,3,0,183,4198.0,14459506.771246,4218.0,14707926.817248868,4265.0,14707974.600009298,4337.0,15026708.531573912,4333.857142857143,228.28741283115502,15031515.800262358,4370.071428571428,224.62189231126814,15125387.330556305,4425.0,236.8922242833757,15311508.08758935
2018-07-04,4109,14301867.197534015,4450444.980945874,0,0,2,4,27,7,3,0,184,4222.0,14663550.01683596,4189.0,14344838.16029349,4306.0,14897300.48675808,4349.0,15127999.339363389,4334.428571428572,227.95383826764515,15025176.257346226,4367.0,226.45563328421375,15122214.146043925,4420.892857142857,239.45746383048126,15298538.140634423
2018-07-05,4234,14482421.444119375,4498766.521063912,0,0,3,5,27,7,3,0,185,4109.0,14301867.197534015,4209.0,14692320.667457782,4229.0,14569380.628451744,4417.0,15229797.570736509,4323.0,238.23377874124532,15019037.548380587,4352.928571428572,236.43814097030761,15079683.196813634,4412.321428571428,246.32319232943613,15269033.421283374
2018-07-06,4198,14520293.397407528,4491426.440198829,0,0,4,6,27,7,3,0,186,4234.0,14482421.444119375,4192.0,14616761.050234169,4272.0,14720297.344806114,4314.0,14958549.38922344,4326.571428571428,236.420428575067,14989051.945046531,4353.285714285715,236.24023905645518,15073471.826504176,4405.785714285715,248.6116050363086,15242341.416761333
2018-07-07,4687,16260658.333636412,5073003.374150839,0,0,5,7,27,7,3,1,187,4198.0,14520293.397407528,4620.0,16111627.648488374,4718.0,16368937.746814257,4948.0,17231634.84363412,4327.428571428572,235.8614403577201,14975270.851785582,4348.0,239.0104600221517,15059185.830261422,4401.642857142857,251.15130665791526,15226689.417053623
2018-07-08,4701,16327263.053708408,5022526.218168449,0,0,6,8,27,7,3,1,188,4687.0,16260658.333636412,4711.0,16287629.48686782,4771.0,16421293.92833049,4844.0,16631798.888302095,4337.0,250.611252740174,14996560.949663874,4345.785714285715,235.43582453086458,15051451.586463004,4392.321428571428,234.40769383963553,15192011.684553703
2018-07-09,4181,14561386.10533662,4529496.202385192,0,0,0,9,28,7,3,0,189,4701.0,16327263.053708408,4198.0,14459506.771246,4283.0,14849627.290781789,4373.0,15069888.953402974,4335.571428571428,248.1403212853937,15002222.887783958,4340.785714285715,226.2759304550471,15044735.095418572,4387.214285714285,225.59441763891382,15181135.404746788
2018-07-10,4176,14285546.847138057,4414857.292219932,0,0,1,10,28,7,3,0,190,4181.0,14561386.10533662,4222.0,14663550.01683596,4218.0,14707926.817248868,4306.0,15159505.976974472,4333.142857142857,249.78886322347432,15016777.078368332,4333.5,229.89286802602516,15024146.439315345,4380.357142857143,228.9357364601928,15162974.588744417
2018-07-11,4074,14129001.97840128,4365438.285031449,0,0,2,11,28,7,3,0,191,4176.0,14285546.847138057,4109.0,14301867.197534015,4189.0,14344838.16029349,4300.0,14922743.971905077,4326.571428571428,253.77342725539987,14962776.625554347,4330.5,231.7823083445739,14993976.441450285,4375.714285714285,231.7998589369157,15131761.76267883
2018-07-12,4089,14269858.8999375,4455179.80168816,0,0,3,12,28,7,3,0,192,4074.0,14129001.97840128,4234.0,14482421.444119375,4209.0,14692320.667457782,4316.0,14973828.938776815,4321.571428571428,259.0642501664115,14938081.594249668,4322.285714285715,239.10487836333152,14978559.571315128,4367.642857142857,238.37539866318028,15103413.83433941
2018-07-13,4182,14446200.42139952,4455255.570401071,0,0,4,13,28,7,3,0,193,4089.0,14269858.8999375,4198.0,14520293.397407528,4192.0,14616761.050234169,4352.0,15044828.003652396,4300.857142857143,272.67283728027525,14907715.516509399,4313.714285714285,245.54254795685333,14948383.730777964,4359.535714285715,243.9908137528269,15078272.047238007
2018-07-14,4613,15922714.983535005,4897701.865951292,0,0,5,14,28,7,3,1,194,4182.0,14446200.42139952,4687.0,16260658.333636412,4620.0,16111627.648488374,4828.0,16474185.348978847,4298.571428571428,273.74371051700587,14897130.805651115,4313.0,245.9380785107081,14936200.828718347,4353.464285714285,246.2895739425519,15056892.490728974
2018-07-15,4610,16032250.774161983,4968293.807462661,0,0,6,15,28,7,3,1,195,4613.0,15922714.983535005,4701.0,16327263.053708408,4711.0,16287629.48686782,4755.0,16342526.782448305,4288.0,257.17050115957284,14848853.184208054,4312.5,245.27214084955477,14922707.066935962,4345.785714285715,233.991509365246,15037197.120534552
2018-07-16,4055,13985337.704916254,4349996.064179232,0,0,0,16,29,7,3,0,196,4610.0,16032250.774161983,4181.0,14561386.10533662,4198.0,14459506.771246,4280.0,14772807.285741176,4275.0,234.07691043757205,14806708.572844282,4305.285714285715,233.8695983042469,14904465.730314119,4340.607142857143,226.07002181161556,15026115.834524324
2018-07-17,4072,14016900.889847646,4348021.446942772,0,0,1,17,29,7,3,0,197,4055.0,13985337.704916254,4176.0,14285546.847138057,4222.0,14663550.01683596,4265.0,14707974.600009298,4257.0,246.99797570020496,14724415.9442128,4295.071428571428,241.90063576274127,14870596.511290565,4332.571428571428,232.2193134168843,14997991.920923436
2018-07-18,4084,14221390.238236511,4426457.856252235,0,0,2,18,29,7,3,0,198,4072.0,14016900.889847646,4074.0,14129001.97840128,4109.0,14301867.197534015,4306.0,14897300.48675808,4242.142857142857,255.65825403679392,14686037.950314168,4284.357142857143,248.61481085370812,14824407.287934259,4325.678571428572,237.11210875111752,14973310.71698909
2018-07-19,4128,14206774.553811006,4407800.745330954,0,0,3,19,29,7,3,0,199,4084.0,14221390.238236511,4089.0,14269858.8999375,4234.0,14482421.444119375,4229.0,14569380.628451744,4243.571428571428,254.58780878304327,14699236.273147775,4282.571428571428,250.05682870583334,14818658.93369872,4317.75,241.4661428609565,14949171.065256177
2018-07-20,4058,14040987.21175594,4357120.9650237,0,0,4,20,29,7,3,0,200,4128.0,14206774.553811006,4182.0,14446200.42139952,4198.0,14520293.397407528,4272.0,14720297.344806114,4249.142857142857,251.04344150725893,14690224.223701132,4275.0,253.22534810535427,14798969.870105267,4314.142857142857,243.5861265716929,14936220.848304722
2018-07-21,4508,15643726.199212776,4878152.186818387,0,0,5,21,29,7,3,1,201,4058.0,14040987.21175594,4613.0,15922714.983535005,4687.0,16260658.333636412,4718.0,16368937.746814257,4231.428571428572,260.7577784987785,14632336.622323478,4265.0,259.19401702496805,14764733.713987295,4306.5,248.26964134749662,14911959.77212436
2018-07-22,4489,15544413.451167414,4825131.149938303,0,0,6,22,29,7,3,1,202,4508.0,15643726.199212776,4610.0,16032250.774161983,4701.0,16327263.053708408,4771.0,16421293.92833049,4216.428571428572,237.09622318294743,14592481.081706017,4252.214285714285,240.51808778021572,14720667.132957038,4299.0,238.35205831648182,14886059.359710021
2018-07-23,4081,14255174.111453287,4465384.281313372,0,0,0,23,30,7,3,0,203,4489.0,15544413.451167414,4055.0,13985337.704916254,4181.0,14561386.10533662,4283.0,14849627.290781789,4199.142857142857,205.9906377900263,14522790.035563935,4237.071428571428,215.45746118994964,14664749.304204106,4288.928571428572,223.14186296007063,14854742.19981134
2018-07-24,4028,13768737.155274278,4251034.8457066845,0,0,1,24,30,7,3,0,204,4081.0,14255174.111453287,4072.0,14016900.889847646,4176.0,14285546.847138057,4218.0,14707926.817248868,4202.857142857143,203.1735125218717,14561338.093640653,4229.928571428572,219.08637716513041,14642877.018926727,4281.714285714285,226.5795350738581,14833511.729121035
2018-07-25,3991,13732436.639444651,4254421.806248675,0,0,2,25,30,7,3,0,205,4028.0,13768737.155274278,4084.0,14221390.238236511,4074.0,14129001.97840128,4189.0,14344838.16029349,4196.571428571428,208.50727976328469,14525886.131558746,4219.357142857143,225.3693061972401,14605962.040936457,4274.928571428572,231.35317375236292,14799969.24119337
2018-07-26,4081,13997748.491268491,4313787.418952509,0,0,3,26,30,7,3,0,206,3991.0,13732436.639444651,4128.0,14206774.553811006,4089.0,14269858.8999375,4209.0,14692320.667457782,4183.285714285715,219.5462853900524,14456035.617445622,4213.428571428572,230.520052285036,14577635.945296695,4267.857142857143,237.03316134397662,14778097.758305913
2018-07-27,4015,13828779.862527745,4257237.712010168,0,0,4,27,30,7,3,0,207,4081.0,13997748.491268491,4058.0,14040987.21175594,4182.0,14446200.42139952,4192.0,14616761.050234169,4176.571428571428,222.221253966142,14426174.75136812,4212.857142857143,230.86188249949362,14558199.487534627,4263.285714285715,239.4324859828245,14753291.609156296
2018-07-28,4416,15231965.24336007,4694228.308662265,0,0,5,28,30,7,3,1,208,4015.0,13828779.862527745,4508.0,15643726.199212776,4613.0,15922714.983535005,4620.0,16111627.648488374,4170.428571428572,226.5964527104324,14395859.415764092,4200.928571428572,236.81653537828117,14514098.019043785,4256.964285714285,243.68307926832603,14725149.423881067
2018-07-29,4370,15113219.86389982,4670836.97418854,0,0,6,29,30,7,3,1,209,4416.0,15231965.24336007,4489.0,15544413.451167414,4610.0,16032250.774161983,4711.0,16287629.48686782,4157.285714285715,205.43345579993436,14337036.422070848,4186.857142857143,215.32582007555462,14464758.751888433,4249.678571428572,235.33349914558704,14693732.9094122
2018-07-30,3967,13635565.220116775,4176328.357890445,0,0,0,30,31,7,3,0,210,4370.0,15113219.86389982,4081.0,14255174.111453287,4055.0,13985337.704916254,4198.0,14459506.771246,4140.285714285715,176.2608996967379,14275437.338175477,4169.714285714285,186.69696902135195,14399113.686869707,4237.5,218.8198142561852,14651789.708591912
2018-07-31,4018,13795585.648493728,4304181.060928542,0,0,1,31,31,7,3,0,211,3967.0,13635565.220116775,4028.0,13768737.155274278,4072.0,14016900.889847646,4222.0,14663550.01683596,4124.0,187.5562137955765,14186921.782270262,4163.428571428572,192.2549246286229,14374129.937955458,4229.25,224.64138087182496,14622363.224623011
2018-08-01,4808,14884855.04529788,3385598.63494034,400,0,2,1,31,8,3,0,212,4018.0,13795585.648493728,3991.0,13732436.639444651,4084.0,14221390.238236511,4109.0,14301867.197534015,4122.571428571428,188.44526804252132,14190757.281301612,4159.571428571428,194.75575010202814,14358321.706430178,4221.964285714285,228.16571010965174,14591364.497182216
2018-08-02,4689,14547354.220494386,3317130.342238069,400,0,3,2,31,8,3,0,213,4808.0,14884855.04529788,4081.0,13997748.491268491,4128.0,14206774.553811006,4234.0,14482421.444119375,4239.285714285715,308.27893986113264,14355388.482137786,4211.285714285715,258.75364837901674,14405712.049791707,4246.928571428572,252.31049780297997,14612185.491745215
2018-08-03,4746,14482563.523397012,3286469.8187342365,400,0,4,3,31,8,3,0,214,4689.0,14547354.220494386,4015.0,13828779.862527745,4058.0,14040987.21175594,4198.0,14520293.397407528,4326.142857142857,340.2437501612761,14433903.586312916,4251.357142857143,286.78445595224525,14430039.168840516,4263.178571428572,265.74159734758643,14614504.519472893
2018-08-04,5244,16138628.80486418,3697466.336959481,400,0,5,4,31,8,3,1,215,4746.0,14482563.523397012,4416.0,15231965.24336007,4508.0,15643726.199212776,4687.0,16260658.333636412,4430.571428571428,341.01019395459736,14527301.252151383,4300.5,309.1755164950823,14461580.333957735,4282.75,280.53158863525925,14613157.023972515
2018-08-05,5338,16185718.769345704,3708212.601778818,400,0,6,5,31,8,3,1,216,5244.0,16138628.80486418,4370.0,15113219.86389982,4489.0,15544413.451167414,4701.0,16327263.053708408,4548.857142857143,458.48316165788435,14656824.61808054,4353.071428571428,397.21210460402233,14496930.520075694,4302.642857142857,326.27802439997276,14608798.826516366
2018-08-06,4674,14358126.64194847,3263007.7906587054,400,0,0,6,32,8,3,0,217,5338.0,16185718.769345704,3967.0,13635565.220116775,4081.0,14255174.111453287,4181.0,14561386.10533662,4687.142857142857,535.122549382049,14810038.747429952,4413.714285714285,476.46364435873267,14542738.042802716,4325.392857142857,373.82570104515906,14603743.673503412
2018-08-07,4649,14330677.594173376,3299652.064267005,400,0,1,7,32,8,3,0,218,4674.0,14358126.64194847,4018.0,13795585.648493728,4028.0,13768737.155274278,4176.0,14285546.847138057,4788.142857142857,433.6467181825282,14913261.807691623,4456.071428571428,470.93694895400836,14550091.794980943,4343.0,378.3556038477067,14596484.406953836
2018-08-08,3861,13214085.319086218,4074063.933343013,0,0,2,8,32,8,3,0,219,4649.0,14330677.594173376,4808.0,14884855.04529788,3991.0,13732436.639444651,4074.0,14129001.97840128,4878.285714285715,287.9980985386985,14989703.514217287,4500.428571428572,456.5414656853308,14590230.39775945,4359.892857142857,381.17200737508114,14598096.219347954
2018-08-09,3845,13425366.505616488,4209728.5299613625,0,0,3,9,32,8,3,0,220,3861.0,13214085.319086218,4689.0,14547354.220494386,4081.0,13997748.491268491,4089.0,14269858.8999375,4743.0,482.95479429583673,14751022.124758478,4491.142857142857,468.85586716583214,14553205.303448135,4352.285714285715,389.1313076625606,14565420.624372413
2018-08-10,3868,13309568.73873942,4117262.42705108,0,0,4,10,32,8,3,0,221,3845.0,13425366.505616488,4746.0,14482563.523397012,4015.0,13828779.862527745,4182.0,14446200.42139952,4622.428571428572,591.7766631488769,14590738.165490206,4474.285714285715,488.5646840997114,14512320.875901561,4343.571428571428,397.87951168677387,14535260.181718092
2018-08-11,4354,14959300.824014593,4611077.227483267,0,0,5,11,32,8,3,1,222,3868.0,13309568.73873942,5244.0,16138628.80486418,4416.0,15231965.24336007,4613.0,15922714.983535005,4497.0,651.2761830949036,14423167.481967691,4463.785714285715,500.62548239814356,14475234.367059538,4332.357142857143,406.92434589297204,14494666.193051662
2018-08-12,4319,14893894.192551164,4585070.451459371,0,0,6,12,32,8,3,1,223,4354.0,14959300.824014593,5338.0,16185718.769345704,4370.0,15113219.86389982,4610.0,16032250.774161983,4369.857142857143,561.8788210315537,14254692.056132039,4459.357142857143,501.3544128186643,14455758.33710629,4323.107142857143,403.2356483437917,14460258.54449736
2018-08-13,3871,13284143.230071798,4146667.804646861,0,0,0,13,33,8,3,0,224,4319.0,14893894.192551164,4674.0,14358126.64194847,3967.0,13635565.220116775,4055.0,13985337.704916254,4224.285714285715,367.69449016165134,14070145.688018532,4455.714285714285,502.2381336150643,14440092.217724243,4312.714285714285,399.2983528680962,14419602.952296974
2018-08-14,3843,13251479.781907324,4095210.9788042526,0,0,1,14,33,8,3,0,225,3871.0,13284143.230071798,4649.0,14330677.594173376,4018.0,13795585.648493728,4072.0,14016900.889847646,4109.571428571428,327.0187849562836,13916719.486321867,4448.857142857143,510.0189826245324,14414990.647006745,4306.142857142857,405.16770321049506,14394560.2924811
2018-08-15,4145,14344321.189897198,4376076.592223072,0,1,2,15,33,8,3,0,226,3843.0,13251479.781907324,3861.0,13214085.319086218,4808.0,14884855.04529788,4084.0,14221390.238236511,3994.4285714285716,234.13661050965624,13762548.370283859,4436.357142857143,523.3611206780297,14376125.94225057,4297.964285714285,412.31725309010216,14367223.824340375
2018-08-16,3818,13116047.908834929,4033383.186031797,0,0,3,16,33,8,3,0,227,4145.0,14344321.189897198,3845.0,13425366.505616488,4689.0,14547354.220494386,4128.0,14206774.553811006,4035.0,231.75633756166877,13924010.63754257,4389.0,517.104512572727,14337516.381150525,4300.142857142857,411.3047634851906,14371614.215471115
2018-08-17,3797,13001097.681279425,3991307.020097063,0,0,4,17,33,8,3,0,228,3818.0,13116047.908834929,3868.0,13309568.73873942,4746.0,14482563.523397012,4058.0,14040987.21175594,4031.1428571428573,235.63773648790004,13879822.266573776,4326.785714285715,530.4580282927394,14235280.216031993,4289.071428571428,420.1864602479018,14332659.692436254
2018-08-18,4363,14903338.598073326,4578976.684716549,0,0,5,18,33,8,3,1,229,3797.0,13001097.681279425,4354.0,14959300.824014593,5244.0,16138628.80486418,4508.0,15643726.199212776,4021.0,245.16593020509902,13835754.97265092,4259.0,533.3939228404072,14129461.227309305,4279.75,428.318730836261,14295520.780633522
2018-08-19,4312,14910823.64431127,4582382.546524731,0,0,6,19,33,8,3,1,230,4363.0,14903338.598073326,4319.0,14893894.192551164,5338.0,16185718.769345704,4489.0,15544413.451167414,4022.285714285714,247.21833419449885,13827760.368945023,4196.071428571428,454.3608298877284,14041226.212538531,4274.571428571428,426.32880968596794,14269078.366307111
2018-08-20,3796,13051531.06056968,4002885.830884201,0,0,0,20,34,8,3,0,231,4312.0,14910823.64431127,3871.0,13284143.230071798,4674.0,14358126.64194847,4081.0,14255174.111453287,4021.285714285714,245.82833731807563,13830178.862053609,4122.785714285715,318.41148475891293,13950162.27503607,4268.25,424.3391921564638,14246450.158919394
2018-08-21,3820,13243668.86816521,4093505.141530688,0,0,1,21,34,8,3,0,232,3796.0,13051531.06056968,3843.0,13251479.781907324,4649.0,14330677.594173376,4028.0,13768737.155274278,4010.5714285714284,254.93584627173138,13796948.552124735,4060.0714285714284,286.3436516027358,13856834.0192233,4258.071428571428,432.3397950833335,14203462.907102121
2018-08-22,3789,12923341.82626156,4000172.1949154185,0,0,2,22,34,8,3,0,233,3820.0,13243668.86816521,4145.0,14344321.189897198,3861.0,13214085.319086218,3991.0,13732436.639444651,4007.285714285714,257.58992881820814,13795832.707304433,4000.8571428571427,236.58040010594326,13779190.538794145,4250.642857142857,438.18677011366503,14184710.468276799
2018-08-23,3795,13090236.140766677,4031681.662286784,0,0,3,23,34,8,3,0,234,3789.0,12923341.82626156,3818.0,13116047.908834929,3845.0,13425366.505616488,4081.0,13997748.491268491,3956.4285714285716,260.9896914585268,13592835.655356485,3995.714285714286,240.60290572177374,13758423.146449525,4243.428571428572,444.24087798395834,14155814.224948829
2018-08-24,3800,13018709.462806497,4009012.307823884,0,0,4,24,34,8,3,0,235,3795.0,13090236.140766677,3797.0,13001097.681279425,3868.0,13309568.73873942,4015.0,13828779.862527745,3953.1428571428573,263.15865212923205,13589148.259918164,3992.1428571428573,243.36735674628358,13734485.263245968,4233.214285714285,451.345015206021,14123403.069573764
2018-08-25,4255,14461274.520216629,4462401.530637193,0,0,5,25,34,8,3,1,236,3800.0,13018709.462806497,4363.0,14903338.598073326,4354.0,14959300.824014593,4416.0,15231965.24336007,3953.5714285714284,262.86425973801954,13591664.228707746,3987.285714285714,246.69146989444906,13713709.600679332,4225.535714285715,456.9884901818981,14094471.983869435
2018-08-26,4223,14660015.08616468,4509094.829472613,0,0,6,26,34,8,3,1,237,4255.0,14461274.520216629,4312.0,14910823.64431127,4319.0,14893894.192551164,4370.0,15113219.86389982,3938.1428571428573,236.69490106564209,13528512.21758536,3980.214285714286,236.58278062427675,13678136.293265192,4219.785714285715,455.5137398539893,14066947.315185739
2018-08-27,3770,12939019.92082052,4003159.7552349954,0,0,0,27,35,8,3,0,238,4223.0,14660015.08616468,3796.0,13051531.06056968,3871.0,13284143.230071798,3967.0,13635565.220116775,3925.4285714285716,214.6274734998999,13492682.42356442,3973.3571428571427,227.21376148155292,13661430.642809015,4214.535714285715,454.56446245730785,14050761.43026663
2018-08-28,3761,12918239.516541088,4032754.156297613,0,0,1,28,35,8,3,0,239,3770.0,12939019.92082052,3820.0,13243668.86816521,3843.0,13251479.781907324,4018.0,13795585.648493728,3921.714285714286,217.44709263458995,13476609.403600255,3966.1428571428573,232.26107894180515,13636778.977862494,4207.5,460.0294274001119,14025884.81243462
2018-08-29,3741,12880349.393122146,3943373.5973556335,0,0,2,29,35,8,3,0,240,3761.0,12918239.516541088,3789.0,12923341.82626156,4145.0,14344321.189897198,4808.0,14884855.04529788,3913.285714285714,223.11634803819862,13430119.496225378,3960.285714285714,236.59879334221407,13612976.101764906,4198.321428571428,466.469168809404,13994551.02200774
2018-08-30,3723,12906033.065388145,3977470.121870114,0,0,3,30,35,8,3,0,241,3741.0,12880349.393122146,3795.0,13090236.140766677,3818.0,13116047.908834929,4689.0,14547354.220494386,3906.4285714285716,228.2512191591029,13423977.720062604,3931.4285714285716,236.97377793455195,13508406.687709544,4160.214285714285,458.33025107188826,13922961.534430033
2018-08-31,3712,12750713.86878056,3963891.50950153,0,0,4,31,35,8,3,0,242,3723.0,12906033.065388145,3800.0,13018709.462806497,3797.0,13001097.681279425,4746.0,14482563.523397012,3896.1428571428573,235.6129796731791,13397662.995008528,3924.6428571428573,241.78299461194422,13493405.627463344,4125.714285714285,453.3829104543584,13864342.921747668
2018-09-01,4107,13785461.69840109,4254678.414211259,0,0,5,1,35,9,3,1,243,3712.0,12750713.86878056,4255.0,14461274.520216629,4363.0,14903338.598073326,5244.0,16138628.80486418,3883.5714285714284,243.80310166392474,13359377.91014768,3918.5714285714284,246.26056065936896,13475521.069427714,4088.785714285714,442.97958795402405,13802491.14836851
2018-09-02,4163,14219691.370980768,4394572.434211196,0,0,6,2,35,9,3,1,244,4107.0,13785461.69840109,4223.0,14660015.08616468,4312.0,14910823.64431127,5338.0,16185718.769345704,3862.4285714285716,210.34563393206724,13262833.221316889,3900.285714285714,218.68186537013395,13395672.719451126,4048.1785714285716,380.92850049159404,13718449.465994826
2018-09-03,3696,12700129.82468637,3922218.955078111,0,0,0,3,36,9,3,0,245,4163.0,14219691.370980768,3770.0,12939019.92082052,3796.0,13051531.06056968,4674.0,14358126.64194847,3853.8571428571427,193.77343176282014,13199929.833433473,3889.6428571428573,199.92445001622224,13346306.128498947,4006.214285714286,286.62226492602576,13648234.201767508
2018-09-04,3765,12924037.896670518,3982433.267838703,0,0,1,4,36,9,3,0,246,3696.0,12700129.82468637,3761.0,12918239.516541088,3820.0,13243668.86816521,4649.0,14330677.594173376,3843.285714285714,200.99478789735358,13165802.676842881,3882.5,205.24310163616718,13321206.040221566,3971.285714285714,260.64362744771444,13589020.029722434
2018-09-05,3656,12564334.825341348,3878984.106811975,0,0,2,5,36,9,3,0,247,3765.0,12924037.896670518,3741.0,12880349.393122146,3789.0,12923341.82626156,3861.0,13214085.319086218,3843.8571428571427,200.72736781633338,13166631.01686137,3878.5714285714284,207.04986923843168,13298375.256543374,3939.714285714286,226.86231052449108,13538782.89766876
2018-09-06,3747,12967235.709459553,4005507.343128594,0,0,3,6,36,9,3,0,248,3656.0,12564334.825341348,3723.0,12906033.065388145,3795.0,13090236.140766677,3845.0,13425366.505616488,3831.714285714286,210.3280883807535,13121486.078606972,3869.0714285714284,214.39663612664484,13272731.899334788,3932.3928571428573,232.7287945204558,13515577.522892158
2018-09-07,3687,12752638.902152188,3932278.718715655,0,0,4,7,36,9,3,0,249,3747.0,12967235.709459553,3712.0,12750713.86878056,3800.0,13018709.462806497,3868.0,13309568.73873942,3835.1428571428573,208.4477780895578,13130229.313474314,3865.6428571428573,216.04971192293087,13263946.154241424,3928.8928571428573,234.81929053285202,13499215.708743695
2018-09-08,4126,14196600.921440344,4412180.078818478,0,0,5,8,36,9,3,1,250,3687.0,12752638.902152188,4107.0,13785461.69840109,4255.0,14461274.520216629,4354.0,14959300.824014593,3831.5714285714284,211.10649535471353,13130504.318241691,3857.5714285714284,220.75036868537438,13244941.114194687,3922.4285714285716,239.0116111500717,13479325.357437009
2018-09-09,4145,14117976.388846502,4327750.282804658,0,0,6,9,36,9,3,1,251,4126.0,14196600.921440344,4163.0,14219691.370980768,4223.0,14660015.08616468,4319.0,14893894.192551164,3834.285714285714,215.31814777649856,13189238.492961586,3848.3571428571427,205.01692505850116,13226035.857139235,3914.285714285714,227.36393686854268,13452086.075202214
2018-09-10,3675,12627048.728757553,3887938.408148993,0,0,0,10,37,9,3,0,252,4145.0,14117976.388846502,3696.0,12700129.82468637,3770.0,12939019.92082052,3871.0,13284143.230071798,3831.714285714286,210.7982560694041,13174707.78122812,3842.785714285714,194.86096762384267,13187318.807330796,3908.0714285714284,218.0810125671902,13424374.725069907
2018-09-11,3697,12661219.755938016,3907769.8388738856,0,0,1,11,37,9,3,0,253,3675.0,12627048.728757553,3765.0,12924037.896670518,3761.0,12918239.516541088,3843.0,13251479.781907324,3828.714285714286,213.187487348348,13164267.624666857,3836.0,199.19646274277656,13165035.15075487,3901.0714285714284,222.41751339441157,13400907.064308682
2018-09-12,3634,12567740.31255144,3885817.876229522,0,0,2,12,37,9,3,0,254,3697.0,12661219.755938016,3656.0,12564334.825341348,3741.0,12880349.393122146,4145.0,14344321.189897198,3819.0,218.06803219789893,13126722.175990786,3831.4285714285716,201.76784614072523,13146676.596426079,3895.8571428571427,225.51910722790376,13379826.349095492
2018-09-13,3653,12510210.43363619,3877437.073418648,0,0,3,13,37,9,3,0,255,3634.0,12567740.31255144,3747.0,12967235.709459553,3723.0,12906033.065388145,3818.0,13116047.908834929,3815.8571428571427,220.94828095538568,13127208.674163656,3823.785714285714,207.40453914306343,13124347.376385314,3877.6071428571427,225.28670445978915,13316377.03204743
2018-09-14,3712,12777367.789809115,3942056.233602217,0,0,4,14,37,9,3,0,256,3653.0,12510210.43363619,3687.0,12752638.902152188,3712.0,12750713.86878056,3797.0,13001097.681279425,3802.4285714285716,228.55623461404303,13061919.349046035,3818.785714285714,210.83649464106344,13096074.331260175,3871.714285714286,229.03046168786284,13294739.97936176
2018-09-15,4059,13772442.952530785,4231755.28561271,0,0,5,15,37,9,3,1,257,3712.0,12777367.789809115,4126.0,14196600.921440344,4107.0,13785461.69840109,4363.0,14903338.598073326,3806.0,226.63921402381024,13065452.047282737,3818.785714285714,210.83649464106344,13097978.182762215,3868.6785714285716,230.6152886858645,13286749.626094963
2018-09-16,4103,14013317.158417322,4333828.595149338,0,0,6,16,37,9,3,1,258,4059.0,13772442.952530785,4145.0,14117976.388846502,4163.0,14219691.370980768,4312.0,14910823.64431127,3796.4285714285716,211.8016817236102,13004858.051724227,3815.3571428571427,206.1267747109797,13097048.272342905,3857.8214285714284,212.9614907931711,13246360.495897016
2018-09-17,3680,12602185.778709332,3864576.294188316,0,0,0,17,38,9,3,0,259,4103.0,14013317.158417322,3675.0,12627048.728757553,3696.0,12700129.82468637,3796.0,13051531.06056968,3790.4285714285716,200.5790427261767,12989906.733091488,3811.0714285714284,198.8375696916528,13082307.257159801,3850.3571428571427,199.7029672595741,13214306.692829374
2018-09-18,3630,12461757.954316337,3834283.7158292127,0,0,1,18,38,9,3,0,260,3680.0,12602185.778709332,3697.0,12661219.755938016,3765.0,12924037.896670518,3820.0,13243668.86816521,3791.1428571428573,200.10782807561503,12986354.883084599,3809.9285714285716,199.5943826424515,13075311.25387573,3846.214285714286,202.0616622319008,13198258.647048648
2018-09-19,3652,12535821.13595502,3875435.5743999057,0,0,2,19,38,9,3,0,261,3630.0,12461757.954316337,3634.0,12567740.31255144,3656.0,12564334.825341348,3789.0,12923341.82626156,3781.5714285714284,206.85007222853312,12957860.339995788,3800.285714285714,205.11663795226116,13042291.257993286,3839.4285714285716,206.12409577035467,13170333.25726833
2018-09-20,3654,12476312.709214175,3837519.200367192,0,0,3,20,38,9,3,0,262,3652.0,12535821.13595502,3653.0,12510210.43363619,3747.0,12967235.709459553,3795.0,13090236.140766677,3784.1428571428573,204.81164401421745,12953300.457624871,3800.0,205.33574757156399,13040254.565894265,3834.535714285714,208.97181843366923,13156493.232614527
2018-09-21,3629,12303071.123165809,3751206.365484152,0,0,4,21,38,9,3,0,263,3654.0,12476312.709214175,3712.0,12777367.789809115,3687.0,12752638.902152188,3800.0,13018709.462806497,3784.285714285714,204.7052468678688,12948457.925564583,3793.3571428571427,208.65968138901795,13005188.637305308,3829.5,211.64164331527184,13134567.395773366
2018-09-22,4088,13934551.34950366,4290593.121507001,0,0,5,22,38,9,3,1,264,3629.0,12303071.123165809,4059.0,13772442.952530785,4126.0,14196600.921440344,4255.0,14461274.520216629,3772.4285714285716,211.86855763487563,12880701.258901255,3789.214285714286,211.49038114932128,12973076.653091995,3823.3928571428573,214.9655164914291,13109008.88364334
2018-09-23,4002,13774758.860245224,4237013.288603886,0,0,6,23,38,9,3,1,265,4088.0,13934551.34950366,4103.0,14013317.158417322,4145.0,14117976.388846502,4223.0,14660015.08616468,3776.5714285714284,218.58320852164283,12903859.60132595,3786.5,207.0324203522892,12954358.82652509,3817.4285714285716,204.6144393318136,13090197.341832165
2018-09-24,3583,12295675.02321994,3789550.311816927,0,0,0,24,39,9,3,0,266,4002.0,13774758.860245224,3680.0,12602185.778709332,3675.0,12627048.728757553,3770.0,12939019.92082052,3762.1428571428573,195.56621092903464,12869779.84444422,3776.285714285714,190.88233531175663,12929843.288767856,3809.535714285714,192.2811371775438,13058581.048049327
2018-09-25,3612,12422820.04146555,3821835.4767773226,0,0,1,25,39,9,3,0,267,3583.0,12295675.02321994,3630.0,12461757.954316337,3697.0,12661219.755938016,3761.0,12918239.516541088,3748.285714285714,205.53889679385458,12825992.593660025,3769.714285714286,196.14846361933039,12906173.738372311,3802.8571428571427,196.8973626755198,13035604.444563588
2018-09-26,3581,12236072.344992291,3750712.4270494576,0,0,2,26,39,9,3,0,268,3612.0,12422820.04146555,3652.0,12535821.13595502,3634.0,12567740.31255144,3741.0,12880349.393122146,3745.714285714286,207.36980998987,12820430.034681339,3763.6428571428573,199.85287170734966,12889145.187338565,3797.535714285714,200.05859921957094,13017910.89188232
2018-09-27,3678,12665729.969678236,3901230.288247488,0,0,3,27,39,9,3,0,269,3581.0,12236072.344992291,3654.0,12476312.709214175,3653.0,12510210.43363619,3723.0,12906033.065388145,3735.5714285714284,214.3368510412578,12777608.77882952,3759.8571428571427,202.97512433523755,12865454.618227197,3791.8214285714284,203.97985622613712,12994900.997306256
2018-09-28,3580,12252768.12452872,3777658.4157901113,0,0,4,28,39,9,3,0,270,3678.0,12665729.969678236,3629.0,12303071.123165809,3712.0,12777367.789809115,3712.0,12750713.86878056,3739.0,213.0023474048975,12804668.387467245,3761.6428571428573,202.0706681957057,12876563.156515915,3790.214285714286,204.71811824191767,12986318.743888045
2018-09-29,4022,13844486.500494972,4261179.470392672,0,0,5,29,39,9,3,1,271,3580.0,12252768.12452872,4088.0,13934551.34950366,4059.0,13772442.952530785,4107.0,13785461.69840109,3732.0,217.96712290311874,12797482.244804801,3752.214285714286,207.56988760839644,12839091.751853028,3785.5,208.0782438304385,12968534.967307623
2018-09-30,4074,13979635.590125198,4319423.810094697,0,0,6,30,39,9,3,1,272,4022.0,13844486.500494972,4002.0,13774758.860245224,4103.0,14013317.158417322,4163.0,14219691.370980768,3722.5714285714284,200.74848039511764,12784615.837803561,3749.5714285714284,203.56012692747416,12844237.719564756,3782.464285714286,203.78992126841285,12970642.995953832
2018-10-01,3573,12302692.921380758,3798341.4933537617,0,0,0,1,40,10,4,0,273,4074.0,13979635.590125198,3583.0,12295675.02321994,3680.0,12602185.778709332,3696.0,12700129.82468637,3732.8571428571427,218.51043344382015,12813883.942072129,3747.5,199.79980364971752,12841831.893258175,3779.285714285714,198.25364545579447,12962069.57520899
2018-10-02,3951,13616347.96006978,4150644.930677135,0,1,1,2,40,10,4,0,274,3573.0,12302692.921380758,3612.0,12422820.04146555,3630.0,12461757.954316337,3765.0,12924037.896670518,3731.4285714285716,219.68299671939943,12814886.498952245,3739.8571428571427,204.57003959256906,12820439.546306133,3774.8928571428573,201.5034857314104,12947875.400090933
2018-10-03,3629,12373414.751036895,3835468.380609088,0,0,2,3,40,10,4,0,275,3951.0,13616347.96006978,3581.0,12236072.344992291,3652.0,12535821.13595502,3656.0,12564334.825341348,3779.8571428571427,226.23544415160313,12985390.487324279,3762.785714285714,209.24559680008522,12902910.26100281,3781.535714285714,204.21293936276052,12972600.759498049
2018-10-04,3583,12303832.784374263,3789119.463100072,0,0,3,4,40,10,4,0,276,3629.0,12373414.751036895,3678.0,12665729.969678236,3654.0,12476312.709214175,3747.0,12967235.709459553,3786.714285714286,219.84063491971122,13005010.831044937,3761.1428571428573,210.27010363701385,12891309.804937229,3780.5714285714284,204.89029197606135,12965782.185415747
2018-10-05,3580,12345109.183481587,3802546.0640983735,0,0,4,5,40,10,4,0,277,3583.0,12303832.784374263,3580.0,12252768.12452872,3629.0,12303071.123165809,3687.0,12752638.902152188,3773.1428571428573,230.35149125587714,12953311.233144369,3756.0714285714284,213.8782774907767,12878989.810305806,3774.714285714286,208.2028670850568,12942089.223805558
2018-10-06,4054,13817142.325014371,4251248.589746008,0,0,5,6,40,10,4,1,278,3580.0,12345109.183481587,4022.0,13844486.500494972,4088.0,13934551.34950366,4126.0,14196600.921440344,3773.1428571428573,230.35149125587714,12966502.81299478,3752.5714285714284,216.50251882909993,12881992.52889979,3770.8928571428573,210.8377187573363,12927534.590995895
2018-10-07,3957,13601087.435355082,4206599.445814895,0,0,6,7,40,10,4,1,279,4054.0,13817142.325014371,4074.0,13979635.590125198,4002.0,13774758.860245224,4145.0,14117976.388846502,3777.714285714286,236.3526421019413,12962596.502211837,3750.1428571428573,212.60612088405819,12873606.1700077,3768.3214285714284,206.7456934159349,12913982.498266395
2018-10-08,3634,12361740.232578676,3799108.820187915,0,0,0,8,41,10,4,0,280,3957.0,13601087.435355082,3573.0,12302692.921380758,3583.0,12295675.02321994,3675.0,12627048.728757553,3761.0,215.08835393855435,12908518.194387535,3746.9285714285716,208.8118270617909,12861201.068229834,3761.6071428571427,196.8767878057838,12895522.178498844
2018-10-09,3583,12198336.30163324,3749044.544712928,0,0,1,9,41,10,4,0,281,3634.0,12361740.232578676,3951.0,13616347.96006978,3612.0,12422820.04146555,3697.0,12661219.755938016,3769.714285714286,207.29665882956638,12916953.524558665,3750.5714285714284,206.16002532974275,12865920.011755455,3760.1428571428573,197.69555986804167,12886046.875063883
2018-10-10,3558,12173772.144057432,3730200.473711108,0,0,2,10,41,10,4,0,282,3583.0,12198336.30163324,3629.0,12373414.751036895,3581.0,12236072.344992291,3634.0,12567740.31255144,3717.1428571428573,200.20108938383112,12714380.430496303,3748.5,207.79862663351113,12849885.45891029,3756.0714285714284,200.20210687674515,12869515.323124427
2018-10-11,3523,12066670.34807594,3706251.367322604,0,0,3,11,41,10,4,0,283,3558.0,12173772.144057432,3583.0,12303832.784374263,3678.0,12665729.969678236,3653.0,12510210.43363619,3707.0,207.09096230078018,12685860.058070663,3746.8571428571427,209.31016996971601,12845435.4445578,3753.3571428571427,202.4213087680997,12855445.0313925
2018-10-12,3636,12458745.641383473,3806397.821477256,0,0,4,12,41,10,4,0,284,3523.0,12066670.34807594,3580.0,12345109.183481587,3580.0,12252768.12452872,3712.0,12777367.789809115,3698.4285714285716,214.19839490749877,12651979.710028047,3735.785714285714,217.1837855441813,12802645.471586209,3748.714285714286,206.26284151141698,12839604.314051062
2018-10-13,3852,13394256.329640884,4153600.565408752,0,0,5,13,41,10,4,1,285,3636.0,12458745.641383473,4054.0,13817142.325014371,4022.0,13844486.500494972,4059.0,13772442.952530785,3706.4285714285716,210.0435329027823,12668213.489728317,3739.785714285714,214.59413518814316,12817358.15136155,3746.0,207.26150953164816,12828224.951607289
2018-10-14,4000,13704452.24851131,4195144.438328321,0,0,6,14,41,10,4,1,286,3852.0,13394256.329640884,3957.0,13601087.435355082,4074.0,13979635.590125198,4103.0,14013317.158417322,3677.5714285714284,162.924171669774,12607801.204674961,3727.6428571428573,201.82650856724408,12785198.853443397,3738.6071428571427,199.2192797612109,12814718.286504077
2018-10-15,3565,12312270.5497249,3811913.449034469,0,0,0,15,42,10,4,0,287,4000.0,13704452.24851131,3634.0,12361740.232578676,3573.0,12302692.921380758,3680.0,12602185.778709332,3683.714285714286,175.53794868508558,12622567.606554423,3722.3571428571427,192.82619002729862,12765542.900470976,3734.9285714285716,193.09850270272932,12803687.396864576
2018-10-16,3516,12152733.55126539,3776860.484810476,0,0,1,16,42,10,4,0,288,3565.0,12312270.5497249,3583.0,12198336.30163324,3951.0,13616347.96006978,3630.0,12461757.954316337,3673.8571428571427,180.65752920135685,12615500.509003881,3721.785714285714,193.31408423816276,12766227.016781272,3730.8214285714284,195.51793582052122,12793333.281543706
2018-10-17,3555,12124810.389142798,3710184.285275271,0,0,2,17,42,10,4,0,289,3516.0,12152733.55126539,3558.0,12173772.144057432,3629.0,12373414.751036895,3652.0,12535821.13595502,3664.285714285714,187.9030905242583,12608985.830379903,3690.714285714286,188.53827547393618,12661683.130438102,3726.75,198.85368248297863,12782296.695720455
2018-10-18,3526,11948655.017838567,3667198.768863047,0,0,3,18,42,10,4,0,290,3555.0,12124810.389142798,3523.0,12066670.34807594,3583.0,12303832.784374263,3654.0,12476312.709214175,3663.8571428571427,188.18911460852092,12601991.293963527,3685.4285714285716,191.4168685942337,12643925.676017096,3723.285714285714,201.03709942177244,12767617.740477163
2018-10-19,3538,12213256.186702693,3760967.376305625,0,0,4,19,42,10,4,0,291,3526.0,11948655.017838567,3636.0,12458745.641383473,3580.0,12345109.183481587,3629.0,12303071.123165809,3664.285714285714,187.81792094623881,12585131.961072475,3681.3571428571427,194.34687749283077,12618555.835550262,3718.714285714286,204.1028892935955,12748772.822928032
2018-10-20,3959,13587444.274018804,4144731.2466482655,0,0,5,20,42,10,4,1,292,3538.0,12213256.186702693,3852.0,13394256.329640884,4054.0,13817142.325014371,4088.0,13934551.34950366,3650.285714285714,193.83387585395778,12550062.03897522,3678.3571428571427,196.3456948041807,12609137.764351768,3715.464285714286,206.29706774148403,12745565.146625781
2018-10-21,3915,13282453.244233472,4079109.8794615786,0,0,6,21,42,10,4,1,293,3959.0,13587444.274018804,4000.0,13704452.24851131,3957.0,13601087.435355082,4002.0,13774758.860245224,3665.5714285714284,215.41035037252792,12577660.316743495,3671.5714285714284,183.5922380987675,12592730.760709228,3710.8571428571427,198.97993836821888,12733168.465358462
2018-10-22,3588,12329583.607175678,3810329.522382632,0,0,0,22,43,10,4,0,294,3915.0,13282453.244233472,3565.0,12312270.5497249,3634.0,12361740.232578676,3583.0,12295675.02321994,3653.4285714285716,194.82886263149473,12517374.744703803,3668.5714285714284,178.85134105677503,12569971.175629111,3707.75,194.90275352938878,12715586.12192947
2018-10-23,3590,12414170.701574484,3826932.885388929,0,0,1,23,43,10,4,0,295,3588.0,12329583.607175678,3516.0,12152733.55126539,3583.0,12198336.30163324,3612.0,12422820.04146555,3656.714285714286,193.27675691065627,12519848.038625343,3665.285714285714,179.95445089135495,12567674.273814613,3707.9285714285716,194.78647921962352,12716797.142785037
2018-10-24,3546,12098133.565347424,3718768.238140506,0,0,2,24,43,10,4,0,296,3590.0,12414170.701574484,3555.0,12124810.389142798,3558.0,12173772.144057432,3581.0,12236072.344992291,3667.285714285714,186.19140177579177,12557196.202955214,3665.785714285714,179.7178038230873,12583091.01666756,3707.1428571428573,195.23162203749314,12716488.237788925
2018-10-25,3481,11912502.52539497,3664720.5423330986,0,0,3,25,43,10,4,0,297,3546.0,12098133.565347424,3526.0,11948655.017838567,3523.0,12066670.34807594,3678.0,12665729.969678236,3666.0,187.12473558207873,12553385.228127304,3664.9285714285716,180.2990952175535,12577688.261045415,3705.8928571428573,196.17893179551064,12711561.852801608
2018-10-26,3537,12246662.378619753,3756514.413198908,0,0,4,26,43,10,4,0,298,3481.0,11912502.52539497,3538.0,12213256.186702693,3636.0,12458745.641383473,3580.0,12252768.12452872,3659.5714285714284,193.40359971042048,12548220.586349647,3661.9285714285716,183.16888562019855,12566676.27371106,3698.8571428571427,200.69688112983337,12684660.872648636
2018-10-27,4037,13849104.103986086,4242192.832310649,0,0,5,27,43,10,4,1,299,3537.0,12246662.378619753,3959.0,13587444.274018804,3852.0,13394256.329640884,4022.0,13844486.500494972,3659.4285714285716,193.50870535357117,12552992.899480656,3654.8571428571427,186.13388776853327,12551527.469227938,3697.3214285714284,201.8015258121459,12684442.810294742
2018-10-28,3889,13262585.634032458,4057933.5681352494,0,0,6,28,43,10,4,1,300,4037.0,13849104.103986086,3915.0,13282453.244233472,4000.0,13704452.24851131,4074.0,13979635.590125198,3670.5714285714284,214.7175331630263,12590372.875190267,3668.0714285714284,206.64330631298157,12584016.595966881,3697.8571428571427,202.7132099855603,12684607.72470514
2018-10-29,3557,12148888.27582593,3730240.159627861,0,0,0,29,44,10,4,0,301,3889.0,13262585.634032458,3588.0,12329583.607175678,3565.0,12312270.5497249,3573.0,12302692.921380758,3666.8571428571427,209.95668487525174,12587534.645161552,3660.1428571428573,194.71314488553034,12552454.694932679,3691.25,192.77037289653995,12658998.797701826
2018-10-30,3522,11996870.230674855,3686187.041923719,0,0,1,30,44,10,4,0,302,3557.0,12148888.27582593,3590.0,12414170.701574484,3516.0,12152733.55126539,3951.0,13616347.96006978,3662.4285714285716,212.21204579605887,12561721.026397303,3659.5714285714284,195.02532943411185,12540784.532511322,3690.6785714285716,193.15720973332077,12653505.774646297
2018-10-31,3484,11864826.724289628,3625974.2535882727,0,0,2,31,44,10,4,0,303,3522.0,11996870.230674855,3546.0,12098133.565347424,3555.0,12124810.389142798,3629.0,12373414.751036895,3652.714285714286,217.5689272282102,12502106.67341164,3660.0,194.69186700252226,12529651.438183427,3675.3571428571427,188.70655532113472,12595667.284310764
2018-11-01,3804,12976466.077647945,3954860.864578492,0,1,3,1,44,11,4,0,304,3484.0,11864826.724289628,3481.0,11912502.52539497,3526.0,11948655.017838567,3583.0,12303832.784374263,3643.8571428571427,223.80976190462647,12468777.124689098,3654.9285714285716,198.52435009948366,12511081.1764082,3670.1785714285716,191.98689260264985,12577503.42621265
2018-11-02,3564,12142147.554418502,3718644.801558816,0,0,4,2,44,11,4,0,305,3804.0,12976466.077647945,3537.0,12246662.378619753,3538.0,12213256.186702693,3580.0,12345109.183481587,3690.0,217.8546916333524,12620771.917868095,3674.785714285714,198.5397377668564,12584496.25210887,3678.0714285714284,192.81115853898942,12601526.043829566
2018-11-03,3981,13626831.100387678,4186830.296451464,0,0,5,3,44,11,4,1,306,3564.0,12142147.554418502,4037.0,13849104.103986086,3959.0,13587444.274018804,4054.0,13817142.325014371,3693.8571428571427,214.9134931171283,12605841.228696486,3676.6428571428573,197.27942196203574,12579417.06408857,3677.5,193.13601041370552,12594277.41422017
2018-11-04,3931,13405100.92876346,4137939.9581703423,0,0,6,4,44,11,4,1,307,3981.0,13626831.100387678,3889.0,13262585.634032458,3915.0,13282453.244233472,3957.0,13601087.435355082,3685.8571428571427,200.5753628701007,12574087.94246814,3678.214285714286,199.77340185299116,12582230.408829203,3674.8928571428573,188.2975067763923,12587480.584769217
2018-11-05,3541,12237895.522276212,3750330.7842089375,0,0,0,5,45,11,4,0,308,3931.0,13405100.92876346,3557.0,12148888.27582593,3588.0,12329583.607175678,3634.0,12361740.232578676,3691.8571428571427,208.15012897058847,12594447.270286856,3679.3571428571427,201.27234023844295,12590990.957724204,3673.964285714286,186.9138209310133,12580481.06667666
2018-11-06,3589,12291897.388460029,3747727.9954475374,0,0,1,6,45,11,4,0,309,3541.0,12237895.522276212,3522.0,11996870.230674855,3590.0,12414170.701574484,3583.0,12198336.30163324,3689.5714285714284,209.95781889294364,12607162.591208326,3676.0,203.29516245333457,12584441.808802813,3670.6428571428573,188.4701006419408,12576058.041308714
2018-11-07,3600,12324935.268236484,3819509.166902352,0,0,2,7,45,11,4,0,310,3589.0,12291897.388460029,3484.0,11864826.724289628,3546.0,12098133.565347424,3558.0,12173772.144057432,3699.1428571428573,202.4379975625607,12649309.328034779,3675.9285714285716,203.32787628539745,12575708.00072321,3670.8571428571427,188.37014670408004,12579399.508695383
2018-11-08,3594,12333877.15127932,3806258.836984286,0,0,3,8,45,11,4,0,311,3600.0,12324935.268236484,3804.0,12976466.077647945,3481.0,11912502.52539497,3523.0,12066670.34807594,3715.714285714286,185.96927549616365,12715039.120027188,3679.785714285714,201.17431345877384,12591908.122358143,3672.3571428571427,187.60384073415318,12584798.19170178
2018-11-09,3605,12347217.367201513,3792854.359582297,0,0,4,9,45,11,4,0,312,3594.0,12333877.15127932,3564.0,12142147.554418502,3537.0,12246662.378619753,3636.0,12458745.641383473,3685.714285714286,186.29163005505063,12623240.701974526,3687.8571428571427,194.7494868731807,12622006.30992131,3674.8928571428573,185.98314126818937,12594341.291816186
2018-11-10,3988,13718044.423849558,4193417.502964277,0,0,5,10,45,11,4,1,313,3605.0,12347217.367201513,3981.0,13626831.100387678,4037.0,13849104.103986086,3852.0,13394256.329640884,3691.5714285714284,182.4315918756457,12652536.389514957,3692.714285714286,191.51879946745456,12629188.809105722,3673.785714285714,186.3152162019094,12590358.13916683
2018-11-11,3974,13699188.526641762,4211139.854924327,0,0,6,11,45,11,4,1,314,3988.0,13718044.423849558,3931.0,13405100.92876346,3889.0,13262585.634032458,4000.0,13704452.24851131,3692.5714285714284,184.29221103349838,12665566.864295224,3689.214285714286,185.08259219621516,12619827.403381685,3678.6428571428573,192.79334825734932,12601921.999674281
2018-11-12,3543,12083887.150790684,3697841.488828258,0,0,0,12,46,11,4,0,315,3974.0,13699188.526641762,3541.0,12237895.522276212,3557.0,12148888.27582593,3565.0,12312270.5497249,3698.714285714286,194.02380806291427,12707579.37827784,3695.285714285714,193.3499929667035,12651013.324282348,3677.714285714286,191.24462851675702,12601734.009607513
2018-11-13,3534,12149090.588672936,3729729.390685617,0,0,1,13,46,11,4,0,316,3543.0,12083887.150790684,3589.0,12291897.388460029,3522.0,11996870.230674855,3516.0,12152733.55126539,3699.0,193.75413974071154,12685578.182351336,3694.285714285714,194.15474738998904,12646370.386779832,3676.9285714285716,191.76933068267365,12593577.459645575
2018-11-14,3601,12540724.980820864,3869985.822995264,0,0,2,14,46,11,4,0,317,3534.0,12149090.588672936,3600.0,12324935.268236484,3484.0,11864826.724289628,3555.0,12124810.389142798,3691.1428571428573,199.97368874547632,12665177.210953178,3695.1428571428573,193.360507121517,12657243.26949398,3677.5714285714284,191.23931653946227,12593447.353838703
2018-11-15,3522,12058051.976225909,3690057.039308752,0,0,3,15,46,11,4,0,318,3601.0,12540724.980820864,3594.0,12333877.15127932,3804.0,12976466.077647945,3526.0,11948655.017838567,3691.285714285714,199.89806926339872,12696004.312750949,3703.5,185.9179926742015,12705521.71638907,3679.214285714286,190.34284022626457,12608301.446398633
2018-11-16,3539,12038180.870595304,3700360.151662231,0,0,4,16,46,11,4,0,319,3522.0,12058051.976225909,3605.0,12347217.367201513,3564.0,12142147.554418502,3538.0,12213256.186702693,3681.0,207.447985448553,12656600.716314746,3683.3571428571427,189.43503337064254,12639920.709144637,3679.0714285714284,190.46355315222263,12612208.480626753
2018-11-17,3966,13689697.9007144,4177989.057456456,0,0,5,17,46,11,4,1,320,3539.0,12038180.870595304,3988.0,13718044.423849558,3981.0,13626831.100387678,3959.0,13587444.274018804,3671.5714285714284,212.90597074987988,12612452.645371003,3681.5714285714284,190.7599031750259,12632494.51744298,3679.1071428571427,190.43621257052325,12605955.790765775
2018-11-18,4032,13859896.15212741,4247335.801169855,0,0,6,18,46,11,4,1,321,3966.0,13689697.9007144,3974.0,13699188.526641762,3931.0,13405100.92876346,3915.0,13282453.244233472,3668.4285714285716,207.5514852936865,12608403.142065981,3680.5,188.98259993165425,12636985.003180604,3679.3571428571427,190.8214628594885,12609607.706004905
2018-11-19,3620,12631462.39708337,3918986.618823924,0,0,0,19,47,11,4,0,322,4032.0,13859896.15212741,3543.0,12083887.150790684,3541.0,12237895.522276212,3588.0,12329583.607175678,3676.714285714286,222.4093180644668,12631361.374278216,3687.714285714286,200.83687547224767,12669470.376278026,3683.535714285714,197.34224494571882,12630230.667001115
2018-11-20,4306,13342345.014985202,3128149.217258577,400,0,1,20,47,11,4,0,323,3620.0,12631462.39708337,3534.0,12149090.588672936,3589.0,12291897.388460029,3590.0,12414170.701574484,3687.714285714286,216.519986980189,12709586.409462886,3693.3571428571427,197.4793493168284,12697582.29590711,3684.6785714285716,196.86055481566763,12641012.052354962
2018-11-21,4217,12860395.976864943,2970650.5013607075,400,0,2,21,47,11,4,0,324,4306.0,13342345.014985202,3601.0,12540724.980820864,3600.0,12324935.268236484,3546.0,12098133.565347424,3798.0,304.08167762406197,12880051.327507496,3744.5714285714284,253.3916744081085,12772614.269230336,3710.25,228.12660958337236,12674161.134976774
2018-11-22,4332,13460318.501259878,3102559.265885927,400,0,3,22,47,11,4,0,325,4217.0,12860395.976864943,3522.0,12058051.976225909,3594.0,12333877.15127932,3481.0,11912502.52539497,3886.0,325.9187015192561,12925718.61265665,3788.6428571428573,278.704587785618,12810861.462703798,3734.214285714286,244.86312989291943,12701384.79253097
2018-11-23,4266,13168437.98662208,2997036.794973872,400,0,4,23,47,11,4,0,326,4332.0,13460318.501259878,3539.0,12038180.870595304,3605.0,12347217.367201513,3537.0,12246662.378619753,4001.714285714286,318.85979901607266,13126042.401947215,3841.3571428571427,307.3758929396436,12891321.559130982,3764.6071428571427,264.31117173258076,12756663.934526145
2018-11-24,4824,14870424.0083045,3437047.655229146,400,0,5,24,47,11,4,1,327,4266.0,13168437.98662208,3966.0,13689697.9007144,3988.0,13718044.423849558,4037.0,13849104.103986086,4105.571428571428,255.0384658196065,13287507.704236755,3888.5714285714284,318.8304864985194,12949980.17480388,3790.6428571428573,276.67606600978297,12789584.491954802
2018-11-25,4831,14924035.272223009,3424086.4367412976,400,0,6,25,47,11,4,1,328,4824.0,14870424.0083045,4032.0,13859896.15212741,3974.0,13699188.526641762,3889.0,13262585.634032458,4228.142857142857,360.96187636712625,13456182.862463912,3948.285714285714,405.41591721844003,13032293.002264945,3818.75,336.2018380763707,12826060.202823315
2018-11-26,4335,13251643.49206902,2975927.210374398,400,0,0,26,48,11,4,0,329,4831.0,14924035.272223009,3620.0,12631462.39708337,3543.0,12083887.150790684,3557.0,12148888.27582593,4342.285714285715,411.4051994022914,13608202.736763282,4009.5,469.2686207936145,13119782.055520749,3852.3928571428573,386.8140848565244,12885397.689901548
2018-11-27,4264,13142903.56053754,3118809.415617368,400,0,1,27,48,11,4,0,330,4335.0,13251643.49206902,4306.0,13342345.014985202,3534.0,12149090.588672936,3522.0,11996870.230674855,4444.428571428572,264.8426307217564,13696800.036046948,4066.0714285714284,456.2634974670684,13203193.222754914,3880.1785714285716,392.7073223219745,12924781.804767374
2018-11-28,4292,13104256.11065,2886161.125095729,400,0,2,28,48,11,4,0,331,4264.0,13142903.56053754,4217.0,12860395.976864943,3601.0,12540724.980820864,3484.0,11864826.724289628,4438.428571428572,268.94538301971386,13668308.39969728,4118.214285714285,431.83903314713535,13274179.863602387,3906.6785714285716,392.67732994118666,12965711.566548184
2018-11-29,4269,13116383.40192176,2979724.074476214,400,0,3,29,48,11,4,0,332,4292.0,13104256.11065,4332.0,13460318.501259878,3522.0,12058051.976225909,3804.0,12976466.077647945,4449.142857142857,259.9989926720443,13703145.561666576,4167.571428571428,406.948251158401,13314432.087161612,3935.535714285714,390.14607730978884,13009976.90177534
2018-11-30,4318,13130853.851136014,3007741.0633653654,400,0,4,30,48,11,4,0,333,4269.0,13116383.40192176,4266.0,13168437.98662208,3539.0,12038180.870595304,3564.0,12142147.554418502,4440.142857142857,265.7564226702296,13654011.976046843,4220.928571428572,362.3170019335436,13390027.188997028,3952.1428571428573,394.2151804099032,13014973.949070832
2018-12-01,4021,13789046.595112246,4239278.133867542,0,0,5,1,48,12,4,1,334,4318.0,13130853.851136014,4824.0,14870424.0083045,3966.0,13689697.9007144,3981.0,13626831.100387678,4447.571428571428,260.7571393352199,13648642.813834548,4276.571428571428,304.7833314354319,13468075.25903565,3979.0714285714284,392.46815662962774,13050284.888239315
2018-12-02,4013,13644389.859257864,4203008.83420042,0,0,6,2,48,12,4,1,335,4021.0,13789046.595112246,4831.0,14924035.272223009,4032.0,13859896.15212741,3931.0,13405100.92876346,4332.857142857143,243.62363635426937,13494160.326235654,4280.5,300.80066233560666,13475171.594349783,3980.5,392.54822775184596,13056078.298765194
2018-12-03,3641,12455364.716570487,3812739.720133148,0,0,0,3,49,12,4,0,336,4013.0,13644389.859257864,4335.0,13251643.49206902,3620.0,12631462.39708337,3541.0,12237895.522276212,4216.0,138.25580156603658,13311353.838669205,4279.142857142857,302.0483550546336,13459778.287716245,3983.4285714285716,392.47112925869,13064624.331997136
2018-12-04,3608,12329405.81637746,3779394.4521798175,0,0,1,4,49,12,4,0,337,3641.0,12455364.716570487,4264.0,13142903.56053754,4306.0,13342345.014985202,3589.0,12291897.388460029,4116.857142857143,245.7460942866498,13197599.7278837,4280.642857142857,298.5551378383422,13447199.881965324,3987.0,388.73317517480484,13072391.088936215
2018-12-05,3584,12328037.805118244,3779317.878389067,0,0,2,5,49,12,4,0,338,3608.0,12329405.81637746,4292.0,13104256.11065,4217.0,12860395.976864943,3600.0,12324935.268236484,4023.1428571428573,299.4870217396336,13081385.764432263,4230.785714285715,348.1558401219065,13374847.082064772,3987.6785714285716,388.02864094094934,13073730.675647555
2018-12-06,3654,12454464.954286013,3810954.566653304,0,0,3,6,49,12,4,0,339,3584.0,12328037.805118244,4269.0,13116383.40192176,4332.0,13460318.501259878,3594.0,12333877.15127932,3922.0,312.8119776052897,12970497.43507058,4185.571428571428,388.81312780261186,13336821.498368578,3987.1071428571427,388.63201096550705,13073841.480536189
2018-12-07,3642,12472923.299878445,3822087.5053351833,0,0,4,7,49,12,4,0,340,3654.0,12454464.954286013,4318.0,13130853.851136014,4266.0,13168437.98662208,3605.0,12347217.367201513,3834.1428571428573,284.1627635536974,12875937.656836903,4137.142857142857,410.7755998189224,13264974.816441875,3989.25,386.5440059275561,13078148.187786426
2018-12-08,4106,13939263.00244478,4282620.137368137,0,0,5,8,49,12,4,1,341,3642.0,12472923.299878445,4021.0,13789046.595112246,4824.0,14870424.0083045,3988.0,13718044.423849558,3737.5714285714284,192.35804908455663,12781947.578085821,4092.5714285714284,429.1606681895272,13215295.195960185,3990.5714285714284,385.24282179689703,13082637.685382033
2018-12-09,4113,14014260.879664384,4301494.554307479,0,0,6,9,49,12,4,1,342,4106.0,13939263.00244478,4013.0,13644389.859257864,4831.0,14924035.272223009,3974.0,13699188.526641762,3749.714285714286,214.625809480677,12803407.064847615,4041.285714285714,374.44264808285305,13148783.695541635,3994.785714285714,385.8585767737259,13090538.348903289
2018-12-10,3647,12519811.146928312,3834410.397471602,0,0,0,10,50,12,4,0,343,4113.0,14014260.879664384,3641.0,12455364.716570487,4335.0,13251643.49206902,3543.0,12083887.150790684,3764.0,237.21087664775797,12856245.782048544,3990.0,299.6621174179138,13083799.810358876,3999.75,386.4749165354915,13101790.932939813
2018-12-11,3660,12666918.952750487,3890535.9640337783,0,0,1,11,50,12,4,0,344,3647.0,12519811.146928312,3608.0,12329405.81637746,4264.0,13142903.56053754,3534.0,12149090.588672936,3764.8571428571427,236.70264649374056,12865452.414956804,3940.8571428571427,295.1114149821224,13031526.071420254,4003.464285714286,382.40094162898464,13117359.647087585
2018-12-12,3672,12538482.685421702,3859093.83641656,0,0,2,12,50,12,4,0,345,3660.0,12666918.952750487,3584.0,12328037.805118244,4292.0,13104256.11065,3601.0,12540724.980820864,3772.285714285714,231.72304897996085,12913668.577295808,3897.714285714286,288.30817608178893,12997527.170864034,4007.964285714286,377.3801975356781,13135853.517233212
2018-12-13,3704,12651682.91733718,3880402.5311538666,0,0,3,13,50,12,4,0,346,3672.0,12538482.685421702,3654.0,12454464.954286013,4269.0,13116383.40192176,3522.0,12058051.976225909,3784.8571428571427,221.98830943049123,12943732.131624876,3853.4285714285716,270.12951716530296,12957114.783347728,4010.5,374.77395656384994,13135773.435254673
2018-12-14,3679,12675430.74084936,3902678.26590423,0,0,4,14,50,12,4,0,347,3704.0,12651682.91733718,3642.0,12472923.299878445,4318.0,13130853.851136014,3539.0,12038180.870595304,3792.0,217.84168563431118,12971906.126346469,3813.0714285714284,244.2314363580134,12923921.891591687,4017.0,367.49532624894533,13156974.540294359
2018-12-15,4130,14319272.429007689,4379733.970996876,0,0,5,15,50,12,4,1,348,3679.0,12675430.74084936,4106.0,13939263.00244478,4021.0,13789046.595112246,3966.0,13689697.9007144,3797.285714285714,214.01068064133977,13000835.760770887,3767.4285714285716,197.93033517483275,12891391.669428352,4022.0,361.65698911784034,13179733.464232001
2018-12-16,4099,14098970.241204208,4300156.499024468,0,0,6,16,50,12,4,1,349,4130.0,14319272.429007689,4113.0,14014260.879664384,4013.0,13644389.859257864,4032.0,13859896.15212741,3800.714285714286,219.89218137207507,13055122.821708445,3775.214285714286,210.421620186145,12929264.94327803,4027.8571428571427,362.0442692683545,13202218.268813906
2018-12-17,3722,12834013.88123024,3929659.561111517,0,0,0,17,51,12,4,0,350,4099.0,14098970.241204208,3647.0,12519811.146928312,3641.0,12455364.716570487,3620.0,12631462.39708337,3798.714285714286,216.6177234097806,13067224.159071278,3781.3571428571427,218.97861052654406,12961734.97055991,4030.25,362.29398999319477,13210756.629138079
2018-12-18,3680,12647065.12213648,3876442.6548165577,0,0,1,18,51,12,4,0,351,3722.0,12834013.88123024,3660.0,12666918.952750487,3608.0,12329405.81637746,4306.0,13342345.014985202,3809.4285714285716,209.6042756743063,13112110.263971552,3787.1428571428573,216.035202666632,12988781.339464178,4033.8928571428573,358.50919088231734,13217990.61071475
2018-12-19,3659,12654175.661444806,3908017.532719875,0,0,2,19,51,12,4,0,352,3680.0,12647065.12213648,3672.0,12538482.685421702,3584.0,12328037.805118244,4217.0,12860395.976864943,3812.285714285714,207.35212745931256,13109274.002455266,3792.285714285714,212.26667863126045,13011471.289875537,4011.535714285714,360.4257238058298,13193159.185970154
2018-12-20,3656,12739943.83491398,3907213.3725254782,0,0,3,20,51,12,4,0,353,3659.0,12654175.661444806,3704.0,12651682.91733718,3654.0,12454464.954286013,4332.0,13460318.501259878,3810.4285714285716,208.87065945448302,13125801.570458565,3797.6428571428573,207.49851052028248,13034766.85104172,3991.6071428571427,364.05263551933723,13185794.17470515
2018-12-21,3867,13349791.97124028,4096314.469854043,0,0,4,21,51,12,4,0,354,3656.0,12739943.83491398,3679.0,12675430.74084936,3642.0,12472923.299878445,4266.0,13168437.98662208,3803.5714285714284,213.67955536492153,13138410.272969538,3797.785714285714,207.39267050747887,13055158.199658003,3967.464285714286,363.0565186225001,13160066.508049939
2018-12-22,4204,14438010.013067355,4434996.292181118,0,0,5,22,51,12,4,1,355,3867.0,13349791.97124028,4130.0,14319272.429007689,4106.0,13939263.00244478,4824.0,14870424.0083045,3830.4285714285716,207.12706015298298,13234747.591596812,3813.8571428571427,203.0645434122182,13117791.676183848,3953.214285714286,358.70934867299025,13166543.436072018
2018-12-23,4247,14451890.715498315,4445213.145196376,0,0,6,23,51,12,4,1,356,4204.0,14438010.013067355,4099.0,14098970.241204208,4113.0,14014260.879664384,4831.0,14924035.272223009,3841.0,225.99410021797428,13251710.103605334,3820.8571428571427,215.23434710990713,13153416.46265689,3931.0714285714284,320.0145747342333,13151100.079099264
2018-12-24,3783,13103308.382565891,4025918.073269753,0,0,0,24,52,12,4,0,357,4247.0,14451890.715498315,3722.0,12834013.88123024,3647.0,12519811.146928312,4335.0,13251643.49206902,3862.1428571428573,258.70925029939457,13302127.314218778,3830.4285714285716,231.5837493587077,13184675.736645028,3910.214285714286,275.06300384577406,13134237.773501951
2018-12-25,4043,13859313.086696496,4228021.647483312,0,1,1,25,52,12,4,0,358,3783.0,13103308.382565891,3680.0,12647065.12213648,3660.0,12666918.952750487,4264.0,13142903.56053754,3870.8571428571427,254.18984281531561,13340597.957266731,3840.1428571428573,226.084687040696,13226354.11061914,3890.5,263.00746363160533,13128940.091019696
2018-12-26,3763,13058042.13980676,4042292.290774677,0,0,2,26,52,12,4,0,359,4043.0,13859313.086696496,3659.0,12654175.661444806,3672.0,12538482.685421702,4292.0,13104256.11065,3922.714285714286,245.64792847061375,13513776.237918159,3867.5,225.78197447981452,13311525.120186714,3882.6071428571427,254.56416484094598,13154526.145525375
2018-12-27,3821,13205899.32666653,4042816.194880616,0,0,3,27,52,12,4,0,360,3763.0,13058042.13980676,3656.0,12739943.83491398,3704.0,12651682.91733718,4269.0,13116383.40192176,3937.5714285714284,229.66486971444172,13571471.449112726,3874.0,220.97963707093828,13348636.509785647,3863.714285714286,242.3945142306337,13152875.646566687
2018-12-28,3792,13176721.989256324,4019951.1487096273,0,0,4,28,52,12,4,0,361,3821.0,13205899.32666653,3867.0,13349791.97124028,3679.0,12675430.74084936,4318.0,13130853.851136014,3961.1428571428573,202.85169342110208,13638036.51936309,3882.3571428571427,216.21698757102612,13388223.396166313,3847.714285714286,229.071209556381,13156072.643879
2018-12-29,4301,14650189.97201895,4474139.788914539,0,0,5,29,52,12,4,1,362,3792.0,13176721.989256324,4204.0,14438010.013067355,4130.0,14319272.429007689,4021.0,13789046.595112246,3950.4285714285716,210.48979163121328,13613312.236222524,3890.4285714285716,210.06325577924125,13424029.91390967,3828.9285714285716,209.83607862849593,13157710.791669011
2018-12-30,4324,14846800.830878263,4549078.866782828,0,0,6,30,52,12,4,1,363,4301.0,14650189.97201895,4247.0,14451890.715498315,4099.0,14098970.241204208,4013.0,13644389.859257864,3964.285714285714,232.05366784841826,13643623.658929896,3902.6428571428573,229.1675930717281,13447666.881267617,3838.9285714285716,225.42156861730868,13188465.912272822
2018-12-31,3788,13146582.030400114,4032820.981713754,0,0,0,31,1,12,4,0,364,4324.0,14846800.830878263,3783.0,13103308.382565891,3722.0,12834013.88123024,3641.0,12455364.716570487,3975.285714285714,248.90206526912831,13700039.38969846,3918.714285714286,250.86019047437264,13501083.35195862,3850.035714285714,241.4110498165926,13231409.161259266
2019-01-01,3824,13145346.38256304,4007153.394642789,0,0,1,1,1,1,1,0,365,3788.0,13146582.030400114,4043.0,13859313.086696496,3680.0,12647065.12213648,3608.0,12329405.81637746,3976.0,248.2646437439948,13706221.339389062,3923.4285714285716,247.4764058017951,13523409.648327896,3855.285714285714,238.27479578604752,13256095.493896037
2019-01-02,3845,13119665.040020589,4003217.9285082375,0,0,2,2,1,1,1,0,366,3824.0,13145346.38256304,3763.0,13058042.13980676,3659.0,12654175.661444806,3584.0,12328037.805118244,3944.714285714286,252.18228478999853,13604226.095941426,3933.714285714286,239.44275968347517,13559001.166929794,3863.0,233.41934922494517,13285236.228402665
2019-01-03,3874,13320184.357810616,4105423.097893406,0,0,3,3,1,1,1,0,367,3845.0,13119665.040020589,3821.0,13205899.32666653,3656.0,12739943.83491398,3654.0,12454464.954286013,3956.4285714285716,244.10985036990678,13613029.367400544,3947.0,227.90990122617814,13592250.408256635,3872.3214285714284,226.98785308852925,13313508.629649177
2019-01-04,3857,13260228.179986564,4097750.154331345,0,0,4,4,1,1,1,0,368,3874.0,13320184.357810616,3792.0,13176721.989256324,3867.0,13349791.97124028,3642.0,12472923.299878445,3964.0,239.99652775265855,13629355.800421128,3962.5714285714284,213.48958334730364,13633696.159892108,3880.1785714285716,222.92201818232414,13344427.179775057
2019-01-05,4267,14757860.472397724,4512535.792784931,0,0,5,5,1,1,1,1,369,3857.0,13260228.179986564,4301.0,14650189.97201895,4204.0,14438010.013067355,4106.0,13939263.00244478,3973.285714285714,233.3993104000897,13641285.256239733,3961.8571428571427,213.85036362368226,13627298.74623113,3887.8571428571427,218.06399235524646,13372545.211207489
2019-01-06,4364,15002686.283573942,4581533.477527719,0,0,6,6,1,1,1,1,370,4267.0,14757860.472397724,4324.0,14846800.830878263,4247.0,14451890.715498315,4113.0,14014260.879664384,3968.4285714285716,225.6685306246421,13656666.756293846,3966.3571428571427,219.91453135003195,13650145.20761187,3893.6071428571427,226.0071023606659,13401780.835134381
2019-01-07,3799,12893963.664032066,3949854.357819837,0,0,0,7,2,1,1,0,371,4364.0,15002686.283573942,3788.0,13146582.030400114,3783.0,13103308.382565891,3647.0,12519811.146928312,3974.1428571428573,236.4229462717375,13678936.106678942,3974.714285714286,233.2204070011054,13689487.7481887,3902.5714285714284,239.6003506723899,13437081.742416862
2019-01-08,3889,13319984.102701604,4090450.744086648,0,0,1,8,2,1,1,0,372,3799.0,12893963.664032066,3824.0,13145346.38256304,4043.0,13859313.086696496,3660.0,12666918.952750487,3975.714285714286,235.01185380437892,13642847.768626362,3975.8571428571427,232.24584359711343,13674534.554007713,3908.0,235.27840089122097,13450444.332313428
2019-01-09,3841,13286022.68875435,4085161.038720857,0,0,2,9,2,1,1,0,373,3889.0,13319984.102701604,3845.0,13119665.040020589,3763.0,13058042.13980676,3672.0,12538482.685421702,3985.0,229.2313242120269,13667796.014360443,3964.8571428571427,232.46798196174393,13636011.055150935,3916.1785714285716,230.2650732704769,13473768.087668823
2019-01-10,3906,13532828.952334903,4181621.944673427,0,0,3,10,2,1,1,0,374,3841.0,13286022.68875435,3874.0,13320184.357810616,3821.0,13205899.32666653,3704.0,12651682.91733718,3984.4285714285716,229.64309782998438,13691561.39275098,3970.4285714285716,228.15268648791184,13652295.380075764,3922.214285714286,225.79921548643568,13500465.944930702
2019-01-11,3882,13330599.33994576,4113977.8783363034,0,0,4,11,2,1,1,0,375,3906.0,13532828.952334903,3857.0,13260228.179986564,3792.0,13176721.989256324,3679.0,12675430.74084936,3989.0,227.38586880748053,13721939.191968737,3976.5,224.97922981056908,13675647.49619493,3929.4285714285716,221.7598682211081,13531935.446180623
2019-01-12,4337,14973837.17607426,4596902.989501935,0,0,5,12,2,1,1,1,376,3882.0,13330599.33994576,4267.0,14757860.472397724,4301.0,14650189.97201895,4130.0,14319272.429007689,3992.5714285714284,225.15243513588405,13731992.214820052,3982.9285714285716,220.54389560836378,13686638.73552989,3936.6785714285716,216.52594636610985,13555334.324719781
2019-01-13,4361,15094936.882129336,4647588.854697808,0,0,6,13,2,1,1,1,377,4337.0,14973837.17607426,4364.0,15002686.283573942,4324.0,14846800.830878263,4099.0,14098970.241204208,4002.5714285714284,240.40996730782996,13762846.029630983,3985.5,224.70827241628345,13709756.392962413,3944.0714285714284,226.66730858920255,13578711.637115015
2019-01-14,3961,13613971.093782026,4205019.867626431,0,0,0,14,3,1,1,0,378,4361.0,15094936.882129336,3799.0,12893963.664032066,3788.0,13146582.030400114,3722.0,12834013.88123024,4002.1428571428573,239.65977869431705,13776024.686567469,3988.1428571428573,229.16901963494652,13727480.396623205,3953.4285714285716,238.40386346786843,13614281.874290911
2019-01-15,3945,13552149.266516536,4187729.307242456,0,0,1,15,3,1,1,0,379,3961.0,13613971.093782026,3889.0,13319984.102701604,3824.0,13145346.38256304,3680.0,12647065.12213648,4025.285714285714,224.08979917711054,13878882.890817463,4000.5,222.1021074952893,13760865.329721915,3961.964285714286,234.049770291596,13642137.489024905
2019-01-16,3860,13330146.465248648,4072284.2862922912,0,0,2,16,3,1,1,0,380,3945.0,13552149.266516536,3841.0,13286022.68875435,3845.0,13119665.040020589,3659.0,12654175.661444806,4033.285714285714,219.3632560280727,13912049.342791025,4009.1428571428573,217.00119005092884,13789922.678575736,3971.4285714285716,227.4917057619464,13674461.922752764
2019-01-17,3983,13682781.897051148,4193891.083426012,0,0,3,17,3,1,1,0,381,3860.0,13330146.465248648,3906.0,13532828.952334903,3874.0,13320184.357810616,3656.0,12739943.83491398,4036.0,216.6887168266952,13918352.739433067,4010.214285714286,216.16381913562583,13804957.066092025,3978.6071428571427,220.32624619393064,13698603.737174328
2019-01-18,3963,13842220.660526752,4215695.602450613,0,0,4,18,3,1,1,0,382,3983.0,13682781.897051148,3882.0,13330599.33994576,3857.0,13260228.179986564,3867.0,13349791.97124028,4047.0,210.86567604362045,13939774.588678245,4018.0,212.81736482071568,13830856.89032349,3990.285714285714,211.06464818696998,13732276.5251078
2019-01-19,4538,15584907.562479315,4770467.222666128,0,0,5,19,3,1,1,1,383,3963.0,13842220.660526752,4337.0,14973837.17607426,4267.0,14757860.472397724,4204.0,14438010.013067355,4058.5714285714284,202.3527095139051,14012863.348761244,4025.5714285714284,208.49044039539686,13872427.781790646,3993.714285714286,209.7635100744022,13749863.264010888
2019-01-20,4455,15618656.71166134,4807023.096380613,0,0,6,20,3,1,1,1,384,4538.0,15584907.562479315,4361.0,15094936.882129336,4364.0,15002686.283573942,4247.0,14451890.715498315,4087.285714285714,255.68125618023848,14100159.118247682,4044.9285714285716,242.44538299639044,13931502.573939333,4005.6428571428573,230.62414737945582,13790823.8907756
2019-01-21,3954,13714142.400525376,4218582.539975382,0,0,0,21,4,1,1,0,385,4455.0,15618656.71166134,3961.0,13613971.093782026,3799.0,12893963.664032066,3783.0,13103308.382565891,4100.714285714285,274.2472815336033,14174976.236752253,4051.4285714285716,252.66235124423744,13975500.46165986,4013.0714285714284,241.7670946227621,13832494.10492428
2019-01-22,4066,14138650.547157597,4340481.444571115,0,0,1,22,4,1,1,0,386,3954.0,13714142.400525376,3945.0,13552149.266516536,3889.0,13319984.102701604,4043.0,13859313.086696496,4099.714285714285,274.85372733250585,14189286.423429875,4062.5,243.99771436508837,14034084.657123668,4019.1785714285716,237.8684749513161,13854309.605565691
2019-01-23,4023,13878522.846893003,4244749.327146257,0,0,2,23,4,1,1,0,387,4066.0,14138650.547157597,3860.0,13330146.465248648,3841.0,13286022.68875435,3763.0,13058042.13980676,4117.0,267.20029940103007,14273072.320664313,4075.1428571428573,238.84750756106803,14092560.831727667,4020.0,237.9934639625475,13864285.943439301
2019-01-24,4036,13862350.512915106,4234714.246618693,0,0,3,24,4,1,1,0,388,4023.0,13878522.846893003,3983.0,13682781.897051148,3906.0,13532828.952334903,3821.0,13205899.32666653,4140.285714285715,247.44273026683373,14351411.803756362,4088.1428571428573,229.9089643057321,14134882.271594714,4029.285714285714,232.60598653849914,13893588.82583524
2019-01-25,4061,14058622.27604317,4335347.4766847575,0,0,4,25,4,1,1,0,389,4036.0,13862350.512915106,3963.0,13842220.660526752,3882.0,13330599.33994576,3792.0,13176721.989256324,4147.857142857143,242.5911708831888,14377064.463165497,4097.428571428572,224.54936558008814,14158419.525921872,4036.964285714286,228.99627720456155,13917033.511058403
2019-01-26,5007,17298069.475527354,5315268.304395772,0,1,5,26,4,1,1,1,390,4061.0,14058622.27604317,4538.0,15584907.562479315,4337.0,14973837.17607426,4301.0,14650189.97201895,4161.857142857143,232.77415991430385,14407978.979667844,4110.214285714285,216.2833535226219,14210421.164214546,4046.5714285714284,223.92515756493185,13948529.949872216
2019-01-27,4601,15950399.709341845,4932234.226354348,0,0,6,27,4,1,1,1,391,5007.0,17298069.475527354,4455.0,15618656.71166134,4361.0,15094936.882129336,4324.0,14846800.830878263,4228.857142857143,380.013784211148,14652716.395817563,4158.071428571428,319.7172944206344,14376437.757032622,4071.785714285714,285.04286320207535,14043097.074997518
2019-01-28,4059,14007517.427196415,4302648.202890038,0,0,0,28,5,1,1,0,392,4601.0,15950399.709341845,3954.0,13714142.400525376,3961.0,13613971.093782026,3788.0,13146582.030400114,4249.714285714285,398.07190066021855,14700108.252629062,4175.214285714285,337.38135887847085,14437542.244690659,4081.6785714285716,298.604786939312,14082511.320656931
2019-01-29,4127,14165385.612984406,4364297.308363594,0,0,1,29,5,1,1,0,393,4059.0,14007517.427196415,4066.0,14138650.547157597,3945.0,13552149.266516536,3824.0,13145346.38256304,4264.714285714285,386.8930576984278,14742018.970724927,4182.214285714285,333.5903011344772,14465652.6970774,4091.3571428571427,293.07402860606624,14113259.013399657
2019-01-30,4120,14289415.446944112,4392999.014174929,0,0,2,30,5,1,1,0,394,4127.0,14165385.612984406,4023.0,13878522.846893003,3860.0,13330146.465248648,3845.0,13119665.040020589,4273.428571428572,382.33138206833956,14745838.265843043,4195.214285714285,327.11846326826486,14509455.293253675,4102.178571428572,288.39312849104016,14149688.985914705
2019-01-31,4077,14155699.088438822,4357608.778450769,0,0,3,31,5,1,1,0,395,4120.0,14289415.446944112,4036.0,13862350.512915106,3983.0,13682781.897051148,3874.0,13320184.357810616,4287.285714285715,373.3955517882332,14804537.208707485,4213.785714285715,313.72996192743705,14577974.506231923,4112.0,283.9589172163284,14191465.786161974
2019-02-01,4103,13996256.238424843,4310139.781936756,0,0,4,1,5,2,1,0,396,4077.0,14155699.088438822,4061.0,14058622.27604317,3963.0,13842220.660526752,3857.0,13260228.179986564,4293.142857142857,369.09367761740907,14846444.148068016,4220.5,309.38667615884407,14611754.30561676,4119.25,280.22419926168897,14221305.597970124
2019-02-02,4657,16030751.868423143,4944957.10368791,0,0,5,2,5,2,1,1,397,4103.0,13996256.238424843,5007.0,17298069.475527354,4538.0,15584907.562479315,4267.0,14757860.472397724,4299.142857142857,365.0097846046651,14837534.714122543,4230.5,302.6118992017062,14622756.846895194,4128.035714285715,275.5142642194096,14247592.314342918
2019-02-03,4594,15910437.12736288,4928792.7964312965,0,0,6,3,5,2,1,1,398,4657.0,16030751.868423143,4601.0,15950399.709341845,4455.0,15618656.71166134,4364.0,15002686.283573942,4249.142857142857,261.0532695137339,14656489.341679083,4239.0,313.39284759400454,14654602.868748324,4141.964285714285,292.1553977852013,14293052.721343828
2019-02-04,4130,14273605.572250413,4394433.11695822,0,0,0,4,6,2,1,0,399,4594.0,15910437.12736288,4059.0,14007517.427196415,3954.0,13714142.400525376,3799.0,12893963.664032066,4248.142857142857,259.4895171751841,14650780.401396375,4248.928571428572,322.82228125506964,14675444.32701272,4150.178571428572,301.7066337639024,14325472.394336293
2019-02-05,4122,14420638.095018646,4459026.36473988,0,0,1,5,6,2,1,0,400,4130.0,14273605.572250413,4127.0,14165385.612984406,4066.0,14138650.547157597,3889.0,13319984.102701604,4258.285714285715,252.14791577281022,14688792.993546946,4261.5,313.7531489268919,14715405.982135937,4162.0,293.81866415769093,14374745.319629801
2019-02-06,4216,14653173.810262011,4529537.741621316,0,0,2,6,6,2,1,0,401,4122.0,14420638.095018646,4120.0,14289415.446944112,4023.0,13878522.846893003,3841.0,13286022.68875435,4257.571428571428,252.58850405541645,14725257.63383755,4265.5,311.417293625824,14735547.949840296,4170.321428571428,289.06145105630213,14414054.390783982
2019-02-07,4129,14254651.273341889,4380530.424914634,0,0,3,7,6,2,1,0,402,4216.0,14653173.810262011,4077.0,14155699.088438822,4036.0,13862350.512915106,3906.0,13532828.952334903,4271.285714285715,246.40462271483256,14777223.114311537,4279.285714285715,304.0410975690473,14790880.161509512,4183.714285714285,281.83510507924456,14462881.216552112
2019-02-08,4178,14319710.355519176,4416611.851130222,0,0,4,8,6,2,1,0,403,4129.0,14254651.273341889,4103.0,13996256.238424843,4061.0,14058622.27604317,3882.0,13330599.33994576,4278.714285714285,240.27880631030635,14791359.140726263,4285.928571428572,299.29570257927105,14818901.64439714,4191.678571428572,276.80251732577483,14488660.585159505
2019-02-09,4738,16218877.734880527,4961563.305409637,0,0,5,9,6,2,1,1,404,4178.0,14319710.355519176,4657.0,16030751.868423143,5007.0,17298069.475527354,4337.0,14973837.17607426,4289.428571428572,232.68996335815626,14837566.871739736,4294.285714285715,294.1207048322013,14837550.79293114,4202.25,270.10884294491217,14523985.978572842
2019-02-10,4640,15846574.64522474,4844312.145794065,0,0,6,10,6,2,1,1,405,4738.0,16218877.734880527,4594.0,15910437.12736288,4601.0,15950399.709341845,4361.0,15094936.882129336,4301.0,254.9633960656598,14864441.995519364,4275.071428571428,249.35963040301291,14760465.668599222,4216.571428571428,287.58347304435983,14568451.712815924
2019-02-11,4098,14018414.018217718,4331570.103148849,0,0,0,11,7,2,1,0,406,4640.0,15846574.64522474,4130.0,14273605.572250413,4059.0,14007517.427196415,3961.0,13613971.093782026,4307.571428571428,264.19932951142584,14855318.783785343,4277.857142857143,253.4648684935281,14753049.592590857,4226.535714285715,297.4376351866031,14595295.91864076
2019-02-12,4250,14672113.05077864,4512477.748074909,0,0,1,12,7,2,1,0,407,4098.0,14018414.018217718,4122.0,14420638.095018646,4127.0,14165385.612984406,3945.0,13552149.266516536,4303.0,268.032958172438,14818862.847494958,4280.642857142857,251.07755686329568,14753827.92052095,4231.428571428572,294.0149188166723,14609740.308799176
2019-02-13,4246,14639245.350267855,4500671.742093621,0,0,2,13,7,2,1,0,408,4250.0,14672113.05077864,4216.0,14653173.810262011,4120.0,14289415.446944112,3860.0,13330146.465248648,4321.285714285715,257.79753960923057,14854787.841174958,4289.428571428572,247.41298836800925,14790022.737506256,4242.321428571428,288.6103426666856,14649739.015379965
2019-02-14,4192,14380821.348727323,4426808.918447616,0,0,3,14,7,2,1,0,409,4246.0,14639245.350267855,4129.0,14254651.273341889,4077.0,14155699.088438822,3983.0,13682781.897051148,4325.571428571428,255.9986049069157,14852798.061175793,4298.428571428572,243.0285561840027,14815010.587743666,4256.107142857143,278.72146448005475,14696492.546987796
2019-02-15,4145,14240167.76457974,4385647.849755629,0,0,4,15,7,2,1,0,410,4192.0,14380821.348727323,4178.0,14319710.355519176,4103.0,13996256.238424843,3963.0,13842220.660526752,4334.571428571428,248.94635107646627,14870822.357659426,4306.642857142857,236.83314708976312,14831090.749192843,4263.571428571428,273.89338674306987,14721422.527404802
2019-02-16,4791,16705338.06558928,5104884.308474406,0,0,5,16,7,2,1,1,411,4145.0,14240167.76457974,4738.0,16218877.734880527,4657.0,16030751.868423143,4538.0,15584907.562479315,4329.857142857143,252.68981549944647,14859459.130382363,4309.642857142857,234.30768960193177,14848513.00106105,4270.071428571428,268.60461491463735,14735634.923978122
2019-02-17,4738,16473088.78237303,5092280.839691416,0,0,6,17,7,2,1,1,412,4791.0,16705338.06558928,4640.0,15846574.64522474,4594.0,15910437.12736288,4455.0,15618656.71166134,4337.428571428572,267.3274254186313,14928953.463340757,4319.214285714285,251.6814771374081,14896697.72943006,4279.107142857143,281.87879445234285,14775650.299089191
2019-02-18,4387,15171615.703750692,4689652.908514098,0,0,0,18,8,2,1,0,413,4738.0,16473088.78237303,4098.0,14018414.018217718,4130.0,14273605.572250413,3954.0,13714142.400525376,4351.428571428572,287.61076541213475,15018455.48293337,4329.5,266.2935771489258,14936887.133359358,4289.214285714285,293.2630417222957,14806165.73018604
2019-02-19,4237,14804191.917312764,4551742.576924793,0,0,1,19,8,2,1,0,414,4387.0,15171615.703750692,4250.0,14672113.05077864,4122.0,14420638.095018646,4066.0,14138650.547157597,4392.714285714285,265.0243474888802,15183198.580866652,4347.857142857143,260.27318699423006,15001030.714180803,4304.678571428572,286.2648415782327,14858218.34815837
2019-02-20,4294,14916106.41200224,4575879.769868142,0,0,2,20,8,2,1,0,415,4237.0,14804191.917312764,4246.0,14639245.350267855,4216.0,14653173.810262011,4023.0,13878522.846893003,4390.857142857143,266.23387498678323,15202066.990371525,4356.071428571428,254.34394166038666,15028427.415773243,4310.785714285715,282.78723282287706,14881987.682806771
2019-02-21,4256,14837409.455703031,4571901.613713911,0,0,3,21,8,2,1,0,416,4294.0,14916106.41200224,4192.0,14380821.348727323,4129.0,14254651.273341889,4036.0,13862350.512915106,4397.714285714285,262.4726743146927,15241618.570619294,4361.642857142857,251.8820258475313,15047208.315897543,4320.464285714285,277.15425336575856,14919044.238703528
2019-02-22,4449,15261226.851931475,4693057.392343784,0,0,4,22,8,2,1,0,417,4256.0,14837409.455703031,4145.0,14240167.76457974,4178.0,14319710.355519176,4061.0,14058622.27604317,4406.857142857143,255.12443275875856,15306845.443044396,4370.714285714285,245.05334696172645,15088833.900351912,4328.321428571428,271.85903939650075,14953867.772374524
2019-02-23,4777,16610530.44973126,5137673.306554925,0,0,5,23,8,2,1,1,418,4449.0,15261226.851931475,4791.0,16705338.06558928,4738.0,16218877.734880527,5007.0,17298069.475527354,4450.285714285715,227.49924123369587,15452711.026951788,4390.071428571428,239.29526797395414,15156085.078667074,4342.178571428572,267.58343158189655,14996817.935799109
2019-02-24,4788,16656546.89990263,5149886.819919462,0,0,6,24,8,2,1,1,419,4777.0,16610530.44973126,4738.0,16473088.78237303,4640.0,15846574.64522474,4601.0,15950399.709341845,4448.285714285715,224.03996242167895,15439167.081829214,4392.857142857143,243.84101287609678,15184060.272584986,4333.964285714285,249.32627472820036,14972262.970592102
2019-02-25,4296,14826675.478875482,4529401.085006659,0,0,0,25,9,2,1,0,420,4788.0,16656546.89990263,4387.0,15171615.703750692,4098.0,14018414.018217718,4059.0,14007517.427196415,4455.428571428572,235.32874675147877,15465375.384333443,4403.428571428572,258.16712365493964,15241915.433633406,4340.642857142857,259.0587255438889,14997482.513112132
2019-02-26,4334,14981413.859692317,4600198.060878308,0,0,1,26,9,2,1,0,421,4296.0,14826675.478875482,4237.0,14804191.917312764,4250.0,14672113.05077864,4127.0,14165385.612984406,4442.428571428572,242.15343424012838,15416098.209351268,4417.571428571428,245.2482931127683,15299648.395108962,4349.107142857143,253.3240260403911,15026738.157814955
2019-02-27,4490,15461484.918789595,4768269.899219295,0,0,2,27,9,2,1,0,422,4334.0,14981413.859692317,4294.0,14916106.41200224,4246.0,14639245.350267855,4120.0,14289415.446944112,4456.285714285715,230.95505644008037,15441415.629691204,4423.571428571428,241.83710801526675,15321741.310031366,4356.5,249.59515368039746,15055882.02376881
2019-02-28,4417,15250055.843022032,4685163.044812377,0,0,3,28,9,2,1,0,423,4490.0,15461484.918789595,4256.0,14837409.455703031,4192.0,14380821.348727323,4077.0,14155699.088438822,4484.285714285715,219.6032136116735,15519326.844946543,4441.0,236.79527022303643,15380472.707782919,4369.714285714285,246.3842012044907,15097741.647763293
2019-03-01,5204,16193309.026497168,3674343.969237759,400,0,4,1,9,3,1,0,424,4417.0,15250055.843022032,4449.0,15261226.851931475,4145.0,14240167.76457974,4103.0,13996256.238424843,4507.285714285715,199.19146089941003,15578276.328849256,4457.071428571428,225.9841601956681,15442560.885946827,4381.857142857143,239.71166542261298,15136825.817569835
2019-03-02,5829,18012043.81581896,4075966.867473421,400,0,5,2,9,3,1,1,425,5204.0,16193309.026497168,4777.0,16610530.44973126,4791.0,16705338.06558928,4657.0,16030751.868423143,4615.142857142857,326.25267742014563,15711430.925215783,4532.714285714285,283.4272199542401,15582070.976083785,4421.178571428572,279.30668840984805,15215291.988572419
2019-03-03,5880,18123768.62796876,4131352.1188614727,400,0,6,3,9,3,1,1,426,5829.0,18012043.81581896,4788.0,16656546.89990263,4738.0,16473088.78237303,4594.0,15910437.12736288,4765.428571428572,566.8326787635758,15911647.120371168,4606.857142857143,445.57548909642264,15675407.101100191,4463.035714285715,384.1114307982003,15286052.415265126
2019-03-04,5194,16120582.232053846,3670637.899531842,400,0,0,4,10,3,1,0,427,5880.0,18123768.62796876,4296.0,14826675.478875482,4387.0,15171615.703750692,4130.0,14273605.572250413,4921.428571428572,707.0129317871721,16121250.224380616,4688.428571428572,561.0105873518595,15793312.804357028,4508.964285714285,468.0612085759125,15365099.968858192
2019-03-05,5194,16166449.480232634,3756717.7282800223,400,0,1,5,10,3,1,0,428,5194.0,16120582.232053846,4334.0,14981413.859692317,4237.0,14804191.917312764,4122.0,14420638.095018646,5049.714285714285,654.1072068822097,16306094.046263238,4746.071428571428,569.0581238780861,15861096.127807256,4546.964285714285,479.21320408931075,15431063.42099403
2019-03-06,5369,16638419.697786342,3736602.021916487,400,0,2,6,10,3,1,0,429,5194.0,16166449.480232634,4490.0,15461484.918789595,4294.0,14916106.41200224,4216.0,14653173.810262011,5172.571428571428,573.0113021406831,16475384.84919757,4814.428571428572,560.6192612138425,15958400.239444388,4585.25,486.7671604766662,15493413.827608814
2019-03-07,5257,16249047.990107557,3635750.221201216,400,0,3,7,10,3,1,0,430,5369.0,16638419.697786342,4417.0,15250055.843022032,4256.0,14837409.455703031,4129.0,14254651.273341889,5298.142857142857,488.5957526665777,16643518.38905425,4891.214285714285,557.4654426780352,16081422.617000397,4626.428571428572,502.8762036430773,15564315.466448972
2019-03-08,4395,15156260.140561668,4675105.848705676,0,0,4,8,10,3,1,0,431,5257.0,16249047.990107557,5204.0,16193309.026497168,4449.0,15261226.851931475,4178.0,14319710.355519176,5418.142857142857,304.6404594334454,16786231.55292361,4962.714285714285,533.4006184662868,16182253.940886432,4666.714285714285,506.71870033563823,15635543.920619173
2019-03-09,5044,17572243.091510624,5379736.26256102,0,0,5,9,10,3,1,1,432,4395.0,15156260.140561668,5829.0,18012043.81581896,4777.0,16610530.44973126,4738.0,16218877.734880527,5302.571428571428,494.01445901339343,16638081.71207568,4958.857142857143,537.580027265042,16174756.318645732,4674.464285714285,500.5896139955449,15665420.698656406
2019-03-10,4980,17312170.531167895,5360627.536468667,0,0,6,10,10,3,1,1,433,5044.0,17572243.091510624,5880.0,18123768.62796876,4788.0,16656546.89990263,4640.0,15846574.64522474,5190.428571428572,440.83286974501806,16575253.03717449,4977.928571428572,535.363638356886,16243450.07877283,4685.392857142857,505.3456711544032,15713755.175678907
2019-03-11,4417,15216480.157921728,4687618.706609419,0,0,0,11,11,3,1,0,434,4980.0,17312170.531167895,5194.0,16120582.232053846,4296.0,14826675.478875482,4098.0,14018414.018217718,5061.857142857143,321.2109527872358,16459310.451917222,4991.642857142857,532.5759761101392,16290280.33814892,4697.535714285715,508.29085302594024,15766097.885891164
2019-03-12,4405,15297927.2411468,4721472.269582618,0,0,1,12,11,3,1,0,435,4417.0,15216480.157921728,5194.0,16166449.480232634,4334.0,14981413.859692317,4250.0,14672113.05077864,4950.857142857143,393.9523780744098,16330153.012755493,5000.285714285715,521.2804395939808,16318123.529509366,4708.928571428572,497.8223637203359,15808885.962309165
2019-03-13,4363,15258668.192016792,4732835.96063082,0,0,2,13,11,3,1,0,436,4405.0,15297927.2411468,5369.0,16638419.697786342,4490.0,15461484.918789595,4246.0,14639245.350267855,4838.142857142857,424.48024240296706,16206078.407171803,5005.357142857143,514.6022522511684,16340731.628184687,4714.464285714285,493.3720316761056,15831236.469108026
2019-03-14,4355,15127810.67230909,4642443.516467262,0,0,3,14,11,3,1,0,437,4363.0,15258668.192016792,5257.0,16249047.990107557,4417.0,15250055.843022032,4192.0,14380821.348727323,4694.428571428572,383.0743431515045,16008971.049204724,4996.285714285715,525.3920775619217,16326244.719129486,4718.642857142857,489.73955393436125,15853358.713456202
2019-03-15,4465,15425233.29321403,4764706.235142162,0,0,4,15,11,3,1,0,438,4355.0,15127810.67230909,4395.0,15156260.140561668,5204.0,16193309.026497168,4145.0,14240167.76457974,4565.571428571428,306.31457531045135,15848794.28951923,4991.857142857143,530.8831331836587,16317512.921221418,4724.464285714285,484.1848806780784,15880036.903584123
2019-03-16,4999,17213409.60380401,5277524.499276674,0,0,5,16,11,3,1,1,439,4465.0,15425233.29321403,5044.0,17572243.091510624,5829.0,18012043.81581896,4791.0,16705338.06558928,4575.571428571428,300.91297587113496,15887219.025612423,4939.071428571428,544.7261082113014,16262650.36884405,4735.892857142857,473.6630572452722,15922360.67246392
2019-03-17,5022,17383843.45157082,5354021.603088919,0,0,6,17,11,3,1,1,440,4999.0,17213409.60380401,4980.0,17312170.531167895,5880.0,18123768.62796876,4738.0,16473088.78237303,4569.142857142857,289.50211776510264,15835957.098797193,4879.785714285715,481.97162038562055,16205605.067985842,4743.321428571428,476.1836755466728,15940506.084543018
2019-03-18,4466,15524840.835827006,4802411.365624923,0,0,0,18,12,3,1,0,441,5022.0,17383843.45157082,4417.0,15216480.157921728,5194.0,16120582.232053846,4387.0,15171615.703750692,4575.142857142857,299.6923025212349,15846196.087426182,4818.5,390.96227439485546,16152753.269671703,4753.464285714285,479.08195248387636,15973033.037014365
2019-03-19,4496,15823081.231104674,4893216.396852816,0,0,1,19,12,3,1,0,442,4466.0,15524840.835827006,4405.0,15297927.2411468,5194.0,16166449.480232634,4237.0,14804191.917312764,4582.142857142857,295.93153970214036,15890247.61284122,4766.5,385.5534982333821,16110200.312798357,4756.285714285715,477.07223283682237,15985648.220302805
2019-03-20,4480,15675188.245922366,4856474.322186123,0,0,2,20,12,3,1,0,443,4496.0,15823081.231104674,4363.0,15258668.192016792,5369.0,16638419.697786342,4294.0,14916106.41200224,4595.142857142857,288.76485737905546,15965269.61140663,4716.642857142857,370.87041218916545,16085674.009289218,4765.535714285715,469.07469847703214,16022037.124366801
2019-03-21,4442,15303304.822728807,4734792.514726504,0,0,3,21,12,3,1,0,444,4480.0,15675188.245922366,4355.0,15127810.67230909,5257.0,16249047.990107557,4256.0,14837409.455703031,4611.857142857143,276.201272366994,16024772.476250285,4653.142857142857,323.68808755031006,16016871.762727505,4772.178571428572,463.4327673936918,16049147.18986395
2019-03-22,4472,15479558.103984538,4753814.79946666,0,0,4,22,12,3,1,0,445,4442.0,15303304.822728807,4465.0,15425233.29321403,4395.0,15156260.140561668,4449.0,15261226.851931475,4624.285714285715,264.42309170829816,16049843.069167389,4594.928571428572,276.5939718698236,15949318.67934331,4778.821428571428,457.04891168446443,16065786.310114872
2019-03-23,5058,17494363.106065046,5392508.07822986,0,0,5,23,12,3,1,1,446,4472.0,15479558.103984538,4999.0,17213409.60380401,5044.0,17572243.091510624,4777.0,16610530.44973126,4625.285714285715,263.73263878767153,16057603.756420318,4600.428571428572,273.055563318787,15972411.39101637,4779.642857142857,456.45446929532653,16073583.854831051
2019-03-24,5036,17436517.93246423,5328728.770169564,0,0,6,24,12,3,1,1,447,5058.0,17494363.106065046,5022.0,17383843.45157082,4980.0,17312170.531167895,4788.0,16656546.89990263,4633.714285714285,278.2119781064584,16097739.971029034,4601.428571428572,274.824899299035,15966848.534913113,4789.678571428572,459.4732937526981,16105149.306842972
2019-03-25,4603,15971664.88028729,4943818.1545291785,0,0,0,25,13,3,1,0,448,5036.0,17436517.93246423,4466.0,15524840.835827006,4417.0,15216480.157921728,4296.0,14826675.478875482,4635.714285714285,281.4993867878019,16105264.896870954,4605.428571428572,281.0947593539644,15975730.492148567,4798.535714285715,461.82403913361696,16133005.415148744
2019-03-26,4541,15865126.81345336,4907647.680368796,0,0,1,26,13,3,1,0,449,4603.0,15971664.88028729,4496.0,15823081.231104674,4405.0,15297927.2411468,4334.0,14981413.859692317,4655.285714285715,272.34703002219186,16169096.903222423,4618.714285714285,275.8504133574026,16029672.25803182,4809.5,453.0115279376892,16173897.893770594
2019-03-27,4508,15568521.290314246,4781867.349185877,0,0,2,27,13,3,1,0,450,4541.0,15865126.81345336,4480.0,15675188.245922366,4363.0,15258668.192016792,4490.0,15461484.918789595,4661.714285714285,268.4639729310224,16175103.414986521,4628.428571428572,270.0796789227806,16070186.513196575,4816.892857142857,446.60806740699513,16205459.070690632
2019-03-28,4397,15359157.459745806,4736156.028929942,0,0,3,28,13,3,1,0,451,4508.0,15568521.290314246,4442.0,15303304.822728807,4355.0,15127810.67230909,4417.0,15250055.843022032,4665.714285714285,265.49746658284477,16159865.278471073,4638.785714285715,261.7703569547534,16092318.877360681,4817.535714285715,446.13280551728695,16209281.798245082
2019-03-29,4561,15787635.376893423,4853105.57764598,0,0,4,29,13,3,1,0,452,4397.0,15359157.459745806,4472.0,15479558.103984538,4465.0,15425233.29321403,5204.0,16193309.026497168,4659.285714285715,272.27542078180454,16167844.226616358,4641.785714285715,258.4879638832855,16108843.647891873,4816.821428571428,446.81333028055167,16213178.284556646
2019-03-30,5003,17293397.39974322,5352350.852765022,0,0,5,30,13,3,1,1,453,4561.0,15787635.376893423,5058.0,17494363.106065046,4999.0,17213409.60380401,5829.0,18012043.81581896,4672.0,264.02525131762945,16211855.265603343,4648.642857142857,254.68279128324193,16134729.51101183,4793.857142857143,442.681619081944,16198689.939927941
2019-03-31,5164,17883963.506598055,5508327.392467635,0,0,6,31,13,3,1,1,454,5003.0,17293397.39974322,5036.0,17436517.93246423,5022.0,17383843.45157082,5880.0,18123768.62796876,4664.142857142857,251.1270784360252,16183145.878985941,4648.928571428572,255.1079603394818,16140442.925007489,4764.357142857143,396.23049916128906,16173023.996496664
2019-04-01,4551,15873791.319626875,4872682.083394872,0,0,0,1,14,4,2,0,455,5164.0,17883963.506598055,4603.0,15971664.88028729,4466.0,15524840.835827006,5194.0,16120582.232053846,4682.428571428572,285.0811914425255,16247066.675290773,4659.071428571428,273.2590949392757,16176165.786080863,4738.785714285715,340.78931877093197,16164459.527876284
2019-04-02,4568,15849261.872783534,4879765.210650864,0,0,1,2,14,4,2,0,456,4551.0,15873791.319626875,4541.0,15865126.81345336,4496.0,15823081.231104674,5194.0,16166449.480232634,4675.0,288.1567860268736,16233084.73805357,4665.142857142857,269.5585728108518,16201090.820637995,4715.821428571428,330.48707640686047,16155645.566718176
2019-04-03,4558,15816463.55411132,4867171.069455119,0,0,2,3,14,4,2,0,457,4568.0,15849261.872783534,4508.0,15568521.290314246,4480.0,15675188.245922366,5369.0,16638419.697786342,4678.857142857143,286.23849529802993,16230818.317957878,4670.285714285715,266.75555752884804,16202960.8664722,4693.464285714285,317.8741286110089,16144317.437880708
2019-04-04,4578,15816442.583046207,4888019.232539005,0,0,3,4,14,4,2,0,458,4558.0,15816463.55411132,4397.0,15359157.459745806,4442.0,15303304.822728807,5257.0,16249047.990107557,4686.0,281.85457243054293,16266238.641357463,4675.857142857143,263.26729825344694,16213051.959914267,4664.5,289.7443956572961,16114961.861320885
2019-04-05,4607,15872991.255237244,4896103.327575566,0,0,4,5,14,4,2,0,459,4578.0,15816442.583046207,4561.0,15787635.376893423,4472.0,15479558.103984538,4395.0,15156260.140561668,4711.857142857143,258.2359570699129,16331565.087543232,4685.571428571428,256.39384196544427,16249704.657079797,4640.25,265.7386107799475,16099511.668211551
2019-04-06,5062,17713754.966213178,5476509.678874483,0,0,5,6,14,4,2,1,460,4607.0,15872991.255237244,5003.0,17293397.39974322,5058.0,17494363.106065046,5044.0,17572243.091510624,4718.428571428572,254.31270589759532,16343758.784449494,4695.214285714285,250.2076610065579,16277807.025026416,4647.821428571428,261.47814207513767,16125109.208021393
2019-04-07,5125,17895560.893241692,5496189.71523088,0,0,6,7,14,4,2,1,461,5062.0,17713754.966213178,5164.0,17883963.506598055,5036.0,17436517.93246423,4980.0,17312170.531167895,4726.857142857143,266.0240769626201,16403809.865373774,4695.5,250.6556786325979,16293477.872179857,4648.464285714285,262.5083394996727,16130163.203546485
2019-04-08,4631,16212171.73629091,5013002.883952463,0,0,0,8,15,4,2,0,462,5125.0,17895560.893241692,4551.0,15873791.319626875,4603.0,15971664.88028729,4417.0,15216480.157921728,4721.285714285715,255.54498252801312,16405466.634894295,4701.857142857143,260.8759968151241,16326266.655092532,4653.642857142857,270.5964898468887,16150998.573620548
2019-04-09,4613,16070434.20335419,4992168.821563696,0,0,1,9,15,4,2,0,463,4631.0,16212171.73629091,4568.0,15849261.872783534,4541.0,15865126.81345336,4405.0,15297927.2411468,4732.714285714285,248.34768255124902,16453806.694417726,4703.857142857143,260.1661768186604,16343445.716235649,4661.285714285715,266.65859114755926,16186558.987133736
2019-04-10,4644,16200272.466414029,5015204.227155304,0,0,2,10,15,4,2,0,464,4613.0,16070434.20335419,4558.0,15816463.55411132,4508.0,15568521.290314246,4363.0,15258668.192016792,4739.142857142857,243.9162619776456,16485402.741642106,4709.0,257.3961328978509,16358110.529799994,4668.714285714285,262.1130456067487,16214148.521498283
2019-04-11,4586,16010139.3024807,4939163.305510115,0,0,3,11,15,4,2,0,465,4644.0,16200272.466414029,4578.0,15816442.583046207,4397.0,15359157.459745806,4355.0,15127810.67230909,4751.428571428572,235.28483244985657,16540232.586256776,4718.714285714285,251.7307562185687,16403235.613807121,4678.75,255.26436913158264,16247777.245583897
2019-04-12,4550,15797326.837772,4927975.865968851,0,0,4,12,15,4,2,0,466,4586.0,16010139.3024807,4607.0,15872991.255237244,4561.0,15787635.376893423,4465.0,15425233.29321403,4752.571428571428,234.31948072583248,16567903.546175992,4732.214285714285,237.83484203940944,16449734.316859614,4687.0,248.04420155674384,16279288.982375743
2019-04-13,5118,17769909.79585722,5521827.148669617,0,0,5,13,15,4,2,1,467,4550.0,15797326.837772,5062.0,17713754.966213178,5003.0,17293397.39974322,4999.0,17213409.60380401,4744.428571428572,241.1132908979173,16557094.343680957,4731.428571428572,238.46132222606028,16450426.564065224,4690.035714285715,245.7360044080445,16292578.037538527
2019-04-14,5277,18388903.50452767,5675143.70138234,0,0,6,14,15,4,2,1,468,5118.0,17769909.79585722,5125.0,17895560.893241692,5164.0,17883963.506598055,5022.0,17383843.45157082,4752.428571428572,253.99137593159293,16565116.462201536,4739.642857142857,250.2262382918087,16484463.163787654,4694.285714285715,252.2209286030669,16312453.044397572
2019-04-15,4629,16132478.722406382,4949529.448396529,0,0,0,15,16,4,2,0,469,5277.0,18388903.50452767,4631.0,16212171.73629091,4551.0,15873791.319626875,4466.0,15524840.835827006,4774.142857142857,294.4302003143491,16635593.97809953,4747.714285714285,266.2752851327478,16520530.306496913,4703.392857142857,268.56633628234835,16348348.046288887
2019-04-16,4628,16113685.768792365,4943682.547041005,0,0,1,16,16,4,2,0,470,4629.0,16132478.722406382,4613.0,16070434.20335419,4568.0,15849261.872783534,4496.0,15823081.231104674,4773.857142857143,294.5931819597116,16624209.261830313,4753.285714285715,262.6338277384049,16539007.97812402,4709.214285714285,264.97258518470784,16370049.399381008
2019-04-17,4625,16100605.44028275,4975021.601711044,0,0,2,17,16,4,2,0,471,4628.0,16113685.768792365,4644.0,16200272.466414029,4558.0,15816463.55411132,4480.0,15675188.245922366,4776.0,293.2797299507842,16630388.056892911,4757.571428571428,259.8525363727267,16557895.399267508,4713.928571428572,262.1983880747382,16380428.132869855
2019-04-18,4654,16239824.366191551,5037925.116759667,0,0,3,18,16,4,2,0,472,4625.0,16100605.44028275,4586.0,16010139.3024807,4578.0,15816442.583046207,4442.0,15303304.822728807,4773.285714285715,294.7890286774192,16616149.910302727,4762.357142857143,256.48949810345306,16578191.248279752,4719.107142857143,258.8171582962916,16395621.60409701
2019-04-19,4605,15954038.021261562,4933404.271193682,0,0,4,19,16,4,2,0,473,4654.0,16239824.366191551,4550.0,15797326.837772,4607.0,15872991.255237244,4472.0,15479558.103984538,4783.0,288.64511081950616,16648962.06226142,4767.785714285715,253.06891082543547,16608432.804218706,4726.678571428572,253.45582617115346,16429068.73064925
2019-04-20,5219,18223448.34436525,5635768.281088629,0,0,5,20,16,4,2,1,474,4605.0,15954038.021261562,5118.0,17769909.79585722,5062.0,17713754.966213178,5058.0,17494363.106065046,4790.857142857143,281.9157253337977,16671349.3741885,4767.642857142857,253.16720140675895,16614221.85893473,4731.428571428572,249.72494922323307,16446014.441980572
2019-04-21,5150,17876659.50350421,5530735.228022113,0,0,6,21,16,4,2,1,475,5219.0,18223448.34436525,5277.0,18388903.50452767,5125.0,17895560.893241692,5036.0,17436517.93246423,4805.285714285715,303.2285795049283,16736140.595403934,4778.857142857143,270.11873661064385,16650628.528802734,4737.178571428572,259.1967726095619,16472053.200491296
2019-04-22,4615,15882192.895440308,4918834.611132167,0,0,0,22,17,4,2,0,476,5150.0,17876659.50350421,4629.0,16132478.722406382,4631.0,16212171.73629091,4603.0,15971664.88028729,4787.142857142857,272.5481172022314,16662962.880972011,4780.642857142857,272.6537977116621,16649278.429535773,4741.25,264.89713237545,16487772.542314151
2019-04-23,4620,15841931.799195632,4895691.567975303,0,0,1,23,17,4,2,0,477,4615.0,15882192.895440308,4628.0,16113685.768792365,4613.0,16070434.20335419,4541.0,15865126.81345336,4785.142857142857,273.9497694660122,16627207.762834,4779.5,273.3619043854306,16625708.512332156,4741.678571428572,264.67479046745393,16484577.114283903
2019-04-24,4654,16146948.996728376,4985476.275985479,0,0,2,24,17,4,2,0,478,4620.0,15841931.799195632,4625.0,16100605.44028275,4644.0,16200272.466414029,4508.0,15568521.290314246,4784.0,274.7301706523543,16588385.767177323,4780.0,273.04014920322913,16609386.912035117,4744.5,262.87125422208527,16483748.720917555
2019-04-25,4583,16141016.659344846,4983607.79347464,0,0,3,25,17,4,2,0,479,4654.0,16146948.996728376,4654.0,16239824.366191551,4586.0,16010139.3024807,4397.0,15359157.459745806,4788.142857142857,272.1393200620127,16595006.275240984,4780.714285714285,272.6698281160453,16605578.092771856,4749.714285714285,259.43183749662285,16504406.853289489
2019-04-26,4663,16208044.832306698,5000282.674373141,0,0,4,26,17,4,2,0,480,4583.0,16141016.659344846,4605.0,15954038.021261562,4550.0,15797326.837772,4561.0,15787635.376893423,4778.0,279.20362939380215,16580890.888548598,4780.5,272.835749405837,16614926.475405008,4756.357142857143,252.3506106349387,16532330.39613231
2019-04-27,5237,18348149.21254321,5699070.874631042,0,0,5,27,17,4,2,1,481,4663.0,16208044.832306698,5219.0,18223448.34436525,5118.0,17769909.79585722,5003.0,17293397.39974322,4786.285714285715,274.02658890804094,16617177.57584076,4788.571428571428,267.103470094011,16644263.47501463,4760.0,250.15269410974983,16547345.019539926
2019-04-28,5181,17990468.130916554,5541264.052713393,0,0,6,28,17,4,2,1,482,5237.0,18348149.21254321,5150.0,17876659.50350421,5277.0,18388903.50452767,5164.0,17883963.506598055,4788.857142857143,278.80664062598646,16634991.985580469,4797.071428571428,279.9765001912467,16685566.290492201,4768.357142857143,262.19065925188374,16585014.727139926
2019-04-29,4709,16420858.737078134,5078025.295733623,0,0,0,29,18,4,2,0,483,5181.0,17990468.130916554,4615.0,15882192.895440308,4629.0,16132478.722406382,4551.0,15873791.319626875,4793.285714285715,285.6610545650968,16651250.360925091,4790.214285714285,268.24792739077975,16657106.62094855,4768.964285714285,263.1586596688883,16588818.463722732
2019-04-30,4602,16001840.039093982,4928373.683427088,0,0,1,30,18,4,2,0,484,4709.0,16420858.737078134,4620.0,15841931.799195632,4628.0,16113685.768792365,4568.0,15849261.872783534,4806.714285714285,277.9896366687854,16728202.624016209,4795.928571428572,265.38635530564886,16677705.193425102,4774.607142857143,259.98665767555786,16608356.585774561
2019-05-01,4650,16155395.5703809,4987559.201080719,0,0,2,1,18,5,2,0,485,4602.0,16001840.039093982,4654.0,16146948.996728376,4625.0,16100605.44028275,4558.0,15816463.55411132,4804.142857142857,280.08000557664724,16751046.658287402,4794.071428571428,266.73941887620606,16669716.212732362,4775.821428571428,259.0637063894699,16613805.805999935
2019-05-02,4666,16235265.393878195,4984553.768803614,0,0,3,2,18,5,2,0,486,4650.0,16155395.5703809,4583.0,16141016.659344846,4654.0,16239824.366191551,4578.0,15816442.583046207,4803.571428571428,280.44123397655153,16752253.311666334,4795.857142857143,265.6017426793059,16673629.79345366,4779.107142857143,256.77203310353417,16625910.520866705
2019-05-03,4634,15996268.92479238,4930233.930539971,0,0,4,3,18,5,2,0,487,4666.0,16235265.393878195,4663.0,16208044.832306698,4605.0,15954038.021261562,4607.0,15872991.255237244,4815.428571428572,271.1622252102193,16765717.416599667,4796.714285714285,265.12766984733946,16673304.152574133,4782.25,254.74993185037994,16640868.47839642
2019-05-04,5240,18240848.639830623,5633311.407665803,0,0,5,4,18,5,2,1,488,4634.0,15996268.92479238,5237.0,18348149.21254321,5219.0,18223448.34436525,5062.0,17713754.966213178,4811.285714285715,274.084971183348,16735463.715526193,4798.785714285715,263.6236182285468,16676320.645683477,4783.214285714285,254.11230488124522,16645271.2523091
2019-05-05,5174,17895021.03896489,5571429.086924983,0,0,6,5,18,5,2,1,489,5240.0,18240848.639830623,5181.0,17990468.130916554,5150.0,17876659.50350421,5125.0,17895560.893241692,4811.714285714285,274.8628229291417,16720135.062281538,4800.285714285715,266.24523934246406,16677563.523931002,4789.571428571428,263.4017391561254,16664096.026366869
2019-05-06,4636,16064279.159624409,4961301.514698968,0,0,0,6,19,5,2,0,490,5174.0,17895021.03896489,4709.0,16420858.737078134,4615.0,15882192.895440308,4631.0,16212171.73629091,4810.714285714285,273.30368596473414,16706499.763431301,4802.0,268.73578674400915,16678875.062178195,4791.321428571428,265.864077437989,16664076.745856982
2019-05-07,4709,16316990.758203292,5005216.460100326,0,0,1,7,19,5,2,0,491,4636.0,16064279.159624409,4602.0,16001840.039093982,4620.0,15841931.799195632,4613.0,16070434.20335419,4800.285714285715,279.161670175623,16655559.823795054,4803.5,267.6682073589759,16691881.223905629,4791.5,265.7540634161923,16658794.868118895
2019-05-08,4613,15997206.51850757,4947652.86348181,0,0,2,8,19,5,2,0,492,4709.0,16316990.758203292,4650.0,16155395.5703809,4654.0,16146948.996728376,4644.0,16200272.466414029,4815.571428571428,269.2482479936023,16700581.355096385,4809.857142857143,264.0066599226522,16725814.006691892,4794.928571428572,263.9792259743691,16667600.459363505
2019-05-09,4609,16222994.944017492,5031219.138460222,0,0,3,9,19,5,2,0,493,4613.0,15997206.51850757,4666.0,16235265.393878195,4583.0,16141016.659344846,4586.0,16010139.3024807,4810.285714285715,273.37197752374584,16677982.91911448,4806.928571428572,266.0877426962491,16715118.115390405,4793.821428571428,264.69969757099307,16660348.104081133
2019-05-10,4641,16146205.810710607,4984454.682206443,0,0,4,10,19,5,2,0,494,4609.0,16222994.944017492,4634.0,15996268.92479238,4663.0,16208044.832306698,4550.0,15797326.837772,4802.142857142857,279.17343986098456,16676229.997705808,4808.785714285715,264.4905636157115,16720973.70715274,4794.642857142857,264.06581871524367,16667950.091278875
2019-05-11,5144,17877329.546479225,5515065.707826334,0,0,5,11,19,5,2,1,495,4641.0,16146205.810710607,5240.0,18240848.639830623,5237.0,18348149.21254321,5118.0,17769909.79585722,4803.142857142857,278.4824522128485,16697649.552836984,4807.214285714285,265.48683252047874,16716556.634181589,4797.892857142857,261.4907886325593,16680410.05459811
2019-05-12,5232,18085792.88358275,5568083.023874078,0,0,6,12,19,5,2,1,496,5144.0,17877329.546479225,5174.0,17895021.03896489,5181.0,17990468.130916554,5277.0,18388903.50452767,4789.428571428572,254.734408841099,16645718.253786786,4800.571428571428,254.85643448381032,16682926.65803416,4798.821428571428,262.71291944311247,16684246.47426318
2019-05-13,4657,16079103.20962331,4984626.052539506,0,0,0,13,20,5,2,0,497,5232.0,18085792.88358275,4636.0,16064279.159624409,4709.0,16420858.737078134,4629.0,16132478.722406382,4797.714285714285,269.82445792634,16672971.374446478,4804.214285714285,261.0028524958827,16689735.56893889,4797.214285714285,259.8008292894119,16673421.094943719
2019-05-14,4623,16248528.36452223,5033456.527836313,0,0,1,14,20,5,2,0,498,4657.0,16079103.20962331,4709.0,16316990.758203292,4602.0,16001840.039093982,4628.0,16113685.768792365,4800.714285714285,267.83621505547615,16675089.095874893,4800.5,262.82569538354625,16665324.459834974,4798.214285714285,259.1825264376001,16671514.82663004
2019-05-15,4686,16266448.340417482,5012535.748516946,0,0,2,15,20,5,2,0,499,4623.0,16248528.36452223,4613.0,15997206.51850757,4650.0,16155395.5703809,4625.0,16100605.44028275,4788.428571428572,274.630574373935,16665308.753920455,4802.0,261.663024635765,16682945.054508418,4798.035714285715,259.3058371802734,16676330.63362039
2019-05-16,4578,15855955.881756822,4894979.57467298,0,0,3,16,20,5,2,0,500,4686.0,16266448.340417482,4609.0,16222994.944017492,4666.0,16235265.393878195,4654.0,16239824.366191551,4798.857142857143,268.168745737607,16703771.871336158,4804.571428571428,260.2273308787189,16690877.395225318,4800.214285714285,258.0514386193966,16682253.594339488
2019-05-17,4716,16362141.80101994,5088555.562858134,0,0,4,17,20,5,2,0,501,4578.0,15855955.881756822,4641.0,16146205.810710607,4634.0,15996268.92479238,4605.0,15954038.021261562,4794.428571428572,272.05444133045165,16651337.71958463,4798.285714285715,264.8536398644524,16663783.85864522,4797.5,260.0383874795378,16668544.005609678
2019-05-18,5228,18230393.957104817,5639060.269300043,0,0,5,18,20,5,2,1,502,4716.0,16362141.80101994,5144.0,17877329.546479225,5240.0,18240848.639830623,5219.0,18223448.34436525,4805.142857142857,266.42349031285016,16682185.71820025,4804.142857142857,261.8304962971412,16689917.635518616,4801.464285714285,257.8317686001206,16683119.140601048
2019-05-19,5145,17628314.945465725,5428681.616632075,0,0,6,19,20,5,2,1,503,5228.0,18230393.957104817,5232.0,18085792.88358275,5174.0,17895021.03896489,5150.0,17876659.50350421,4817.142857142857,285.44259701467377,16732623.491146764,4803.285714285715,260.3091146403322,16689170.872466775,4801.785714285715,258.3766067186929,16683367.198198888
2019-05-20,4571,15921474.359914329,4928642.37325617,0,0,0,20,21,5,2,0,504,5145.0,17628314.945465725,4657.0,16079103.20962331,4636.0,16064279.159624409,4615.0,15882192.895440308,4804.714285714285,265.57090345500944,16667269.499987189,4801.214285714285,257.22937341883994,16670120.437216833,4801.607142857143,258.128641383789,16674497.749697516
2019-05-21,4585,15851360.199983727,4892101.929505481,0,0,1,21,21,5,2,0,505,4571.0,15921474.359914329,4623.0,16248528.36452223,4709.0,16316990.758203292,4620.0,15841931.799195632,4792.428571428572,275.35241488128895,16644751.092885908,4796.571428571428,260.99976843069726,16659920.0943804,4800.035714285715,259.4373516245968,16675900.659143014
2019-05-22,4617,16118627.92317368,4983187.623280956,0,0,2,22,21,5,2,0,506,4585.0,15851360.199983727,4686.0,16266448.340417482,4613.0,15997206.51850757,4654.0,16146948.996728376,4787.0,279.5913684886184,16588012.78366612,4787.714285714285,266.25130655408384,16626660.768793287,4798.785714285715,260.4193707796022,16676237.38774259
2019-05-23,4596,15993192.441758072,4981321.15119029,0,0,3,23,21,5,2,0,507,4617.0,16118627.92317368,4578.0,15855955.881756822,4609.0,16222994.944017492,4583.0,16141016.659344846,4777.142857142857,284.9113479496406,16566895.581202721,4788.0,266.05146986134673,16635333.726269439,4797.464285714285,261.27372933421174,16675225.920829922
2019-05-24,4661,16064736.026230369,4949402.075163879,0,0,4,24,21,5,2,0,508,4596.0,15993192.441758072,4716.0,16362141.80101994,4641.0,16146205.810710607,4663.0,16208044.832306698,4779.714285714285,282.8885023501482,16586500.804060042,4787.071428571428,266.7460515995588,16618919.261822337,4797.928571428572,260.8897778573769,16669946.484487537
2019-05-25,5199,18004983.37903417,5548368.634426389,0,0,5,25,21,5,2,1,509,4661.0,16064736.026230369,5228.0,18230393.957104817,5144.0,17877329.546479225,5237.0,18348149.21254321,4771.857142857143,285.70289262999745,16544014.26480439,4788.5,265.9559680155258,16613099.991502319,4797.857142857143,260.9283588757722,16664828.312841954
2019-05-26,5110,17697105.568857994,5464336.096326223,0,0,6,26,21,5,2,1,510,5199.0,18004983.37903417,5145.0,17628314.945465725,5232.0,18085792.88358275,5181.0,17990468.130916554,4767.714285714285,278.0951361708969,16511812.753651438,4792.428571428572,271.94985801563445,16622218.122399101,4796.5,258.6485532031242,16652572.390216632
2019-05-27,4559,15765426.460654847,4878674.392847305,0,0,0,27,22,5,2,0,511,5110.0,17697105.568857994,4571.0,15921474.359914329,4657.0,16079103.20962331,4709.0,16420858.737078134,4762.714285714285,270.38904951059504,16521639.985564621,4783.714285714285,258.3978532214403,16594454.742775904,4793.964285714285,255.0625895798322,16642095.155857397
2019-05-28,4680,16032979.97720641,4962854.835931404,0,0,1,28,22,5,2,0,512,4559.0,15765426.460654847,4585.0,15851360.199983727,4623.0,16248528.36452223,4602.0,16001840.039093982,4761.0,271.841252694788,16499347.42852755,4776.714285714285,263.37409152745175,16572049.260706728,4788.607142857143,258.46574947328907,16618686.860270852
2019-05-29,4644,15967532.761054892,4921489.008310289,0,0,2,29,22,5,2,0,513,4680.0,16032979.97720641,4617.0,16118627.92317368,4686.0,16266448.340417482,4650.0,16155395.5703809,4774.571428571428,263.8439293363105,16525293.110987933,4780.785714285715,261.2470621318562,16556652.947327027,4791.392857142857,256.79496638738874,16619799.000917723
2019-05-30,4660,16099829.197989697,4963640.49106815,0,0,3,30,22,5,2,0,514,4644.0,15967532.761054892,4596.0,15993192.441758072,4578.0,15855955.881756822,4666.0,16235265.393878195,4778.428571428572,261.34195806954546,16503708.087828109,4777.785714285715,262.65659902425347,16535301.834515413,4791.178571428572,256.9197963295687,16613089.614870368
2019-05-31,4627,16067098.201293712,4979225.0373284845,0,0,4,31,22,5,2,0,515,4660.0,16099829.197989697,4661.0,16064736.026230369,4716.0,16362141.80101994,4634.0,15996268.92479238,4787.571428571428,254.93715378688412,16518941.91014691,4783.642857142857,258.7438909402492,16552721.357103478,4790.964285714285,257.0305475638017,16608252.607874349
2019-06-01,5066,17493930.29465876,5411547.3860758245,0,0,5,1,22,6,2,1,516,4627.0,16067098.201293712,5199.0,18004983.37903417,5228.0,18230393.957104817,5240.0,18240848.639830623,4782.714285714285,258.0553650451322,16519279.36372739,4777.285714285715,261.61111143522186,16531646.81426589,4790.714285714285,257.1922263013341,16610782.224892255
2019-06-02,5092,17497701.348530684,5398268.151151788,0,0,6,2,22,6,2,1,517,5066.0,17493930.29465876,5110.0,17697105.568857994,5145.0,17628314.945465725,5174.0,17895021.03896489,4763.714285714285,225.0871788779694,16446271.780245189,4765.714285714285,243.067394443921,16479042.266948313,4784.5,247.86757216975514,16584106.569707545
2019-06-03,4539,15763946.43982156,4859652.623077709,0,0,0,3,23,6,2,0,518,5092.0,17497701.348530684,4559.0,15765426.460654847,4571.0,15921474.359914329,4636.0,16064279.159624409,4761.142857142857,220.52847780686827,16417785.463055572,4761.928571428572,237.04380130318145,16469712.724310096,4781.571428571428,243.5418328308708,16569916.580763465
2019-06-04,4547,15706946.2262164,4848096.191119949,0,0,1,4,23,6,2,0,519,4539.0,15763946.43982156,4680.0,16032979.97720641,4585.0,15851360.199983727,4709.0,16316990.758203292,4758.285714285715,223.69079424190954,16417574.03150796,4759.642857142857,239.17119943120468,16458460.730017755,4778.107142857143,246.36277666251297,16559190.412199076
2019-06-05,4548,15649558.57435979,4810395.736541483,0,0,2,5,23,6,2,0,520,4547.0,15706946.2262164,4644.0,15967532.761054892,4617.0,16118627.92317368,4613.0,15997206.51850757,4739.285714285715,236.71763368038918,16370997.78136653,4756.928571428572,241.50982279297247,16448145.446177233,4772.321428571428,249.9223662528721,16537403.10748526
2019-06-06,4546,15743200.017078454,4868552.708615098,0,0,3,6,23,6,2,0,521,4548.0,15649558.57435979,4660.0,16099829.197989697,4596.0,15993192.441758072,4609.0,16222994.944017492,4725.571428571428,245.76605213283057,16325572.897552943,4752.0,245.25998764262383,16414640.492690524,4770.0,251.75222975215294,16524987.10947998
2019-06-07,4576,15815147.732714051,4910564.8925954485,0,0,4,7,23,6,2,0,522,4546.0,15743200.017078454,4627.0,16067098.201293712,4661.0,16064736.026230369,4641.0,16146205.810710607,4709.285714285715,254.45871589561023,16274625.87170848,4748.428571428572,248.05449596214018,16396783.890927697,4767.75,253.51975962144286,16507851.576375017
2019-06-08,5047,17435403.350613642,5328079.332714732,0,0,5,8,23,6,2,1,523,4576.0,15815147.732714051,5066.0,17493930.29465876,5199.0,18004983.37903417,5144.0,17877329.546479225,4702.0,257.9140683767976,16238632.94762567,4742.357142857143,251.37700988535042,16378956.15567653,4765.428571428572,255.0165468228186,16496028.073589426
2019-06-09,5096,17514063.082602143,5431611.394920334,0,0,6,9,23,6,2,1,524,5047.0,17435403.350613642,5092.0,17497701.348530684,5110.0,17697105.568857994,5232.0,18085792.88358275,4699.285714285715,253.5072085008818,16230271.955619227,4731.5,232.72788666330408,16338271.86793221,4761.964285714285,250.29855981929816,16480244.995165655
2019-06-10,4596,15896118.44898294,4888041.15463292,0,0,0,10,24,6,2,0,525,5096.0,17514063.082602143,4539.0,15763946.43982156,4559.0,15765426.460654847,4657.0,16079103.20962331,4699.857142857143,254.54235310418238,16232609.346200863,4730.5,231.00008325006496,16325197.404628217,4757.107142857143,242.02224251711175,16459826.073702063
2019-06-11,4560,15739537.28245603,4812437.047004858,0,0,1,11,24,6,2,0,526,4596.0,15896118.44898294,4547.0,15706946.2262164,4680.0,16032979.97720641,4623.0,16248528.36452223,4708.0,249.39860999346288,16251491.061795345,4733.142857142857,229.09079729790955,16334532.546651652,4754.928571428572,243.22827695190074,16453290.903679192
2019-06-12,4512,15691638.209801208,4856441.314513489,0,0,2,12,24,6,2,0,527,4560.0,15739537.28245603,4548.0,15649558.57435979,4644.0,15967532.761054892,4686.0,16266448.340417482,4709.857142857143,248.0446388397613,16256146.926972434,4724.571428571428,233.4357807540699,16313572.354169484,4752.678571428572,244.78033290208842,16435112.650748255
2019-06-13,4571,15886035.243734775,4924224.009040822,0,0,3,13,24,6,2,0,528,4512.0,15691638.209801208,4546.0,15743200.017078454,4660.0,16099829.197989697,4578.0,15855955.881756822,4704.714285714285,252.2965941676109,16262158.303464066,4715.142857142857,239.52673117014177,16293865.600508505,4746.464285714285,248.71290635661785,16414583.717511961
2019-06-14,4604,16000459.699553214,4935358.063399935,0,0,4,14,24,6,2,0,529,4571.0,15886035.243734775,4576.0,15815147.732714051,4627.0,16067098.201293712,4716.0,16362141.80101994,4708.285714285715,249.84042526229183,16282563.335843543,4708.785714285715,242.26818533677104,16278594.60377601,4746.214285714285,248.89196780974595,16415657.980439741
2019-06-15,5090,17709818.23054184,5480530.879347059,0,0,5,15,24,6,2,1,530,4604.0,16000459.699553214,5047.0,17435403.350613642,5066.0,17493930.29465876,5228.0,18230393.957104817,4712.285714285715,247.58346356042475,16309036.47396342,4707.142857142857,242.94249308232057,16273834.710794548,4742.214285714285,250.2915865682951,16402740.762530219
2019-06-16,5077,17541577.495131377,5404851.853123761,0,0,6,16,24,6,2,1,531,5090.0,17709818.23054184,5096.0,17514063.082602143,5092.0,17497701.348530684,5145.0,17628314.945465725,4718.428571428572,257.60296138493925,16348238.59966745,4708.857142857143,245.7380898257477,16289255.277643338,4737.285714285715,241.57858274318892,16384148.772295827
2019-06-17,4524,15685655.857321396,4849785.980896241,0,0,0,17,25,6,2,0,532,5077.0,17541577.495131377,4596.0,15896118.44898294,4539.0,15763946.43982156,4571.0,15921474.359914329,4715.714285714285,253.0208912887949,16352169.230028769,4707.785714285715,243.965375403156,16292389.288114816,4734.857142857143,237.63771278919245,16381051.006212456
2019-06-18,4542,15685147.63116211,4827142.585644711,0,0,1,18,25,6,2,0,533,4524.0,15685655.857321396,4560.0,15739537.28245603,4547.0,15706946.2262164,4585.0,15851360.199983727,4705.428571428572,260.06400311133103,16322103.145505693,4706.714285714285,244.7951823845391,16286797.10365052,4733.178571428572,239.00008578510432,16372628.916834136
2019-06-19,4434,15447077.386999665,4777278.8018816095,0,0,2,19,25,6,2,0,534,4542.0,15685147.63116211,4512.0,15691638.209801208,4548.0,15649558.57435979,4617.0,16118627.92317368,4702.857142857143,261.8246414246519,16314333.195320847,4706.357142857143,245.0496361470929,16285240.061146641,4731.642857142857,240.12299537955366,16366692.753661934
2019-06-20,4511,15367687.666721037,4714949.926666727,0,0,3,20,25,6,2,0,535,4434.0,15447077.386999665,4571.0,15886035.243734775,4546.0,15743200.017078454,4596.0,15993192.441758072,4691.714285714285,272.7335172445368,16279395.934920626,4698.214285714285,252.49742681748066,16270777.119192347,4725.107142857143,245.78270126960234,16342708.805941435
2019-06-21,4461,15460489.128153538,4758872.5660590455,0,0,4,21,25,6,2,0,536,4511.0,15367687.666721037,4604.0,16000459.699553214,4576.0,15815147.732714051,4661.0,16064736.026230369,4683.142857142857,278.0506120423895,16205346.281061519,4695.714285714285,254.2873688055787,16243954.808452532,4722.071428571428,247.95174688447986,16320369.349690111
2019-06-22,5102,17686279.66120232,5472451.744626299,0,0,5,22,25,6,2,1,537,4461.0,15460489.128153538,5090.0,17709818.23054184,5047.0,17435403.350613642,5199.0,18004983.37903417,4662.714285714285,289.83772142685154,16128207.628004426,4687.5,260.23975631949327,16218622.050983923,4714.928571428572,252.6131471566724,16298789.103330227
2019-06-23,5054,17269790.59610354,5311398.852037615,0,0,6,23,25,6,2,1,538,5102.0,17686279.66120232,5077.0,17541577.495131377,5096.0,17514063.082602143,5110.0,17697105.568857994,4664.428571428572,292.80645322059337,16124844.975241635,4691.428571428572,266.42583447316764,16236541.787454542,4711.464285714285,246.31543795211365,16287406.827693375
2019-06-24,4402,15247407.12520954,4708147.219550663,0,0,0,24,26,6,2,0,539,5054.0,17269790.59610354,4524.0,15685655.857321396,4596.0,15896118.44898294,4559.0,15765426.460654847,4661.142857142857,287.48590027538285,16086018.275380513,4688.428571428572,261.71467560794116,16219093.75270464,4709.464285714285,243.16683529699603,16272145.57866643
2019-06-25,4404,15183221.280277986,4699952.493626494,0,0,1,25,26,6,2,0,540,4402.0,15247407.12520954,4542.0,15685147.63116211,4560.0,15739537.28245603,4680.0,16032979.97720641,4643.714285714285,300.585381262256,16023411.31365025,4674.571428571428,271.92185367397923,16172757.229577972,4703.857142857143,248.5161466228539,16253644.88811481
2019-06-26,4486,15598171.264798775,4850768.369607342,0,0,2,26,26,6,2,0,541,4404.0,15183221.280277986,4434.0,15447077.386999665,4512.0,15691638.209801208,4644.0,15967532.761054892,4624.0,312.6515632457389,15951707.549238233,4663.428571428572,280.05266380717217,16133020.372279538,4694.0,254.88937324374555,16223296.36322451
2019-06-27,4453,15346361.870631784,4747179.444175997,0,0,3,27,26,6,2,0,542,4486.0,15598171.264798775,4511.0,15367687.666721037,4571.0,15886035.243734775,4660.0,16099829.197989697,4631.428571428572,307.9674534442831,15973292.38892382,4661.571428571428,281.2178772864431,16126344.161922222,4688.357142857143,257.76995404109095,16210104.881215364
2019-06-28,4403,15186166.329883846,4693446.718170024,0,0,4,28,26,6,2,0,543,4453.0,15346361.870631784,4461.0,15460489.128153538,4604.0,16000459.699553214,4627.0,16067098.201293712,4623.142857142857,312.49449518961734,15970245.846625356,4653.142857142857,285.87109982347675,16087796.063843438,4680.964285714285,261.55397178924125,16183195.333809722
2019-06-29,4927,16971131.875203684,5212486.802888373,0,0,5,29,26,6,2,1,544,4403.0,15186166.329883846,5102.0,17686279.66120232,5090.0,17709818.23054184,5066.0,17493930.29465876,4614.857142857143,318.2265590065466,15931056.875443969,4638.785714285715,293.4752456004056,16029632.251724197,4672.964285714285,266.64187136707307,16151733.481259372
2019-06-30,4907,16811880.90227815,5213806.765743446,0,0,6,30,26,6,2,1,545,4927.0,16971131.875203684,5054.0,17269790.59610354,5077.0,17541577.495131377,5092.0,17497701.348530684,4589.857142857143,277.8965206519871,15828892.906015594,4627.142857142857,276.96649537523166,15976868.940628614,4668.0,260.27122605295494,16133062.109135974
2019-07-01,4407,15397794.987639468,4765556.394567568,0,0,0,1,27,7,3,0,546,4907.0,16811880.90227815,4402.0,15247407.12520954,4524.0,15685655.857321396,4539.0,15763946.43982156,4568.857142857143,239.93848417975835,15763477.235469112,4615.0,258.8614122831549,15924747.755424812,4661.392857142857,251.3027301270512,16108568.521769816
2019-07-02,4340,14972640.847440343,4612200.578509599,0,0,1,2,27,7,3,0,547,4407.0,15397794.987639468,4404.0,15183221.280277986,4542.0,15685147.63116211,4547.0,15706946.2262164,4569.571428571428,239.36572933683794,15784961.215816243,4606.642857142857,263.8655272738659,15904186.264733246,4656.678571428572,254.8962103333933,16095491.684191883
2019-07-03,4373,15120872.7506151,4648783.933784357,0,0,2,3,27,7,3,0,548,4340.0,14972640.847440343,4486.0,15598171.264798775,4434.0,15447077.386999665,4548.0,15649558.57435979,4560.428571428572,247.81704080690187,15754878.296839435,4592.214285714285,273.03569182615644,15853292.923038835,4649.285714285715,261.12092517861356,16069266.492092738
2019-07-04,4431,15364511.496002655,4753465.084870445,0,0,3,4,27,7,3,0,549,4373.0,15120872.7506151,4453.0,15346361.870631784,4511.0,15367687.666721037,4546.0,15743200.017078454,4544.285714285715,256.98425002693966,15686692.794813197,4587.857142857143,276.2228356690551,15829992.591868507,4643.035714285715,265.6893873098776,16050384.855530428
2019-07-05,4386,15039095.340048669,4642145.428353355,0,0,4,5,27,7,3,0,550,4431.0,15364511.496002655,4403.0,15186166.329883846,4461.0,15460489.128153538,4576.0,15815147.732714051,4541.142857142857,258.4172521146374,15689285.598437607,4582.142857142857,278.75102128625605,15829765.72253148,4638.928571428572,268.12268178348916,16036860.265492005
2019-07-06,4889,16858527.8509235,5234810.402830768,0,0,5,6,27,7,3,1,551,4386.0,15039095.340048669,4927.0,16971131.875203684,5102.0,17686279.66120232,5047.0,17435403.350613642,4538.714285714285,260.00686804116407,15668275.457032582,4576.785714285715,281.96049329687787,15799666.166238276,4632.142857142857,272.1483411243166,16009144.108611098
2019-07-07,4842,16760910.50123886,5168745.471679498,0,0,6,7,27,7,3,1,552,4889.0,16858527.8509235,4907.0,16811880.90227815,5054.0,17269790.59610354,5096.0,17514063.082602143,4533.285714285715,250.78192005919266,15652189.167849699,4561.571428571428,255.99120005479384,15740541.036932647,4626.5,264.7657944786747,15988541.412193595
2019-07-08,4325,14874479.896177048,4569282.67961326,0,0,0,8,28,7,3,0,553,4842.0,16760910.50123886,4407.0,15397794.987639468,4402.0,15247407.12520954,4596.0,15896118.44898294,4524.0,235.36779728757259,15644907.681986941,4546.428571428572,229.5234911006541,15704192.458728027,4617.428571428572,252.13391923244126,15961643.105716333
2019-07-09,4372,15007725.36356362,4628544.335729498,0,0,1,9,28,7,3,0,554,4325.0,14874479.896177048,4340.0,14972640.847440343,4404.0,15183221.280277986,4560.0,15739537.28245603,4512.285714285715,244.04215092597275,15570148.383206597,4540.928571428572,234.12700836075095,15677554.79951142,4607.75,258.11734698546115,15925156.014544696
2019-07-10,4346,15108141.105272545,4658511.947133224,0,0,2,10,28,7,3,0,555,4372.0,15007725.36356362,4373.0,15120872.7506151,4486.0,15598171.264798775,4512.0,15691638.209801208,4516.857142857143,240.5517467347654,15575160.456938494,4538.642857142857,235.7174342114047,15665019.376888964,4601.035714285715,261.824012443591,15899019.874584254
2019-07-11,4314,14913889.845286664,4620881.381914243,0,0,3,11,28,7,3,0,556,4346.0,15108141.105272545,4431.0,15364511.496002655,4453.0,15346361.870631784,4571.0,15886035.243734775,4513.0,243.44198487525486,15573341.650460985,4528.642857142857,241.03226950981923,15630017.22263709,4595.107142857143,265.76449325110036,15878180.692279657
2019-07-12,4317,14886770.39128904,4583916.815909174,0,0,4,12,28,7,3,0,557,4314.0,14913889.845286664,4386.0,15039095.340048669,4403.0,15186166.329883846,4604.0,16000459.699553214,4496.285714285715,253.80616901205366,15508967.128930127,4518.714285714285,247.17244947651233,15599126.363683868,4585.928571428572,271.01399834987444,15843461.213763654
2019-07-13,4860,16689625.382499656,5163224.76766409,0,0,5,13,28,7,3,1,558,4317.0,14886770.39128904,4889.0,16858527.8509235,4927.0,16971131.875203684,5090.0,17709818.23054184,4486.428571428572,260.06592570786626,15487206.421964468,4512.571428571428,251.30359031556594,15577740.939498525,4575.678571428572,275.6921328518475,15803686.595611362
2019-07-14,4909,17159806.29200271,5327107.15787882,0,0,6,14,28,7,3,1,559,4860.0,16689625.382499656,4842.0,16760910.50123886,4907.0,16811880.90227815,5077.0,17541577.495131377,4482.285714285715,252.71110929658084,15463077.497903919,4507.785714285715,243.3152998987826,15557633.332876807,4567.464285714285,262.93140665042915,15767251.136752712
2019-07-15,4301,14870691.147993077,4593077.6998134805,0,0,0,15,29,7,3,0,560,4909.0,17159806.29200271,4325.0,14874479.896177048,4407.0,15397794.987639468,4524.0,15685655.857321396,4491.857142857143,269.328441728335,15520062.610870183,4507.928571428572,243.56817535128724,15582485.146428565,4561.464285714285,252.58668950339515,15753616.450926688
2019-07-16,4301,14686262.070850438,4546661.881226461,0,0,1,16,29,7,3,0,561,4301.0,14870691.147993077,4372.0,15007725.36356362,4340.0,14972640.847440343,4542.0,15685147.63116211,4488.428571428572,271.94659839931074,15519521.361129615,4500.357142857143,248.54363713529048,15544834.872168107,4553.5,257.2837459419559,15724510.568450676
2019-07-17,4258,14598330.352474349,4526626.535874015,0,0,2,17,29,7,3,0,562,4301.0,14686262.070850438,4346.0,15108141.105272545,4373.0,15120872.7506151,4434.0,15447077.386999665,4478.285714285715,278.26349280596435,15473598.033599162,4497.571428571428,250.6885024781246,15524379.245268827,4544.892857142857,261.6764101916578,15688836.08415383
2019-07-18,4277,14588097.05008195,4470310.871900008,0,0,3,18,29,7,3,0,563,4258.0,14598330.352474349,4314.0,14913889.845286664,4431.0,15364511.496002655,4511.0,15367687.666721037,4465.714285714285,287.0840261931019,15400767.926056562,4489.357142857143,256.8916584395524,15487054.788258774,4538.607142857143,266.5080555082582,15658523.690063642
2019-07-19,4226,14521343.309488203,4486086.294242346,0,0,4,19,29,7,3,0,564,4277.0,14588097.05008195,4317.0,14886770.39128904,4386.0,15039095.340048669,4461.0,15460489.128153538,4460.428571428572,290.66123302042854,15354226.098170174,4478.357142857143,262.8116046913437,15431596.613550153,4530.25,271.0362316903189,15630681.168040816
2019-07-20,4761,16383858.337476484,5068407.034086063,0,0,5,20,29,7,3,1,565,4226.0,14521343.309488203,4860.0,16689625.382499656,4889.0,16858527.8509235,5102.0,17686279.66120232,4447.428571428572,300.02936364233165,15302022.229341483,4466.928571428572,270.5030823898633,15394614.325652976,4521.857142857143,276.8364558370569,15597140.245945627
2019-07-21,4735,16194790.866234712,4976425.276666636,0,0,6,21,29,7,3,1,566,4761.0,16383858.337476484,4909.0,17159806.29200271,4842.0,16760910.50123886,5054.0,17269790.59610354,4433.285714285715,278.9317206090196,15258341.222909601,4457.785714285715,256.96428323240275,15360709.360406758,4509.678571428572,257.17180502844195,15550625.198669704
2019-07-22,4296,14910270.822408242,4626248.093019315,0,0,0,22,30,7,3,0,567,4735.0,16194790.866234712,4301.0,14870691.147993077,4325.0,14874479.896177048,4402.0,15247407.12520954,4408.428571428572,233.5307668116181,15120481.876371315,4450.142857142857,246.0155896069801,15320272.24362075,4498.285714285715,238.55721530388647,15512232.351174388
2019-07-23,4219,14628082.811602732,4490459.244132021,0,0,1,23,30,7,3,0,568,4296.0,14910270.822408242,4301.0,14686262.070850438,4372.0,15007725.36356362,4404.0,15183221.280277986,4407.714285714285,233.92143573268652,15126136.115573483,4448.071428571428,247.26922863262052,15322828.73835155,4494.5,240.97064520777585,15500191.768931484
2019-07-24,4357,15098260.530630307,4686535.252903386,0,0,2,24,30,7,3,0,569,4219.0,14628082.811602732,4258.0,14598330.352474349,4346.0,15108141.105272545,4486.0,15598171.264798775,4396.0,242.06748370375954,15117824.792823808,4437.142857142857,254.17463927927002,15295711.413211485,4487.892857142857,246.02714985466238,15480365.395050226
2019-07-25,4248,14658753.039236585,4524697.254577326,0,0,3,25,30,7,3,0,570,4357.0,15098260.530630307,4277.0,14588097.05008195,4314.0,14913889.845286664,4453.0,15346361.870631784,4410.142857142857,235.46296847660108,15189243.389703233,4437.928571428572,253.8880626410941,15295005.657879898,4483.285714285715,247.26861344652562,15462511.440258494
2019-07-26,4281,14673731.283985868,4515040.998688106,0,0,4,26,30,7,3,0,571,4248.0,14658753.039236585,4226.0,14521343.309488203,4317.0,14886770.39128904,4403.0,15186166.329883846,4406.0,238.4323803513342,15199337.102439608,4433.214285714285,256.96039161151407,15276781.60030489,4475.964285714285,251.2022178102822,15437953.981994381
2019-07-27,4683,16130902.640810648,5007743.437035263,0,0,5,27,30,7,3,1,572,4281.0,14673731.283985868,4761.0,16383858.337476484,4860.0,16689625.382499656,4927.0,16971131.875203684,4413.857142857143,232.34057514163595,15221106.813082132,4430.642857142857,258.38897545631175,15261564.521211809,4471.607142857143,253.56164263105123,15419652.730355168
2019-07-28,4588,15856344.84835714,4885919.869816056,0,0,6,28,30,7,3,1,573,4683.0,16130902.640810648,4735.0,16194790.866234712,4909.0,17159806.29200271,4907.0,16811880.90227815,4402.714285714285,214.0690809728828,15184970.284987014,4418.0,239.39699888871408,15221655.753948307,4462.892857142857,241.22393764972531,15389644.543412557
2019-07-29,4234,14544622.768975416,4472293.111284147,0,0,0,29,31,7,3,0,574,4588.0,15856344.84835714,4296.0,14910270.822408242,4301.0,14870691.147993077,4407.0,15397794.987639468,4381.714285714285,180.63934075548022,15136620.853861647,4395.071428571428,201.05508785317616,15128551.36511648,4451.5,226.55953350548478,15355518.25577252
2019-07-30,4103,13953093.093425712,4310865.775340118,0,0,1,30,31,7,3,0,575,4234.0,14544622.768975416,4219.0,14628082.811602732,4301.0,14686262.070850438,4340.0,14972640.847440343,4372.857142857143,186.95224753167815,15084385.417656956,4390.285714285715,204.23870972332986,15105260.766615218,4445.321428571428,230.14859186756954,15325047.819391664
2019-07-31,4238,14582323.85697028,4516264.323452188,0,0,2,31,31,7,3,0,576,4103.0,13953093.093425712,4357.0,15098260.530630307,4258.0,14598330.352474349,4373.0,15120872.7506151,4356.285714285715,206.936153024488,14987958.315060241,4376.142857142857,217.33273219539805,15052891.553942025,4436.857142857143,238.37656395582843,15288635.399605425
2019-08-01,4944,15101550.677984543,3362516.06053502,400,0,3,1,31,8,3,0,577,4238.0,14582323.85697028,4248.0,14658753.039236585,4277.0,14588097.05008195,4431.0,15364511.496002655,4339.285714285715,211.70082214115476,14914253.07596595,4374.714285714285,218.23291318131766,15051748.232834592,4432.035714285715,241.0660708791296,15269401.510546682
2019-08-02,4949,15258409.055914778,3574708.2988670785,400,0,4,2,31,8,3,0,578,4944.0,15101550.677984543,4281.0,14673731.283985868,4226.0,14521343.309488203,4386.0,15039095.340048669,4438.714285714285,304.6986020565922,14977509.881501373,4422.357142857143,263.39400353633914,15088423.49197049,4450.357142857143,259.7544729997675,15260010.052760322
2019-08-03,5555,16936611.605814766,3766239.747224635,400,0,5,3,31,8,3,1,579,4949.0,15258409.055914778,4683.0,16130902.640810648,4761.0,16383858.337476484,4889.0,16858527.8509235,4534.142857142857,348.52519209350373,15061035.277491216,4474.0,291.3301061840854,15141071.045286674,4470.464285714285,275.87819133637004,15267842.685469825
2019-08-04,5534,17047395.865322273,3884420.900251025,400,0,6,4,31,8,3,1,580,5555.0,16936611.605814766,4588.0,15856344.84835714,4735.0,16194790.866234712,4842.0,16760910.50123886,4658.714285714285,522.8421413408731,15176136.55820609,4530.714285714285,406.15579211987966,15180553.421596553,4494.25,335.55599245740507,15270631.391001657
2019-08-05,5038,15629493.144756408,3628438.435534849,400,0,0,5,32,8,3,0,581,5534.0,17047395.865322273,4234.0,14544622.768975416,4296.0,14910270.822408242,4325.0,14874479.896177048,4793.857142857143,615.5570454397235,15346286.703486824,4587.785714285715,485.4626942129813,15241453.778674236,4518.964285714285,384.0905065160643,15280863.011147493
2019-08-06,4960,15293740.628399683,3529485.344318731,400,0,1,6,32,8,3,0,582,5038.0,15629493.144756408,4103.0,13953093.093425712,4219.0,14628082.811602732,4372.0,15007725.36356362,4908.714285714285,566.7573596892333,15501268.185741251,4640.785714285715,491.6213643995396,15292826.801699104,4544.428571428572,394.2554566259855,15307827.770025328
2019-08-07,4983,15470050.3049804,3512230.439010042,400,0,2,7,32,8,3,0,583,4960.0,15293740.628399683,4238.0,14582323.85697028,4357.0,15098260.530630307,4346.0,15108141.105272545,5031.142857142857,442.68439795240477,15692789.262166103,4693.714285714285,482.5226066559624,15340373.788613172,4565.428571428572,400.343780839845,15318042.600912329
2019-08-08,4041,13848651.47866405,4272514.931953721,0,0,3,8,32,8,3,0,584,4983.0,15470050.3049804,4944.0,15101550.677984543,4248.0,14658753.039236585,4314.0,14913889.845286664,5137.571428571428,279.8123520878943,15819607.32616755,4738.428571428572,477.90274425559795,15366930.20106675,4588.178571428572,405.47887131065636,15330967.929473324
2019-08-09,4125,14201826.65487158,4341158.445816194,0,0,4,9,32,8,3,0,585,4041.0,13848651.47866405,4949.0,15258409.055914778,4281.0,14673731.283985868,4317.0,14886770.39128904,5008.571428571428,503.037724610152,15640621.726264624,4723.642857142857,497.06130362404815,15309065.803882997,4578.428571428572,415.47486696473464,15292923.702093944
2019-08-10,4615,15861294.998073788,4913016.989933535,0,0,5,10,32,8,3,1,586,4125.0,14201826.65487158,5555.0,16936611.605814766,4683.0,16130902.640810648,4860.0,16689625.382499656,4890.857142857143,605.3146367995869,15489681.383258453,4712.5,509.3443372082903,15275358.330374833,4571.571428571428,421.49025106878884,15268461.42579332
2019-08-11,4521,15511181.81506423,4765638.419185692,0,0,6,11,32,8,3,1,587,4615.0,15861294.998073788,5534.0,17047395.865322273,4588.0,15856344.84835714,4909.0,17159806.29200271,4756.571428571428,533.4194275748603,15336064.725009741,4707.642857142857,509.9711314820219,15256100.641607914,4562.821428571428,417.8077755398843,15238878.197778111
2019-08-12,4054,13995402.891773164,4324493.586924631,0,0,0,12,33,8,3,0,588,4521.0,15511181.81506423,5038.0,15629493.144756408,4234.0,14544622.768975416,4301.0,14870691.147993077,4611.857142857143,410.6338306291244,15116605.574972877,4702.857142857143,511.49236510473776,15231446.13922985,4548.964285714285,412.29901789687705,15179998.752173165
2019-08-13,4137,14065939.55046927,4302583.81214977,0,0,1,13,33,8,3,0,589,4054.0,13995402.891773164,4960.0,15293740.628399683,4103.0,13953093.093425712,4301.0,14686262.070850438,4471.285714285715,408.86131075045074,14883164.110260984,4690.0,526.2342268785454,15192216.14800112,4540.142857142857,420.3643670177105,15148738.45730817
2019-08-14,4112,14125701.956907583,4330238.039959177,0,0,2,14,33,8,3,0,590,4137.0,14065939.55046927,4983.0,15470050.3049804,4238.0,14582323.85697028,4258.0,14598330.352474349,4353.714285714285,360.3584855324528,14707763.956270924,4692.428571428572,523.3875919703966,15200276.609218514,4534.285714285715,424.93754287414373,15126584.08158027
2019-08-15,4360,15044071.535890944,4645350.538054287,0,1,3,15,33,8,3,0,591,4112.0,14125701.956907583,4041.0,13848651.47866405,4944.0,15101550.677984543,4277.0,14588097.05008195,4229.285714285715,235.6542059075316,14515714.192260522,4683.428571428572,532.8015526492894,15167660.759214038,4529.071428571428,429.326425804631,15109704.496024312
2019-08-16,4052,13958248.577009372,4312255.568398959,0,0,4,16,33,8,3,0,592,4360.0,15044071.535890944,4125.0,14201826.65487158,4949.0,15258409.055914778,4226.0,14521343.309488203,4274.857142857143,223.71665753168125,14686488.48615008,4641.714285714285,533.6921366324373,15163555.106207352,4532.035714285715,427.80537995879916,15125989.299088921
2019-08-17,4452,15288834.2781804,4717989.53222519,0,0,5,17,33,8,3,1,593,4052.0,13958248.577009372,4615.0,15861294.998073788,5555.0,16936611.605814766,4761.0,16383858.337476484,4264.428571428572,233.36013451521026,14651691.617884051,4577.642857142857,547.6257294543781,15070686.50057125,4525.821428571428,433.6394690909012,15105878.772928962
2019-08-18,4491,15289409.348502023,4718197.940072609,0,0,6,18,33,8,3,1,594,4452.0,15288834.2781804,4521.0,15511181.81506423,5534.0,17047395.865322273,4735.0,16194790.866234712,4241.142857142857,198.00204424150286,14569911.515042137,4498.857142857143,470.04743740030585,14952988.120025938,4514.785714285715,431.3586079786149,15066770.770811245
2019-08-19,4017,13824938.144088652,4238928.65325434,0,0,0,19,34,8,3,0,595,4491.0,15289409.348502023,4054.0,13995402.891773164,5038.0,15629493.144756408,4296.0,14910270.822408242,4236.857142857143,191.1408107229172,14538229.73410468,4424.357142857143,364.07070470168287,14827417.654538779,4506.071428571428,429.20433953929785,15034435.716606507
2019-08-20,3997,13722069.418228328,4247610.094966671,0,0,1,20,34,8,3,0,596,4017.0,13824938.144088652,4137.0,14065939.55046927,4960.0,15293740.628399683,4219.0,14628082.811602732,4231.571428571428,197.44776283266305,14513877.627292607,4351.428571428572,332.593471947993,14698520.868776795,4496.107142857143,437.42185243095355,14995673.83523795
2019-08-21,4021,13802709.5008567,4235883.925985162,0,0,2,21,34,8,3,0,597,3997.0,13722069.418228328,4112.0,14125701.956907583,4983.0,15470050.3049804,4357.0,15098260.530630307,4211.571428571428,214.93941560578597,14464753.322686758,4282.642857142857,294.4433097174501,14586258.639478842,4488.178571428572,444.58395479047925,14963316.214046005
2019-08-22,4003,13715859.977084553,4224922.9347111415,0,0,3,22,34,8,3,0,598,4021.0,13802709.5008567,4360.0,15044071.535890944,4041.0,13848651.47866405,4248.0,14658753.039236585,4198.571428571428,224.50453383905204,14418611.543250918,4213.928571428572,221.69156130004748,14467162.86775572,4476.178571428572,452.7160056216612,14917046.534411235
2019-08-23,4021,13858785.573688554,4265529.601455053,0,0,4,23,34,8,3,0,599,4003.0,13715859.977084553,4052.0,13958248.577009372,4125.0,14201826.65487158,4281.0,14673731.283985868,4147.571428571428,222.25950084144844,14228867.034850003,4211.214285714285,224.19022780166537,14457677.760500044,4467.428571428572,459.6047761550685,14883371.782191519
2019-08-24,4510,15407152.723216256,4747010.347660717,0,0,5,24,34,8,3,1,600,4021.0,13858785.573688554,4452.0,15288834.2781804,4615.0,15861294.998073788,4683.0,16130902.640810648,4143.142857142857,224.77576127587014,14214658.034375602,4203.785714285715,228.93942046262518,14433174.826129826,4458.142857142857,466.0915276738172,14854266.57825233
2019-08-25,4461,15318237.777643455,4688164.966273608,0,0,6,25,34,8,3,1,601,4510.0,15407152.723216256,4491.0,15289409.348502023,4521.0,15511181.81506423,4588.0,15856344.84835714,4151.428571428572,238.6963602172361,14231560.669380724,4196.285714285715,215.77318168407868,14400736.09221143,4451.964285714285,464.1429762271029,14828418.366909673
2019-08-26,4000,13747210.74586076,4216477.381989722,0,0,0,26,35,8,3,0,602,4461.0,15318237.777643455,4017.0,13824938.144088652,4054.0,13995402.891773164,4234.0,14544622.768975416,4147.142857142857,231.75161169625918,14235679.01640093,4192.0,209.32712713322817,14386954.375252802,4447.428571428572,463.38428405481716,14809200.257241327
2019-08-27,3977,13805231.954428596,4277600.376199778,0,0,1,27,35,8,3,0,603,4000.0,13747210.74586076,3997.0,13722069.418228328,4137.0,14065939.55046927,4103.0,13953093.093425712,4144.714285714285,233.42573000544644,14224575.102368372,4188.142857142857,212.53845159546532,14369226.364830488,4439.071428571428,469.4464769374626,14780721.256415803
2019-08-28,3940,13522528.037401753,4126729.612357001,0,0,2,28,35,8,3,0,604,3977.0,13805231.954428596,4021.0,13802709.5008567,4112.0,14125701.956907583,4238.0,14582323.85697028,4141.857142857143,235.64693121379773,14236455.464682696,4176.714285714285,219.68173782558847,14350604.393684728,4434.571428571428,473.37475785646023,14775440.501451623
2019-08-29,4006,13512997.066536654,4141811.18589902,0,0,3,29,35,8,3,0,605,3940.0,13522528.037401753,4003.0,13715859.977084553,4360.0,15044071.535890944,4944.0,15101550.677984543,4130.285714285715,244.39702281719562,14196429.54133199,4164.428571428572,228.22280418847959,14307520.542291451,4423.928571428572,481.2425221022829,14737590.650752744
2019-08-30,3997,13737920.5094565,4222216.280454524,0,0,4,30,35,8,3,0,606,4006.0,13512997.066536654,4021.0,13858785.573688554,4052.0,13958248.577009372,4949.0,15258409.055914778,4130.714285714285,244.13910944768526,14167449.125539433,4139.142857142857,224.4675262252322,14198158.080194717,4390.428571428572,476.3213534432753,14680856.593201036
2019-08-31,4452,15082584.575474702,4630331.121740228,0,0,5,31,35,8,3,1,607,3997.0,13737920.5094565,4510.0,15407152.723216256,4452.0,15288834.2781804,5555.0,16936611.605814766,4127.285714285715,246.09734814074864,14150182.687791998,4135.214285714285,226.58134167580837,14182420.361083796,4356.428571428572,468.89274052431716,14626553.430827526
2019-09-01,4302,14594013.497082084,4508563.502627534,0,0,6,1,35,9,3,1,608,4452.0,15082584.575474702,4461.0,15318237.777643455,4491.0,15289409.348502023,5534.0,17047395.865322273,4119.0,231.61462245147084,14103815.809543202,4135.214285714285,226.58134167580837,14167688.239461962,4317.035714285715,406.67308575470287,14560338.17974395
2019-09-02,3913,13454411.334424963,4167830.25436526,0,0,0,2,36,9,3,0,609,4302.0,14594013.497082084,4000.0,13747210.74586076,4017.0,13824938.144088652,5038.0,15629493.144756408,4096.285714285715,197.81532994666676,14000355.198034436,4121.714285714285,208.67546705220448,14118017.107217683,4273.035714285715,329.4415569080403,14472717.38087823
2019-09-03,3919,13509722.87759765,4161342.944464672,0,0,1,3,36,9,3,0,610,3913.0,13454411.334424963,3977.0,13805231.954428596,3997.0,13722069.418228328,4960.0,15293740.628399683,4083.8571428571427,207.37520630605772,13958526.710686464,4114.285714285715,214.46083686644457,14091550.906527419,4232.857142857143,299.97601315040737,14395035.887652105
2019-09-04,3916,13508409.33241308,4186235.978616204,0,0,2,4,36,9,3,0,611,3919.0,13509722.87759765,3940.0,13522528.037401753,4021.0,13802709.5008567,4983.0,15470050.3049804,4075.5714285714284,213.4266908822703,13916311.128282042,4108.714285714285,218.7131695839457,14076383.296482371,4195.678571428572,269.4767293700205,14331320.967980606
2019-09-05,3997,13628113.639157804,4172976.465148049,0,0,3,5,36,9,3,0,612,3916.0,13508409.33241308,4006.0,13512997.066536654,4003.0,13715859.977084553,4041.0,13848651.47866405,4072.1428571428573,216.14303024574556,13914294.170426518,4101.214285714285,223.69594012046562,14055361.855879257,4157.571428571428,225.94352433845614,14261262.361817488
2019-09-06,3897,13341898.449848805,4122417.953360684,0,0,4,6,36,9,3,0,613,3997.0,13628113.639157804,3997.0,13737920.5094565,4021.0,13858785.573688554,4125.0,14201826.65487158,4070.8571428571427,216.62827498693073,13930739.395086685,4100.785714285715,223.90423041025755,14049094.260313058,4156.0,226.93513512799623,14253386.01040655
2019-09-07,4333,14926582.648261543,4589494.338635588,0,0,5,7,36,9,3,1,614,3897.0,13341898.449848805,4452.0,15082584.575474702,4510.0,15407152.723216256,4615.0,15861294.998073788,4056.5714285714284,225.42911461097788,13874164.815142727,4091.9285714285716,229.6812052475375,14012173.751467362,4147.857142857143,232.11997445219797,14222674.288798595
2019-09-08,4384,14878077.315562597,4592111.52558379,0,0,6,8,36,9,3,1,615,4333.0,14926582.648261543,4302.0,14594013.497082084,4461.0,15318237.777643455,4521.0,15511181.81506423,4039.5714285714284,192.75879326494027,13851878.82554085,4079.285714285714,208.822496788159,13977847.317542026,4137.785714285715,216.70655310519993,14189291.704876726
2019-09-09,3896,13433437.041984906,4091190.8883177377,0,0,0,9,37,9,3,0,616,4384.0,14878077.315562597,3913.0,13454411.334424963,4000.0,13747210.74586076,4054.0,13995402.891773164,4051.285714285714,212.8134662763968,13892459.371038064,4073.785714285714,198.76742442109213,13946407.284536248,4132.892857142857,209.1485984734132,14166680.829894528
2019-09-10,3852,13255234.614700094,4089657.888328867,0,0,1,10,37,9,3,0,617,3896.0,13433437.041984906,3919.0,13509722.87759765,3977.0,13805231.954428596,4137.0,14065939.55046927,4048.8571428571427,214.74281406016786,13889463.043546626,4066.3571428571427,203.62129522262032,13923994.877116546,4127.25,213.4433093266293,14146610.620973518
2019-09-11,3903,13452400.667819817,4124030.0720241857,0,0,2,11,37,9,3,0,618,3852.0,13255234.614700094,3916.0,13508409.33241308,3940.0,13522528.037401753,4112.0,14125701.956907583,4039.285714285714,222.83604906277702,13853107.577418404,4057.4285714285716,210.46641036069298,13884709.352850225,4117.071428571428,219.66589589672964,14117656.873267476
2019-09-12,3849,13234513.25748579,4085407.521312595,0,0,3,12,37,9,3,0,619,3903.0,13452400.667819817,3997.0,13628113.639157804,4006.0,13512997.066536654,4360.0,15044071.535890944,4037.4285714285716,224.0854428879514,13845106.339619368,4054.785714285714,212.27890890251186,13879700.255022943,4109.607142857143,223.3643990476368,14093610.398657199
2019-09-13,3869,13120499.891100064,4015119.786009789,0,0,4,13,37,9,3,0,620,3849.0,13234513.25748579,3897.0,13341898.449848805,3997.0,13737920.5094565,4052.0,13958248.577009372,4016.285714285714,235.24010024208943,13788877.713666221,4043.5714285714284,219.09208260306107,13859808.554376453,4091.3571428571427,223.02370149510773,14028983.317285586
2019-09-14,4266,14527497.119141055,4478530.205080441,0,0,5,14,37,9,3,1,621,3869.0,13120499.891100064,4333.0,14926582.648261543,4452.0,15082584.575474702,4452.0,15288834.2781804,4012.285714285714,237.83027161242867,13757249.348130686,4034.4285714285716,223.805105560019,13815707.081636706,4084.8214285714284,226.86805654250375,13999063.721360253
2019-09-15,4416,15172246.615460832,4678730.919075018,0,0,6,15,37,9,3,1,622,4266.0,14527497.119141055,4384.0,14878077.315562597,4302.0,14594013.497082084,4491.0,15289409.348502023,4002.714285714286,223.70048002163122,13700237.1296849,4021.1428571428573,201.52146560331283,13776057.977612877,4078.1785714285716,218.27913722121832,13971873.108537419
2019-09-16,3857,13123420.145791974,4024545.505408192,0,0,0,16,38,9,3,0,623,4416.0,15172246.615460832,3896.0,13433437.041984906,3913.0,13454411.334424963,4017.0,13824938.144088652,4007.285714285714,232.9275382930099,13742261.315384652,4029.285714285714,215.55739145525732,13817360.343211357,4075.5,213.43200842945274,13967688.72521452
2019-09-17,3800,13033555.02526472,3974699.89538762,0,0,1,17,38,9,3,0,624,3857.0,13123420.145791974,3852.0,13255234.614700094,3919.0,13509722.87759765,3997.0,13722069.418228328,4001.714285714286,236.47248908750797,13697973.187357089,4025.285714285714,218.38231422173644,13793718.115451857,4069.785714285714,217.16546979169854,13942634.510989638
2019-09-18,3820,13192819.262118062,4076385.569891152,0,0,2,18,38,9,3,0,625,3800.0,13033555.02526472,3903.0,13452400.667819817,3916.0,13508409.33241308,4021.0,13802709.5008567,3994.285714285714,242.6943992525886,13666304.674580608,4016.785714285714,225.0515081457742,13759706.125999505,4062.75,222.73079997895948,13918044.711240938
2019-09-19,3930,13472813.2147218,4164302.236877662,0,0,3,19,38,9,3,0,626,3820.0,13192819.262118062,3849.0,13234513.25748579,3997.0,13628113.639157804,4003.0,13715859.977084553,3982.4285714285716,249.82050699309914,13629221.616623212,4009.9285714285716,229.77161379400357,13737163.97812129,4055.5714285714284,227.3180882101584,13896262.917000273
2019-09-20,3802,12999836.27902107,3945741.4110727343,0,0,4,20,38,9,3,0,627,3930.0,13472813.2147218,3869.0,13120499.891100064,3897.0,13341898.449848805,4021.0,13858785.573688554,3994.0,244.42790348076758,13663264.467656929,4005.1428571428573,230.75723412042225,13726071.090661574,4052.964285714286,228.35960629754106,13887582.675487315
2019-09-21,4265,14691740.304703696,4538004.997385199,0,0,5,21,38,9,3,1,628,3802.0,12999836.27902107,4266.0,14527497.119141055,4333.0,14926582.648261543,4510.0,15407152.723216256,3984.4285714285716,251.35224761468868,13646026.808788503,3998.3571428571427,235.52938968757115,13701638.078459594,4045.1428571428573,233.1941988805526,13856905.914963478
2019-09-22,4236,14471521.12258779,4409973.431314657,0,0,6,22,38,9,3,1,629,4265.0,14691740.304703696,4416.0,15172246.615460832,4384.0,14878077.315562597,4461.0,15318237.777643455,3984.285714285714,251.16575820609285,13669490.121011736,3993.5,228.69958460829437,13684863.625348318,4036.3928571428573,219.28745539872222,13831355.471445173
2019-09-23,3758,12773362.249100232,3925797.4351918334,0,0,0,23,39,9,3,0,630,4236.0,14471521.12258779,3857.0,13123420.145791974,3896.0,13433437.041984906,4000.0,13747210.74586076,3958.5714285714284,204.47482089723334,13569386.479172733,3982.9285714285716,212.07707752888643,13655823.897278693,4028.3571428571427,206.9256825414543,13801115.59090747
2019-09-24,3819,13135777.417806774,4026125.21276613,0,0,1,24,39,9,3,0,631,3758.0,12773362.249100232,3800.0,13033555.02526472,3852.0,13255234.614700094,3977.0,13805231.954428596,3944.4285714285716,215.78218735789008,13519378.208216768,3973.0714285714284,219.50520031889806,13608675.69778693,4019.714285714286,213.11531518440046,13766335.287451738
2019-09-25,3779,12962496.361612309,3977956.587963859,0,0,2,25,39,9,3,0,632,3819.0,13135777.417806774,3820.0,13192819.262118062,3903.0,13452400.667819817,3940.0,13522528.037401753,3947.1428571428573,213.77279883982604,13533981.407151345,3970.714285714286,221.07688484098836,13600143.040865976,4014.0714285714284,216.3553196448685,13742426.196858099
2019-09-26,3761,12894752.865192806,3971317.5699657584,0,0,3,26,39,9,3,0,633,3779.0,12962496.361612309,3930.0,13472813.2147218,3849.0,13234513.25748579,4006.0,13512997.066536654,3941.285714285714,218.3496540610371,13501078.135650525,3961.8571428571427,226.41787682305844,13565149.87613687,4008.3214285714284,220.49658661531177,13722425.065579906
2019-09-27,3822,12990410.650887646,3939087.552343147,0,0,4,27,39,9,3,0,634,3761.0,12894752.865192806,3802.0,12999836.27902107,3869.0,13120499.891100064,3997.0,13737920.5094565,3917.1428571428573,228.89402829798593,13418498.085717812,3955.5714285714284,230.96776807623328,13540881.276687369,3999.5714285714284,225.39881175071324,13700344.915531913
2019-09-28,4154,14208836.146517,4340632.741710758,0,0,5,28,39,9,3,1,635,3822.0,12990410.650887646,4265.0,14691740.304703696,4266.0,14527497.119141055,4452.0,15082584.575474702,3920.0,227.33675461746833,13417151.567413036,3952.214285714286,232.65827650522226,13531589.18810077,3993.3214285714284,227.8852949884369,13673648.134868737
2019-09-29,4248,14482350.32869215,4445107.530333893,0,0,6,29,39,9,3,1,636,4154.0,14208836.146517,4236.0,14471521.12258779,4416.0,15172246.615460832,4302.0,14594013.497082084,3904.1428571428573,201.68575273713745,13348165.259100651,3944.214285714286,222.75346101825517,13508827.690056192,3982.6785714285716,212.08105605789913,13642442.833834535
2019-09-30,3785,13072081.869141512,4039123.64847679,0,0,0,30,40,9,3,0,637,4248.0,14482350.32869215,3758.0,12773362.249100232,3857.0,13123420.145791974,3913.0,13454411.334424963,3905.8571428571427,205.0003484317667,13349712.288544131,3932.214285714286,198.5982332292141,13459549.383858431,3980.75,209.296993484118,13638454.863534894
2019-10-01,3688,12673283.748617738,3881162.6925057126,0,0,1,1,40,10,4,0,638,3785.0,13072081.869141512,3819.0,13135777.417806774,3800.0,13033555.02526472,3919.0,13509722.87759765,3909.714285714286,201.9865624950688,13392386.5199786,3927.0714285714284,201.60527476530456,13455882.364097685,3976.1785714285716,212.20920034014603,13624800.239774773
2019-10-02,4066,13835646.513595805,4227060.436838214,0,1,2,2,40,10,4,0,639,3688.0,12673283.748617738,3779.0,12962496.361612309,3820.0,13192819.262118062,3916.0,13508409.33241308,3891.0,217.2816912059921,13326315.995808737,3919.0714285714284,209.11773065604098,13430148.701480044,3967.9285714285716,218.89925444800687,13594927.413739773
2019-10-03,3788,12919240.993307246,3993295.276999244,0,0,3,3,40,10,4,0,640,4066.0,13835646.513595805,3761.0,12894752.865192806,3930.0,13472813.2147218,3997.0,13628113.639157804,3932.0,219.68993301166475,13451051.731806379,3936.6428571428573,210.48354846835701,13476064.933728453,3973.285714285714,219.41620473310644,13606614.45592487
2019-10-04,3766,12940340.255281383,3985407.1354517695,0,0,4,4,40,10,4,0,641,3788.0,12919240.993307246,3822.0,12990410.650887646,3802.0,12999836.27902107,3897.0,13341898.449848805,3935.8571428571427,216.39965231906598,13454550.035822729,3926.5,214.216551109474,13436524.06077027,3965.8214285714284,222.1179288995691,13581297.575715924
2019-10-05,4205,14573242.178774403,4497056.310166255,0,0,5,5,40,10,4,1,642,3766.0,12940340.255281383,4154.0,14208836.146517,4265.0,14691740.304703696,4333.0,14926582.648261543,3927.8571428571427,222.2659282417031,13447397.122164693,3923.9285714285716,216.034350646715,13432274.344788862,3961.1428571428573,224.98242141798482,13566956.21162423
2019-10-06,4156,14271514.530262848,4405921.990279059,0,0,6,6,40,10,4,1,643,4205.0,14573242.178774403,4248.0,14482350.32869215,4236.0,14471521.12258779,4384.0,14878077.315562597,3935.1428571428573,231.55591734426906,13499455.126772892,3919.6428571428573,209.23582835675887,13423810.192936772,3956.5714285714284,218.3494359747376,13554336.909142544
2019-10-07,3701,12635647.28577854,3891128.796634977,0,0,0,7,41,10,4,0,644,4156.0,14271514.530262848,3785.0,13072081.869141512,3758.0,12773362.249100232,3896.0,13433437.041984906,3922.0,212.6805115660648,13469335.726997275,3913.9285714285716,200.85603887275983,13409524.007770704,3948.4285714285716,205.7042876759353,13532673.952524696
2019-10-08,3699,12814575.258177312,3950337.507901853,0,0,1,8,41,10,4,0,645,3701.0,12635647.28577854,3688.0,12673283.748617738,3819.0,13135777.417806774,3852.0,13255234.614700094,3910.0,223.7789087470107,13406987.929373994,3909.8571428571427,204.79890968118144,13399687.224676296,3941.464285714286,210.7832803375338,13504181.461231614
2019-10-09,3742,12926067.734556336,3969397.4237964833,0,0,2,9,41,10,4,0,646,3699.0,12814575.258177312,4066.0,13835646.513595805,3779.0,12962496.361612309,3903.0,13452400.667819817,3911.5714285714284,221.99163433401867,13427172.430739647,3901.285714285714,211.30198170517676,13376744.213274192,3936.0,215.12683597256233,13488443.627070084
2019-10-10,3747,12892536.017662847,3944417.9209647225,0,0,3,10,41,10,4,0,647,3742.0,12926067.734556336,3788.0,12919240.993307246,3761.0,12894752.865192806,3849.0,13234513.25748579,3865.285714285714,218.17096834495192,13297232.605162581,3898.6428571428573,213.17223341445882,13374142.168484481,3930.25,218.17163223279368,13469646.022310674
2019-10-11,3784,12911400.83247907,3947717.701309572,0,0,4,11,41,10,4,0,648,3747.0,12892536.017662847,3766.0,12940340.255281383,3822.0,12990410.650887646,3869.0,13120499.891100064,3859.4285714285716,221.1220305192473,13293417.608641952,3897.6428571428573,213.89918802410182,13373983.822232341,3926.6071428571427,220.41851425999076,13457432.549459856
2019-10-12,4181,14298703.338144448,4365436.935075457,0,0,5,12,41,10,4,1,649,3784.0,12911400.83247907,4205.0,14573242.178774403,4154.0,14208836.146517,4266.0,14527497.119141055,3862.0,219.9560562173027,13289283.40538448,3894.9285714285716,215.17022395009195,13368340.263774585,3923.5714285714284,221.82215575338535,13449964.725937678
2019-10-13,4159,14285974.097204767,4401861.302833972,0,0,6,13,41,10,4,1,650,4181.0,14298703.338144448,4156.0,14271514.530262848,4248.0,14482350.32869215,4416.0,15172246.615460832,3858.5714285714284,213.81990641882462,13250063.571008772,3896.8571428571427,217.77612256729844,13374759.348890832,3920.535714285714,217.50189137415146,13441793.519473512
2019-10-14,3714,12690672.701089775,3894685.368529313,0,0,0,14,42,10,4,0,651,4159.0,14285974.097204767,3701.0,12635647.28577854,3785.0,13072081.869141512,3857.0,13123420.145791974,3859.0,214.51728757065058,13252129.223429045,3890.5,207.80825111332018,13360732.47521316,3911.3571428571427,200.58363255959898,13410140.929535795
2019-10-15,3706,12447060.3005034,3783791.3004955794,0,0,1,15,42,10,4,0,652,3714.0,12690672.701089775,3699.0,12814575.258177312,3688.0,12673283.748617738,3800.0,13033555.02526472,3860.8571428571427,212.97216451251418,13259989.997044938,3885.4285714285716,211.41600051730435,13333488.963209465,3906.25,203.81339050258399,13394685.663653573
2019-10-16,3696,12593732.025724888,3899736.249468956,0,0,2,16,42,10,4,0,653,3706.0,12447060.3005034,3742.0,12926067.734556336,4066.0,13835646.513595805,3820.0,13192819.262118062,3861.8571428571427,212.1001560359604,13207487.860234378,3886.714285714286,210.1740775099308,13317330.145487012,3902.8928571428573,206.3862504905428,13373739.423483526
2019-10-17,3705,12636274.475421598,3866671.2147485353,0,0,3,17,42,10,4,0,654,3696.0,12593732.025724888,3747.0,12892536.017662847,3788.0,12919240.993307246,3930.0,13472813.2147218,3855.285714285714,217.0865528506405,13160011.330401314,3860.285714285714,209.1559699846685,13228621.967781948,3898.464285714286,209.53714108022535,13352343.4507552
2019-10-18,3747,12760444.314023277,3924700.0103061474,0,0,4,18,42,10,4,0,655,3705.0,12636274.475421598,3784.0,12911400.83247907,3766.0,12940340.255281383,3802.0,12999836.27902107,3849.285714285714,221.12116911000152,13123402.538652565,3854.3571428571427,212.51193890186968,13208410.073647259,3890.4285714285716,212.57529011685452,13322467.067208765
2019-10-19,4091,13968577.797477318,4272028.758237977,0,0,5,19,42,10,4,1,656,3747.0,12760444.314023277,4181.0,14298703.338144448,4205.0,14573242.178774403,4265.0,14691740.304703696,3844.0,223.37263335810803,13101837.321730306,3853.0,213.1792312008664,13195560.363557395,3888.464285714286,213.6739437386205,13313917.354173128
2019-10-20,4196,14444149.035656482,4443799.092564097,0,0,6,20,42,10,4,1,657,4091.0,13968577.797477318,4159.0,14285974.097204767,4156.0,14271514.530262848,4236.0,14471521.12258779,3831.1428571428573,202.34247253228503,13054676.53020643,3844.8571428571427,200.49970540661593,13152370.050607601,3882.25,204.6575504665635,13288090.121772185
2019-10-21,3762,12886652.25343043,3933361.9856201815,0,0,0,21,43,10,4,0,658,4196.0,14444149.035656482,3714.0,12690672.701089775,3701.0,12635647.28577854,3758.0,12773362.249100232,3836.4285714285716,212.55968349529837,13077272.949985249,3847.714285714286,205.4973062041221,13164701.086707147,3880.8214285714284,202.22192678334542,13287112.547238927
2019-10-22,3693,12617943.916018862,3878282.941147969,0,0,1,22,43,10,4,0,659,3762.0,12886652.25343043,3706.0,12447060.3005034,3699.0,12814575.258177312,3819.0,13135777.417806774,3843.285714285714,208.69093119229498,13105270.028891057,3852.0714285714284,202.77591432065907,13182630.012967998,3880.964285714286,202.1333410552267,13291158.618822146
2019-10-23,3746,12583893.088306896,3846165.378245821,0,0,2,23,43,10,4,0,660,3693.0,12617943.916018862,3696.0,12593732.025724888,3742.0,12926067.734556336,3779.0,12962496.361612309,3841.4285714285716,210.16886634550514,13129681.973964693,3851.6428571428573,203.13035115523087,13168584.917099535,3876.464285714286,204.94687335863898,13272664.565186864
2019-10-24,3621,12533511.22034059,3840993.140845479,0,0,3,24,43,10,4,0,661,3746.0,12583893.088306896,3705.0,12636274.475421598,3747.0,12892536.017662847,3761.0,12894752.865192806,3848.5714285714284,205.19328866775393,13128276.411476409,3851.9285714285716,202.9670167542444,13144143.870938862,3875.285714285714,205.62188548005028,13259143.019711671
2019-10-25,3769,12847857.44742276,3945371.373084391,0,0,4,25,43,10,4,0,662,3621.0,12533511.22034059,3747.0,12760444.314023277,3784.0,12911400.83247907,3822.0,12990410.650887646,3836.5714285714284,217.0997137591114,13113595.946464837,3842.9285714285716,210.62670744736485,13118499.2425587,3870.285714285714,210.15600151686408,13246241.532395521
2019-10-26,4155,14024001.77516177,4285456.614748179,0,0,5,26,43,10,4,1,663,3769.0,12847857.44742276,4091.0,13968577.797477318,4181.0,14298703.338144448,4154.0,14208836.146517,3839.714285714286,215.74190930038105,13126083.536950478,3841.8571428571427,210.98737007147673,13113960.429340392,3868.3928571428573,210.84456962344032,13241150.346557489
2019-10-27,4160,14349032.097403428,4409269.9736305615,0,0,6,27,43,10,4,1,664,4155.0,14024001.77516177,4196.0,14444149.035656482,4159.0,14285974.097204767,4248.0,14482350.32869215,3848.8571428571427,229.10800114897484,13134001.248048255,3840.0,207.86386077284473,13094338.889127344,3868.4285714285716,210.89481818820389,13234549.119009087
2019-10-28,3754,12750021.81341368,3898894.731969957,0,0,0,28,44,10,4,0,665,4160.0,14349032.097403428,3762.0,12886652.25343043,3714.0,12690672.701089775,3785.0,13072081.869141512,3843.714285714286,220.24964191096245,13120413.114012105,3840.0714285714284,207.9820496269832,13098843.031998675,3865.285714285714,205.6184631324815,13229787.753605919
2019-10-29,3642,12473995.688469142,3813268.615996896,0,0,1,29,44,10,4,0,666,3754.0,12750021.81341368,3693.0,12617943.916018862,3706.0,12447060.3005034,3688.0,12673283.748617738,3842.5714285714284,220.76447264212328,13100894.479724,3842.9285714285716,206.38554819924386,13103082.254307525,3864.1785714285716,206.14954183285224,13218285.608758496
2019-10-30,3716,12675713.376413416,3899892.620136387,0,0,2,30,44,10,4,0,667,3642.0,12473995.688469142,3746.0,12583893.088306896,3696.0,12593732.025724888,4066.0,13835646.513595805,3835.285714285714,227.2690874167459,13080330.447216896,3838.3571428571427,210.3230508391643,13105006.210590793,3862.535714285714,207.7823794160095,13211168.178038904
2019-10-31,3711,12739928.201106803,3908961.088603364,0,0,3,31,44,10,4,0,668,3716.0,12675713.376413416,3621.0,12533511.22034059,3705.0,12636274.475421598,3788.0,12919240.993307246,3831.0,229.5052650086029,13093447.631232113,3839.785714285714,209.34740305254115,13110862.02135426,3850.035714285714,205.6052460317555,13169741.994568104
2019-11-01,4027,13843722.383059526,4268813.860273467,0,1,4,1,44,11,4,0,669,3711.0,12739928.201106803,3769.0,12847857.44742276,3747.0,12760444.314023277,3766.0,12940340.255281383,3843.8571428571427,218.01332418871087,13122935.771341572,3840.214285714286,209.05618625383215,13118265.858903203,3847.285714285714,206.97608685331767,13163337.966275232
2019-11-02,4171,14192118.050950198,4311925.647809404,0,0,5,2,44,11,4,1,670,4027.0,13843722.383059526,4155.0,14024001.77516177,4091.0,13968577.797477318,4205.0,14573242.178774403,3880.714285714286,224.94718956955373,13265202.19071825,3860.214285714286,212.8123689911189,13195642.863834364,3856.6071428571427,209.04657274571852,13195601.613695879
2019-11-03,4143,14226380.412785716,4392228.81081972,0,0,6,3,44,11,4,1,671,4171.0,14192118.050950198,4160.0,14349032.097403428,4196.0,14444149.035656482,4156.0,14271514.530262848,3883.0,228.25570456544855,13289218.80154517,3865.9285714285716,220.42387986149433,13211610.024796713,3855.3928571428573,207.0370049739487,13181990.037702158
2019-11-04,3761,12905080.992151042,3942652.7896131575,0,0,0,4,45,11,4,0,672,4143.0,14226380.412785716,3754.0,12750021.81341368,3762.0,12886652.25343043,3701.0,12635647.28577854,3880.5714285714284,224.8828266326452,13271697.13231407,3862.1428571428573,214.6997392219789,13196055.123163087,3854.9285714285716,206.351359573653,13180378.104935119
2019-11-05,3670,12596993.474436603,3858735.114974312,0,0,1,5,45,11,4,0,673,3761.0,12905080.992151042,3642.0,12473995.688469142,3693.0,12617943.916018862,3699.0,12814575.258177312,3881.5714285714284,224.2408356677147,13293848.443562264,3862.0714285714284,214.73578193669482,13197371.46164313,3857.0714285714284,205.00080010170558,13190000.737305563
2019-11-06,3753,12722545.965426415,3905296.8819246734,0,0,2,6,45,11,4,0,674,3670.0,12596993.474436603,3716.0,12675713.376413416,3746.0,12583893.088306896,3742.0,12926067.734556336,3885.5714285714284,219.4537590950655,13311419.555843329,3860.4285714285716,216.21168910468793,13195875.001530113,3856.035714285714,205.900278297981,13182229.959314823
2019-11-07,3703,12740146.905392032,3902833.916601069,0,0,3,7,45,11,4,0,675,3753.0,12722545.965426415,3711.0,12739928.201106803,3621.0,12533511.22034059,3747.0,12892536.017662847,3890.8571428571427,215.09101063769623,13318109.92570233,3860.9285714285716,215.93462838616563,13205778.778467221,3856.4285714285716,205.6850214340837,13174961.324703041
2019-11-08,3716,12687182.769591805,3891925.3524588,0,0,4,8,45,11,4,0,676,3703.0,12740146.905392032,4027.0,13843722.383059526,3769.0,12847857.44742276,3784.0,12911400.83247907,3889.714285714286,216.22420022261025,13318141.169171646,3866.785714285714,209.95537202407064,13220538.47025661,3854.8571428571427,206.71750526778914,13169518.856407655
2019-11-09,4214,14563421.141196772,4487601.38028941,0,0,5,9,45,11,4,1,677,3716.0,12687182.769591805,4171.0,14192118.050950198,4155.0,14024001.77516177,4181.0,14298703.338144448,3845.285714285714,215.26318332506492,13152921.224390546,3863.0,212.3187009409168,13209061.707554398,3852.4285714285716,207.97639263673986,13161511.068447396
2019-11-10,4162,14254016.87859992,4387239.604986399,0,0,6,10,45,11,4,1,678,4214.0,14563421.141196772,4143.0,14226380.412785716,4160.0,14349032.097403428,4159.0,14285974.097204767,3851.4285714285716,226.43089979275092,13205964.522997199,3867.214285714286,219.03957442627308,13247591.662271185,3853.6071428571427,209.9910649396989,13170965.275699263
2019-11-11,3731,12700548.653355032,3901293.294967937,0,0,0,11,46,11,4,0,679,4162.0,14254016.87859992,3761.0,12905080.992151042,3754.0,12750021.81341368,3714.0,12690672.701089775,3854.1428571428573,230.58435085049746,13209912.589542085,3867.3571428571427,219.24577257319342,13240804.860928077,3853.714285714286,210.1533579613834,13169823.946463376
2019-11-12,3734,12818650.2112359,3925168.828877271,0,0,1,12,46,11,4,0,680,3731.0,12700548.653355032,3670.0,12596993.474436603,3642.0,12473995.688469142,3706.0,12447060.3005034,3849.8571428571427,232.87151577027467,13180693.683999797,3865.714285714286,220.24441966962993,13237271.063781032,3854.3214285714284,209.75895399977625,13170176.659044279
2019-11-13,3691,12586916.737235608,3847121.041132616,0,0,2,13,46,11,4,0,681,3734.0,12818650.2112359,3753.0,12722545.965426415,3716.0,12675713.376413416,3696.0,12593732.025724888,3859.0,225.78160539188264,13212358.93211398,3872.285714285714,214.34961684539084,13261889.243978655,3855.3214285714284,209.09134165108463,13183447.727284726
2019-11-14,3723,12695357.998276692,3897494.3360235617,0,0,3,14,46,11,4,0,682,3691.0,12586916.737235608,3703.0,12740146.905392032,3711.0,12739928.201106803,3705.0,12636274.475421598,3850.1428571428573,231.7695900180722,13192983.328086723,3870.5,215.85064280656576,13255546.626894524,3855.1428571428573,209.23453335217252,13183204.324124394
2019-11-15,3822,13016386.650029508,3962466.418612001,0,0,4,15,46,11,4,0,683,3723.0,12695357.998276692,3716.0,12687182.769591805,4027.0,13843722.383059526,3747.0,12760444.314023277,3853.0,229.7679989322616,13186584.912784534,3871.3571428571427,215.19136640634957,13252363.04097809,3855.785714285714,208.7833108739354,13185314.449940646
2019-11-16,4103,14015743.745096752,4298975.070511834,0,0,5,16,46,11,4,1,684,3822.0,13016386.650029508,4214.0,14563421.141196772,4171.0,14192118.050950198,4091.0,13968577.797477318,3868.1428571428573,222.61583394676143,13233614.038561348,3856.714285714286,210.71396163135793,13193267.631475946,3858.464285714286,207.81481823310887,13194455.247655155
2019-11-17,4187,14332448.636371415,4406651.0192167405,0,0,6,17,46,11,4,1,685,4103.0,14015743.745096752,4162.0,14254016.87859992,4143.0,14226380.412785716,4196.0,14444149.035656482,3852.285714285714,196.26828091986877,13155374.410547059,3851.8571428571427,203.57491803450407,13180669.466772128,3858.8928571428573,208.32388232533816,13196139.74578442
2019-11-18,3723,12709657.477906788,3908787.178616184,0,0,0,18,47,11,4,0,686,4187.0,14332448.636371415,3731.0,12700548.653355032,3761.0,12905080.992151042,3762.0,12886652.25343043,3855.8571428571427,202.95683331802024,13166578.947371557,3855.0,208.69079077394363,13188245.76845682,3858.5714285714284,207.790747409518,13192150.445809955
2019-11-19,3765,12692237.38085783,3849321.154228932,0,0,1,19,47,11,4,0,687,3723.0,12709657.477906788,3734.0,12818650.2112359,3670.0,12596993.474436603,3693.0,12617943.916018862,3854.714285714286,203.79786904816714,13167880.208021808,3852.285714285714,210.2487276359485,13174286.946010802,3857.1785714285716,208.59122767883045,13185829.203826966
2019-11-20,4431,13695408.097765757,3125702.9212057344,400,0,2,20,47,11,4,0,688,3765.0,12692237.38085783,3691.0,12586916.737235608,3753.0,12722545.965426415,3746.0,12583893.088306896,3859.1428571428573,201.05590314755415,13149821.232253512,3859.0714285714284,205.38985979230384,13181090.082183748,3859.75,206.92951474858643,13188482.54185693
2019-11-21,4524,13986721.51140184,3186837.2701172265,400,0,3,21,47,11,4,0,689,4431.0,13695408.097765757,3723.0,12695357.998276692,3703.0,12740146.905392032,3621.0,12533511.22034059,3964.8571428571427,277.8071444794259,13308177.140900677,3907.5,252.89424667241306,13250580.2344937,3884.214285714286,231.9614203463833,13228179.50648046
2019-11-22,4474,13735417.01147976,3131902.5127228373,400,0,4,22,47,11,4,0,690,4524.0,13986721.51140184,3822.0,13016386.650029508,3716.0,12687182.769591805,3769.0,12847857.44742276,4079.285714285714,322.8904428676108,13492657.642775698,3966.1428571428573,293.7198710291311,13339621.277780116,3916.464285714286,255.58117970226195,13280079.874018362
2019-11-23,5047,15452233.56765048,3457741.779258446,400,0,5,23,47,11,4,1,691,4474.0,13735417.01147976,4103.0,14015743.745096752,4214.0,14563421.141196772,4155.0,14024001.77516177,4172.428571428572,330.25841253119233,13595376.26584002,4020.285714285714,313.27486789902116,13414495.152200684,3941.6428571428573,274.5391039118648,13311778.42987754
2019-11-24,5011,15497236.819085874,3502547.0076931487,400,0,6,24,47,11,4,1,692,5047.0,15452233.56765048,4187.0,14332448.636371415,4162.0,14254016.87859992,4160.0,14349032.097403428,4307.285714285715,463.1726511376826,13800589.09763341,4079.785714285714,415.36715520895416,13477981.754090233,3973.5,343.34482181427506,13362786.70818071
2019-11-25,4513,13835362.80580716,3142309.1831862554,400,0,0,25,48,11,4,0,693,5011.0,15497236.819085874,3723.0,12709657.477906788,3731.0,12700548.653355032,3754.0,12750021.81341368,4425.0,527.7186750532948,13966987.40944976,4140.428571428572,484.51430308104955,13566783.17841066,4003.8928571428573,394.3429922068537,13403794.019669367
2019-11-26,4582,13958910.671289992,3114231.075541623,400,0,1,26,48,11,4,0,694,4513.0,13835362.80580716,3765.0,12692237.38085783,3734.0,12818650.2112359,3642.0,12473995.688469142,4537.857142857143,427.5326219800637,14127802.456292672,4196.285714285715,478.72433509379266,13647841.33215724,4031.0,402.53097419353196,13442556.197969135
2019-11-27,4521,13927838.556525867,3209625.124912317,400,0,2,27,48,11,4,0,695,4582.0,13958910.671289992,4431.0,13695408.097765757,3691.0,12586916.737235608,3716.0,12675713.376413416,4654.571428571428,260.124878435258,14308755.783497265,4256.857142857143,469.2878167447557,13729288.507875392,4064.5714285714284,408.047058703295,13495588.875927022
2019-11-28,4498,13729773.404506955,3113845.3495304314,400,0,3,28,48,11,4,0,696,4521.0,13927838.556525867,4524.0,13986721.51140184,3723.0,12695357.998276692,3711.0,12739928.201106803,4667.428571428572,249.22871500081555,14341960.13474871,4316.142857142857,444.0524669524958,13825068.637824696,4093.3214285714284,410.9269605796444,13540307.63235961
2019-11-29,4609,14164503.147003451,3214998.0623502918,400,0,4,29,48,11,4,0,697,4498.0,13729773.404506955,4474.0,13735417.01147976,3822.0,13016386.650029508,4027.0,13843722.383059526,4663.714285714285,251.90190834643712,14305253.262335155,4371.5,411.5379690866975,13898955.452555427,4121.428571428572,410.72297851395206,13575659.24676676
2019-11-30,4929,15165216.918269075,3380287.817404092,400,0,5,30,48,11,4,1,698,4609.0,14164503.147003451,5047.0,15452233.56765048,4103.0,14015743.745096752,4171.0,14192118.050950198,4683.0,239.8353601952918,14366551.281695683,4427.714285714285,383.50016118168304,13980963.77376785,4142.214285714285,420.38045882121713,13587115.702621898
2019-12-01,4275,14666051.38461709,4473374.922120521,0,0,6,1,48,12,4,1,699,4929.0,15165216.918269075,5011.0,15497236.819085874,4187.0,14332448.636371415,4143.0,14226380.412785716,4666.142857142857,212.58600500459792,14325548.903212624,4486.714285714285,393.11916936049323,14063069.000423018,4169.285714285715,445.93288459828125,13621869.233597573
2019-12-02,3810,13191183.558269996,4047738.7205752577,0,0,0,2,49,12,4,0,700,4275.0,14666051.38461709,4513.0,13835362.80580716,3723.0,12709657.477906788,3761.0,12905080.992151042,4561.0,194.86662105144026,14206808.126859942,4493.0,388.6362744857415,14086897.76815485,4174.0,446.34225366574225,13637571.768305836
2019-12-03,3789,13026103.59475782,3988409.6325733336,0,0,1,3,49,12,4,0,701,3810.0,13191183.558269996,4582.0,13958910.671289992,3765.0,12692237.38085783,3670.0,12596993.474436603,4460.571428571428,346.15355799744646,14114782.520068917,4499.214285714285,375.8625318612452,14121292.488180796,4175.75,444.756248264571,13647789.717095798
2019-12-04,3838,13196148.83051863,4064744.38263048,0,0,2,4,49,12,4,0,702,3789.0,13026103.59475782,4521.0,13927838.556525867,4431.0,13695408.097765757,3753.0,12722545.965426415,4347.285714285715,421.37897206107004,13981524.366278607,4500.928571428572,372.29402447439765,14145140.074887937,4180.0,440.29056062762015,13663115.078535844
2019-12-05,3787,12904096.993983945,3967956.587367838,0,0,3,5,49,12,4,0,703,3838.0,13196148.83051863,4498.0,13729773.404506955,4524.0,13986721.51140184,3703.0,12740146.905392032,4249.714285714285,452.3854235368084,13876997.262563288,4458.571428571428,412.43213227907773,14109478.698655998,4183.035714285715,437.52176514266256,13680029.46657485
2019-12-06,3837,13194007.949134976,4040856.754875896,0,0,4,6,49,12,4,0,704,3787.0,12904096.993983945,4609.0,14164503.147003451,4474.0,13735417.01147976,3716.0,12687182.769591805,4148.142857142857,466.9326962819685,13759043.48963143,4405.928571428572,448.8646299765212,14032148.375983294,4186.035714285715,434.38508962056034,13685884.826881703
2019-12-07,4366,14936848.228152286,4567867.141873514,0,0,5,7,49,12,4,1,705,3837.0,13194007.949134976,4929.0,15165216.918269075,5047.0,15452233.56765048,4214.0,14563421.141196772,4037.8571428571427,429.61937750038214,13620401.31850736,4360.428571428572,473.0665450483257,13993476.300101522,4190.357142857143,430.1167123507204,13703985.726151103
2019-12-08,4282,14721499.799861051,4534551.895035918,0,0,6,8,49,12,4,1,706,4366.0,14936848.228152286,4275.0,14666051.38461709,5011.0,15497236.819085874,4162.0,14254016.87859992,3957.4285714285716,250.23246335016606,13587777.21991925,4311.785714285715,430.10019916141067,13956663.061565937,4195.785714285715,431.38350705461164,13717322.407828087
2019-12-09,3835,13184597.32817393,4042826.8981038257,0,0,0,9,50,12,4,0,707,4282.0,14721499.799861051,3810.0,13191183.558269996,4513.0,13835362.80580716,3731.0,12700548.653355032,3958.4285714285716,251.72263647572933,13595698.422096958,4259.714285714285,380.1666494035024,13901253.274478449,4200.071428571428,431.63143816536854,13734018.226444555
2019-12-10,3848,13047463.881535389,3993084.310806296,0,0,1,10,50,12,4,0,708,3835.0,13184597.32817393,3789.0,13026103.59475782,4582.0,13958910.671289992,3734.0,12818650.2112359,3962.0,249.43268965128271,13594757.532083232,4211.285714285715,388.5120389326551,13854770.026076077,4203.785714285715,427.8766140202134,13751305.67911666
2019-12-11,3827,13018023.766326696,3962081.735417416,0,0,2,11,50,12,4,0,709,3848.0,13047463.881535389,3838.0,13196148.83051863,4521.0,13927838.556525867,3691.0,12586916.737235608,3970.4285714285716,243.5397689241441,13597809.001622887,4158.857142857143,384.13796743095185,13789666.683950746,4207.857142857143,423.7634485387645,13759477.595913067
2019-12-12,3887,13362792.841266677,4133819.741312192,0,0,3,12,50,12,4,0,710,3827.0,13018023.766326696,3787.0,12904096.993983945,4498.0,13729773.404506955,3723.0,12695357.998276692,3968.8571428571427,244.5699821942232,13572362.563881183,4109.285714285715,378.5483260626582,13724679.913222235,4212.714285714285,418.3648821342207,13774874.275523465
2019-12-13,3870,13194339.752206158,4025406.0456530494,0,0,4,13,50,12,4,0,711,3887.0,13362792.841266677,3837.0,13194007.949134976,4609.0,14164503.147003451,3822.0,13016386.650029508,3983.1428571428573,234.90666839651297,13637890.54206443,4065.6428571428573,365.2745241896618,13698467.01584793,4218.571428571428,412.3598238657957,13798711.234201679
2019-12-14,4346,14937905.699810669,4611159.801570721,0,0,5,14,50,12,4,1,712,3870.0,13194339.752206158,4366.0,14936848.228152286,4929.0,15165216.918269075,4103.0,14015743.745096752,3987.8571428571427,231.7954763517815,13637937.942503171,4012.8571428571427,332.65386425923225,13629169.630505266,4220.285714285715,410.7467325577697,13805066.70213656
2019-12-15,4356,15173340.739477469,4676019.09596846,0,0,6,15,50,12,4,1,713,4346.0,14937905.699810669,4282.0,14721499.799861051,4275.0,14666051.38461709,4187.0,14332448.636371415,3985.0,226.41849158878298,13638089.00988294,3971.214285714286,229.70723124864568,13612933.114901094,4228.964285714285,410.74399363457997,13838001.057662055
2019-12-16,3916,13447032.396016149,4129677.321305546,0,0,0,16,51,12,4,0,714,4356.0,15173340.739477469,3835.0,13184597.32817393,3810.0,13191183.558269996,3723.0,12709657.477906788,3995.5714285714284,243.66702494926454,13702637.715542424,3977.0,238.78796516512082,13649168.06881969,4235.0,411.3457588614945,13868032.918487271
2019-12-17,3853,13181996.754408617,4068760.5119754686,0,0,1,17,51,12,4,0,715,3916.0,13447032.396016149,3848.0,13047463.881535389,3789.0,13026103.59475782,3765.0,12692237.38085783,4007.1428571428573,236.59136964496963,13740128.439519886,3984.5714285714284,234.7315043211833,13667442.98580156,4241.892857142857,403.9999394284688,13894367.736991178
2019-12-18,3906,13304147.314410524,4090910.871836789,0,0,2,18,51,12,4,0,716,3853.0,13181996.754408617,3827.0,13018023.766326696,3838.0,13196148.83051863,4431.0,13695408.097765757,4007.8571428571427,236.03772902613682,13759347.421358917,3989.1428571428573,231.22678083611055,13678578.211490903,4245.035714285715,400.47957197108434,13911859.143189419
2019-12-19,3940,13536779.496570883,4138757.03208418,0,0,3,19,51,12,4,0,717,3906.0,13304147.314410524,3887.0,13362792.841266677,3787.0,12904096.993983945,4524.0,13986721.51140184,4019.1428571428573,227.69016123630811,13800222.213942323,3994.0,228.505849108791,13686292.388911752,4226.285714285715,403.7272509030059,13897885.543783877
2019-12-20,3871,13303737.076768784,4058069.2059823712,0,0,4,20,51,12,4,0,718,3940.0,13536779.496570883,3870.0,13194339.752206158,3837.0,13194007.949134976,4474.0,13735417.01147976,4026.714285714286,223.4045018091128,13825077.45041435,4004.9285714285716,221.39226040455736,13731483.99623939,4205.428571428572,402.861471326523,13881816.186111342
2019-12-21,4408,15183288.732089477,4672613.446849531,0,0,5,21,51,12,4,1,719,3871.0,13303737.076768784,4346.0,14937905.699810669,4366.0,14936848.228152286,5047.0,15452233.56765048,4026.8571428571427,223.28787739257731,13840705.639637586,4007.3571428571427,219.58758797166826,13739321.791070376,4183.892857142857,404.08812197027817,13866399.045585949
2019-12-22,4413,15117655.847940134,4631739.311059047,0,0,6,22,51,12,4,1,720,4408.0,15183288.732089477,4356.0,15173340.739477469,4282.0,14721499.799861051,5011.0,15497236.819085874,4035.714285714286,238.7514148549586,13875760.358534558,4010.3571428571427,225.0824146987048,13756924.684208749,4161.071428571428,370.1572167057822,13856793.872887341
2019-12-23,3918,13446749.352617923,4119089.22444597,0,0,0,23,52,12,4,0,721,4413.0,15117655.847940134,3916.0,13447032.396016149,3835.0,13184597.32817393,4513.0,13835362.80580716,4043.8571428571427,252.09484231894936,13867805.374029225,4019.714285714286,239.50475459275066,13785221.544785826,4139.714285714285,334.871988492999,13843237.409632137
2019-12-24,3916,13527338.892392883,4169889.885746113,0,0,1,24,52,12,4,0,722,3918.0,13446749.352617923,3853.0,13181996.754408617,3848.0,13047463.881535389,4582.0,13958910.671289992,4044.1428571428573,251.92686013434388,13867764.93925805,4025.6428571428573,235.57576182715775,13803946.689388966,4118.464285714285,329.1364101023059,13829358.357732521
2019-12-25,4290,14957669.524836618,4597936.814481225,0,1,2,25,52,12,4,0,723,3916.0,13527338.892392883,3906.0,13304147.314410524,3827.0,13018023.766326696,4521.0,13927838.556525867,4053.1428571428573,244.99008726303452,13917099.530398658,4030.5,232.30972362842206,13838223.47587879,4094.6785714285716,318.28336473111096,13813945.079914767
2019-12-26,3994,13790774.161505597,4221017.705418262,0,0,3,26,52,12,4,0,724,4290.0,14957669.524836618,3940.0,13536779.496570883,3887.0,13362792.841266677,4498.0,13729773.404506955,4108.0,249.5015030014976,14153316.989030957,4063.5714285714284,234.06071345363247,13976769.60148664,4086.4285714285716,309.70181938636426,13850724.757354438
2019-12-27,3995,13790827.936750444,4245095.244860703,0,0,4,27,52,12,4,0,725,3994.0,13790774.161505597,3871.0,13303737.076768784,3870.0,13194339.752206158,4609.0,14164503.147003451,4115.714285714285,244.22033377378247,14189601.941164488,4071.214285714286,229.55514791455175,14007339.695789421,4068.4285714285716,299.36914269491956,13852903.355818674
2019-12-28,4471,15228182.84638429,4631687.921070927,0,0,5,28,52,12,4,1,726,3995.0,13790827.936750444,4408.0,15183288.732089477,4346.0,14937905.699810669,4929.0,15165216.918269075,4133.428571428572,227.43193644317412,14259186.349733297,4080.1428571428573,223.47736321188685,14049945.994685441,4046.5,280.17858061787103,13839557.812595354
2019-12-29,4460,15471861.277973387,4779130.938970296,0,0,6,29,52,12,4,1,727,4471.0,15228182.84638429,4413.0,15117655.847940134,4356.0,15173340.739477469,4275.0,14666051.38461709,4142.428571428572,240.95287031760375,14265599.794632554,4089.0714285714284,237.0038832157531,14070680.076583555,4030.1428571428573,236.7529911869898,13841806.595742326
2019-12-30,3998,13846105.773763811,4229060.322082093,0,0,0,30,1,12,4,0,728,4460.0,15471861.277973387,3918.0,13446749.352617923,3916.0,13447032.396016149,3810.0,13191183.558269996,4149.142857142857,250.22551733149783,14316200.570351591,4096.5,247.41517582956556,14092002.972190408,4036.75,246.23109064455676,13870585.52050505
2019-12-31,4004,13893976.587946646,4276153.2257385375,0,0,1,31,1,12,4,0,729,3998.0,13846105.773763811,3916.0,13527338.892392883,3853.0,13181996.754408617,3789.0,13026103.59475782,4160.571428571428,239.50633752427487,14373251.487658147,4102.357142857143,243.75700609825267,14120508.213458097,4043.464285714286,242.35167012131328,13893975.59962983
2020-01-01,4025,13972309.598490097,4271445.818184834,0,0,2,1,1,1,1,0,730,4004.0,13893976.587946646,4290.0,14957669.524836618,3906.0,13304147.314410524,3838.0,13196148.83051863,4173.142857142857,226.48504628447841,14425628.301308686,4113.142857142857,235.0603382907634,14171363.91585367,4051.1428571428573,237.34499257969028,13924971.063672287
2020-01-02,4010,13845118.523217184,4269956.87396538,0,0,3,2,1,1,1,0,731,4025.0,13972309.598490097,3994.0,13790774.161505597,3940.0,13536779.496570883,3787.0,12904096.993983945,4135.285714285715,225.84339285275638,14284862.597544895,4121.642857142857,229.0688868988113,14219089.793287927,4057.8214285714284,233.72872112637916,13952691.09109984
2020-01-03,4036,14005889.672183735,4323476.664546936,0,0,4,3,1,1,1,0,732,4010.0,13845118.523217184,3995.0,13790827.936750444,3871.0,13303737.076768784,3837.0,13194007.949134976,4137.571428571428,224.25049769017693,14292626.07778941,4126.642857142857,225.53580890605048,14241114.009476949,4065.785714285714,227.88501927636565,13986299.002858171
2020-01-04,4558,15662610.108356353,4812712.587710169,0,0,5,4,1,1,1,1,733,4036.0,14005889.672183735,4471.0,15228182.84638429,4408.0,15183288.732089477,4366.0,14936848.228152286,4143.428571428572,220.40860323716652,14323349.182851309,4138.428571428572,215.22464624585567,14291267.766292302,4072.8928571428573,223.54738320922024,14015294.77868134
2020-01-05,4471,15499894.71671629,4752893.401387943,0,0,6,5,1,1,1,1,734,4558.0,15662610.108356353,4460.0,15471861.277973387,4413.0,15117655.847940134,4282.0,14721499.799861051,4155.857142857143,243.2299519463336,14385410.220275888,4149.142857142857,232.70081720886938,14325505.00745422,4079.75,235.4965793571028,14041214.845831485
2020-01-06,4041,13953295.510490991,4273426.636632645,0,0,0,6,2,1,1,0,735,4471.0,15499894.71671629,3998.0,13846105.773763811,3918.0,13446749.352617923,3835.0,13184597.32817393,4157.428571428572,245.54691143301307,14389414.99723916,4153.285714285715,238.2107756302786,14352807.783795375,4086.5,244.0612400380202,14069014.664290601
2020-01-07,4107,14182129.29701009,4375341.294843017,0,0,1,7,2,1,1,0,736,4041.0,13953295.510490991,4004.0,13893976.587946646,3916.0,13527338.892392883,3848.0,13047463.881535389,4163.571428571428,241.39653210908378,14404727.816771613,4162.071428571428,231.02529474754942,14388989.652214881,4093.8571428571427,239.25667517075408,14096468.170801923
2020-01-08,4062,13877062.10113312,4235610.493526909,0,0,2,8,2,1,1,0,737,4107.0,14182129.29701009,4025.0,13972309.598490097,4290.0,14957669.524836618,3827.0,13018023.766326696,4178.285714285715,233.0434253422401,14445892.489494964,4175.714285714285,220.7889450170987,14435760.395401822,4103.107142857143,234.35590839351326,14136991.935640307
2020-01-09,4121,14139509.909441631,4335175.406333992,0,0,3,9,2,1,1,0,738,4062.0,13877062.10113312,4010.0,13845118.523217184,3994.0,13790774.161505597,3887.0,13362792.841266677,4183.571428571428,229.37804104641714,14432285.70415825,4159.428571428572,220.11839970823698,14358574.150851576,4111.5,228.22949788252737,14167671.876169106
2020-01-10,4105,14180119.018592317,4332163.012323335,0,0,4,10,2,1,1,0,739,4121.0,14139509.909441631,4036.0,14005889.672183735,3995.0,13790827.936750444,3870.0,13194339.752206158,4199.428571428572,218.9801034667117,14474341.61647603,4168.5,215.34149980546428,14383483.847132718,4119.857142857143,223.9485248867439,14195411.771461071
2020-01-11,4591,15979378.503499664,4919528.937221897,0,0,5,11,2,1,1,1,740,4105.0,14180119.018592317,4558.0,15662610.108356353,4471.0,15228182.84638429,4346.0,14937905.699810669,4209.285714285715,211.83382975478077,14499231.523105826,4176.357142857143,210.47587369244624,14411290.352978569,4128.25,218.57698448865747,14230618.173832003
2020-01-12,4543,15457176.393514697,4752818.228040961,0,0,6,12,2,1,1,1,741,4591.0,15979378.503499664,4471.0,15499894.71671629,4460.0,15471861.277973387,4356.0,15173340.739477469,4214.0,221.05429197372743,14544484.150983443,4184.928571428572,225.3180535925393,14464947.185629666,4137.0,232.1021486488524,14267813.631106611
2020-01-13,4090,13894588.240848042,4249259.289251714,0,0,0,13,3,1,1,0,742,4543.0,15457176.393514697,4041.0,13953295.510490991,3998.0,13846105.773763811,3916.0,13447032.396016149,4224.285714285715,236.1642890628838,14538381.533383217,4190.857142857143,234.0357819923106,14463898.265311187,4143.678571428572,241.15110578247888,14277950.618750798
2020-01-14,4154,14305649.216197876,4386592.696685127,0,0,1,14,3,1,1,0,743,4090.0,13894588.240848042,4107.0,14182129.29701009,4004.0,13893976.587946646,3853.0,13181996.754408617,4231.285714285715,230.48406617792617,14529994.78057708,4197.428571428572,229.4507536523979,14467361.298674347,4149.892857142857,237.27751205049788,14293934.756066222
2020-01-15,4138,14392432.006422102,4441542.858057191,0,0,2,15,3,1,1,0,744,4154.0,14305649.216197876,4062.0,13877062.10113312,4025.0,13972309.598490097,3906.0,13304147.314410524,4238.0,226.91701860666862,14547640.483318193,4208.142857142857,223.13909326933262,14496766.486406578,4160.642857142857,230.03642453699143,14334065.201130126
2020-01-16,4248,14533756.590094134,4445834.817684192,0,0,3,16,3,1,1,0,745,4138.0,14392432.006422102,4121.0,14139509.909441631,4010.0,13845118.523217184,3940.0,13536779.496570883,4248.857142857143,218.76427844558015,14621264.755502334,4216.214285714285,217.98912413641918,14526775.229830293,4168.928571428572,224.63961732509236,14372932.51155911
2020-01-17,4118,14235087.639652647,4392068.923787681,0,0,4,17,3,1,1,0,746,4248.0,14533756.590094134,4105.0,14180119.018592317,4036.0,14005889.672183735,3871.0,13303737.076768784,4267.0,211.5403822756757,14677585.709881263,4233.214285714285,209.79667027183177,14575963.663178647,4179.928571428572,220.51756099912058,14408538.836327795
2020-01-18,4672,16281764.252164716,5031448.990227667,0,0,5,18,3,1,1,1,747,4118.0,14235087.639652647,4591.0,15979378.503499664,4558.0,15662610.108356353,4408.0,15183288.732089477,4268.857142857143,209.93207518262153,14685438.370032739,4239.071428571428,204.95607945484156,14592334.946569283,4188.75,212.49620911652744,14441801.356430793
2020-01-19,4682,16030089.787333935,4912988.033936447,0,0,6,19,3,1,1,1,748,4672.0,16281764.252164716,4543.0,15457176.393514697,4471.0,15499894.71671629,4413.0,15117655.847940134,4280.428571428572,231.7468857344682,14728636.334127745,4247.214285714285,220.29252530056814,14636560.242555594,4198.178571428572,227.88448236243133,14481032.625004908
2020-01-20,4233,14639907.949219976,4522819.586575992,0,0,0,20,4,1,1,0,749,4682.0,16030089.787333935,4090.0,13894588.240848042,4041.0,13953295.510490991,3918.0,13446749.352617923,4300.285714285715,261.97818884131743,14810481.104673352,4262.285714285715,242.84418194245742,14674431.319028284,4207.785714285715,242.4792250960492,14513619.551411828
2020-01-21,4164,14415018.09874221,4425992.725130056,0,0,1,21,4,1,1,0,750,4233.0,14639907.949219976,4154.0,14305649.216197876,4107.0,14182129.29701009,3916.0,13527338.892392883,4320.714285714285,248.05289374495013,14916955.348726483,4276.0,234.66998103721014,14723475.064651784,4219.035714285715,235.75041449913445,14556232.358433332
2020-01-22,4196,14359047.878424956,4410572.287706494,0,0,2,22,4,1,1,0,751,4164.0,14415018.09874221,4138.0,14392432.006422102,4062.0,13877062.10113312,4290.0,14957669.524836618,4322.142857142857,246.95912520863638,14932579.474804247,4280.071428571428,231.99153309674034,14740109.97906122,4227.892857142857,228.49059293154005,14587935.187231522
2020-01-23,4198,14512140.620761491,4512623.869717813,0,0,3,23,4,1,1,0,752,4196.0,14359047.878424956,4248.0,14533756.590094134,4121.0,14139509.909441631,3994.0,13790774.161505597,4330.428571428572,240.6434825925919,14927810.313661795,4289.642857142857,224.9600330803695,14774537.534582064,4224.535714285715,228.23468787922766,14566555.842716819
2020-01-24,4361,15116726.988711866,4651021.629083167,0,0,4,24,4,1,1,0,753,4198.0,14512140.620761491,4118.0,14235087.639652647,4105.0,14180119.018592317,3995.0,13790827.936750444,4323.285714285715,244.21350923985247,14924722.318042846,4295.142857142857,221.43339236156697,14801154.013962055,4231.821428571428,223.81623639039978,14592318.930547386
2020-01-25,4772,16393931.836447598,4988466.577746927,0,0,5,25,4,1,1,1,754,4361.0,15116726.988711866,4672.0,16281764.252164716,4591.0,15979378.503499664,4471.0,15228182.84638429,4358.0,226.82078094097088,15050670.796479879,4313.428571428572,215.00043444884267,14868054.583256306,4244.892857142857,220.13032154979,14639672.46811744
2020-01-26,5189,17802612.69243277,5463427.995837817,0,1,6,26,4,1,1,1,755,4772.0,16393931.836447598,4682.0,16030089.787333935,4543.0,15457176.393514697,4460.0,15471861.277973387,4372.285714285715,251.68016362421164,15066694.737091718,4326.357142857143,237.26473599137978,14897665.535609731,4255.642857142857,238.1899668698614,14681306.360619698
2020-01-27,4256,14769876.37435062,4531994.067098497,0,0,0,27,5,1,1,0,756,5189.0,17802612.69243277,4233.0,14639907.949219976,4090.0,13894588.240848042,3998.0,13846105.773763811,4444.714285714285,390.39198859852326,15319912.294962982,4372.5,328.07591757444123,15065196.699818166,4281.678571428572,294.5331589923905,14764547.482564677
2020-01-28,4288,14913902.630275946,4568384.207474303,0,0,1,28,5,1,1,0,757,4256.0,14769876.37435062,4164.0,14415018.09874221,4154.0,14305649.216197876,4004.0,13893976.587946646,4448.0,388.40485750481815,15338479.212838786,4384.357142857143,319.9804338111657,15127717.280782636,4290.892857142857,289.31929552297356,14797539.28972849
2020-01-29,4273,14747241.501345,4521041.942954602,0,0,2,29,5,1,1,0,758,4288.0,14913902.630275946,4196.0,14359047.878424956,4138.0,14392432.006422102,4025.0,13972309.598490097,4465.714285714285,375.9205209818197,15409748.43162932,4393.928571428572,314.5173259959648,15171163.953216786,4301.035714285715,283.81481731774574,14833965.21981168
2020-01-30,4293,15049339.590365518,4643976.30425216,0,0,3,30,5,1,1,0,759,4273.0,14747241.501345,4198.0,14512140.620761491,4248.0,14533756.590094134,4010.0,13845118.523217184,4476.714285714285,367.7506919484666,15465204.66347504,4403.571428571428,308.07059987200677,15196507.48856842,4309.892857142857,278.70511952742885,14861641.359199356
2020-01-31,4359,14901868.943479346,4547907.733001515,0,0,4,31,5,1,1,0,760,4293.0,15049339.590365518,4361.0,15116726.988711866,4118.0,14235087.639652647,4036.0,14005889.672183735,4490.285714285715,357.3568311392819,15541947.373418475,4406.785714285715,306.55359139244797,15233334.84573066,4320.0,272.48893963283507,14904649.254454654
2020-02-01,4752,16433041.08177019,4999402.240676323,0,0,5,1,5,2,1,1,761,4359.0,14901868.943479346,4772.0,16393931.836447598,4672.0,16281764.252164716,4558.0,15662610.108356353,4490.0,357.47820446381223,15511253.366956685,4424.0,295.662749663303,15280962.08171828,4331.535714285715,266.79822895504657,14936648.514143782
2020-02-02,4822,16578294.630859535,5089616.40076115,0,0,6,2,5,2,1,1,762,4752.0,16433041.08177019,5189.0,17802612.69243277,4682.0,16030089.787333935,4471.0,15499894.71671629,4487.142857142857,354.9194408930201,15516840.402002769,4429.714285714285,301.5392380568663,15291767.569547245,4338.464285714285,275.2813351683472,14964163.906051418
2020-02-03,4285,14899049.811955864,4583876.702663175,0,0,0,3,6,2,1,0,763,4822.0,16578294.630859535,4256.0,14769876.37435062,4233.0,14639907.949219976,4041.0,13953295.510490991,4434.714285714285,243.61562229991804,15341937.821778024,4439.714285714285,312.66556932569586,15330925.0583705,4351.0,289.1812196145905,15002678.188699393
2020-02-04,4360,15033638.70305334,4616613.341955902,0,0,1,4,6,2,1,0,764,4285.0,14899049.811955864,4288.0,14913902.630275946,4164.0,14415018.09874221,4107.0,14182129.29701009,4438.857142857143,240.29386770608136,15360391.170007344,4443.428571428572,310.32110275195606,15349435.191423064,4359.714285714285,283.106164767044,15036455.128037423
2020-02-05,4362,15131871.911725871,4679956.564071846,0,0,2,5,6,2,1,0,765,4360.0,15033638.70305334,4273.0,14747241.501345,4196.0,14359047.878424956,4062.0,13877062.10113312,4449.142857142857,234.22455647764102,15377496.323261257,4457.428571428572,301.02714272859816,15393622.377445286,4368.75,278.7455530288104,15066866.178253252
2020-02-06,4402,15252192.082813311,4680655.681138222,0,0,3,6,6,2,1,0,766,4362.0,15131871.911725871,4293.0,15049339.590365518,4198.0,14512140.620761491,4121.0,14139509.909441631,4461.857142857143,225.31565160269614,15432443.524744237,4469.285714285715,293.10261489305395,15448824.09410964,4379.464285714285,272.2070946558084,15111680.814345852
2020-02-07,4438,15124766.94920754,4676193.101589023,0,0,4,7,6,2,1,0,767,4402.0,15252192.082813311,4359.0,14901868.943479346,4361.0,15116726.988711866,4105.0,14180119.018592317,4477.428571428572,215.24238828420923,15461422.45223678,4483.857142857143,283.4916515234961,15501684.912827628,4389.5,267.4637393215304,15151419.46339484
2020-02-08,4967,17161813.162865818,5283251.587024013,0,0,5,8,6,2,1,1,768,4438.0,15124766.94920754,4752.0,16433041.08177019,4772.0,16393931.836447598,4591.0,15979378.503499664,4488.714285714285,210.00532873058864,15493265.024483664,4489.357142857143,281.66581593820484,15502259.195720177,4401.392857142857,261.68589303544854,15185156.88948824
2020-02-09,4879,16874172.80663936,5187940.700458252,0,0,6,9,6,2,1,1,769,4967.0,17161813.162865818,4822.0,16578294.630859535,5189.0,17802612.69243277,4543.0,15457176.393514697,4519.428571428572,263.7700116533785,15597375.32178304,4503.285714285715,300.88368020049154,15557107.861892905,4414.821428571428,280.7304036327611,15227386.69875132
2020-02-10,4475,15380989.081633233,4715578.000412104,0,0,0,10,7,2,1,0,770,4879.0,16874172.80663936,4285.0,14899049.811955864,4256.0,14769876.37435062,4090.0,13894588.240848042,4527.571428571428,275.2955122184585,15639643.632608728,4481.142857142857,254.3461775257905,15490790.727193374,4426.821428571428,293.31174839415326,15277993.713505771
2020-02-11,4396,15064916.6458324,4632780.932599349,0,0,1,11,7,2,1,0,771,4475.0,15380989.081633233,4360.0,15033638.70305334,4288.0,14913902.630275946,4154.0,14305649.216197876,4554.714285714285,256.0896420433849,15708492.099705497,4496.785714285715,246.0328866608773,15534441.63485642,4440.571428571428,285.86689839484177,15331079.457819527
2020-02-12,4314,14896937.86489625,4553545.267166841,0,0,2,12,7,2,1,0,772,4396.0,15064916.6458324,4362.0,15131871.911725871,4273.0,14747241.501345,4138.0,14392432.006422102,4559.857142857143,251.85407717660726,15712960.377245363,4504.5,240.61643591153938,15545228.350253308,4449.214285714285,280.48956633964104,15358196.151735047
2020-02-13,4382,15211973.713736383,4674978.752915639,0,0,3,13,7,2,1,0,773,4314.0,14896937.86489625,4402.0,15252192.082813311,4293.0,15049339.590365518,4248.0,14533756.590094134,4553.0,258.69931065493313,15679398.370555416,4507.428571428572,237.81528523228397,15555920.947649827,4455.5,275.1787970944953,15376214.218109122
2020-02-14,4412,15158343.085119972,4654194.834270835,0,0,4,14,7,2,1,0,774,4382.0,15211973.713736383,4438.0,15124766.94920754,4359.0,14901868.943479346,4118.0,14235087.639652647,4550.142857142857,260.7472777559664,15673652.889258713,4513.785714285715,232.77859357418643,15567537.670747746,4460.285714285715,272.58948339037113,15400436.258239204
2020-02-15,5013,17289481.06983087,5270326.800388494,0,0,5,15,7,2,1,1,775,4412.0,15158343.085119972,4967.0,17161813.162865818,4752.0,16433041.08177019,4672.0,16281764.252164716,4546.428571428572,262.78816382710863,15678449.480103346,4517.571428571428,230.48734798773705,15585857.252293507,4470.785714285715,264.4575660343396,15433409.667005893
2020-02-16,5010,17278703.31736702,5309170.132309279,0,0,6,16,7,2,1,1,776,5013.0,17289481.06983087,4879.0,16874172.80663936,4822.0,16578294.630859535,4682.0,16030089.787333935,4553.0,275.3337368842962,15696687.752526924,4536.214285714285,259.62167106756425,15647031.537154982,4482.964285714285,281.37736387185385,15469399.553351114
2020-02-17,4486,15508449.104555467,4749959.207211307,0,0,0,17,8,2,1,0,777,5010.0,17278703.31736702,4475.0,15380989.081633233,4285.0,14899049.811955864,4233.0,14639907.949219976,4571.714285714285,304.1308459011935,15754477.825488018,4549.642857142857,279.6315177412733,15697060.729048373,4494.678571428572,296.3972626418637,15513992.893709438
2020-02-18,4525,15486945.16665078,4742946.78708285,0,0,1,18,8,2,1,0,778,4486.0,15508449.104555467,4396.0,15064916.6458324,4360.0,15033638.70305334,4164.0,14415018.09874221,4573.285714285715,303.57575347059947,15772686.400191193,4564.0,269.99259249098327,15740589.249948343,4503.714285714285,291.94746573883,15545012.220685706
2020-02-19,4459,15275562.720680255,4677810.997893586,0,0,2,19,8,2,1,0,779,4525.0,15486945.16665078,4314.0,14896937.86489625,4362.0,15131871.911725871,4196.0,14359047.878424956,4591.714285714285,294.8088161762503,15832976.188879533,4575.785714285715,263.93594169548675,15772968.283062449,4516.607142857143,284.2594458231511,15583295.33025387
2020-02-20,4598,16009677.279407678,4917373.202638222,0,0,3,20,8,2,1,0,780,4459.0,15275562.720680255,4382.0,15211973.713736383,4402.0,15252192.082813311,4198.0,14512140.620761491,4612.428571428572,276.5735930651304,15887065.453991536,4582.714285714285,259.1214234445197,15783231.912273476,4526.0,277.5389195263508,15616028.003191557
2020-02-21,4390,15227194.224577287,4683706.450406701,0,0,4,21,8,2,1,0,781,4598.0,16009677.279407678,4412.0,15158343.085119972,4438.0,15124766.94920754,4361.0,15116726.988711866,4643.285714285715,258.00627530205907,16001023.106230292,4596.714285714285,253.84775224272363,15837337.9977445,4540.285714285715,270.228827195807,15669511.455286065
2020-02-22,4979,17138327.95588728,5280976.4709470775,0,0,5,22,8,2,1,1,782,4390.0,15227194.224577287,5013.0,17289481.06983087,4967.0,17161813.162865818,4772.0,16393931.836447598,4640.142857142857,261.40481286785837,16010858.983295621,4593.285714285715,256.4669505088299,15844654.231699483,4541.321428571428,269.57099711722464,15673456.71370983
2020-02-23,5001,17318365.176067483,5288096.554785152,0,0,6,23,8,2,1,1,783,4979.0,17138327.95588728,5010.0,17278703.31736702,4879.0,16874172.80663936,5189.0,17802612.69243277,4635.285714285715,253.5190422076982,15989265.68130368,4594.142857142857,257.82846329200817,15842976.7169153,4548.714285714285,278.8116126417936,15700042.289404104
2020-02-24,4554,15728404.88130739,4784559.016835284,0,0,0,24,9,2,1,0,784,5001.0,17318365.176067483,4486.0,15508449.104555467,4475.0,15380989.081633233,4256.0,14769876.37435062,4634.0,251.31520712710014,15994931.661118032,4602.857142857143,269.9726074830753,15874704.743303027,4542.0,264.72935165869285,15682747.735248199
2020-02-25,4526,15654637.429004526,4811474.900644801,0,0,1,25,9,2,1,0,785,4554.0,15728404.88130739,4525.0,15486945.16665078,4396.0,15064916.6458324,4288.0,14913902.630275946,4643.714285714285,245.8968037515778,16026353.914939735,4608.5,267.912370863199,15899520.157565465,4552.642857142857,258.72768671523744,15716980.896210942
2020-02-26,4530,15538638.631973494,4765235.627208516,0,0,2,26,9,2,1,0,786,4526.0,15654637.429004526,4459.0,15275562.720680255,4314.0,14896937.86489625,4273.0,14747241.501345,4643.857142857143,245.81661767222613,16050309.952418843,4617.785714285715,262.1720452654765,15941643.07064919,4561.142857142857,253.569438847552,15743435.710451247
2020-02-27,4526,15589052.736417385,4776071.505997278,0,0,3,27,9,2,1,0,787,4530.0,15538638.631973494,4598.0,16009677.279407678,4382.0,15211973.713736383,4293.0,15049339.590365518,4654.0,238.26665734005633,16087892.225460734,4633.214285714285,248.9411974346982,15987478.839726133,4570.321428571428,247.3276509636942,15771699.89368798
2020-02-28,4604,15965252.859946594,4906417.746117463,0,0,4,28,9,2,1,0,788,4526.0,15589052.736417385,4390.0,15227194.224577287,4412.0,15158343.085119972,4359.0,14901868.943479346,4643.714285714285,242.60167235321208,16027803.005033549,4643.5,240.5982127946954,16014413.055631919,4578.642857142857,241.5025825006832,15790975.363189833
2020-02-29,5016,17404864.719055224,5354734.645039418,0,0,5,29,9,2,1,1,789,4604.0,15965252.859946594,4979.0,17138327.95588728,5013.0,17289481.06983087,4752.0,16433041.08177019,4674.285714285715,217.48464642032826,16133239.95294345,4657.214285714285,231.69481869690225,16072049.468119536,4587.392857142857,237.65760295725462,15828953.360206518
2020-03-01,6101,19015938.71988379,4398075.60783343,400,0,6,1,9,3,1,1,790,5016.0,17404864.719055224,5001.0,17318365.176067483,5010.0,17278703.31736702,4822.0,16578294.630859535,4679.571428571428,226.39188526599077,16171316.633396015,4657.428571428572,232.0502976928538,16080291.157349845,4596.821428571428,249.37775207005728,15863661.347252414
2020-03-02,5536,17088620.729540337,3829120.9402338574,400,0,0,2,10,3,1,0,791,6101.0,19015938.71988379,4554.0,15728404.88130739,4486.0,15508449.104555467,4285.0,14899049.811955864,4836.714285714285,584.7799341877039,16413827.139655486,4735.357142857143,445.02266271468824,16204379.40038676,4642.5,376.7568721878102,15950720.064717565
2020-03-03,5522,17223231.717530143,3954830.146023769,400,0,1,3,10,3,1,0,792,5536.0,17088620.729540337,4526.0,15654637.429004526,4525.0,15486945.16665078,4360.0,15033638.70305334,4977.0,622.2429857646748,16608143.689403048,4810.357142857143,486.32746282613044,16317248.802171394,4687.178571428572,405.8451678467429,16028919.02605987
2020-03-04,5484,16844727.57152008,3774141.207075903,400,0,2,4,10,3,1,0,793,5522.0,17223231.717530143,4530.0,15538638.631973494,4459.0,15275562.720680255,4362.0,15131871.911725871,5119.285714285715,615.7685480453745,16832228.587763853,4881.571428571428,513.5617278883308,16441269.270091346,4728.678571428572,429.8507969888597,16107118.776576897
2020-03-05,5538,17187338.2832686,3888564.179974885,400,0,3,5,10,3,1,0,794,5484.0,16844727.57152008,4526.0,15589052.736417385,4598.0,16009677.279407678,4402.0,15252192.082813311,5255.571428571428,567.2694413130527,17018812.721984793,4954.785714285715,521.6838386154265,16553352.473722765,4768.75,446.3818847545639,16168292.19299812
2020-03-06,5599,17369994.143664956,3868834.6279295865,400,0,4,6,10,3,1,0,795,5538.0,17187338.2832686,4604.0,15965252.859946594,4390.0,15227194.224577287,4438.0,15124766.94920754,5400.142857142857,471.1604215733181,17247139.22867782,5021.928571428572,532.6083081309455,16637471.116855687,4809.321428571428,463.1248174745613,16237404.557300093
2020-03-07,6078,18945675.95084766,4299237.675079846,400,0,5,7,10,3,1,1,796,5599.0,17369994.143664956,5016.0,17404864.719055224,4979.0,17138327.95588728,4967.0,17161813.162865818,5542.285714285715,315.230452360241,17447816.554923303,5108.285714285715,520.1333303285601,16790528.253933378,4850.785714285715,480.303018331124,16317591.24281643
2020-03-08,5199,17765226.10096185,5477486.561656079,0,0,6,8,10,3,1,1,797,6078.0,18945675.95084766,6101.0,19015938.71988379,5001.0,17318365.176067483,4879.0,16874172.80663936,5694.0,272.3704585058207,17667932.445179366,5186.785714285715,578.7494713167758,16919624.53928769,4890.464285714285,533.2334269024549,16381300.628101496
2020-03-09,4630,15961046.017954309,4883563.040358488,0,0,0,9,11,3,1,0,798,5199.0,17765226.10096185,5536.0,17088620.729540337,4554.0,15728404.88130739,4475.0,15380989.081633233,5565.142857142857,260.8514446777712,17489259.213904805,5200.928571428572,576.2741687620697,16951543.176780142,4901.892857142857,536.3984380957241,16413123.960041584
2020-03-10,4728,16416344.00032816,5028149.529269924,0,0,1,10,11,3,1,0,799,4630.0,15961046.017954309,5522.0,17223231.717530143,4526.0,15654637.429004526,4396.0,15064916.6458324,5435.714285714285,440.57565157633127,17328177.112249658,5206.357142857143,570.0354384587838,16968160.400826354,4907.428571428572,532.6161447721572,16433840.279195908
2020-03-11,4678,16271432.735785693,5030934.903381025,0,0,2,11,11,3,1,0,800,4728.0,16416344.00032816,5484.0,16844727.57152008,4530.0,15538638.631973494,4314.0,14896937.86489625,5322.285714285715,511.2066491109462,17212907.43836366,5220.785714285715,553.8154619853644,17022568.013063755,4919.285714285715,524.441774273534,16482105.541856471
2020-03-12,4651,16104035.77640623,4968721.275244456,0,0,3,12,11,3,1,0,801,4678.0,16271432.735785693,5538.0,17187338.2832686,4526.0,15589052.736417385,4382.0,15211973.713736383,5207.142857142857,557.3958583064165,17131008.17611589,5231.357142857143,540.8765829854113,17074910.44905034,4932.285714285715,513.2746616645671,16531194.644388238
2020-03-13,4711,16355862.803933848,5045819.221251349,0,0,4,13,11,3,1,0,802,4651.0,16104035.77640623,5599.0,17369994.143664956,4604.0,15965252.859946594,4412.0,15158343.085119972,5080.428571428572,570.3177059449317,16976250.67513555,5240.285714285715,529.2437897708253,17111694.95190669,4941.892857142857,505.0447973739506,16563054.003769305
2020-03-14,5357,18645840.313369263,5765837.005259961,0,0,5,14,11,3,1,1,803,4711.0,16355862.803933848,6078.0,18945675.95084766,5016.0,17404864.719055224,5013.0,17289481.06983087,4953.571428571428,533.3050587743281,16831374.76945968,5247.928571428572,520.0408954755669,17139595.66219149,4952.571428571428,496.51484842750887,16605822.565155515
2020-03-15,5153,17841343.230353672,5490819.2665785365,0,0,6,15,11,3,1,1,804,5357.0,18645840.313369263,5199.0,17765226.10096185,6101.0,19015938.71988379,5010.0,17278703.31736702,4850.571428571428,297.38799412152275,16788541.106962763,5272.285714285715,516.3148157965112,17228236.776071068,4964.857142857143,502.28785566355003,16654263.966710458
2020-03-16,4654,16158256.523384688,4983553.20653306,0,0,0,16,12,3,1,0,805,5153.0,17841343.230353672,4630.0,15961046.017954309,5536.0,17088620.729540337,4486.0,15508449.104555467,4844.0,288.7894273226379,16799414.982590165,5204.571428571428,458.15864136708996,17144337.098247487,4969.964285714285,503.4894152510443,16674358.249317123
2020-03-17,4731,16267270.521370277,5046577.177566126,0,0,1,17,12,3,1,0,806,4654.0,16158256.523384688,4728.0,16416344.00032816,5522.0,17223231.717530143,4525.0,15486945.16665078,4847.428571428572,285.9538757345717,16827587.911937363,5141.571428571428,469.5775047497814,17077882.51209351,4975.964285714285,498.484628251636,16697565.65713245
2020-03-18,4721,16149052.893591888,4962988.168838423,0,0,2,18,12,3,1,0,807,4731.0,16267270.521370277,4678.0,16271432.735785693,5484.0,16844727.57152008,4459.0,15275562.720680255,4847.857142857143,285.74722429182054,16806291.70065767,5085.071428571428,467.8667568846935,17009599.569510665,4983.321428571428,493.07313360125613,16725434.419801006
2020-03-19,4618,15908092.823032608,4902558.986816365,0,0,3,19,12,3,1,0,808,4721.0,16149052.893591888,4651.0,16104035.77640623,5538.0,17187338.2832686,4598.0,16009677.279407678,4854.0,281.92374855624314,16788808.86605855,5030.571428571428,462.2280013961992,16959908.52108722,4992.678571428572,485.1772531057222,16756630.497404993
2020-03-20,4809,16727339.223467672,5231482.147455944,0,0,4,20,12,3,1,0,809,4618.0,15908092.823032608,4711.0,16355862.803933848,5599.0,17369994.143664956,4390.0,15227194.224577287,4849.285714285715,286.1285924694965,16760817.015576605,4964.857142857143,449.76794993775303,16868533.845356077,4993.392857142857,484.5890461522946,16753002.481105883
2020-03-21,5318,18407142.28450652,5648776.265790914,0,0,5,21,12,3,1,1,810,4809.0,16727339.223467672,5357.0,18645840.313369263,6078.0,18945675.95084766,4979.0,17138327.95588728,4863.285714285715,280.57839919573615,16813885.07551001,4908.428571428572,412.0643553706558,16822629.92248484,5008.357142857143,471.56023253668235,16806579.08820911
2020-03-22,5380,18665459.661171608,5770977.936019904,0,0,6,22,12,3,1,1,811,5318.0,18407142.28450652,5153.0,17841343.230353672,5199.0,17765226.10096185,5001.0,17318365.176067483,4857.714285714285,269.30138895899114,16779785.357101046,4854.142857142857,272.5881246758332,16784163.232031904,5020.464285714285,475.1170212299606,16851893.885659795
2020-03-23,4709,16099764.63883905,4944302.223037807,0,0,0,23,13,3,1,0,812,5380.0,18665459.661171608,4654.0,16158256.523384688,4630.0,15961046.017954309,4554.0,15728404.88130739,4890.142857142857,319.7308391816674,16897516.275789324,4867.071428571428,293.67891003237514,16848465.62918975,5034.0,479.9164279098754,16900004.402984943
2020-03-24,4717,16291436.187038304,4998019.021322159,0,0,1,24,13,3,1,0,813,4709.0,16099764.63883905,4731.0,16267270.521370277,4728.0,16416344.00032816,4526.0,15654637.429004526,4898.0,313.57721005626416,16889160.2922828,4872.714285714285,289.5026048963288,16858374.102110084,5039.535714285715,475.0438952149046,16913267.25146822
2020-03-25,4681,16188395.400496747,4967822.523645624,0,0,2,25,13,3,1,0,814,4717.0,16291436.187038304,4721.0,16149052.893591888,4678.0,16271432.735785693,4530.0,15538638.631973494,4896.0,314.86187447832384,16892612.53023538,4871.928571428572,289.94017003134263,16849452.115446523,5046.357142857143,468.7259496475661,16936010.06425514
2020-03-26,4693,16145396.046902182,4973898.631352096,0,0,3,26,13,3,1,0,815,4681.0,16188395.400496747,4618.0,15908092.823032608,4651.0,16104035.77640623,4526.0,15589052.736417385,4890.285714285715,318.9042250612377,16898232.888364643,4872.142857142857,289.7868864535475,16843520.877211597,5051.75,463.4034818999894,16959215.663130973
2020-03-27,4724,16385838.245968468,5042607.5320024695,0,0,4,27,13,3,1,0,816,4693.0,16145396.046902182,4809.0,16727339.223467672,4711.0,16355862.803933848,4604.0,15965252.859946594,4901.0,309.3482395833813,16932133.34891744,4875.142857142857,287.5300270989417,16846475.182247024,5057.714285714285,457.42223440613077,16979085.067076854
2020-03-28,5290,18371568.190039825,5661441.960584489,0,0,5,28,13,3,1,1,817,4724.0,16385838.245968468,5318.0,18407142.28450652,5357.0,18645840.313369263,5016.0,17404864.719055224,4888.857142857143,315.17478144221275,16883347.49498898,4876.071428571428,286.9796198300566,16848616.285249494,5062.0,453.55966572256733,16994105.973720495
2020-03-29,5456,18839954.25724761,5820914.647295613,0,0,6,29,13,3,1,1,818,5290.0,18371568.190039825,5380.0,18665459.661171608,5153.0,17841343.230353672,6101.0,19015938.71988379,4884.857142857143,308.9365784814308,16878265.48149374,4871.285714285715,278.78429173589205,16829025.419297393,5071.785714285715,455.4821911502392,17028631.09768423
2020-03-30,4756,16490360.68651314,5065270.92248721,0,0,0,30,14,3,1,0,819,5456.0,18839954.25724761,4709.0,16099764.63883905,4654.0,16158256.523384688,5536.0,17088620.729540337,4895.714285714285,329.8644743354083,16903193.280933168,4892.928571428572,312.10685159603304,16900354.778361246,5048.75,416.1111519062395,17022345.93830437
2020-03-31,4781,16674852.832262224,5136448.851082656,0,0,1,31,14,3,1,0,820,4756.0,16490360.68651314,4717.0,16291436.187038304,4731.0,16267270.521370277,5522.0,17223231.717530143,4902.428571428572,325.8848759622886,16958992.716315184,4900.214285714285,307.25313507105227,16924076.504298992,5020.892857142857,408.3195316747497,17000979.508196253
2020-04-01,4799,16672680.487209244,5078600.800990887,0,0,2,1,14,4,2,0,821,4781.0,16674852.832262224,4681.0,16188395.400496747,4721.0,16149052.893591888,5484.0,16844727.57152008,4911.571428571428,320.6716166334176,17013766.522775743,4903.785714285715,305.4200584243171,16953189.52650556,4994.428571428572,398.5343917099985,16981394.54800811
2020-04-02,4786,16608576.311356133,5129763.643193225,0,0,3,2,14,4,2,0,822,4799.0,16672680.487209244,4693.0,16145396.046902182,4618.0,15908092.823032608,5538.0,17187338.2832686,4928.428571428572,309.4354306059498,17082950.106591813,4909.357142857143,302.52694912198496,16990591.497478228,4969.964285714285,388.2608403621558,16975250.009282727
2020-04-03,4678,16192641.574513506,5030675.669865183,0,0,4,3,14,4,2,0,823,4786.0,16608576.311356133,4724.0,16385838.245968468,4809.0,16727339.223467672,5599.0,17369994.143664956,4941.714285714285,299.478833022595,17149118.71579952,4921.357142857143,293.2713647913726,17040626.03235848,4943.107142857143,373.23097200742325,16954579.93885728
2020-04-04,5389,18659703.250046358,5737834.9053154485,0,0,5,4,14,4,2,1,824,4678.0,16192641.574513506,5290.0,18371568.190039825,5318.0,18407142.28450652,6078.0,18945675.95084766,4935.142857142857,305.49655130156015,17121519.191305954,4912.0,299.16267763928835,17002433.343147468,4910.214285714285,353.3400793006779,16912531.63281616
2020-04-05,5363,18551049.03765293,5701331.703788888,0,0,6,5,14,4,2,1,825,5389.0,18659703.250046358,5456.0,18839954.25724761,5380.0,18665459.661171608,5199.0,17765226.10096185,4949.285714285715,326.24924739924734,17162681.34273546,4917.071428571428,307.0718944345922,17020473.412114598,4885.607142857143,286.7110223159518,16902318.322073255
2020-04-06,4793,16414339.368779726,5050040.240532349,0,0,0,6,15,4,2,0,826,5363.0,18551049.03765293,4756.0,16490360.68651314,4709.0,16099764.63883905,4630.0,15961046.017954309,4936.0,303.25896524258576,17121409.168507647,4915.857142857143,305.12793209579473,17012301.224720407,4891.464285714285,294.9083325427962,16930383.426955078
2020-04-07,4872,16831771.94191058,5167912.717115922,0,0,1,7,15,4,2,0,827,4793.0,16414339.368779726,4781.0,16674852.832262224,4717.0,16291436.187038304,4728.0,16416344.00032816,4941.285714285715,299.90260323740983,17110548.98026002,4921.857142857143,301.5523572712126,17034770.8482876,4897.285714285715,291.14065038547284,16946572.475198843
2020-04-08,4867,16901512.97559888,5222195.8804441765,0,0,2,8,15,4,2,0,828,4872.0,16831771.94191058,4799.0,16672680.487209244,4681.0,16188395.400496747,4678.0,16271432.735785693,4954.285714285715,293.7049053532733,17132965.995924067,4932.928571428572,296.2513133461881,17073366.259349905,4902.428571428572,289.30560908792154,16961409.187398214
2020-04-09,4805,16788692.726115417,5132416.824627756,0,0,3,9,15,4,2,0,829,4867.0,16901512.97559888,4786.0,16608576.311356133,4693.0,16145396.046902182,4651.0,16104035.77640623,4964.0,288.79635270089045,17165656.3514083,4946.214285714285,288.1439753828822,17124303.229000058,4909.178571428572,286.06203077258124,16983912.053105827
2020-04-10,4837,16700133.576351676,5160991.631836654,0,0,4,10,15,4,2,0,830,4805.0,16788692.726115417,4678.0,16192641.574513506,4724.0,16385838.245968468,4711.0,16355862.803933848,4966.714285714285,286.9278157108077,17191387.267802484,4954.214285714285,282.0635985489336,17170252.991801,4914.678571428572,282.3709214872967,17008364.087024014
2020-04-11,5381,18673587.02046094,5773154.304345872,0,0,5,11,15,4,2,1,831,4837.0,16700133.576351676,5389.0,18659703.250046358,5290.0,18371568.190039825,5357.0,18645840.313369263,4989.428571428572,265.77675916883607,17263886.12520794,4962.285714285715,276.53165866091797,17192702.658256944,4919.178571428572,279.9988166074726,17020659.47175322
2020-04-12,5425,18654512.379667837,5709580.819091085,0,0,6,12,15,4,2,1,832,5381.0,18673587.02046094,5363.0,18551049.03765293,5456.0,18839954.25724761,5153.0,17841343.230353672,4988.285714285715,263.78192652626626,17265869.52098145,4968.785714285715,285.74334330261894,17214275.431858454,4920.035714285715,281.42185049584486,17021650.425577924
2020-04-13,4802,16521081.211541403,5033938.297382901,0,0,0,13,16,4,2,0,833,5425.0,18654512.379667837,4793.0,16414339.368779726,4756.0,16490360.68651314,4654.0,16158256.523384688,4997.142857142857,279.0593894803516,17280649.99841215,4966.571428571428,281.7698772691358,17201029.5834599,4929.75,294.1672017621786,17050692.180910572
2020-04-14,4757,16521112.76793266,5077346.4194617765,0,0,1,14,16,4,2,0,834,4802.0,16521081.211541403,4872.0,16831771.94191058,4781.0,16674852.832262224,4731.0,16267270.521370277,4998.428571428572,277.98072903402755,17295898.83309239,4969.857142857143,279.38362298318214,17203223.906676203,4935.035714285715,290.3335861898154,17063650.205487598
2020-04-15,4835,16686613.700703394,5132145.123147688,0,0,2,15,16,4,2,0,835,4757.0,16521112.76793266,4867.0,16901512.97559888,4799.0,16672680.487209244,4721.0,16149052.893591888,4982.0,289.84306098301505,17251518.951095544,4968.142857142857,280.70210246749207,17192242.473509807,4935.964285714285,289.69773291315926,17072716.00000768
2020-04-16,4795,16662093.0891763,5123122.813225459,0,0,3,16,16,4,2,0,836,4835.0,16686613.700703394,4805.0,16788692.726115417,4786.0,16608576.311356133,4618.0,15908092.823032608,4977.428571428572,292.201903451973,17220819.054681905,4970.714285714285,279.19428817483106,17193237.703045104,4940.035714285715,287.35633861794844,17091914.600261666
2020-04-17,4848,16667478.226307372,5122494.770344957,0,0,4,17,16,4,2,0,837,4795.0,16662093.0891763,4837.0,16700133.576351676,4678.0,16192641.574513506,4809.0,16727339.223467672,4976.0,293.20811721370166,17202733.39226203,4971.357142857143,278.7462610008932,17197060.33003226,4946.357142857143,281.9047927391619,17118843.181195367
2020-04-18,5545,19354147.78519245,5983859.073406039,0,0,5,18,16,4,2,1,838,4848.0,16667478.226307372,5381.0,18673587.02046094,5389.0,18659703.250046358,5318.0,18407142.28450652,4977.571428571428,292.36726740116245,17198068.3422557,4983.5,268.49831685477284,17230977.233731817,4947.75,281.2966833684175,17116705.288439643
2020-04-19,5486,19094123.345025625,5907832.767687043,0,0,6,19,16,4,2,1,839,5545.0,19354147.78519245,5425.0,18654512.379667837,5363.0,18551049.03765293,5380.0,18665459.661171608,5001.0,333.7289319193104,17295291.308645915,4994.642857142857,289.0702888021034,17280580.414813686,4955.857142857143,295.28601505629814,17150526.91346414
2020-04-20,4915,16957944.67674581,5206510.385875839,0,0,0,20,17,4,2,0,840,5486.0,19094123.345025625,4802.0,16521081.211541403,4793.0,16414339.368779726,4709.0,16099764.63883905,5009.714285714285,347.1712902328021,17358092.8751256,5003.428571428572,302.67594102393525,17319371.436768875,4959.642857142857,301.5384275352329,17165836.330744643
2020-04-21,4891,16995700.081640717,5300341.058040126,0,0,1,21,17,4,2,0,841,4915.0,16957944.67674581,4757.0,16521112.76793266,4872.0,16831771.94191058,4717.0,16291436.187038304,5025.857142857143,338.42006863829243,17420501.941583373,5012.142857142857,297.8695783632243,17358200.387337882,4967.0,297.68501872006925,17196485.61781274
2020-04-22,4877,17007700.14381661,5249356.257511745,0,0,2,22,17,4,2,0,842,4891.0,16995700.081640717,4835.0,16686613.700703394,4867.0,16901512.97559888,4681.0,16188395.400496747,5045.0,324.1671379602458,17488300.129255954,5013.5,297.2245331006887,17369909.540175747,4973.214285714285,294.06705674459937,17221637.899762828
2020-04-23,4824,16701626.521187592,5137030.082737999,0,0,3,23,17,4,2,0,843,4877.0,17007700.14381661,4795.0,16662093.0891763,4805.0,16788692.726115417,4693.0,16145396.046902182,5051.0,319.99427078205173,17534169.621129267,5014.214285714285,296.8571732646536,17377494.337905586,4980.214285714285,289.14514580727945,17250898.78345282
2020-04-24,4884,17033268.07296298,5260460.834240017,0,0,4,24,17,4,2,0,844,4824.0,16701626.521187592,4848.0,16667478.226307372,4837.0,16700133.576351676,4724.0,16385838.245968468,5055.142857142857,316.29386577013037,17539817.25427374,5015.571428571428,295.8689195951762,17371275.323267885,4984.892857142857,285.3607644246374,17270764.157534443
2020-04-25,5412,18915346.86190125,5819232.580184259,0,0,5,25,17,4,2,1,845,4884.0,17033268.07296298,5545.0,19354147.78519245,5381.0,18673587.02046094,5290.0,18371568.190039825,5060.285714285715,312.6359513799426,17592072.94665311,5018.928571428572,293.94726483757876,17395070.64445441,4990.607142857143,281.51907234721347,17293886.651355676
2020-04-26,5474,18879528.05001777,5850037.157731197,0,0,6,26,17,4,2,1,846,5412.0,18915346.86190125,5486.0,19094123.345025625,5425.0,18654512.379667837,5456.0,18839954.25724761,5041.285714285715,280.676393904514,17529387.100468654,5021.142857142857,296.9855881359207,17412339.204557285,4994.964285714285,287.2110441163977,17313307.318207867
2020-04-27,4946,17035823.43306329,5227672.94448983,0,0,0,27,18,4,2,0,847,5474.0,18879528.05001777,4915.0,16957944.67674581,4802.0,16521081.211541403,4756.0,16490360.68651314,5039.571428571428,277.52648951218373,17498730.629753247,5024.642857142857,302.3514529465671,17428411.752439424,4995.607142857143,288.299270857068,17314720.667949658
2020-04-28,4930,17169740.54027093,5340019.90221616,0,0,1,28,18,4,2,0,848,4946.0,17035823.43306329,4891.0,16995700.081640717,4757.0,16521112.76793266,4781.0,16674852.832262224,5044.0,275.44690958513917,17509856.16637003,5034.928571428572,296.58919122524895,17465179.053976703,5002.392857142857,284.6638484489277,17334201.48032645
2020-04-29,4900,17058183.002371646,5273778.751266005,0,0,2,29,18,4,2,0,849,4930.0,17169740.54027093,4877.0,17007700.14381661,4835.0,16686613.700703394,4799.0,16672680.487209244,5049.571428571428,272.21183977610076,17534719.089031488,5047.285714285715,287.58608840094644,17511509.609143723,5007.714285714285,281.7496731264754,17351876.041326765
2020-04-30,4920,17053392.515115846,5257502.1310589565,0,0,3,30,18,4,2,0,850,4900.0,17058183.002371646,4824.0,16701626.521187592,4795.0,16662093.0891763,4786.0,16608576.311356133,5052.857142857143,269.9107436242828,17541930.925967924,5051.928571428572,284.4023326437135,17538050.273548596,5011.321428571428,279.6170732840809,17365643.988296848
2020-05-01,4842,16861629.71154803,5180650.008011664,0,0,4,1,18,5,2,0,851,4920.0,17053392.515115846,4884.0,17033268.07296298,4848.0,16667478.226307372,4678.0,16192641.574513506,5066.571428571428,258.5439080329609,17592183.210814815,5060.857142857143,277.596513263086,17566000.232544277,5016.107142857143,276.7498321168722,17381530.281288266
2020-05-02,5594,19240170.633118104,5926302.710346698,0,0,5,2,18,5,2,1,852,4842.0,16861629.71154803,5412.0,18915346.86190125,5545.0,19354147.78519245,5389.0,18659703.250046358,5060.571428571428,263.9184578254355,17567663.444898393,5060.428571428572,277.9548148906179,17579868.195775755,5021.964285714285,271.00491756407797,17405422.714753784
2020-05-03,5431,18863647.56016345,5774924.548880969,0,0,6,3,18,5,2,1,853,5594.0,19240170.633118104,5474.0,18879528.05001777,5486.0,19094123.345025625,5363.0,18551049.03765293,5086.571428571428,309.3621702486524,17614066.840786517,5063.928571428572,284.75129885182383,17571726.970627584,5029.285714285715,283.75705011869013,17426153.692720633
2020-05-04,4875,16795703.575382847,5184597.825252531,0,0,0,4,19,5,2,0,854,5431.0,18863647.56016345,4946.0,17035823.43306329,4915.0,16957944.67674581,4793.0,16414339.368779726,5080.428571428572,300.6924548121488,17611798.199378755,5060.0,278.7974174916234,17555264.414566003,5031.714285714285,286.9915287358407,17437317.92566744
2020-05-05,4838,16804208.571823798,5171126.157687066,0,0,1,5,19,5,2,0,855,4875.0,16795703.575382847,4930.0,17169740.54027093,4891.0,16995700.081640717,4872.0,16831771.94191058,5070.285714285715,307.1116595451486,17577495.362567265,5057.142857142857,280.59685209672614,17543675.764468648,5034.642857142857,284.8759592687832,17450938.075903263
2020-05-06,4952,16903353.295525614,5222772.689778414,0,0,2,6,19,5,2,0,856,4838.0,16804208.571823798,4900.0,17058183.002371646,4877.0,17007700.14381661,4867.0,16901512.97559888,5057.142857142857,315.95697416549194,17525276.50993196,5053.357142857143,283.3547944899437,17529997.799481727,5033.428571428572,285.6662684518671,17449953.669828735
2020-05-07,4938,17157884.839201007,5291845.285705138,0,0,3,7,19,5,2,0,857,4952.0,16903353.295525614,4920.0,17053392.515115846,4824.0,16701626.521187592,4805.0,16788692.726115417,5064.571428571428,312.2359455832873,17503157.98038253,5058.714285714285,280.4582592202158,17522544.453175224,5036.464285714285,284.28044084603556,17450019.395540405
2020-05-08,4793,16615569.541820925,5163996.942478875,0,0,4,8,19,5,2,0,858,4938.0,17157884.839201007,4842.0,16861629.71154803,4884.0,17033268.07296298,4837.0,16700133.576351676,5067.142857142857,310.9182253537844,17518085.455251835,5066.857142857143,274.7154771879296,17555134.333033327,5041.214285714285,281.3658955804069,17463204.828150604
2020-05-09,5450,18746123.87998296,5753844.485023138,0,0,5,9,19,5,2,1,859,4793.0,16615569.541820925,5594.0,19240170.633118104,5412.0,18915346.86190125,5381.0,18673587.02046094,5060.142857142857,317.3176266621191,17482934.00243368,5060.357142857143,280.39274849145437,17525298.723666035,5039.642857142857,282.6685291193461,17460184.684060223
2020-05-10,5385,18749040.30361702,5783600.931686799,0,0,6,10,19,5,2,1,860,5450.0,18746123.87998296,5431.0,18863647.56016345,5474.0,18879528.05001777,5425.0,18654512.379667837,5039.571428571428,279.3342425260872,17412355.894842945,5063.071428571428,284.216457133455,17513211.36781473,5042.107142857143,286.03539528263735,17462775.286186006
2020-05-11,4868,16650546.677361704,5128857.610840434,0,0,0,11,20,5,2,0,861,5385.0,18749040.30361702,4875.0,16795703.575382847,4946.0,17035823.43306329,4802.0,16521081.211541403,5033.0,268.93865471516705,17395983.429622024,5056.714285714285,275.169438310686,17503890.814500388,5040.678571428572,284.14590065165487,17466151.283469908
2020-05-12,4967,17071074.190680265,5253034.248806324,0,0,1,12,20,5,2,0,862,4868.0,16650546.677361704,4838.0,16804208.571823798,4930.0,17169740.54027093,4757.0,16521112.76793266,5032.0,269.6361746254952,17375246.72990472,5051.142857142857,278.35474243734626,17476371.04623599,5043.035714285715,282.3607466873512,17470775.050106347
2020-05-13,4892,16807212.300788917,5187157.460950424,0,0,2,13,20,5,2,0,863,4967.0,17071074.190680265,4952.0,16903353.295525614,4900.0,17058183.002371646,4835.0,16686613.700703394,5050.428571428572,258.33883250676075,17413370.389741357,5053.785714285715,277.28967873699276,17469323.44983666,5050.535714285715,277.2240011712442,17490416.52949019
2020-05-14,4870,16861007.698605783,5227498.467573748,0,0,3,14,20,5,2,0,864,4892.0,16807212.300788917,4938.0,17157884.839201007,4920.0,17053392.515115846,4795.0,16662093.0891763,5041.857142857143,263.10037917839145,17399635.96192183,5053.214285714285,277.6389959784302,17451396.97115218,5052.571428571428,275.78822102682346,17494723.622350387
2020-05-15,4866,16660900.645778378,5124690.860251018,0,0,4,15,20,5,2,0,865,4870.0,16861007.698605783,4793.0,16615569.541820925,4842.0,16861629.71154803,4848.0,16667478.226307372,5032.142857142857,268.76844344245484,17357224.941836797,5049.642857142857,279.7976211321454,17437655.198544316,5055.25,273.5490510554377,17501827.7155443
2020-05-16,5546,19173639.659581225,5895286.871465567,0,0,5,16,20,5,2,1,866,4866.0,16660900.645778378,5450.0,18746123.87998296,5594.0,19240170.633118104,5545.0,19354147.78519245,5042.571428571428,259.1883852483033,17363700.81383072,5051.357142857143,278.49806162641255,17423317.4081322,5055.892857142857,273.0646835981698,17501592.801953975
2020-05-17,5456,18653054.894873098,5762279.315700701,0,0,6,17,20,5,2,1,867,5546.0,19173639.659581225,5385.0,18749040.30361702,5431.0,18863647.56016345,5486.0,19094123.345025625,5056.285714285715,285.5396728335811,17424774.496630467,5047.928571428572,271.5115705951254,17418565.195736706,5055.928571428572,273.13108080477485,17495146.08318215
2020-05-18,4836,16772462.096239949,5169194.241055823,0,0,0,18,21,5,2,0,868,5456.0,18653054.894873098,4868.0,16650546.677361704,4875.0,16795703.575382847,4915.0,16957944.67674581,5066.428571428572,300.05436015432724,17411062.295381337,5049.714285714285,274.2927769237212,17403522.862501685,5054.857142857143,271.4351043491115,17479393.63853384
2020-05-19,4855,16660255.525189886,5147747.234488124,0,0,1,19,21,5,2,0,869,4836.0,16772462.096239949,4967.0,17071074.190680265,4838.0,16804208.571823798,4891.0,16995700.081640717,5061.857142857143,303.8017053778334,17428478.783792518,5046.928571428572,276.39366136717916,17401862.75684862,5052.035714285715,273.3465419766257,17472769.260658633
2020-05-20,4862,16943079.251378287,5223450.75640276,0,0,2,20,21,5,2,0,870,4855.0,16660255.525189886,4892.0,16807212.300788917,4952.0,16903353.295525614,4877.0,17007700.14381661,5045.857142857143,312.4560921534628,17369790.403008178,5048.142857142857,275.44086539522266,17391580.396374766,5050.75,274.2153283394156,17460789.097928245
2020-05-21,4896,16682896.05089937,5129555.874871865,0,0,3,21,21,5,2,0,871,4862.0,16943079.251378287,4870.0,16861007.698605783,4938.0,17157884.839201007,4824.0,16701626.521187592,5041.571428571428,315.11260270093317,17389199.967378087,5041.714285714285,278.88608884175187,17394417.964649957,5050.214285714285,274.5817502423181,17458481.20891259
2020-05-22,4861,16807325.886145536,5203532.474308222,0,0,4,22,21,5,2,0,872,4896.0,16682896.05089937,4866.0,16660900.645778378,4793.0,16615569.541820925,4884.0,17033268.07296298,5045.285714285715,312.8986599980499,17363755.44627717,5038.714285714285,280.3098364232041,17360490.194056984,5052.785714285715,272.71561054109355,17457812.263545156
2020-05-23,5497,19026683.799791347,5881190.551167905,0,0,5,23,21,5,2,1,873,4861.0,16807325.886145536,5546.0,19173639.659581225,5450.0,18746123.87998296,5412.0,18915346.86190125,5044.571428571428,313.38148059666224,17384673.33775819,5043.571428571428,276.28489039276036,17374187.075794455,5051.964285714285,273.2768887712701,17449742.899730247
2020-05-24,5427,18917295.002166227,5812336.958371622,0,0,6,24,21,5,2,1,874,5497.0,19026683.799791347,5456.0,18653054.894873098,5385.0,18749040.30361702,5474.0,18879528.05001777,5037.571428571428,300.6009853293169,17363679.643502496,5046.928571428572,281.83313783587704,17394227.07006648,5055.0,277.8582105772337,17453719.21894061
2020-05-25,4851,16607668.996622313,5139106.707141775,0,0,0,25,22,5,2,0,875,5427.0,18917295.002166227,4836.0,16772462.096239949,4868.0,16650546.677361704,4946.0,17035823.43306329,5033.428571428572,294.0004859082542,17401428.23025866,5049.928571428572,285.9027441646511,17406245.262819998,5053.321428571428,275.36400872587626,17455068.038660195
2020-05-26,4826,16713219.08512204,5142194.455308275,0,0,1,26,22,5,2,0,876,4851.0,16607668.996622313,4855.0,16660255.525189886,4967.0,17071074.190680265,4930.0,17169740.54027093,5035.571428571428,292.3718278396356,17377886.35888471,5048.714285714285,286.76965523715023,17403182.571338613,5049.928571428572,277.31369168845737,17439776.8087873
2020-05-27,4746,16644885.629581066,5168486.97212725,0,0,2,27,22,5,2,0,877,4826.0,16713219.08512204,4862.0,16943079.251378287,4892.0,16807212.300788917,4900.0,17058183.002371646,5031.428571428572,295.5451782400726,17385452.581732158,5038.642857142857,292.28321542979006,17377621.492370166,5046.214285714285,279.66598558291054,17423472.47110341
2020-05-28,4823,16506983.029951096,5091890.244892562,0,0,3,28,22,5,2,0,878,4746.0,16644885.629581066,4896.0,16682896.05089937,4870.0,16861007.698605783,4920.0,17053392.515115846,5014.857142857143,309.5488268278208,17342853.492903985,5028.214285714285,300.4095098800517,17366026.730141036,5040.714285714285,284.12671366484824,17408711.850646608
2020-05-29,4907,16855637.334950194,5163066.145992032,0,0,4,29,22,5,2,0,879,4823.0,16506983.029951096,4861.0,16807325.886145536,4866.0,16660900.645778378,4842.0,16861629.71154803,5004.428571428572,315.39491495735376,17317723.061339945,5024.857142857143,302.5684556090896,17340739.253808558,5037.25,286.23657982449924,17389197.226176437
2020-05-30,5401,18736801.42444341,5791032.768262735,0,0,5,30,22,5,2,1,880,4907.0,16855637.334950194,5497.0,19026683.799791347,5546.0,19173639.659581225,5594.0,19240170.633118104,5011.0,312.37317426437886,17324624.69688347,5027.785714285715,301.1074887481529,17354649.01732083,5039.571428571428,284.85466451188256,17388983.212726515
2020-05-31,5340,18596885.379729837,5772587.610175307,0,0,6,31,22,5,2,1,881,5401.0,18736801.42444341,5427.0,18917295.002166227,5456.0,18653054.894873098,5431.0,18863647.56016345,4997.285714285715,288.6894030417041,17283212.92897662,5017.428571428572,283.9143192220852,17323446.286239557,5032.678571428572,273.0315479765544,17371005.74098813
2020-06-01,4864,16968573.941201564,5209135.048299757,0,0,0,1,23,6,2,0,882,5340.0,18596885.379729837,4851.0,16607668.996622313,4836.0,16772462.096239949,4875.0,16795703.575382847,4984.857142857143,268.2557415175806,17237440.125771422,5009.142857142857,271.55417568078366,17319434.17801504,5029.428571428572,268.620540370598,17361478.52025836
2020-06-02,4855,16812802.707371306,5179491.083512934,0,0,1,2,23,6,2,0,883,4864.0,16968573.941201564,4826.0,16713219.08512204,4855.0,16660255.525189886,4838.0,16804208.571823798,4986.714285714285,267.21758567736936,17288997.97499703,5011.142857142857,270.2810096470407,17333442.166940868,5029.035714285715,268.8626913972896,17367652.461894743
2020-06-03,4776,16383889.962717904,5095212.855750218,0,0,2,3,23,6,2,0,884,4855.0,16812802.707371306,4746.0,16644885.629581066,4862.0,16943079.251378287,4952.0,16903353.295525614,4990.857142857143,264.5218507492597,17303224.206746925,5011.142857142857,270.2810096470407,17344338.39423954,5029.642857142857,268.43417212028373,17367959.395307157
2020-06-04,4882,16796220.020601034,5226794.695329604,0,0,3,4,23,6,2,0,885,4776.0,16383889.962717904,4823.0,16506983.029951096,4896.0,16682896.05089937,4938.0,17157884.839201007,4995.142857142857,260.099614616811,17265939.111480758,5005.0,274.8697593686586,17304396.30219237,5023.357142857143,272.35165371339434,17349407.133421164
2020-06-05,4836,16729982.622363009,5176063.755711408,0,0,4,5,23,6,2,0,886,4882.0,16796220.020601034,4907.0,16855637.334950194,4861.0,16807325.886145536,4793.0,16615569.541820925,5003.571428571428,254.48697225520817,17307258.681573607,5004.0,275.3219094916958,17312490.871456776,5021.357142857143,273.2059614182947,17336490.53275688
2020-06-06,5318,18188996.23257816,5567926.098028919,0,0,5,6,23,6,2,1,887,4836.0,16729982.622363009,5401.0,18736801.42444341,5497.0,19026683.799791347,5450.0,18746123.87998296,4993.428571428572,260.325345892961,17289308.008346863,5002.214285714285,276.39970460059544,17306966.352615166,5022.892857142857,271.9929654980449,17340576.71420481
2020-06-07,5413,18865561.117901865,5822897.472235323,0,0,6,7,23,6,2,1,888,5318.0,18188996.23257816,5340.0,18596885.379729837,5427.0,18917295.002166227,5385.0,18749040.30361702,4981.571428571428,239.74420892753565,17211050.123794686,4989.428571428572,255.0682304753027,17247131.526385654,5018.178571428572,265.37954002625685,17320679.29822607
2020-06-08,4762,16317657.471384456,5027720.500722821,0,0,0,8,24,6,2,0,889,5413.0,18865561.117901865,4864.0,16968573.941201564,4851.0,16607668.996622313,4868.0,16650546.677361704,4992.0,258.7669479151799,17249432.37210498,4988.428571428572,253.24166454069248,17243436.2489382,5019.178571428572,266.8616028569162,17324840.7558791
2020-06-09,4879,16934234.53510084,5224827.92055501,0,0,1,9,24,6,2,0,890,4762.0,16317657.471384456,4855.0,16812802.707371306,4826.0,16713219.08512204,4967.0,17071074.190680265,4977.428571428572,269.81219217749083,17156444.304988246,4982.071428571428,258.0287593648056,17222721.139992636,5015.392857142857,269.82111210889326,17312951.855665628
2020-06-10,4760,16487627.647031242,5097871.757543216,0,0,2,10,24,6,2,0,891,4879.0,16934234.53510084,4776.0,16383889.962717904,4746.0,16644885.629581066,4892.0,16807212.300788917,4980.857142857143,268.1445061724748,17173791.708949607,4985.857142857143,255.9431598986406,17238507.95784827,5012.25,270.91595321003365,17308064.725109216
2020-06-11,4793,16469508.213322202,5083897.275040006,0,0,3,11,24,6,2,0,892,4760.0,16487627.647031242,4882.0,16796220.020601034,4823.0,16506983.029951096,4870.0,16861007.698605783,4978.571428571428,270.2417788714825,17188611.378137227,4986.857142857143,254.95938051832042,17227275.244808994,5007.535714285715,274.2143635839754,17296650.987475015
2020-06-12,4776,16473069.595519517,5044188.01399273,0,0,4,12,24,6,2,0,893,4793.0,16469508.213322202,4836.0,16729982.622363009,4907.0,16855637.334950194,4866.0,16660900.645778378,4965.857142857143,277.5376422346114,17141938.262811683,4984.714285714285,256.5635109769805,17224598.472192645,5004.785714285715,276.024872355242,17282668.863000598
2020-06-13,5289,18431763.28312143,5681882.894011582,0,0,5,13,24,6,2,1,894,4776.0,16473069.595519517,5318.0,18188996.23257816,5401.0,18736801.42444341,5546.0,19173639.659581225,4957.285714285715,283.0875684811606,17105236.40183404,4975.357142857143,261.9482060205086,17197272.205090452,5001.571428571428,278.2162000463874,17275960.61120564
2020-06-14,5315,18300955.48801647,5644265.695720936,0,0,6,14,24,6,2,1,895,5289.0,18431763.28312143,5413.0,18865561.117901865,5340.0,18596885.379729837,5456.0,18653054.894873098,4953.142857142857,277.07726273336453,17139917.40905451,4967.357142857143,249.35658962860626,17175483.7664246,4992.392857142857,263.4365956868702,17249465.026332077
2020-06-15,4715,16202020.221517416,4986841.03816145,0,0,0,15,25,6,2,0,896,5315.0,18300955.48801647,4762.0,16317657.471384456,4864.0,16968573.941201564,4836.0,16772462.096239949,4939.142857142857,251.24054116287445,17059259.46192802,4965.571428571428,246.55650445711282,17154345.9170165,4987.357142857143,255.4735927914159,17236890.04751577
2020-06-16,4717,16398946.272598134,5037642.947758138,0,0,1,16,25,6,2,0,897,4715.0,16202020.221517416,4879.0,16934234.53510084,4855.0,16812802.707371306,4855.0,16660255.525189886,4932.428571428572,257.31812809754314,17042739.854804162,4954.928571428572,254.37025233844832,17099592.079896204,4983.035714285715,259.1259499481006,17216517.123418536
2020-06-17,4780,16373873.258399196,5048567.922513834,0,0,2,17,25,6,2,0,898,4717.0,16398946.272598134,4760.0,16487627.647031242,4776.0,16383889.962717904,4862.0,16943079.251378287,4909.285714285715,269.9016575753278,16966270.10301806,4945.071428571428,261.12462815401426,17070030.905983835,4978.107142857143,262.9357532125632,17207184.650111686
2020-06-18,4687,16308940.705614593,5032884.221636619,0,0,3,18,25,6,2,0,899,4780.0,16373873.258399196,4793.0,16469508.213322202,4882.0,16796220.020601034,4896.0,16682896.05089937,4912.142857142857,268.15818004270216,16950019.476070624,4945.357142857143,260.9275193031028,17069315.427103925,4975.178571428572,264.7274004723429,17186855.864648152
2020-06-19,4717,16180321.67827244,4972967.220287842,0,0,4,19,25,6,2,0,900,4687.0,16308940.705614593,4776.0,16473069.595519517,4836.0,16729982.622363009,4861.0,16807325.886145536,4897.0,278.78964591008685,16927081.260683823,4931.428571428572,269.6292937422733,17034509.76174775,4967.714285714285,269.9378333291418,17173500.316602264
2020-06-20,5251,18207765.562553342,5585131.742365997,0,0,5,20,25,6,2,1,901,4717.0,16180321.67827244,5289.0,18431763.28312143,5318.0,18188996.23257816,5497.0,19026683.799791347,4888.571428571428,283.902481580602,16885260.129648525,4922.928571428572,274.6971659246491,16995248.26574128,4962.571428571428,273.3958503805219,17151107.309178226
2020-06-21,5334,18470036.2574067,5654774.752987029,0,0,6,21,25,6,2,1,902,5251.0,18207765.562553342,5315.0,18300955.48801647,5413.0,18865561.117901865,5427.0,18917295.002166227,4883.142857142857,275.199581256612,16853260.455281656,4918.142857142857,267.7814427829203,16996588.93216808,4953.785714285715,259.1680931926194,17121860.22927687
2020-06-22,4732,16320041.81592518,5054750.665256181,0,0,0,22,26,6,2,0,903,5334.0,18470036.2574067,4715.0,16202020.221517416,4762.0,16317657.471384456,4851.0,16607668.996622313,4885.857142857143,280.21683780686925,16877414.85090883,4912.5,257.17361690261043,16968337.156418428,4950.464285714285,253.4108773342622,17105886.702678315
2020-06-23,4706,16336769.903112411,5035367.584226788,0,0,1,23,26,6,2,0,904,4732.0,16320041.81592518,4717.0,16398946.272598134,4879.0,16934234.53510084,4826.0,16713219.08512204,4888.285714285715,278.5580216554111,16894275.07868137,4910.357142857143,258.64487300093884,16968507.466742765,4946.214285714285,256.12415350876176,17095614.3033677
2020-06-24,4684,16076251.687737506,4964900.470837489,0,0,2,24,26,6,2,0,905,4706.0,16336769.903112411,4780.0,16373873.258399196,4760.0,16487627.647031242,4746.0,16644885.629581066,4886.714285714285,279.7139695508785,16885392.74018341,4898.0,264.3284669904855,16925831.421600733,4941.928571428572,259.19575450503993,17082169.6897245
2020-06-25,4656,16026206.595116775,4970067.036417722,0,0,3,25,26,6,2,0,906,4684.0,16076251.687737506,4687.0,16308940.705614593,4793.0,16469508.213322202,4823.0,16506983.029951096,4873.0,288.0474497948879,16842875.372946024,4892.571428571428,268.13363897812263,16896447.424508322,4939.714285714285,261.18871524922884,17061861.33465866
2020-06-26,4633,15868178.913868325,4904387.879128619,0,0,4,26,26,6,2,0,907,4656.0,16026206.595116775,4717.0,16180321.67827244,4776.0,16473069.595519517,4907.0,16855637.334950194,4868.571428571428,291.6001012476234,16802484.78573205,4882.785714285715,274.47213073361854,16864783.023207936,4933.75,265.8183207185453,17044690.74770029
2020-06-27,5159,17647666.93422546,5446483.958886815,0,0,5,27,26,6,2,1,908,4633.0,15868178.913868325,5251.0,18207765.562553342,5289.0,18431763.28312143,5401.0,18736801.42444341,4856.571428571428,300.4706625406619,16757892.962245747,4872.571428571428,281.3269967864466,16821576.54594714,4923.964285714285,271.81536246106293,17009424.375518795
2020-06-28,5208,17875240.82002252,5516551.463685483,0,0,6,28,26,6,2,1,909,5159.0,17647666.93422546,5334.0,18470036.2574067,5315.0,18300955.48801647,5340.0,18596885.379729837,4843.428571428572,281.77287374933337,16677878.872484624,4863.285714285715,268.37185126136643,16765569.663883138,4915.321428571428,259.6610402430515,16970526.71515387
2020-06-29,4724,16252575.49212909,5024036.175991688,0,0,0,29,27,6,2,0,910,5208.0,17875240.82002252,4732.0,16320041.81592518,4715.0,16202020.221517416,4864.0,16968573.941201564,4825.428571428572,247.1031209454019,16592908.095715452,4855.642857142857,255.74464642652197,16735161.473312143,4910.607142857143,252.77208872020785,16944753.69516432
2020-06-30,4641,16068529.719137754,4969441.030466162,0,0,1,30,27,6,2,0,911,4724.0,16252575.49212909,4706.0,16336769.903112411,4717.0,16398946.272598134,4855.0,16812802.707371306,4824.285714285715,247.62519681010582,16583270.049458867,4856.285714285715,255.37496671830652,16738772.56407012,4905.607142857143,255.10206226000986,16919182.321983162
2020-07-01,4774,16293290.005866235,4998592.276219163,0,0,2,1,27,7,3,0,912,4641.0,16068529.719137754,4684.0,16076251.687737506,4780.0,16373873.258399196,4776.0,16383889.962717904,4815.0,253.9383127191962,16544950.023176774,4850.857142857143,259.34054153471476,16715171.381680092,4897.964285714285,259.83619942013144,16892601.14383196
2020-07-02,4624,15863723.476290286,4885187.516966259,0,0,3,2,27,7,3,0,913,4774.0,16293290.005866235,4656.0,16026206.595116775,4687.0,16308940.705614593,4882.0,16796220.020601034,4827.857142857143,248.41861750644824,16575955.497195164,4850.428571428572,259.47156781716404,16709415.435070595,4897.892857142857,259.8712415203151,16889365.43108726
2020-07-03,4623,15994797.380302086,4907277.554702022,0,0,4,3,27,7,3,0,914,4624.0,15863723.476290286,4633.0,15868178.913868325,4717.0,16180321.67827244,4836.0,16729982.622363009,4823.285714285715,252.3712307202302,16552743.623077095,4845.928571428572,263.0456129751972,16677614.204404574,4888.678571428572,264.9793917313681,16856061.983076163
2020-07-04,5156,17771404.99669058,5500808.20166406,0,0,5,4,27,7,3,1,915,4623.0,15994797.380302086,5159.0,17647666.93422546,5251.0,18207765.562553342,5318.0,18188996.23257816,4821.857142857143,253.65293123442333,16570831.975424776,4839.214285714285,267.7473489264566,16664362.468835263,4881.071428571428,269.56548418621406,16829805.367288273
2020-07-05,5137,17791003.36217596,5520255.907446823,0,0,6,5,27,7,3,1,916,5156.0,17771404.99669058,5208.0,17875240.82002252,5334.0,18470036.2574067,5413.0,18865561.117901865,4821.428571428572,252.9900242716261,16588508.84149122,4832.428571428572,257.51675502941947,16633193.856987923,4875.285714285715,261.4568666562247,16814891.394578002
2020-07-06,4560,15889271.268701024,4929621.18911144,0,0,0,6,28,7,3,0,917,5137.0,17791003.36217596,4724.0,16252575.49212909,4732.0,16320041.81592518,4762.0,16317657.471384456,4811.285714285715,235.74400966990393,16576474.918941712,4818.357142857143,232.1324579243093,16584691.507328583,4865.428571428572,245.12648716324478,16776514.331873504
2020-07-07,4559,15594660.118859578,4801108.956287175,0,0,1,7,28,7,3,0,918,4560.0,15889271.268701024,4641.0,16068529.719137754,4706.0,16336769.903112411,4879.0,16934234.53510084,4787.857142857143,253.35576341806143,16524574.315594848,4806.071428571428,241.4203051449218,16553922.182526857,4858.214285714285,251.18096724647745,16761214.824634809
2020-07-08,4688,16399085.632247953,5073362.122914931,0,0,2,8,28,7,3,0,919,4559.0,15594660.118859578,4774.0,16293290.005866235,4684.0,16076251.687737506,4760.0,16487627.647031242,4776.142857142857,262.99013198942555,16456878.65841225,4795.571428571428,249.17948868721354,16500914.340794513,4846.785714285715,257.40303562957524,16713372.881197622
2020-07-09,4578,15827886.691261558,4867333.2614469705,0,0,3,9,28,7,3,0,920,4688.0,16399085.632247953,4624.0,15863723.476290286,4656.0,16026206.595116775,4793.0,16469508.213322202,4763.857142857143,265.10716611177367,16471992.319323923,4795.857142857143,249.04397422725307,16523973.908259545,4844.214285714285,258.658699353647,16710210.666383933
2020-07-10,4655,15859621.109700946,4892428.879058214,0,0,4,10,28,7,3,0,921,4578.0,15827886.691261558,4623.0,15994797.380302086,4633.0,15868178.913868325,4776.0,16473069.595519517,4757.285714285715,269.68235283121044,16466872.778605534,4790.285714285715,253.25038645925486,16509808.200841313,4836.535714285715,263.38346669656033,16687295.612024626
2020-07-11,5133,17762991.594738875,5472928.930916078,0,0,5,11,28,7,3,1,922,4655.0,15859621.109700946,5156.0,17771404.99669058,5159.0,17647666.93422546,5289.0,18431763.28312143,4761.857142857143,267.2872540741182,16447561.882805374,4791.857142857143,252.26568934752441,16509196.929115074,4832.214285714285,265.3984226617037,16665386.737531105
2020-07-12,5185,17846859.92448773,5508204.499705104,0,0,6,12,28,7,3,1,923,5133.0,17762991.594738875,5137.0,17791003.36217596,5208.0,17875240.82002252,5315.0,18300955.48801647,4758.571428571428,261.7179506917548,16446359.968240842,4790.0,249.43474559029667,16517434.40486603,4826.642857142857,256.95729783380443,16641502.034374585
2020-07-13,4542,15614253.092477972,4816556.822750703,0,0,0,13,29,7,3,0,924,5185.0,17846859.92448773,4560.0,15889271.268701024,4724.0,16252575.49212909,4715.0,16202020.221517416,4765.428571428572,273.6426240816511,16454339.477142524,4788.357142857143,246.52870238352543,16515407.198042119,4822.0,248.85322165068203,16625284.33567713
2020-07-14,4531,15738094.82419557,4868094.526781091,0,0,1,14,29,7,3,0,925,4542.0,15614253.092477972,4559.0,15594660.118859578,4641.0,16068529.719137754,4717.0,16398946.272598134,4762.857142857143,275.9694600080758,16415051.166253516,4775.357142857143,254.84191393666993,16469812.74092418,4815.821428571428,253.70850196288555,16604292.652497148
2020-07-15,4513,15588023.14802566,4788824.197096209,0,0,2,15,29,7,3,0,926,4531.0,15738094.82419557,4688.0,16399085.632247953,4774.0,16293290.005866235,4780.0,16373873.258399196,4758.857142857143,279.59579668481365,16435541.83844437,4767.5,260.9260873828586,16446210.248428311,4809.178571428572,258.776187233993,16580690.815054202
2020-07-16,4505,15498058.472273877,4762032.73754448,0,0,3,16,29,7,3,0,927,4513.0,15588023.14802566,4578.0,15827886.691261558,4624.0,15863723.476290286,4687.0,16308940.705614593,4733.857142857143,294.418312706851,16319675.769269759,4748.857142857143,269.60565422708254,16395834.044296842,4799.642857142857,264.741832915079,16552624.739683717
2020-07-17,4476,15519585.96502106,4781570.576880864,0,0,4,17,29,7,3,0,928,4505.0,15498058.472273877,4655.0,15859621.109700946,4623.0,15994797.380302086,4717.0,16180321.67827244,4723.428571428572,302.05289666043376,16272557.452271517,4740.357142857143,275.6529610670988,16369715.115438525,4793.142857142857,269.7959056172428,16523664.659921551
2020-07-18,5006,17114620.82809901,5284330.315858041,0,0,5,18,29,7,3,1,929,4476.0,15519585.96502106,5133.0,17762991.594738875,5156.0,17771404.99669058,5251.0,18207765.562553342,4697.857142857143,316.06351079672146,16223981.003031535,4729.857142857143,283.164496129258,16335771.442918453,4784.535714285715,276.08593430613337,16500066.955876857
2020-07-19,5015,17203842.876062095,5291811.727295301,0,0,6,19,29,7,3,1,930,5006.0,17114620.82809901,5185.0,17846859.92448773,5137.0,17791003.36217596,5334.0,18470036.2574067,4679.714285714285,289.4464338962299,16131356.607797269,4719.142857142857,268.2446808255733,16288858.288019057,4775.785714285715,264.3893533384573,16461026.072503489
2020-07-20,4514,15458300.101014506,4732918.41514189,0,0,0,20,30,7,3,0,931,5015.0,17203842.876062095,4542.0,15614253.092477972,4560.0,15889271.268701024,4732.0,16320041.81592518,4655.428571428572,243.46447868417894,16039497.029450748,4710.428571428572,255.2949167247549,16246918.253296638,4764.392857142857,245.65352584870863,16415804.880312609
2020-07-21,4491,15419073.046518262,4741328.1869403925,0,0,1,21,30,7,3,0,932,4514.0,15458300.101014506,4531.0,15738094.82419557,4559.0,15594660.118859578,4706.0,16336769.903112411,4651.428571428572,245.85690766709345,16017218.030670254,4707.142857142857,257.66491571654433,16216134.598461885,4756.607142857143,250.13201540840888,16385028.390494373
2020-07-22,4476,15399884.068743624,4731254.637833568,0,0,2,22,30,7,3,0,933,4491.0,15419073.046518262,4513.0,15588023.14802566,4688.0,16399085.632247953,4684.0,16076251.687737506,4645.714285714285,249.55942130464925,15971643.491002068,4702.285714285715,261.2877660804307,16203592.66472322,4748.928571428572,254.99585015815637,16352253.502758864
2020-07-23,4507,15461255.522466136,4745663.747162911,0,0,3,23,30,7,3,0,934,4476.0,15399884.068743624,4505.0,15498058.472273877,4578.0,15827886.691261558,4656.0,16026206.595116775,4640.428571428572,253.20403968794096,15944766.479676064,4687.142857142857,268.2303422126622,16132221.12447291,4741.5,259.9392379141801,16328097.516366227
2020-07-24,4465,15397982.547522737,4745822.773036158,0,0,4,24,30,7,3,0,935,4507.0,15461255.522466136,4476.0,15519585.96502106,4655.0,15859621.109700946,4633.0,15868178.913868325,4640.714285714285,253.02681958357317,15939508.91541781,4682.071428571428,271.1083984982191,16106033.183844667,4736.178571428572,263.25836535847105,16307920.692342991
2020-07-25,4921,17146646.37870565,5264411.556248201,0,0,5,25,30,7,3,1,936,4465.0,15397982.547522737,5006.0,17114620.82809901,5133.0,17762991.594738875,5159.0,17647666.93422546,4639.142857142857,254.25146906914065,15922136.998632338,4668.5,277.25377156345326,16073059.000831936,4730.178571428572,267.57609559004743,16291127.964973506
2020-07-26,4931,16991985.311168388,5222938.40763479,0,0,6,26,30,7,3,1,937,4921.0,17146646.37870565,5015.0,17203842.876062095,5185.0,17846859.92448773,5208.0,17875240.82002252,4627.0,235.12053646305193,15926712.077290429,4653.357142857143,254.81384068884347,16029034.34254385,4721.678571428572,257.0214076069369,16273234.37370494
2020-07-27,4356,15030697.75142712,4679973.441097616,0,0,0,27,31,7,3,0,938,4931.0,16991985.311168388,4514.0,15458300.101014506,4542.0,15614253.092477972,4724.0,16252575.49212909,4615.0,213.1329788340447,15896446.710877042,4635.214285714285,220.82439196773146,15967971.870163897,4711.785714285715,242.53191575280843,16241689.534103006
2020-07-28,4318,14699028.04151586,4516793.98820708,0,0,1,28,31,7,3,0,939,4356.0,15030697.75142712,4491.0,15419073.046518262,4531.0,15738094.82419557,4641.0,16068529.719137754,4592.428571428572,233.04781851433924,15835360.660935989,4621.928571428572,232.16786509425452,15926289.345803123,4698.642857142857,251.64528449058284,16198051.04336365
2020-07-29,4370,15022456.63367047,4581086.605882007,0,0,2,29,31,7,3,0,940,4318.0,14699028.04151586,4476.0,15399884.068743624,4513.0,15588023.14802566,4774.0,16293290.005866235,4567.714285714285,253.84228324278737,15732497.088792788,4606.714285714285,245.19832744173922,15852070.289897427,4687.107142857143,261.59232337893786,16149140.26916287
2020-07-30,4356,14913174.29971561,4577882.170971263,0,0,3,30,31,7,3,0,941,4370.0,15022456.63367047,4507.0,15461255.522466136,4505.0,15498058.472273877,4624.0,15863723.476290286,4552.571428571428,263.2140175743416,15678578.883782338,4596.5,252.27876827645176,15811672.6817292,4672.678571428572,267.6926171966354,16103753.36301302
2020-07-31,4400,15018284.039361924,4653097.921661731,0,0,4,31,31,7,3,0,942,4356.0,14913174.29971561,4465.0,15397982.547522737,4476.0,15519585.96502106,4623.0,15994797.380302086,4531.0,273.55560068599124,15600281.566246549,4585.857142857143,259.47605703769864,15769895.240832182,4663.107142857143,274.209481869404,16069805.178135354
2020-08-01,6005,18504318.948682,4308726.362001172,400,0,5,1,31,8,3,1,943,4400.0,15018284.039361924,4921.0,17146646.37870565,5006.0,17114620.82809901,5156.0,17771404.99669058,4521.714285714285,277.247611523066,15546038.922223574,4580.428571428572,262.7258630605028,15734087.960427957,4655.142857142857,278.6205057840921,16034929.701673204
2020-08-02,5937,18416817.42468701,4311272.082204648,400,0,6,2,31,8,3,1,944,6005.0,18504318.948682,4931.0,16991985.311168388,5015.0,17203842.876062095,5137.0,17791003.36217596,4676.571428571428,623.7039514446144,15739992.146505909,4651.785714285715,453.56115329713333,15833352.111898169,4685.464285714285,367.24736664389496,16061105.199958611
2020-08-03,5276,16029023.04258358,3603049.125823988,400,0,0,3,32,8,3,0,945,5937.0,18416817.42468701,4356.0,15030697.75142712,4514.0,15458300.101014506,4560.0,15889271.268701024,4820.285714285715,786.702975352565,15943539.591294285,4717.642857142857,563.87813838192,15919993.151085664,4714.035714285715,429.5176866226702,16083455.70219115
2020-08-04,5262,16218729.671262411,3691727.2337941434,400,0,1,4,32,8,3,0,946,5276.0,16029023.04258358,4318.0,14699028.04151586,4491.0,15419073.046518262,4559.0,15594660.118859578,4951.714285714285,772.9391339309402,16086157.49003092,4772.071428571428,579.2753383171267,15960759.075483454,4739.607142857143,441.16322160311074,16088446.83697267
2020-08-05,5210,15849598.8828971,3590827.516501174,400,0,2,5,32,8,3,0,947,5262.0,16218729.671262411,4370.0,15022456.63367047,4476.0,15399884.068743624,4688.0,16399085.632247953,5086.571428571428,724.7974101183675,16303257.722851858,4827.142857142857,587.0950463141353,16017877.405822322,4764.714285714285,450.41132289092945,16110735.035272771
2020-08-06,5189,16065785.237247815,3710771.087118327,400,0,3,6,32,8,3,0,948,5210.0,15849598.8828971,4356.0,14913174.29971561,4507.0,15461255.522466136,4578.0,15827886.691261558,5206.571428571428,652.2969306338127,16421420.901312804,4879.571428571428,586.0981427773298,16049999.892547572,4783.357142857143,457.8598535607188,16091110.508510243
2020-08-07,5188,15952855.66548934,3570869.008235852,400,0,4,7,32,8,3,0,949,5189.0,16065785.237247815,4400.0,15018284.039361924,4465.0,15397982.547522737,4655.0,15859621.109700946,5325.571428571428,537.0688525514767,16586079.606674548,4928.285714285715,581.0704218636813,16093180.586460548,4805.178571428572,462.24909539173103,16099606.885152606
2020-08-08,4812,16521785.34718272,5098065.511259884,0,0,5,8,32,8,3,1,950,5188.0,15952855.66548934,6005.0,18504318.948682,4921.0,17146646.37870565,5133.0,17762991.594738875,5438.142857142857,366.10446076288616,16719589.838978466,4979.928571428572,568.7257638840491,16132814.38060102,4824.214285714285,466.78794909250485,16102936.690716479
2020-08-09,4758,16401337.54668174,5024374.273356677,0,0,6,9,32,8,3,1,951,4812.0,16521785.34718272,5937.0,18416817.42468701,4931.0,16991985.311168388,5185.0,17846859.92448773,5267.714285714285,334.564749231862,16436370.753049996,4972.142857142857,570.3383418426513,16088181.449777955,4812.75,462.8485573457419,16058607.8961609
2020-08-10,4333,14937444.40667292,4575150.363558516,0,0,0,10,33,8,3,0,952,4758.0,16401337.54668174,5276.0,16029023.04258358,4356.0,15030697.75142712,4542.0,15614253.092477972,5099.285714285715,217.9026650332173,16148445.056192102,4959.785714285715,573.1654585345699,16045992.323743192,4797.5,457.12843644582523,16006982.096953545
2020-08-11,4277,14650113.676235126,4494732.288753305,0,0,1,11,33,8,3,0,953,4333.0,14937444.40667292,5262.0,16218729.671262411,4318.0,14699028.04151586,4531.0,15738094.82419557,4964.571428571428,344.92021161561314,15992505.251062006,4958.142857142857,575.0590414026216,16039331.370546464,4790.035714285715,463.1219727460673,15982810.358174792
2020-08-12,4298,14768379.240120444,4528581.7807008345,0,0,2,12,33,8,3,0,954,4277.0,14650113.676235126,5210.0,15849598.8828971,4370.0,15022456.63367047,4513.0,15588023.14802566,4823.857142857143,399.8972487074855,15768417.251772393,4955.214285714285,578.6629387677231,16035837.487312125,4780.964285714285,470.80761834539265,15943953.888604777
2020-08-13,4295,14647588.281422954,4524719.473743915,0,0,3,13,33,8,3,0,955,4298.0,14768379.240120444,5189.0,16065785.237247815,4356.0,14913174.29971561,4505.0,15498058.472273877,4693.571428571428,401.6851408515871,15613957.302804302,4950.071428571428,584.5540659716235,16017689.10205855,4773.285714285715,477.05165937693073,15914680.891893877
2020-08-14,4272,14596592.580103848,4491250.299481972,0,0,4,14,33,8,3,0,956,4295.0,14647588.281422954,5188.0,15952855.66548934,4400.0,15018284.039361924,4476.0,15519585.96502106,4565.857142857143,357.6168473713403,15411357.737686465,4945.714285714285,589.5289421448066,15998718.672180505,4765.785714285715,483.03894154365696,15884306.956506342
2020-08-15,5183,17611670.302470375,5396744.922743159,0,1,5,15,33,8,3,1,957,4272.0,14596592.580103848,4812.0,16521785.34718272,6005.0,18504318.948682,5006.0,17114620.82809901,4435.0,240.40382692462921,15217605.86834568,4936.571428571428,599.5506925748933,15968597.853662072,4758.5,489.0724781552181,15851342.907045016
2020-08-16,4753,16340006.632391691,5031811.999190059,0,0,6,16,33,8,3,1,958,5183.0,17611670.302470375,4758.0,16401337.54668174,5937.0,18416817.42468701,5015.0,17203842.876062095,4488.0,352.24896498547787,15373303.719101058,4877.857142857143,522.1197706896926,15904837.23607553,4764.821428571428,493.51370978527956,15869094.67398685
2020-08-17,4243,14426039.73156369,4405951.846442989,0,0,0,17,34,8,3,0,959,4753.0,16340006.632391691,4333.0,14937444.40667292,5276.0,16029023.04258358,4514.0,15458300.101014506,4487.285714285715,351.6147106733616,15364542.159916764,4793.285714285715,424.0456123092007,15756493.608054433,4755.464285714285,491.0723324666979,15838243.37957005
2020-08-18,4211,14585741.661991268,4496733.237970832,0,0,1,18,34,8,3,0,960,4243.0,14426039.73156369,4277.0,14650113.676235126,5262.0,16218729.671262411,4491.0,15419073.046518262,4474.428571428572,359.74799380625615,15291484.349186877,4719.5,423.46296723018116,15641994.800124442,4745.785714285715,498.6201966718736,15801376.937803948
2020-08-19,4284,14582726.312483495,4482223.058357856,0,0,2,19,34,8,3,0,961,4211.0,14585741.661991268,4298.0,14768379.240120444,5210.0,15849598.8828971,4476.0,15399884.068743624,4465.0,366.5846878053425,15282288.34715204,4644.428571428572,412.9199427502689,15525352.799462218,4735.785714285715,506.6621605898178,15771615.102642268
2020-08-20,4240,14356442.602599531,4442932.490025109,0,0,3,20,34,8,3,0,962,4284.0,14582726.312483495,4295.0,14647588.281422954,5189.0,16065785.237247815,4507.0,15461255.522466136,4463.0,367.6841942029515,15255766.50034676,4578.285714285715,388.8174237492405,15434861.901575532,4728.928571428572,511.5836652599884,15742430.897061551
2020-08-21,4142,14183158.063990572,4333646.622601692,0,0,4,21,34,8,3,0,963,4240.0,14356442.602599531,4272.0,14596592.580103848,5188.0,15952855.66548934,4465.0,15397982.547522737,4455.142857142857,372.42960344717045,15214174.260514842,4510.5,355.44809206669663,15312765.999100653,4719.392857142857,518.3176017109428,15702973.292780602
2020-08-22,4692,16059808.450537238,4935185.854989269,0,0,5,22,34,8,3,1,964,4142.0,14183158.063990572,5183.0,17611670.302470375,4812.0,16521785.34718272,4921.0,17146646.37870565,4436.571428571428,386.07549224768576,15155112.186784374,4435.785714285715,308.9807508496515,15186359.027565027,4707.857142857143,527.698547102182,15659586.704083024
2020-08-23,4602,15654125.11700812,4800952.064633152,0,0,6,23,34,8,3,1,965,4692.0,16059808.450537238,4753.0,16340006.632391691,4758.0,16401337.54668174,4931.0,16991985.311168388,4366.428571428572,247.6468299432877,14933417.636508211,4427.214285714285,299.2527047809117,15153360.677804634,4699.678571428572,526.0447842906176,15620771.063791294
2020-08-24,4076,13978347.375001006,4296707.454276195,0,0,0,24,35,8,3,0,966,4602.0,15654125.11700812,4243.0,14426039.73156369,4333.0,14937444.40667292,4356.0,15030697.75142712,4344.857142857143,212.4354243618913,14835434.562881988,4416.071428571428,288.7067887842617,15099988.361399377,4687.928571428572,524.358156406929,15572990.342571286
2020-08-25,4063,14093837.098220304,4314425.505058253,0,0,1,25,35,8,3,0,967,4076.0,13978347.375001006,4211.0,14585741.661991268,4277.0,14650113.676235126,4318.0,14699028.04151586,4321.0,234.0576851974901,14771478.511944462,4397.714285714285,302.2480969136494,15031481.430565668,4677.928571428572,533.5128120625762,15535406.400556067
2020-08-26,4194,14389878.718019873,4443688.047690619,0,0,2,26,35,8,3,0,968,4063.0,14093837.098220304,4284.0,14582726.312483495,4298.0,14768379.240120444,4370.0,15022456.63367047,4299.857142857143,251.67202769441204,14701206.431405753,4382.428571428572,314.005319476202,14991747.389278894,4668.821428571428,541.9934435554917,15513792.438295512
2020-08-27,4172,14299231.715327494,4393988.079518298,0,0,3,27,35,8,3,0,969,4194.0,14389878.718019873,4240.0,14356442.602599531,4295.0,14647588.281422954,4356.0,14913174.29971561,4287.0,254.89540338474924,14673656.775053808,4375.0,317.36850699270775,14964711.637700284,4662.535714285715,546.58844170287,15491200.369879419
2020-08-28,4180,14400643.139779888,4422137.9496462,0,0,4,28,35,8,3,0,970,4172.0,14299231.715327494,4142.0,14183158.063990572,4272.0,14596592.580103848,4400.0,15018284.039361924,4277.285714285715,258.2587296270521,14665483.7911578,4366.214285714285,321.43002075377086,14939829.02583632,4655.964285714285,551.4943659859844,15469273.849008413
2020-08-29,4661,15874662.137408102,4864598.147233782,0,0,5,29,35,8,3,1,971,4180.0,14400643.139779888,4692.0,16059808.450537238,5183.0,17611670.302470375,6005.0,18504318.948682,4282.714285714285,255.3237906957467,14696553.087699132,4359.642857142857,324.43076946528305,14925832.637241753,4648.107142857143,556.81763350681,15447215.245451912
2020-08-30,4562,15712889.85500209,4856822.27387899,0,0,6,30,35,8,3,1,972,4661.0,15874662.137408102,4602.0,15654125.11700812,4753.0,16340006.632391691,5937.0,18416817.42468701,4278.285714285715,247.18057790863224,14670103.614394972,4322.357142857143,242.0672529382426,14801760.625451593,4600.107142857143,489.35841135296926,15353298.93076356
2020-08-31,4135,14102032.109125216,4318380.475610024,0,0,0,31,36,8,3,0,973,4562.0,15712889.85500209,4076.0,13978347.375001006,4243.0,14426039.73156369,5276.0,16029023.04258358,4272.571428571428,238.76896583858286,14678498.576965537,4308.714285714285,220.33625651280897,14756966.56992376,4551.0,413.3146053104826,15256730.088989098
2020-09-01,4136,14124020.172177233,4345553.384852048,0,0,1,1,36,9,3,0,974,4135.0,14102032.109125216,4063.0,14093837.098220304,4211.0,14585741.661991268,5262.0,16218729.671262411,4281.0,231.60742647852916,14696167.824697567,4301.0,224.66213949637685,14733823.168321013,4510.25,395.03010902592484,15187908.984222727
2020-09-02,4117,14135079.13853368,4326993.677611174,0,0,2,2,36,9,3,0,975,4136.0,14124020.172177233,4194.0,14389878.718019873,4284.0,14582726.312483495,5210.0,15849598.8828971,4291.428571428572,221.58208196428316,14700479.692405699,4295.642857142857,227.84495644151718,14700843.061905725,4470.035714285715,372.3285568322705,15113097.930683972
2020-09-03,4095,14094352.63199352,4318057.15893299,0,0,3,3,36,9,3,0,976,4117.0,14135079.13853368,4172.0,14299231.715327494,4240.0,14356442.602599531,5189.0,16065785.237247815,4280.428571428572,229.01154057010524,14664079.7524791,4283.714285714285,232.8186579132789,14668868.263766453,4431.0,348.4033422470083,15051865.08267099
2020-09-04,4164,14233983.63344948,4378891.48752746,0,0,4,4,36,9,3,0,977,4095.0,14094352.63199352,4180.0,14400643.139779888,4142.0,14183158.063990572,5188.0,15952855.66548934,4269.428571428572,236.80431945868926,14634811.312002819,4273.357142857143,238.07872232098183,14650147.55158031,4391.928571428572,320.4730217537115,14981456.775340483
2020-09-05,4537,15530023.013227256,4761876.799258807,0,0,5,5,36,9,3,1,978,4164.0,14233983.63344948,4661.0,15874662.137408102,4692.0,16059808.450537238,4812.0,16521785.34718272,4267.142857142857,237.88612722018237,14611002.811098473,4274.928571428572,237.2160535123396,14653777.949398803,4355.357142857143,282.43336995759853,14920068.488481915
2020-09-06,4528,15632224.661751265,4821605.7292082,0,0,6,6,36,9,3,1,979,4537.0,15530023.013227256,4562.0,15712889.85500209,4602.0,15654125.11700812,4758.0,16401337.54668174,4249.428571428572,206.1721425919604,14561768.650501208,4263.857142857143,219.184803355505,14615936.13244809,4345.535714285715,270.49494855868284,14884648.405126363
2020-09-07,4135,14142011.010629809,4336135.495037757,0,0,0,7,37,9,3,0,980,4528.0,15632224.661751265,4135.0,14102032.109125216,4076.0,13978347.375001006,4333.0,14937444.40667292,4244.571428571428,197.81208013573465,14550245.05146538,4258.571428571428,211.14803931248804,14614371.814215457,4337.321428571428,260.82490984927205,14857180.087807417
2020-09-08,4051,13718893.255929433,4166010.12244736,0,0,1,8,37,9,3,0,981,4135.0,14142011.010629809,4136.0,14124020.172177233,4063.0,14093837.098220304,4277.0,14650113.676235126,4244.571428571428,197.81208013573465,14555956.323108891,4262.785714285715,207.78582855783003,14626062.07390323,4330.25,263.61554849326455,14828771.75223445
2020-09-09,4046,13825720.422872812,4218968.458641269,0,0,2,9,37,9,3,0,982,4051.0,13718893.255929433,4117.0,14135079.13853368,4194.0,14389878.718019873,4298.0,14768379.240120444,4232.428571428572,207.93737610386376,14498081.049359206,4261.928571428572,208.6961222174117,14599280.370882453,4322.178571428572,268.716848576698,14795513.880080674
2020-09-10,4082,14044432.492307426,4323107.340544315,0,0,3,10,37,9,3,0,983,4046.0,13825720.422872812,4095.0,14094352.63199352,4172.0,14299231.715327494,4295.0,14647588.281422954,4222.285714285715,216.07846899196628,14453886.947121939,4251.357142857143,216.02158266209852,14558983.349800522,4313.178571428572,273.7299363283552,14761847.493750399
2020-09-11,4187,14333180.93033192,4409862.917411685,0,0,4,11,37,9,3,0,984,4082.0,14044432.492307426,4164.0,14233983.63344948,4180.0,14400643.139779888,4272.0,14596592.580103848,4220.428571428572,217.40657544707892,14446755.498595355,4244.928571428572,219.8697041731777,14540783.405299086,4305.571428571428,277.1916610059081,14740306.215567704
2020-09-12,4618,15777077.19807454,4843467.932145197,0,0,5,12,37,9,3,1,985,4187.0,14333180.93033192,4537.0,15530023.013227256,4661.0,15874662.137408102,5183.0,17611670.302470375,4223.714285714285,216.5838669628437,14460926.541007131,4245.428571428572,219.71860125232362,14535964.676052803,4302.535714285715,278.0370987959622,14730898.656647278
2020-09-13,4515,15477437.339402262,4790180.042288092,0,0,6,13,37,9,3,1,986,4618.0,15777077.19807454,4528.0,15632224.661751265,4562.0,15712889.85500209,4753.0,16340006.632391691,4235.285714285715,237.2858432957574,14496219.995985316,4242.357142857143,213.68006535398726,14528994.323243262,4282.357142857143,227.72013595081515,14665377.474347426
2020-09-14,4012,13688509.365397817,4214232.17716986,0,0,0,14,38,9,3,0,987,4515.0,15477437.339402262,4135.0,14142011.010629809,4135.0,14102032.109125216,4243.0,14426039.73156369,4233.428571428572,234.64928236475185,14474107.52136403,4239.0,208.58018196297152,14512176.286414703,4273.857142857143,213.49988538216712,14634571.428169232
2020-09-15,4036,13917935.421073262,4277622.0523545,0,0,1,15,38,9,3,0,988,4012.0,13688509.365397817,4051.0,13718893.255929433,4136.0,14124020.172177233,4211.0,14585741.661991268,4215.857142857143,247.501803745246,14409321.572045173,4230.214285714285,215.7645363929147,14482638.947577031,4265.607142857143,219.12542312155043,14608231.057949023
2020-09-16,4086,13822361.503736148,4238573.541343081,0,0,2,16,38,9,3,0,989,4036.0,13917935.421073262,4046.0,13825720.422872812,4117.0,14135079.13853368,4284.0,14582726.312483495,4213.714285714285,249.22594453342705,14437756.16706572,4223.071428571428,220.72170583924424,14467918.608212462,4259.357142857143,223.19850229911688,14584380.835059095
2020-09-17,4091,14145851.747086711,4320359.637916587,0,0,3,17,38,9,3,0,990,4086.0,13822361.503736148,4082.0,14044432.492307426,4095.0,14094352.63199352,4240.0,14356442.602599531,4219.428571428572,245.165153276235,14437276.321474766,4220.857142857143,222.01935367577283,14445581.634298354,4252.285714285715,225.5133825613974,14557224.949032405
2020-09-18,4079,13790839.106444111,4212471.7377863,0,0,4,18,38,9,3,0,991,4091.0,14145851.747086711,4187.0,14333180.93033192,4164.0,14233983.63344948,4142.0,14183158.063990572,4220.714285714285,244.34655327064777,14451764.786443237,4220.571428571428,222.19627992655796,14449260.142519295,4246.964285714285,227.56268686896786,14549703.847049803
2020-09-19,4443,15160016.2884686,4666875.612128959,0,0,5,19,38,9,3,1,992,4079.0,13790839.106444111,4618.0,15777077.19807454,4537.0,15530023.013227256,4692.0,16059808.450537238,4205.285714285715,250.17041810582973,14374287.383030694,4214.5,225.00452986896312,14417606.96201891,4244.714285714285,228.9461940901339,14535692.455708858
2020-09-20,4477,15422345.348408476,4707917.773581429,0,0,6,20,38,9,3,1,993,4443.0,15160016.2884686,4515.0,15477437.339402262,4528.0,15632224.661751265,4602.0,15654125.11700812,4180.285714285715,207.0875131321198,14286135.824515557,4207.785714285715,215.8572101294048,14391177.910250438,4235.821428571428,215.36189242526677,14503557.021349264
2020-09-21,3973,13626912.68932082,4159173.3927479754,0,0,0,21,39,9,3,0,994,4477.0,15422345.348408476,4012.0,13688509.365397817,4135.0,14142011.010629809,4076.0,13978347.375001006,4174.857142857143,197.10862366679282,14278265.540087875,4204.142857142857,210.39883633158541,14376186.530725952,4231.357142857143,208.68214608642393,14495279.172470704
2020-09-22,3997,13744722.110342082,4217503.18502615,0,0,1,22,39,9,3,0,995,3973.0,13626912.68932082,4036.0,13917935.421073262,4051.0,13718893.255929433,4063.0,14093837.098220304,4169.285714285715,202.94392845129906,14269466.014934018,4192.571428571428,218.78184226646817,14339393.793489596,4227.678571428572,212.39691243682404,14482727.933696413
2020-09-23,3963,13633638.528162291,4209093.26444624,0,0,2,23,39,9,3,0,996,3997.0,13744722.110342082,4086.0,13822361.503736148,4046.0,13825720.422872812,4194.0,14389878.718019873,4163.714285714285,207.6926529640518,14244721.256258134,4188.714285714285,221.92321214313623,14341238.711661926,4225.321428571428,214.64648862574617,14470259.54127219
2020-09-24,4045,13743896.169560296,4195838.743824659,0,0,3,24,39,9,3,0,997,3963.0,13633638.528162291,4091.0,14145851.747086711,4082.0,14044432.492307426,4172.0,14299231.715327494,4146.142857142857,220.1903938045837,14217760.831176156,4182.785714285715,227.07781742136478,14327518.576325461,4217.071428571428,220.26077618088758,14443250.96306299
2020-09-25,4007,13730736.744057402,4229956.388919313,0,0,4,25,39,9,3,0,998,4045.0,13743896.169560296,4079.0,13790839.106444111,4187.0,14333180.93033192,4180.0,14400643.139779888,4139.571428571428,222.7815500611019,14160338.605815237,4180.142857142857,228.55157880846014,14306051.696129238,4212.535714285715,222.51932619235137,14423417.550714163
2020-09-26,4390,15000289.333560493,4589325.587830468,0,0,5,26,39,9,3,1,999,4007.0,13730736.744057402,4443.0,15160016.2884686,4618.0,15777077.19807454,4661.0,15874662.137408102,4129.285714285715,227.65303591631073,14151752.554045709,4167.285714285715,233.15278205553483,14263019.9685382,4206.357142857143,225.83330697591998,14399492.322295504
2020-09-27,4402,15079507.59446537,4625812.84247546,0,0,6,27,39,9,3,1,1000,4390.0,15000289.333560493,4477.0,15422345.348408476,4515.0,15477437.339402262,4562.0,15712889.85500209,4121.714285714285,216.06689881125502,14128934.417630266,4151.0,205.5813520427101,14207535.121072913,4196.678571428572,210.94321749060487,14368264.722158087
2020-09-28,3899,13296368.619610377,4086694.608898599,0,0,0,28,40,9,3,0,1001,4402.0,15079507.59446537,3973.0,13626912.68932082,4012.0,13688509.365397817,4135.0,14102032.109125216,4111.0,196.4849442917746,14079957.595638394,4142.928571428572,191.9577134065739,14179111.567863135,4190.964285714285,202.68594245738632,14345643.927138919
2020-09-29,3858,13149667.980115231,4029980.811164945,0,0,1,29,40,9,3,0,1002,3899.0,13296368.619610377,3997.0,13744722.110342082,4036.0,13917935.421073262,4136.0,14124020.172177233,4100.428571428572,206.86376929667412,14032737.014251187,4134.857142857143,200.08992483879558,14151101.514592603,4182.535714285715,209.87870961896166,14316870.231084818
2020-09-30,3902,13346282.068170572,4077366.812088831,0,0,2,30,40,9,3,0,1003,3858.0,13149667.980115231,3963.0,13633638.528162291,4086.0,13822361.503736148,4117.0,14135079.13853368,4080.5714285714284,224.3768089196412,13947729.281361638,4122.142857142857,212.14684940932526,14096225.268809887,4172.607142857143,218.5577878130961,14282071.938511174
2020-10-01,3897,13311254.561339974,4068432.16401981,0,0,3,1,40,10,4,0,1004,3902.0,13346282.068170572,4045.0,13743896.169560296,4091.0,14145851.747086711,4095.0,14094352.63199352,4071.8571428571427,230.79675660015621,13906678.358505677,4109.0,220.10836491989556,14062219.594840916,4164.928571428572,224.28552050676936,14253900.614569634
2020-10-02,4240,14320174.8511965,4345356.550880273,0,1,4,2,40,10,4,0,1005,3897.0,13311254.561339974,4007.0,13730736.744057402,4079.0,13790839.106444111,4164.0,14233983.63344948,4050.714285714286,240.2524465957573,13844872.414474202,4095.1428571428573,227.31741858297352,14002605.510144722,4157.857142857143,229.62960744153705,14225932.826332007
2020-10-03,4457,15233806.902591478,4676957.113236412,0,0,5,3,40,10,4,1,1006,4240.0,14320174.8511965,4390.0,15000289.333560493,4443.0,15160016.2884686,4537.0,15530023.013227256,4084.0,249.16192860602806,13929077.858351218,4106.642857142857,230.4883134507698,14040415.206198465,4160.571428571428,230.15347996200737,14229011.084108686
2020-10-04,4391,15180922.97442183,4640359.159700236,0,0,6,4,40,10,4,1,1007,4457.0,15233806.902591478,4402.0,15079507.59446537,4477.0,15422345.348408476,4528.0,15632224.661751265,4093.5714285714284,263.7365207569119,13962437.511069927,4107.642857142857,232.08473490482268,14045685.964350095,4157.714285714285,225.76206044529656,14218431.937300267
2020-10-05,3931,13415007.422044678,4130410.383149801,0,0,0,5,41,10,4,0,1008,4391.0,15180922.97442183,3899.0,13296368.619610377,3973.0,13626912.68932082,4135.0,14142011.010629809,4092.0,261.61676806608165,13976925.422492279,4101.5,222.49658597211908,14028441.509065336,4152.821428571428,218.81753832671387,14202314.019895645
2020-10-06,3962,13439608.11423327,4115642.572899937,0,0,1,6,41,10,4,0,1009,3931.0,13415007.422044678,3858.0,13149667.980115231,3997.0,13744722.110342082,4051.0,13718893.255929433,4096.571428571428,257.93594627535145,13993873.822840037,4098.5,224.63534553038699,14013305.418545613,4145.535714285715,222.7929585533399,14176349.606017603
2020-10-07,3922,13422189.083474988,4079914.571951092,0,0,2,7,41,10,4,0,1010,3962.0,13439608.11423327,3902.0,13346282.068170572,3963.0,13633638.528162291,4046.0,13825720.422872812,4111.428571428572,244.5518739401264,14035293.841999756,4096.0,226.04220164185026,13991511.561680699,4142.357142857143,224.81732737453436,14166375.136671314
2020-10-08,3873,13326516.603665523,4085581.525664171,0,0,3,8,41,10,4,0,1011,3922.0,13422189.083474988,3897.0,13311254.561339974,4045.0,13743896.169560296,4082.0,14044432.492307426,4114.285714285715,241.79861750758585,14046137.701328961,4093.0714285714284,228.15361366541947,13976408.029917318,4137.928571428572,227.98471822916034,14151963.30312139
2020-10-09,3872,13217858.970901772,4041300.037348121,0,0,4,9,41,10,4,0,1012,3873.0,13326516.603665523,4240.0,14320174.8511965,4007.0,13730736.744057402,4187.0,14333180.93033192,4110.857142857143,245.53440259391607,14048317.993089752,4080.785714285714,235.4554272931008,13946595.203781977,4130.464285714285,233.24434527587698,14126323.449955607
2020-10-10,4351,14865415.960822005,4544851.277871469,0,0,5,10,41,10,4,1,1013,3872.0,13217858.970901772,4457.0,15233806.902591478,4390.0,15000289.333560493,4618.0,15777077.19807454,4058.285714285714,252.5705936207019,13890844.295904791,4071.1428571428573,241.39908136431507,13909961.077128004,4119.214285714285,237.96535028551085,14086490.522833103
2020-10-11,4436,15146863.022407636,4664693.695836877,0,0,6,11,41,10,4,1,1014,4351.0,14865415.960822005,4391.0,15180922.97442183,4402.0,15079507.59446537,4515.0,15477437.339402262,4043.1428571428573,226.51521550913978,13838217.018509153,4068.3571428571427,237.63210322583794,13900327.26478954,4109.678571428572,222.05555754116716,14053931.192931226
2020-10-12,3909,13375913.481284097,4139842.5431438135,0,0,0,12,42,10,4,0,1015,4436.0,15146863.022407636,3931.0,13415007.422044678,3899.0,13296368.619610377,4012.0,13688509.365397817,4049.5714285714284,238.36166997714798,13833351.311078554,4070.785714285714,241.44729591220408,13905138.366785416,4106.857142857143,217.162801924456,14042124.967324276
2020-10-13,3967,13518649.070139864,4137488.449035753,0,0,1,13,42,10,4,0,1016,3909.0,13375913.481284097,3962.0,13439608.11423327,3858.0,13149667.980115231,4036.0,13917935.421073262,4046.4285714285716,240.32260064538562,13827766.462398471,4071.5,240.91420432629656,13910820.142619254,4103.178571428572,219.686823147289,14030960.828605926
2020-10-14,3931,13360835.806229874,4099445.6535137766,0,0,2,14,42,10,4,0,1017,3967.0,13518649.070139864,3922.0,13422189.083474988,3902.0,13346282.068170572,4086.0,13822361.503736148,4047.1428571428573,240.03710030705386,13839058.027527984,4079.285714285714,235.1766696211264,13937175.93476387,4100.714285714285,220.8521974572386,14016700.601786878
2020-10-15,3881,13183998.894810868,4018052.674963164,0,0,3,15,42,10,4,0,1018,3931.0,13360835.806229874,3873.0,13326516.603665523,3897.0,13311254.561339974,4091.0,14145851.747086711,4048.4285714285716,239.27798139603544,13830293.273635823,4081.3571428571427,233.6175728186747,13938215.487482393,4095.1785714285716,223.16511966460763,14000217.541161655
2020-10-16,3879,13168393.909337614,4022854.439591093,0,0,4,16,42,10,4,0,1019,3881.0,13183998.894810868,3872.0,13217858.970901772,4240.0,14320174.8511965,4079.0,13790839.106444111,4049.5714285714284,238.31761519932763,13809933.600942302,4080.214285714286,234.62578341217466,13929125.797016026,4087.6785714285716,226.80976750333895,13965865.653580373
2020-10-17,4430,15185887.652521849,4636310.571538528,0,0,5,17,42,10,4,1,1020,3879.0,13168393.909337614,4351.0,14865415.960822005,4457.0,15233806.902591478,4443.0,15160016.2884686,4050.5714285714284,237.4614755722735,13802867.163575994,4054.4285714285716,235.5496727904065,13846855.729740392,4080.535714285714,230.21688359471278,13943635.467969429
2020-10-18,4367,14804382.228041198,4518535.035608588,0,0,6,18,42,10,4,1,1021,4430.0,15185887.652521849,4436.0,15146863.022407636,4391.0,15180922.97442183,4477.0,15422345.348408476,4061.8571428571427,255.3249097205725,13848648.833818827,4052.5,232.0851136975814,13843432.92616399,4080.0714285714284,229.47071604849182,13944559.445257043
2020-10-19,3904,13518762.999379013,4143473.883484745,0,0,0,19,43,10,4,0,1022,4367.0,14804382.228041198,3909.0,13375913.481284097,3931.0,13415007.422044678,3973.0,13626912.68932082,4052.0,239.3024585470775,13799723.006052194,4050.785714285714,229.466330217128,13816537.158565374,4076.1428571428573,223.28170452752644,13922489.333815355
2020-10-20,3899,13205101.638816103,4046952.6663076263,0,0,1,20,43,10,4,0,1023,3904.0,13518762.999379013,3967.0,13518649.070139864,3962.0,13439608.11423327,3997.0,13744722.110342082,4051.285714285714,239.8073631658972,13820130.080065753,4048.8571428571427,230.66087566047898,13823948.271232111,4073.6785714285716,224.83756335225203,13918626.844888864
2020-10-21,3809,13026164.567882149,4015206.43866961,0,0,2,21,43,10,4,0,1024,3899.0,13205101.638816103,3931.0,13360835.806229874,3922.0,13422189.083474988,3963.0,13633638.528162291,4041.5714285714284,245.10940220160512,13775337.589876646,4044.3571428571427,233.08750655988672,13807197.808702316,4070.1785714285716,226.82936212890868,13899354.685191507
2020-10-22,3943,13451108.552591609,4089325.953385418,0,0,3,22,43,10,4,0,1025,3809.0,13026164.567882149,3881.0,13183998.894810868,3873.0,13326516.603665523,4045.0,13743896.169560296,4024.1428571428573,258.26628930327996,13727527.412969828,4036.285714285714,239.51824358701523,13778910.343302827,4064.6785714285716,231.3464699394336,13877659.186610073
2020-10-23,3891,13245402.857933547,4057144.7329945993,0,0,4,23,43,10,4,0,1026,3943.0,13451108.552591609,3879.0,13168393.909337614,3872.0,13217858.970901772,4007.0,13730736.744057402,4033.0,253.55932902053235,13765685.935509933,4041.285714285714,236.55977568586565,13787809.768226117,4061.035714285714,232.4681550700896,13867202.486004049
2020-10-24,4311,14814490.841651067,4533553.277046137,0,0,5,24,43,10,4,1,1027,3891.0,13245402.857933547,4430.0,15185887.652521849,4351.0,14865415.960822005,4390.0,15000289.333560493,4034.714285714286,252.382457318083,13776687.213880781,4042.6428571428573,235.56629220242354,13789777.188728388,4056.8928571428573,234.49162336546172,13849869.132928194
2020-10-25,4329,14728860.061793046,4509052.5204361845,0,0,6,25,43,10,4,1,1028,4311.0,14814490.841651067,4367.0,14804382.228041198,4436.0,15146863.022407636,4402.0,15079507.59446537,4017.714285714286,223.69675477138125,13723630.526613528,4039.785714285714,231.75025635088514,13786139.680216178,4054.0714285714284,230.7811097878654,13843233.47250286
2020-10-26,3958,13550355.519850573,4112752.10573708,0,0,0,26,44,10,4,0,1029,4329.0,14728860.061793046,3904.0,13518762.999379013,3909.0,13375913.481284097,3899.0,13296368.619610377,4012.285714285714,214.06129518258908,13712841.645720933,4032.1428571428573,219.09739918513455,13756282.325886564,4051.464285714286,227.0877595316372,13830710.34633599
2020-10-27,3894,13313692.483367452,4068902.603848013,0,0,1,27,44,10,4,0,1030,3958.0,13550355.519850573,3899.0,13205101.638816103,3967.0,13518649.070139864,3858.0,13149667.980115231,4020.0,210.45110279272956,13717354.862931158,4035.6428571428573,217.3634344534112,13768742.471498456,4053.5714285714284,225.89122727729978,13839781.307058854
2020-10-28,3873,13077906.752822189,3986847.1962917657,0,0,2,28,44,10,4,0,1031,3894.0,13313692.483367452,3809.0,13026164.567882149,3931.0,13360835.806229874,3902.0,13346282.068170572,4019.285714285714,210.93815387907924,13732867.840724206,4030.4285714285716,219.99640356705262,13754102.715300426,4054.8571428571427,224.83684854935723,13845639.325032149
2020-10-29,3852,13098088.66847521,3984691.650760659,0,0,3,29,44,10,4,0,1032,3873.0,13077906.752822189,3943.0,13451108.552591609,3881.0,13183998.894810868,3897.0,13311254.561339974,4028.4285714285716,201.479409322545,13740259.581429927,4026.285714285714,222.54418008101698,13733893.497199876,4053.8214285714284,225.6324532691432,13836054.492341135
2020-10-30,3898,13232166.807338804,4085372.528858,0,0,4,30,44,10,4,0,1033,3852.0,13098088.66847521,3891.0,13245402.857933547,3879.0,13168393.909337614,4240.0,14320174.8511965,4015.4285714285716,210.63780694427837,13689828.169413298,4024.214285714286,224.12983138953504,13727757.052461615,4052.214285714286,226.94727028995445,13828441.424738823
2020-10-31,4371,14889819.60937065,4552251.446096126,0,0,5,31,44,10,4,1,1034,3898.0,13232166.807338804,4311.0,14814490.841651067,4430.0,15185887.652521849,4457.0,15233806.902591478,4016.4285714285716,209.9641692788599,13687937.30504262,4025.5714285714284,223.23864921987536,13732312.2594617,4040.0,225.66592811301692,13789583.994601047
2020-11-01,4812,16382516.874803102,5001062.1662167525,0,1,6,1,44,11,4,1,1035,4371.0,14889819.60937065,4329.0,14728860.061793046,4367.0,14804382.228041198,4391.0,15180922.97442183,4025.0,224.70128318876135,13698698.557573989,4021.3571428571427,215.4371609766767,13711164.542093758,4036.9285714285716,220.301633048436,13777298.734128876
2020-11-02,3876,13104882.162552508,4003097.375893157,0,0,0,2,45,11,4,0,1036,4812.0,16382516.874803102,3958.0,13550355.519850573,3904.0,13518762.999379013,3931.0,13415007.422044678,4094.0,364.36474399518295,13934935.245146856,4053.1428571428573,290.2086403694318,13823888.445433894,4051.964285714286,256.7189675635138,13820212.801999632
2020-11-03,3961,13533256.1248746,4148431.407933248,0,0,1,3,45,11,4,0,1037,3876.0,13104882.162552508,3894.0,13313692.483367452,3899.0,13205101.638816103,3962.0,13439608.11423327,4082.285714285714,370.7284335313115,13871296.194104273,4051.1428571428573,291.40953396128924,13794325.528517714,4050.0,257.88656708227285,13809136.899874914
2020-11-04,3901,13341844.38054218,4098001.8226520848,0,0,2,4,45,11,4,0,1038,3961.0,13533256.1248746,3873.0,13077906.752822189,3809.0,13026164.567882149,3922.0,13422189.083474988,4091.8571428571427,365.8904337692065,13902662.428605294,4055.5714285714284,289.3836193029908,13817765.13466475,4049.964285714286,257.8992743578079,13812481.471683532
2020-11-05,3863,13197203.403949194,4018552.3043428254,0,0,3,5,45,11,4,0,1039,3901.0,13341844.38054218,3852.0,13098088.66847521,3943.0,13451108.552591609,3873.0,13326516.603665523,4095.8571428571427,363.2425399882995,13940367.803993866,4062.1428571428573,284.35456121457844,13840313.692711893,4049.214285714286,258.3153910819861,13809612.018007362
2020-11-06,3919,13329831.695009094,4078338.032517892,0,0,4,6,45,11,4,0,1040,3863.0,13197203.403949194,3898.0,13232166.807338804,3891.0,13245402.857933547,3872.0,13217858.970901772,4097.428571428572,362.0335422502924,13954527.051918719,4056.4285714285716,287.716932013137,13822177.610666009,4048.8571428571427,258.5748282392158,13804993.689446064
2020-11-07,4383,15011702.536679856,4592525.626536253,0,0,5,7,45,11,4,1,1041,3919.0,13329831.695009094,4371.0,14889819.60937065,4311.0,14814490.841651067,4351.0,14865415.960822005,4100.428571428572,360.18784781596145,13968479.178728761,4058.4285714285716,286.5735814453884,13828208.24188569,4050.535714285714,257.5346768657726,13808992.71530704
2020-11-08,4357,14915641.933544328,4537543.833809228,0,0,6,8,45,11,4,1,1042,4383.0,15011702.536679856,4812.0,16382516.874803102,4329.0,14728860.061793046,4436.0,15146863.022407636,4102.142857142857,361.7155551772018,13985891.025487218,4063.5714285714284,292.0486561900885,13842294.791530604,4051.6785714285716,258.9843486721562,13814217.235873392
2020-11-09,3910,13480291.068517176,4134053.4257419,0,0,0,9,46,11,4,0,1043,4357.0,14915641.933544328,3876.0,13104882.162552508,3958.0,13550355.519850573,3909.0,13375913.481284097,4037.1428571428573,229.67689520386122,13776337.462450251,4065.5714285714284,294.0948863850255,13855636.353798553,4048.8571428571427,255.0427290686637,13805959.339842558
2020-11-10,3885,13300199.576039895,4069994.847795376,0,0,1,10,46,11,4,0,1044,3910.0,13480291.068517176,3961.0,13533256.1248746,3894.0,13313692.483367452,3967.0,13518649.070139864,4042.0,226.0317086900476,13829967.30615949,4062.1428571428573,295.7207250984723,13850631.75013188,4048.8928571428573,255.02248837449164,13809687.11081517
2020-11-11,3939,13426045.2054761,4095671.135989901,0,0,2,11,46,11,4,0,1045,3885.0,13300199.576039895,3901.0,13341844.38054218,3873.0,13077906.752822189,3931.0,13360835.806229874,4031.1428571428573,232.30901013625262,13796673.513468819,4061.5,296.123869611798,13849667.971037056,4045.964285714286,256.46449211203463,13801885.343168741
2020-11-12,3902,13270225.216571411,4049567.9136819495,0,0,3,12,46,11,4,0,1046,3939.0,13426045.2054761,3863.0,13197203.403949194,3852.0,13098088.66847521,3881.0,13183998.894810868,4036.5714285714284,229.18395605778122,13808702.202745091,4066.214285714286,293.4049914555099,13874535.003369479,4046.25,256.336096647434,13804214.250284677
2020-11-13,3878,13294831.81389691,4042445.8038352816,0,0,4,13,46,11,4,0,1047,3902.0,13270225.216571411,3919.0,13329831.695009094,3898.0,13232166.807338804,3879.0,13168393.909337614,4042.1428571428573,224.69121668893084,13819133.890262553,4069.785714285714,290.89045746084037,13886830.471090635,4047.0,255.86498175578276,13807293.761776125
2020-11-14,4385,14953228.636119395,4629258.766440605,0,0,5,14,46,11,4,1,1048,3878.0,13294831.81389691,4383.0,15011702.536679856,4371.0,14889819.60937065,4430.0,15185887.652521849,4036.285714285714,228.93064035914327,13814133.907246526,4068.3571428571427,291.8465368972534,13891306.542987643,4046.964285714286,255.8893687663034,13811809.401224671
2020-11-15,4412,15121835.032944877,4636447.60283463,0,0,6,15,46,11,4,1,1049,4385.0,14953228.636119395,4357.0,14915641.933544328,4812.0,16382516.874803102,4367.0,14804382.228041198,4036.5714285714284,229.4361618859627,13805780.492880747,4069.3571428571427,292.9850631905421,13895835.759183982,4045.3571428571427,253.52495885396164,13803500.150638869
2020-11-16,3907,13513575.175487204,4144508.8549825526,0,0,0,16,47,11,4,0,1050,4412.0,15121835.032944877,3910.0,13480291.068517176,3876.0,13104882.162552508,3904.0,13518762.999379013,4044.4285714285716,242.79130760311057,13835236.649937967,4040.785714285714,227.08526984425777,13805787.05619411,4046.964285714286,255.77210373224287,13814837.750814002
2020-11-17,3876,13288016.8983823,4087477.7987990906,0,0,1,17,47,11,4,0,1051,3907.0,13513575.175487204,3885.0,13300199.576039895,3961.0,13533256.1248746,3899.0,13205101.638816103,4044.0,243.07063445291485,13839991.522362256,4043.0,225.50046904270744,13834979.414260874,4047.0714285714284,255.71061893264974,13814652.471389294
2020-11-18,3936,13496850.603052633,4145969.9155019512,0,0,2,18,47,11,4,0,1052,3876.0,13288016.8983823,3939.0,13426045.2054761,3901.0,13341844.38054218,3809.0,13026164.567882149,4042.714285714286,244.07356424224642,13838251.13983974,4036.9285714285716,228.99528523391123,13817462.32665428,4046.25,256.24028436865956,13817613.730659517
2020-11-19,3981,13491247.07044687,4145513.749488317,0,0,3,19,47,11,4,0,1053,3936.0,13496850.603052633,3902.0,13270225.216571411,3863.0,13197203.403949194,3943.0,13451108.552591609,4042.285714285714,244.288568627175,13848366.196636392,4039.4285714285716,227.58386933708022,13828534.199690742,4050.785714285714,252.98856029514414,13834423.946201319
2020-11-20,4798,14708584.829354992,3336577.0600805297,400,0,4,20,47,11,4,0,1054,3981.0,13491247.07044687,3878.0,13294831.81389691,3919.0,13329831.695009094,3891.0,13245402.857933547,4053.5714285714284,238.48330279978683,13879940.747190027,4047.8571428571427,222.67943746145767,13849537.318726288,4052.1428571428573,252.49036861509072,13835857.464696148
2020-11-21,5386,16449426.162066769,3718935.102853415,400,0,5,21,47,11,4,1,1055,4798.0,14708584.829354992,4385.0,14953228.636119395,4383.0,15011702.536679856,4311.0,14814490.841651067,4185.0,352.0606008440509,14081905.463684037,4110.642857142857,295.5491907886767,13948019.685465282,4084.535714285714,286.8889941659368,13888113.963675486
2020-11-22,5257,16172580.095346697,3671624.911650173,400,0,6,22,47,11,4,1,1056,5386.0,16449426.162066769,4412.0,15121835.032944877,4357.0,14915641.933544328,4329.0,14728860.061793046,4328.0,577.774177339214,14295647.967390805,4182.285714285715,448.59102987902844,14050714.230135778,4122.928571428572,376.31221558418935,13946504.510833189
2020-11-23,4716,14447918.146076392,3270588.743433985,400,0,0,23,48,11,4,0,1057,5257.0,16172580.095346697,3907.0,13513575.175487204,3910.0,13480291.068517176,3958.0,13550355.519850573,4448.714285714285,677.8543880720811,14445754.404876782,4246.571428571428,532.2426737271985,14140495.527407374,4156.071428571428,431.89461408074465,13998065.940602962
2020-11-24,4759,14467984.530435106,3250500.5755449147,400,0,1,24,48,11,4,0,1058,4716.0,14447918.146076392,3876.0,13288016.8983823,3885.0,13300199.576039895,3894.0,13313692.483367452,4564.285714285715,637.8883690964856,14579231.972103806,4304.142857142857,536.609707349755,14209611.747233031,4183.142857142857,442.64179266507836,14030121.748682458
2020-11-25,4799,14610482.119452078,3264895.4521687613,400,0,2,25,48,11,4,0,1059,4759.0,14467984.530435106,3936.0,13496850.603052633,3939.0,13426045.2054761,3873.0,13077906.752822189,4690.428571428572,561.8721257673201,14747798.776682781,4366.571428571428,534.9335996588418,14293024.958261263,4214.035714285715,451.8047334809195,14071346.464649158
2020-11-26,4712,14554652.024790214,3296978.08569372,400,0,3,26,48,11,4,0,1060,4799.0,14610482.119452078,3981.0,13491247.07044687,3902.0,13270225.216571411,3852.0,13098088.66847521,4813.714285714285,452.84865547101356,14906888.993311271,4428.0,531.4240665057865,14377627.59497383,4247.107142857143,459.73811702248884,14126081.299171655
2020-11-27,4807,14673074.187112167,3291990.18594716,400,0,4,27,48,11,4,0,1061,4712.0,14554652.024790214,4798.0,14708584.829354992,3878.0,13294831.81389691,3898.0,13232166.807338804,4918.142857142857,280.1865025130136,15058803.986788893,4485.857142857143,513.5446736829606,14469372.36698946,4277.821428571428,461.08961558235177,14178101.419040048
2020-11-28,5409,16497661.139722545,3666235.4464838384,400,0,5,28,48,11,4,1,1062,4807.0,14673074.187112167,5386.0,16449426.162066769,4385.0,14953228.636119395,4371.0,14889819.60937065,4919.428571428572,279.5632648393165,15053731.037897062,4552.214285714285,488.36165328126384,14567818.25079055,4310.285714285715,465.33754034574054,14229562.396889094
2020-11-29,5326,16524839.497931356,3860093.251658368,400,0,6,29,48,11,4,1,1063,5409.0,16497661.139722545,5257.0,16172580.095346697,4412.0,15121835.032944877,4812.0,16382516.874803102,4922.714285714285,286.02139447117725,15060621.748990742,4625.357142857143,535.7730011779353,14678134.858190775,4347.357142857143,509.5953524909941,14286985.308687378
2020-11-30,4768,14601010.743810372,3366506.075398561,400,0,0,30,49,11,4,0,1064,5326.0,16524839.497931356,4716.0,14447918.146076392,3907.0,13513575.175487204,3876.0,13104882.162552508,4932.571428571428,300.2947758136179,15110944.52078855,4690.642857142857,562.781089718779,14778349.462832665,4365.714285714285,535.5500361962816,14292068.259513387
2020-12-01,3967,13565120.77446414,4133399.586273575,0,0,1,1,49,12,4,0,1065,4768.0,14601010.743810372,4759.0,14467984.530435106,3876.0,13288016.8983823,3961.0,13533256.1248746,4940.0,294.6342365261239,15132814.891893405,4752.142857142857,515.6273038576566,14856023.431998607,4397.571428571428,531.8580587985783,14345501.42312974
2020-12-02,4032,13671682.61333137,4187654.22617869,0,0,2,2,49,12,4,0,1066,3967.0,13565120.77446414,4799.0,14610482.119452078,3936.0,13496850.603052633,3901.0,13341844.38054218,4826.857142857143,473.5002388494388,15003834.355326125,4758.642857142857,504.17954786317534,14875816.566004453,4397.785714285715,531.6768272900804,14346639.446329366
2020-12-03,3949,13373688.481529849,4142661.455532337,0,0,3,3,49,12,4,0,1067,4032.0,13671682.61333137,4712.0,14554652.024790214,3981.0,13491247.07044687,3863.0,13197203.403949194,4717.285714285715,561.5744872783173,14869720.140166024,4765.5,492.6514995410034,14888304.566738648,4402.464285714285,527.7049176942805,14358419.383214695
2020-12-04,4034,13842363.790988754,4233949.829472176,0,0,4,4,49,12,4,0,1068,3949.0,13373688.481529849,4807.0,14673074.187112167,4798.0,14708584.829354992,3919.0,13329831.695009094,4608.285714285715,632.3584727788813,14701011.0625574,4763.214285714285,496.62943600162896,14879907.524673147,4405.535714285715,524.6904189274691,14364722.421699718
2020-12-05,4419,15069631.301708665,4612867.30645703,0,0,5,5,49,12,4,1,1069,4034.0,13842363.790988754,5409.0,16497661.139722545,5386.0,16449426.162066769,4383.0,15011702.536679856,4497.857142857143,658.8144474664152,14582338.148825483,4708.642857142857,533.1460482749635,14818034.593361272,4409.642857142857,521.179233710238,14383027.139413277
2020-12-06,4523,15557944.415228078,4796533.39224575,0,0,6,6,49,12,4,1,1070,4419.0,15069631.301708665,5326.0,16524839.497931356,5257.0,16172580.095346697,4357.0,14915641.933544328,4356.428571428572,522.8514311423675,14378333.886252074,4639.571428571428,500.2668079344081,14719477.817621408,4410.928571428572,521.1554775170544,14385096.023878591
2020-12-07,4071,13945174.893109154,4274201.567738317,0,0,0,7,50,12,4,0,1071,4523.0,15557944.415228078,4768.0,14601010.743810372,4716.0,14447918.146076392,3910.0,13480291.068517176,4241.714285714285,325.5260943384441,14240206.01729446,4587.142857142857,468.0037569117589,14675575.269041507,4416.857142857143,521.4633763842386,14408035.398224441
2020-12-08,3987,13635182.42992057,4174364.141175224,0,0,1,8,50,12,4,0,1072,4071.0,13945174.893109154,3967.0,13565120.77446414,4759.0,14467984.530435106,3885.0,13300199.576039895,4142.142857142857,230.42310978678725,14146515.181480002,4541.071428571428,485.7540473382594,14639665.036686704,4422.607142857143,516.5317629820158,14424638.391959867
2020-12-09,4070,13642900.749959975,4138565.354961247,0,0,2,9,50,12,4,0,1073,3987.0,13635182.42992057,4032.0,13671682.61333137,4799.0,14610482.119452078,3939.0,13426045.2054761,4145.0,228.0007309929896,14156523.989402348,4485.928571428572,502.63711704228353,14580179.172364237,4426.25,512.9470859289096,14436602.065312747
2020-12-10,4046,13719946.963337136,4151042.979108229,0,0,3,10,50,12,4,0,1074,4070.0,13642900.749959975,3949.0,13373688.481529849,4712.0,14554652.024790214,3902.0,13270225.216571411,4150.428571428572,225.29821507124714,14152412.294635007,4433.857142857143,505.4621430156626,14511066.217400517,4430.928571428572,508.91991137159624,14444346.906187173
2020-12-11,4034,13830008.00460299,4227171.3568524495,0,0,4,11,50,12,4,0,1075,4046.0,13719946.963337136,4034.0,13842363.790988754,4807.0,14673074.187112167,3878.0,13294831.81389691,4164.285714285715,213.5194872337781,14201877.792036047,4386.285714285715,508.60161658769215,14451444.427296724,4436.071428571428,504.0814843427003,14460408.397143092
2020-12-12,4551,15509733.245469792,4749856.109731894,0,0,5,12,50,12,4,1,1076,4034.0,13830008.00460299,4419.0,15069631.301708665,5409.0,16497661.139722545,4385.0,14953228.636119395,4164.285714285715,213.5194872337781,14200112.679695223,4331.071428571428,501.3218625694682,14391225.414260356,4441.642857142857,498.5162588295968,14479521.83252545
2020-12-13,4549,15662690.022423789,4775435.081886473,0,0,6,13,50,12,4,1,1077,4551.0,15509733.245469792,4523.0,15557944.415228078,5326.0,16524839.497931356,4412.0,15121835.032944877,4183.142857142857,243.48951282785637,14262984.385946812,4269.785714285715,402.02012551449917,14320659.136099443,4447.571428571428,498.80467702308385,14499396.997145107
2020-12-14,4065,13949388.12692047,4258163.295081351,0,0,0,14,51,12,4,0,1078,4549.0,15662690.022423789,4071.0,13945174.893109154,4768.0,14601010.743810372,3907.0,13513575.175487204,4186.857142857143,249.65805185722897,14277948.04411763,4214.285714285715,280.1525487113481,14259077.030706046,4452.464285714285,499.11465929352374,14518713.246769356
2020-12-15,3961,13582759.567109322,4183346.009005991,0,0,1,15,51,12,4,0,1079,4065.0,13949388.12692047,3987.0,13635182.42992057,3967.0,13565120.77446414,3876.0,13288016.8983823,4186.0,250.13196517039557,14278549.934662104,4164.071428571428,232.16322649437538,14212532.55807105,4458.107142857143,493.5818697737077,14534277.995034829
2020-12-16,4078,13956245.605687434,4243325.6963374745,0,0,2,16,51,12,4,0,1080,3961.0,13582759.567109322,4070.0,13642900.749959975,4032.0,13671682.61333137,3936.0,13496850.603052633,4182.285714285715,253.7464050883127,14271060.954260496,4163.642857142857,232.5602013517407,14213792.471831422,4461.142857142857,490.1183314628989,14544804.518917937
2020-12-17,4034,13775830.530204058,4213870.267610029,0,0,3,17,51,12,4,0,1081,4078.0,13956245.605687434,4046.0,13719946.963337136,3949.0,13373688.481529849,3981.0,13491247.07044687,4183.428571428572,253.17375926615372,14315824.505078705,4166.928571428572,230.87607874415787,14234118.399856854,4466.214285714285,485.1931541411049,14561211.48329775
2020-12-18,4101,14094102.54208596,4354638.021118793,0,0,4,18,51,12,4,0,1082,4034.0,13775830.530204058,4034.0,13830008.00460299,4034.0,13842363.790988754,4798.0,14708584.829354992,4181.714285714285,254.29753851589302,14323807.871773979,4173.0,225.76536492565617,14262842.831905013,4468.107142857143,483.32991104425776,14571375.17828908
2020-12-19,4568,15690875.925122434,4809369.313791672,0,0,5,19,51,12,4,1,1083,4101.0,14094102.54208596,4551.0,15509733.245469792,4419.0,15069631.301708665,5386.0,16449426.162066769,4191.285714285715,249.01721110914278,14361535.662842974,4177.785714285715,223.2887673538197,14280824.171269098,4443.214285714285,483.6588449587949,14549429.382315187
2020-12-20,4619,15876266.98228608,4896870.482559462,0,0,6,20,51,12,4,1,1084,4568.0,15690875.925122434,4549.0,15662690.022423789,4523.0,15557944.415228078,5257.0,16172580.095346697,4193.714285714285,253.15852364722392,14387413.188507637,4188.428571428572,238.69024480914027,14325198.787227226,4414.0,447.992559462019,14522338.302424317
2020-12-21,4102,14006835.156595558,4276500.304801164,0,0,0,21,52,12,4,0,1085,4619.0,15876266.98228608,4065.0,13949388.12692047,4071.0,13945174.893109154,4716.0,14447918.146076392,4203.714285714285,270.331718625917,14417924.18277368,4195.285714285715,250.1453204013529,14347936.113445655,4391.214285714285,418.80193826206306,14511755.69124358
2020-12-22,4081,13945887.14581309,4256700.417372743,0,0,1,22,52,12,4,0,1086,4102.0,14006835.156595558,3961.0,13582759.567109322,3987.0,13635182.42992057,4759.0,14467984.530435106,4209.0,267.5144855891057,14426130.901298692,4197.5,249.0955176696101,14352340.417980399,4369.285714285715,417.23790683430036,14496002.72733355
2020-12-23,4153,14202759.514182637,4334866.728605524,0,0,2,23,52,12,4,0,1087,4081.0,13945887.14581309,4078.0,13956245.605687434,4070.0,13642900.749959975,4799.0,14610482.119452078,4226.142857142857,252.39085335476528,14478006.269684944,4204.214285714285,244.2039433221337,14374533.61197272,4345.071428571428,413.4397648430018,14477356.392168479
2020-12-24,4168,14394345.98382041,4406045.815846995,0,0,3,24,52,12,4,0,1088,4153.0,14202759.514182637,4034.0,13775830.530204058,4046.0,13719946.963337136,4712.0,14554652.024790214,4236.857142857143,246.57887755674972,14513222.542327117,4210.142857142857,241.68952020275515,14414523.52370291,4322.0,405.11141585896684,14462794.870551715
2020-12-25,4581,15557541.956841417,4707061.599655132,0,1,4,25,52,12,4,0,1089,4168.0,14394345.98382041,4101.0,14094102.54208596,4034.0,13830008.00460299,4807.0,14673074.187112167,4256.0,233.0350474356528,14601581.892843738,4218.857142857143,237.4786977144381,14462694.88230886,4302.571428571428,398.7089747683693,14457069.65480279
2020-12-26,4695,16022469.156694476,4910028.706045503,0,0,5,26,52,12,4,1,1090,4581.0,15557541.956841417,4568.0,15690875.925122434,4551.0,15509733.245469792,5409.0,16497661.139722545,4324.571428571428,249.8391863731996,14810644.666380232,4257.928571428572,249.42286129438182,14586090.164611604,4294.5,390.318435999991,14488657.789435979
2020-12-27,4718,16122205.430499837,4933081.634061324,0,0,6,27,52,12,4,1,1091,4695.0,16022469.156694476,4619.0,15876266.98228608,4549.0,15662690.022423789,5326.0,16524839.497931356,4342.714285714285,273.9140463026824,14858015.128033383,4268.214285714285,264.92558565393114,14622714.15827051,4269.0,334.08204802834354,14471686.647184974
2020-12-28,4189,14535078.84622621,4463549.8766871,0,0,0,28,53,12,4,0,1092,4718.0,16122205.430499837,4102.0,14006835.156595558,4065.0,13949388.12692047,4768.0,14601010.743810372,4356.857142857143,292.48329215611517,14893149.192063916,4280.285714285715,282.0036629798949,14655536.687418798,4247.285714285715,277.86498948401197,14457306.859062422
2020-12-29,4182,14478477.492182206,4429592.514203124,0,0,1,29,53,12,4,0,1093,4189.0,14535078.84622621,4081.0,13945887.14581309,3961.0,13582759.567109322,3967.0,13565120.77446414,4369.285714285715,281.4905056336856,14968612.57629687,4289.142857142857,276.61771931200406,14697371.73879778,4226.607142857143,258.551712613233,14454952.148434415
2020-12-30,4261,14580628.494392842,4481097.851705411,0,0,2,30,53,12,4,0,1094,4182.0,14478477.492182206,4153.0,14202759.514182637,4078.0,13956245.605687434,4032.0,13671682.61333137,4383.714285714285,266.4368056942858,15044696.911492456,4304.928571428572,262.39121241318276,14761351.590588702,4234.285714285715,253.70336384327769,14487572.031210061
2020-12-31,4259,14663313.331382891,4463930.028399467,0,0,3,31,53,12,4,0,1095,4261.0,14580628.494392842,4168.0,14394345.98382041,4034.0,13775830.530204058,3949.0,13373688.481529849,4399.142857142857,253.67132840970805,15098678.194379628,4318.0,254.6611625126985,14805950.368353372,4242.464285714285,250.61309742942862,14520034.384105114
2021-01-01,4147,14279083.47591367,4375442.550624236,0,0,4,1,53,1,1,0,1096,4259.0,14663313.331382891,4581.0,15557541.956841417,4101.0,14094102.54208596,4034.0,13842363.790988754,4412.142857142857,241.9107470200789,15137102.101174269,4334.071428571428,242.15203878993225,14869341.997009004,4253.535714285715,243.9267470707253,14566092.414457008
2021-01-02,4759,16359491.066773431,5001190.339675637,0,0,5,2,53,1,1,1,1097,4147.0,14279083.47591367,4695.0,16022469.156694476,4568.0,15690875.925122434,4419.0,15069631.301708665,4350.142857142857,246.98341953218784,14954465.175327446,4337.357142857143,239.03833202194807,14882554.92085384,4257.571428571428,241.0781997873222,14581689.546061471
2021-01-03,4760,16272362.382916272,5019316.177594784,0,0,6,3,53,1,1,1,1098,4759.0,16359491.066773431,4718.0,16122205.430499837,4619.0,15876266.98228608,4523.0,15557944.415228078,4359.285714285715,262.5698093115579,15002611.162481586,4351.0,257.9194865427429,14930313.145257484,4269.714285714285,257.5128701771543,14627755.966242354
2021-01-04,4217,14486241.70087419,4445090.215082836,0,0,0,4,1,1,1,0,1099,4760.0,16272362.382916272,4189.0,14535078.84622621,4102.0,14006835.156595558,4071.0,13945174.893109154,4365.285714285715,272.4277973370336,15024062.155683931,4361.071428571428,271.58069045604435,14958605.673873926,4278.178571428572,269.75078396500174,14653270.89365979
2021-01-05,4250,14493538.415749429,4406062.634952226,0,0,1,5,1,1,1,0,1100,4217.0,14486241.70087419,4182.0,14478477.492182206,4081.0,13945887.14581309,3987.0,13635182.42992057,4369.285714285715,269.5989084335738,15017085.420633642,4369.285714285715,264.7964177574029,14992848.998465255,4283.392857142857,266.9947064651673,14672594.708222827
2021-01-06,4361,14910434.502909953,4568538.647135143,0,0,2,6,1,1,1,0,1101,4250.0,14493538.415749429,4261.0,14580628.494392842,4153.0,14202759.514182637,4070.0,13642900.749959975,4379.0,262.86688646538016,15019236.981143247,4381.357142857143,254.28681781463933,15031966.946317852,4292.785714285715,260.7341994279237,14703250.279145287
2021-01-07,4372,14892068.117266657,4529725.586156115,0,0,3,7,1,1,1,0,1102,4361.0,14910434.502909953,4259.0,14663313.331382891,4168.0,14394345.98382041,4046.0,13719946.963337136,4393.285714285715,258.05859430610155,15066352.125217121,4396.214285714285,245.85492237730847,15082515.159798374,4303.178571428572,257.3021071398791,14748519.34175064
2021-01-08,4292,14838945.4230616,4572333.937214509,0,0,4,8,1,1,1,0,1103,4372.0,14892068.117266657,4147.0,14279083.47591367,4581.0,15557541.956841417,4034.0,13830008.00460299,4409.428571428572,251.7146910974579,15099031.380343372,4410.785714285715,237.18093663552696,15118066.74075882,4314.821428571428,252.56595084018548,14790380.811533839
2021-01-09,4814,16384311.260070492,5000898.54488121,0,0,5,9,1,1,1,1,1104,4292.0,14838945.4230616,4759.0,16359491.066773431,4695.0,16022469.156694476,4551.0,15509733.245469792,4430.142857142857,231.68903626156396,15179011.658507362,4390.142857142857,233.7789413240702,15066738.416917404,4324.035714285715,246.57663253902052,14826414.290764505
2021-01-10,4880,16585925.94550812,5030992.732581696,0,0,6,10,1,1,1,1,1105,4814.0,16384311.260070492,4760.0,16272362.382916272,4718.0,16122205.430499837,4549.0,15662690.022423789,4438.0,245.2366204301527,15182557.400406944,4398.642857142857,247.4779266436375,15092584.281444263,4333.428571428572,260.1767815773634,14857649.219857385
2021-01-11,4216,14583832.575927109,4480936.99508256,0,0,0,11,2,1,1,0,1106,4880.0,16585925.94550812,4217.0,14486241.70087419,4189.0,14535078.84622621,4065.0,13949388.12692047,4455.142857142857,274.00391029535604,15227352.19506292,4410.214285714285,266.606935847077,15125707.175373426,4345.25,277.291079179605,14890621.931396112
2021-01-12,4294,14687880.717046233,4497975.264844041,0,0,1,12,2,1,1,0,1107,4216.0,14583832.575927109,4250.0,14493538.415749429,4182.0,14478477.492182206,3961.0,13582759.567109322,4455.0,274.14898625869347,15241293.748641908,4412.142857142857,264.9762999976577,15129189.584637776,4350.642857142857,273.0751103140182,14913280.661717778
2021-01-13,4355,14961791.908814697,4577159.131554891,0,0,2,13,2,1,1,0,1108,4294.0,14687880.717046233,4361.0,14910434.502909953,4261.0,14580628.494392842,4078.0,13956245.605687434,4461.285714285715,269.1237102682965,15269056.93454145,4420.142857142857,259.1194726355201,15144146.957842348,4362.535714285715,262.52456423236686,14952749.274215523
2021-01-14,4398,15032052.172835836,4595189.663582449,0,0,3,14,2,1,1,0,1109,4355.0,14961791.908814697,4372.0,14892068.117266657,4259.0,14663313.331382891,4034.0,13775830.530204058,4460.428571428572,269.5056320641339,15276393.706813557,4426.857142857143,255.8761290284856,15171372.916015338,4372.428571428572,256.5564595390539,14988661.642184358
2021-01-15,4353,14947853.576993898,4566325.750735283,0,0,4,15,2,1,1,0,1110,4398.0,15032052.172835836,4292.0,14838945.4230616,4147.0,14279083.47591367,4101.0,14094102.54208596,4464.142857142857,268.2600905660005,15296391.429037726,4436.785714285715,251.52157838963433,15197711.40469055,4385.428571428572,247.8470897432066,15033526.700849777
2021-01-16,4855,16711078.096782036,5124296.383350136,0,0,5,16,2,1,1,1,1111,4353.0,14947853.576993898,4814.0,16384311.260070492,4759.0,16359491.066773431,4568.0,15690875.925122434,4472.857142857143,262.6686306428921,15311949.736742342,4451.5,238.97754963757043,15245480.697624851,4394.428571428572,241.63370328007582,15064017.809239345
2021-01-17,4800,16378595.016809044,5000464.934802658,0,0,6,17,2,1,1,1,1112,4855.0,16711078.096782036,4880.0,16585925.94550812,4760.0,16272362.382916272,4619.0,15876266.98228608,4478.714285714285,271.84046441845373,15358630.713415418,4458.357142857143,249.61989785792605,15270594.05691118,4404.678571428572,254.98744392782103,15100453.601084331
2021-01-18,4316,14781782.39623004,4534415.888921896,0,0,0,18,3,1,1,0,1113,4800.0,16378595.016809044,4216.0,14583832.575927109,4217.0,14486241.70087419,4102.0,14006835.156595558,4467.285714285715,253.2006544789606,15329012.00931555,4461.214285714285,253.5362752293068,15278182.102189234,4411.142857142857,262.7967408171648,15118393.888031581
2021-01-19,4419,15158420.31942233,4634519.858577067,0,0,1,19,3,1,1,0,1114,4316.0,14781782.39623004,4294.0,14687880.717046233,4250.0,14493538.415749429,4081.0,13945887.14581309,4481.571428571428,239.08775037829707,15357290.555073112,4468.285714285715,247.50988436252524,15299292.15185751,4418.785714285715,256.5096716309323,15146070.575161383
2021-01-20,4364,14965688.195141252,4574611.102062945,0,0,2,20,3,1,1,0,1115,4419.0,15158420.31942233,4355.0,14961791.908814697,4361.0,14910434.502909953,4153.0,14202759.514182637,4499.428571428572,227.11146833134939,15424510.498269698,4480.357142857143,240.05371422723945,15346783.716405574,4430.857142857143,247.83099293308354,15189375.331361711
2021-01-21,4337,14867672.093962176,4566323.316800003,0,0,3,21,3,1,1,0,1116,4364.0,14965688.195141252,4398.0,15032052.172835836,4372.0,14892068.117266657,4168.0,14394345.98382041,4500.714285714285,226.18113263910237,15425067.110602064,4480.571428571428,239.94028561154147,15350730.40870781,4438.392857142857,242.21360931970682,15216622.78425309
2021-01-22,4484,15382468.957102953,4692671.545154368,0,0,4,22,3,1,1,0,1117,4337.0,14867672.093962176,4353.0,14947853.576993898,4292.0,14838945.4230616,4581.0,15557541.956841417,4492.0,231.9008408781703,15401584.24219154,4478.071428571428,241.33681037911217,15348987.835614633,4444.428571428572,237.2815843350412,15233527.288186727
2021-01-23,4935,16886382.90712246,5160476.290725005,0,0,5,23,3,1,1,1,1118,4484.0,15382468.957102953,4855.0,16711078.096782036,4814.0,16384311.260070492,4695.0,16022469.156694476,4510.714285714285,223.96407024767885,15463672.15363569,4491.785714285715,235.33026827172554,15387810.945189014,4440.964285714285,235.91798357383013,15227274.68105321
2021-01-24,4914,16857840.838023737,5186757.862366068,0,0,6,24,3,1,1,1,1119,4935.0,16886382.90712246,4800.0,16378595.016809044,4880.0,16585925.94550812,4718.0,16122205.430499837,4522.142857142857,245.4692299599795,15488715.697970036,4500.428571428572,249.84848155686413,15423673.205692727,4449.535714285715,249.46067487056013,15258128.743568497
2021-01-25,4444,15233514.532556672,4674379.960067053,0,0,0,25,4,1,1,0,1120,4914.0,16857840.838023737,4316.0,14781782.39623004,4216.0,14583832.575927109,4189.0,14535078.84622621,4538.428571428572,269.57426752991125,15557179.386714993,4502.857142857143,253.95331404471293,15443095.698015273,4456.535714285715,259.8082600892031,15284401.43669435
2021-01-26,4817,16568225.298971817,5137185.747478989,0,1,1,26,4,1,1,0,1121,4444.0,15233514.532556672,4419.0,15158420.31942233,4294.0,14687880.717046233,4182.0,14478477.492182206,4556.714285714285,255.96986429768225,15621712.549047368,4519.142857142857,241.12934835347008,15489501.55206024,4465.642857142857,254.4979392022616,15309345.568349008
2021-01-27,4466,15222008.359997028,4639524.489219034,0,0,2,27,4,1,1,0,1122,4817.0,16568225.298971817,4364.0,14965688.195141252,4355.0,14961791.908814697,4261.0,14580628.494392842,4613.571428571428,264.34753459720696,15823113.260411581,4556.5,244.06107369327304,15623811.87934064,4488.321428571428,256.5704081507088,15383979.418591496
2021-01-28,4481,15369326.323896945,4753645.388132275,0,0,3,28,4,1,1,0,1123,4466.0,15222008.359997028,4337.0,14867672.093962176,4398.0,15032052.172835836,4259.0,14663313.331382891,4628.142857142857,250.75979779557704,15859730.426819548,4564.428571428572,238.75694570186744,15642398.768710807,4495.642857142857,252.73968664684648,15406885.842363073
2021-01-29,4409,15247596.576251332,4697125.644561453,0,0,4,29,4,1,1,0,1124,4481.0,15369326.323896945,4484.0,15382468.957102953,4353.0,14947853.576993898,4147.0,14279083.47591367,4648.714285714285,227.74526287479017,15931395.31681023,4570.357142857143,235.31210277903455,15666489.779500885,4503.571428571428,248.4874881076081,15432100.592095718
2021-01-30,5082,17338764.48384993,5287002.252393065,0,0,5,30,4,1,1,1,1125,4409.0,15247596.576251332,4935.0,16886382.90712246,4855.0,16711078.096782036,4759.0,16359491.066773431,4638.0,238.3051265359934,15912127.833831426,4574.357142857143,231.78259280989033,15687899.993733559,4512.928571428572,239.3271321653128,15466690.345679205
2021-01-31,5121,17558414.855318174,5384873.407702199,0,0,6,31,4,1,1,1,1126,5082.0,17338764.48384993,4914.0,16857840.838023737,4800.0,16378595.016809044,4760.0,16272362.382916272,4659.0,272.81739924963705,15976753.773363922,4590.571428571428,259.23874184760643,15732734.73566698,4524.464285714285,258.63294198003007,15501664.39628908
2021-02-01,4512,15497996.567421,4729397.162542108,0,0,0,1,5,2,1,0,1127,5121.0,17558414.855318174,4444.0,15233514.532556672,4316.0,14781782.39623004,4217.0,14486241.70087419,4688.571428571428,313.2820120077462,16076835.775834557,4613.5,291.3886513813641,15817007.581274776,4537.357142857143,279.0048737508299,15547594.841732005
2021-02-02,4543,15546167.972030804,4761736.59273898,0,0,1,2,5,2,1,0,1128,4512.0,15497996.567421,4817.0,16568225.298971817,4419.0,15158420.31942233,4250.0,14493538.415749429,4698.285714285715,305.38921301934363,16114618.923672317,4627.5,280.5005827499839,15868165.736359844,4547.892857142857,271.9399905596921,15583728.944108676
2021-02-03,4527,15813184.586572792,4845499.253736052,0,0,2,3,5,2,1,0,1129,4543.0,15546167.972030804,4466.0,15222008.359997028,4364.0,14965688.195141252,4361.0,14910434.502909953,4659.142857142857,305.1968919519747,15968610.734109314,4636.357142857143,275.3204027598165,15895861.99726045,4558.357142857143,265.6162944418374,15621322.85683301
2021-02-04,4600,15838884.919306882,4832547.312698664,0,0,3,4,5,2,1,0,1130,4527.0,15813184.586572792,4481.0,15369326.323896945,4337.0,14867672.093962176,4372.0,14892068.117266657,4667.857142857143,299.58216934670645,16053064.480762998,4648.0,266.21275470802266,15956397.453791274,4564.285714285715,262.88666155853895,15653563.931249542
2021-02-05,4515,15415651.052795237,4716684.634680441,0,0,4,5,5,2,1,0,1131,4600.0,15838884.919306882,4409.0,15247596.576251332,4484.0,15382468.957102953,4292.0,14838945.4230616,4684.857142857143,290.4487496796616,16120144.280107273,4666.785714285715,251.44847417480528,16025769.798458753,4572.428571428572,260.2277390872717,15687378.817036692
2021-02-06,5132,17769431.75002052,5427541.088215008,0,0,5,6,5,2,1,1,1132,4515.0,15415651.052795237,5082.0,17338764.48384993,4935.0,16886382.90712246,4814.0,16384311.260070492,4700.0,276.07728386571256,16144152.06247069,4669.0,249.8464143613697,16028139.948151058,4580.392857142857,254.68067723031976,15707975.446670037
2021-02-07,5071,17373789.421915665,5302309.133830833,0,0,6,7,5,2,1,1,1133,5132.0,17769431.75002052,5121.0,17558414.855318174,4914.0,16857840.838023737,4880.0,16585925.94550812,4707.142857142857,287.9973544852084,16205675.957637917,4683.071428571428,270.6605777568104,16091214.865500918,4591.75,271.986332036762,15757444.035596823
2021-02-08,4583,15905796.108384589,4903656.461964441,0,0,0,8,6,2,1,0,1134,5071.0,17373789.421915665,4512.0,15497996.567421,4444.0,15233514.532556672,4216.0,14583832.575927109,4700.0,276.40911707105926,16179300.895723272,4694.285714285715,283.893649797959,16128068.335778913,4598.571428571428,281.70491897668086,15785582.016897094
2021-02-09,4565,15734447.927897014,4834618.995045919,0,0,1,9,6,2,1,0,1135,4583.0,15905796.108384589,4543.0,15546167.972030804,4817.0,16568225.298971817,4294.0,14687880.717046233,4710.142857142857,269.5789485917105,16237557.973003786,4704.214285714285,276.8093424866899,16176088.44833805,4611.678571428572,271.6021127899314,15832795.000199145
2021-02-10,4559,15817682.61728155,4882588.078450766,0,0,2,10,6,2,1,0,1136,4565.0,15734447.927897014,4527.0,15813184.586572792,4466.0,15222008.359997028,4355.0,14961791.908814697,4713.285714285715,267.425200935216,16264455.1095561,4686.214285714285,277.1043065405132,16116532.921832709,4621.357142857143,264.60063747938005,15870172.400586674
2021-02-11,4594,15875816.043374004,4854905.522717663,0,0,3,11,6,2,1,0,1137,4559.0,15817682.61728155,4600.0,15838884.919306882,4481.0,15369326.323896945,4398.0,15032052.172835836,4717.857142857143,263.96112628657806,16265097.685371637,4692.857142857143,272.49554891011707,16159081.083067315,4628.642857142857,259.7591782552209,15900739.92588906
2021-02-12,4631,16101938.775965596,4920286.983117838,0,0,4,12,6,2,1,0,1138,4594.0,15875816.043374004,4515.0,15415651.052795237,4409.0,15247596.576251332,4353.0,14947853.576993898,4717.0,264.416968694023,16270373.56023837,4700.928571428572,267.3627510692958,16195258.92017282,4635.642857142857,255.92623565245322,15930874.349836852
2021-02-13,5236,18171927.322271235,5523915.980837226,0,0,5,13,6,2,1,1,1139,4631.0,16101938.775965596,5132.0,17769431.75002052,5082.0,17338764.48384993,4855.0,16711078.096782036,4733.571428571428,253.0374525262121,16368414.66354842,4716.785714285715,255.0149855540729,16256283.363009553,4645.571428571428,249.8760327563023,15972091.678371558
2021-02-14,5201,17816459.037420366,5417910.346885666,0,0,6,14,6,2,1,1,1140,5236.0,18171927.322271235,5071.0,17373789.421915665,5121.0,17558414.855318174,4800.0,16378595.016809044,4748.428571428572,281.7539453393482,16425914.031012807,4727.785714285715,274.5531134187208,16315794.99432536,4659.178571428572,271.1694910146415,16024264.86499617
2021-02-15,4609,15866431.636717135,4862784.110440656,0,0,0,15,7,2,1,0,1141,5201.0,17816459.037420366,4583.0,15905796.108384589,4512.0,15497996.567421,4316.0,14781782.39623004,4767.0,309.4796708455491,16489152.54751348,4733.5,284.0354122017466,16334226.721618375,4673.5,288.8922008357106,16075617.151446575
2021-02-16,4723,16315469.19477489,5017225.190626578,0,0,1,16,7,2,1,0,1142,4609.0,15866431.636717135,4565.0,15734447.927897014,4543.0,15546167.972030804,4419.0,15158420.31942233,4770.714285714285,307.04978656330997,16483529.051560985,4740.428571428572,279.3612809154587,16360543.512282385,4683.964285714285,280.65221421523137,16114354.624321114
2021-02-17,4592,15943513.086470388,4896077.562414803,0,0,2,17,7,2,1,0,1143,4723.0,16315469.19477489,4559.0,15817682.61728155,4527.0,15813184.586572792,4364.0,14965688.195141252,4793.285714285715,294.9772388313617,16566532.089686397,4753.285714285715,273.6599317433198,16415493.599621248,4694.821428571428,275.861620378552,16155677.79844085
2021-02-18,4752,16459975.41766121,5044964.263900501,0,0,3,18,7,2,1,0,1144,4592.0,15943513.086470388,4594.0,15875816.043374004,4600.0,15838884.919306882,4337.0,14867672.093962176,4798.0,290.84360058286103,16584507.870999087,4757.928571428572,270.0531185029844,16424802.778185362,4702.964285714285,269.0148670189909,16190600.115988318
2021-02-19,4685,16235359.083709951,4990325.586561688,0,0,4,19,7,2,1,0,1145,4752.0,16459975.41766121,4631.0,16101938.775965596,4515.0,15415651.052795237,4484.0,15382468.957102953,4820.571428571428,278.23063403279025,16667959.210182974,4768.785714285715,266.24401143757854,16469166.385210672,4717.785714285715,259.3643736269014,16247468.09183471
2021-02-20,5237,17824858.090544816,5470167.228349057,0,0,5,20,7,2,1,1,1146,4685.0,16235359.083709951,5236.0,18171927.322271235,5132.0,17769431.75002052,4935.0,16886382.90712246,4828.285714285715,272.7940091508136,16687019.254146453,4780.928571428572,257.51249836306255,16527716.958847437,4724.964285714285,255.40548474965885,16277928.453499246
2021-02-21,5266,18380241.39602104,5700040.268845365,0,0,6,21,7,2,1,1,1147,5237.0,17824858.090544816,5201.0,17816459.037420366,5071.0,17373789.421915665,4914.0,16857840.838023737,4828.428571428572,273.0432549022624,16637437.935328394,4788.428571428572,269.7616367449974,16531675.983170602,4735.75,270.5324824749712,16311445.42433576
2021-02-22,4679,16196966.836307462,4970435.68517822,0,0,0,22,8,2,1,0,1148,5266.0,18380241.39602104,4609.0,15866431.636717135,4583.0,15905796.108384589,4444.0,15233514.532556672,4837.714285714285,288.4936245891305,16717978.272271348,4802.357142857143,289.7663799426253,16603565.409892414,4748.321428571428,286.8112107901591,16365816.872835664
2021-02-23,4707,16117968.932612317,4922604.045322079,0,0,1,23,8,2,1,0,1149,4679.0,16196966.836307462,4723.0,16315469.19477489,4565.0,15734447.927897014,4817.0,16568225.298971817,4847.714285714285,280.3424776267547,16765197.586498538,4809.214285714285,285.27724128574147,16624363.319029761,4756.714285714285,280.95470270764537,16400225.883683907
2021-02-24,4836,16696144.89928947,5137693.981767049,0,0,2,24,8,2,1,0,1150,4707.0,16117968.932612317,4592.0,15943513.086470388,4559.0,15817682.61728155,4466.0,15222008.359997028,4845.428571428572,281.5912268655076,16736983.263332454,4819.357142857143,278.3671087839685,16651757.676509425,4752.785714285715,280.8495520727554,16384145.299171066
2021-02-25,4789,16401732.544050353,5005395.503818343,0,0,3,25,8,2,1,0,1151,4836.0,16696144.89928947,4752.0,16459975.41766121,4594.0,15875816.043374004,4481.0,15369326.323896945,4880.285714285715,259.2037257227874,16844502.09373518,4839.142857142857,268.09265250966547,16714504.982367134,4766.0,275.5098976510646,16436793.032717226
2021-02-26,4729,16267609.281742629,5025639.937380283,0,0,4,26,8,2,1,0,1152,4789.0,16401732.544050353,4685.0,16235359.083709951,4631.0,16101938.775965596,4409.0,15247596.576251332,4885.571428571428,256.5150139484138,16836181.683219347,4853.071428571428,259.29800624754824,16752070.44670116,4777.0,269.7989649377436,16473664.68343699
2021-02-27,5330,18119835.07016224,5538597.258122582,0,0,5,27,8,2,1,1,1153,4729.0,16267609.281742629,5237.0,17824858.090544816,5236.0,18171927.322271235,5082.0,17338764.48384993,4891.857142857143,251.26641145169407,16840788.85436687,4860.071428571428,254.1127745663321,16763904.054256663,4788.428571428572,260.24154429233175,16510093.708633108
2021-02-28,5418,18777108.936507285,5753735.623977568,0,0,6,28,8,2,1,1,1154,5330.0,18119835.07016224,5266.0,18380241.39602104,5201.0,17816459.037420366,5121.0,17558414.855318174,4905.142857142857,273.98870327772994,16882928.422883645,4866.785714285715,265.78365365358286,16760183.179106018,4797.285714285715,274.43623790827064,16537989.086715689
2021-03-01,5714,17753047.660948038,4063431.122321901,400,0,0,1,9,3,1,0,1155,5418.0,18777108.936507285,4679.0,16196966.836307462,4609.0,15866431.636717135,4512.0,15497996.567421,4926.857142857143,310.89195795937184,16939623.78581025,4882.285714285715,291.8254031678233,16828801.0290408,4807.892857142857,292.55304543198764,16581513.875329588
2021-03-02,5689,17639576.061776973,3989695.373830041,400,0,1,2,9,3,1,0,1156,5714.0,17753047.660948038,4707.0,16117968.932612317,4723.0,16315469.19477489,4543.0,15546167.972030804,5074.714285714285,405.1854366771341,17161921.04647319,4961.214285714285,354.85147024362243,16963559.316485863,4850.821428571428,332.9294279096549,16662051.414384125
2021-03-03,5733,17676908.19445575,4048470.80833045,400,0,2,3,9,3,1,0,1157,5689.0,17639576.061776973,4836.0,16696144.89928947,4592.0,15943513.086470388,4527.0,15813184.586572792,5215.0,426.11109662465714,17379293.493496712,5030.214285714285,396.4483046271619,17058138.378414582,4891.75,362.7885441655702,16736815.989017917
2021-03-04,5826,18027581.514612973,4115126.4832896735,400,0,3,4,9,3,1,0,1158,5733.0,17676908.19445575,4789.0,16401732.544050353,4752.0,16459975.41766121,4600.0,15838884.919306882,5343.142857142857,428.01145957066404,17519402.535663325,5111.714285714285,416.2202502321184,17181952.31469925,4934.821428571428,388.55544945552293,16803377.546442308
2021-03-05,5773,17809363.703340523,4018151.1464668815,400,0,4,5,9,3,1,0,1159,5826.0,18027581.514612973,4729.0,16267609.281742629,4685.0,16235359.083709951,4515.0,15415651.052795237,5491.285714285715,381.1420182756531,17751666.67431513,5188.428571428572,442.93856394375945,17293924.178767234,4978.607142857143,417.4324819466295,16881545.281988956
2021-03-06,6497,20184728.93007328,4584289.999722241,400,0,5,6,9,3,1,1,1160,5773.0,17809363.703340523,5330.0,18119835.07016224,5237.0,17824858.090544816,5132.0,17769431.75002052,5640.428571428572,188.94166396258953,17971917.30597197,5266.142857142857,443.2623562671466,17406353.080169417,5023.535714285715,433.09202530287786,16967035.01950843
2021-03-07,6565,20176762.48460156,4544406.218081064,400,0,6,7,9,3,1,1,1161,6497.0,20184728.93007328,5418.0,18777108.936507285,5266.0,18380241.39602104,5071.0,17373789.421915665,5807.142857142857,330.90453234098936,18266902.143102117,5356.142857142857,551.5725570713878,17574915.28299288,5072.285714285715,514.8586182879657,17053295.63308174
2021-03-08,4915,16922155.582969647,5195133.886561853,0,0,0,8,10,3,1,0,1162,6565.0,20176762.48460156,5714.0,17753047.660948038,4679.0,16196966.836307462,4583.0,15905796.108384589,5971.0,385.5640889225366,18466852.64997273,5448.928571428572,637.7665915322833,17703238.21789149,5125.642857142857,587.0712755191475,17153401.81389195
2021-03-09,4785,16589510.998640172,5082094.703419268,0,0,1,9,10,3,1,0,1163,4915.0,16922155.582969647,5689.0,17639576.061776973,4707.0,16117968.932612317,4565.0,15734447.927897014,5856.857142857143,555.2544247374129,18348153.7816901,5465.785714285715,618.6842339341304,17755037.414081644,5137.5,579.0028145521018,17189700.366555702
2021-03-10,4830,16697064.58176777,5106960.147310773,0,0,2,10,10,3,1,0,1164,4785.0,16589510.998640172,5733.0,17676908.19445575,4836.0,16696144.89928947,4559.0,15817682.61728155,5727.714285714285,689.6619254595477,18198144.486956272,5471.357142857143,611.6365948631626,17788718.990226492,5145.357142857143,572.4012587846024,17220238.333367962
2021-03-11,4836,16631394.78038636,5057654.1817345815,0,0,3,11,10,3,1,0,1165,4830.0,16697064.58176777,5826.0,18027581.514612973,4789.0,16401732.544050353,4594.0,15875816.043374004,5598.714285714285,768.4592191057186,18058166.828000847,5470.928571428572,612.1179454327894,17788784.681832086,5155.035714285715,564.3540707709686,17251644.83209961
2021-03-12,4936,17149454.578209214,5256628.838612945,0,0,4,12,10,3,1,0,1166,4836.0,16631394.78038636,5773.0,17809363.703340523,4729.0,16267609.281742629,4631.0,16101938.775965596,5457.285714285715,809.6539825311619,17858711.580254186,5474.285714285715,608.2066233635383,17805189.127284657,5163.678571428572,557.2521906356675,17278629.78699291
2021-03-13,5494,19100870.184325047,5844459.145007915,0,0,5,13,10,3,1,1,1167,4936.0,17149454.578209214,6497.0,20184728.93007328,5330.0,18119835.07016224,5236.0,18171927.322271235,5337.714285714285,817.0291129626723,17764438.848092575,5489.071428571428,590.9665439294646,17868178.07703227,5174.571428571428,549.3794093791029,17316041.065644465
2021-03-14,5539,18980685.230008848,5847892.302775433,0,0,6,14,10,3,1,1,1168,5494.0,19100870.184325047,6565.0,20176762.48460156,5418.0,18777108.936507285,5201.0,17816459.037420366,5194.428571428572,650.8949882387217,17609601.884414252,5500.785714285715,589.1936051889768,17938252.013758186,5183.785714285715,552.6020172040506,17349217.5964321
2021-03-15,4870,16732416.937210292,5128155.367041768,0,0,0,15,11,3,1,0,1169,5539.0,18980685.230008848,4915.0,16922155.582969647,5714.0,17753047.660948038,4609.0,15866431.636717135,5047.857142857143,324.51678362935723,17438733.70518672,5509.428571428572,588.773133046831,17952793.177579723,5195.857142857143,556.6687767282475,17390797.103310265
2021-03-16,4897,16997398.366297845,5248540.320900647,0,0,1,16,11,3,1,0,1170,4870.0,16732416.937210292,4785.0,16589510.998640172,5689.0,17639576.061776973,4723.0,16315469.19477489,5041.428571428572,328.0141547468432,17411628.184363957,5449.142857142857,609.0748163141477,17879890.98302703,5205.178571428572,548.6046983752158,17421725.149756446
2021-03-17,4894,16946220.557377968,5187155.310718091,0,0,2,17,11,3,1,0,1171,4897.0,16997398.366297845,4830.0,16697064.58176777,5733.0,17676908.19445575,4592.0,15943513.086470388,5057.428571428572,315.93029671266504,17469897.808315054,5392.571428571428,621.7322839993234,17834021.147635665,5211.392857142857,543.9059245512051,17446079.763025124
2021-03-18,4898,16929899.14773641,5211719.334809386,0,0,3,18,11,3,1,0,1172,4894.0,16946220.557377968,4836.0,16631394.78038636,5826.0,18027581.514612973,4752.0,16459975.41766121,5066.571428571428,309.104004688205,17505491.51911651,5332.642857142857,626.8090872571295,17781829.17355868,5222.178571428572,534.0738646078269,17481890.744128965
2021-03-19,4938,16894986.240146644,5233209.598818528,0,0,4,19,11,3,1,0,1173,4898.0,16929899.14773641,4936.0,17149454.578209214,5773.0,17809363.703340523,4685.0,16235359.083709951,5075.428571428572,302.207355493353,17548135.000166517,5266.357142857143,619.6503489428862,17703423.290210355,5227.392857142857,530.0106455454747,17498673.734488793
2021-03-20,5578,19372589.27627651,5954476.733748879,0,0,5,20,11,3,1,1,1174,4938.0,16894986.240146644,5494.0,19100870.184325047,6497.0,20184728.93007328,5237.0,17824858.090544816,5075.714285714285,302.05447316983225,17511782.380443294,5206.714285714285,607.1937250830308,17638110.614267934,5236.428571428572,522.5250962302889,17522231.847218677
2021-03-21,5560,19156664.40200199,5866672.576754055,0,0,6,21,11,3,1,1,1175,5578.0,19372589.27627651,5539.0,18980685.230008848,6565.0,20176762.48460156,5266.0,18380241.39602104,5087.714285714285,322.4234866784752,17550599.39357922,5141.071428571428,496.57170282240736,17580100.638996735,5248.607142857143,526.4976760727908,17577507.960994806
2021-03-22,4854,16736903.412295256,5164990.996964207,0,0,0,22,12,3,1,0,1176,5560.0,19156664.40200199,4870.0,16732416.937210292,4915.0,16922155.582969647,4679.0,16196966.836307462,5090.714285714285,327.3818943709393,17575739.275292523,5069.285714285715,313.95355574483705,17507236.490239624,5259.107142857143,529.7788035471286,17605237.354065556
2021-03-23,4950,16840413.135823917,5143329.598053533,0,0,1,23,12,3,1,0,1177,4854.0,16736903.412295256,4897.0,16997398.366297845,4785.0,16589510.998640172,4707.0,16117968.932612317,5088.428571428572,329.23034344911036,17576380.20030466,5064.928571428572,316.67101693559584,17494004.19233431,5265.357142857143,523.6787405274532,17624520.803207975
2021-03-24,4986,17126372.36461188,5239995.504143663,0,0,2,24,12,3,1,0,1178,4950.0,16840413.135823917,4894.0,16946220.557377968,4830.0,16697064.58176777,4836.0,16696144.89928947,5096.0,324.6721423220663,17553953.738808386,5076.714285714285,308.4141642390761,17511925.77356172,5274.035714285715,516.0405871306384,17650322.381894104
2021-03-25,4989,17413732.53662077,5363002.059112838,0,0,3,25,12,3,1,0,1179,4986.0,17126372.36461188,4898.0,16929899.14773641,4836.0,16631394.78038636,4789.0,16401732.544050353,5109.142857142857,316.90136665921176,17579689.711270373,5087.857142857143,301.55669377486936,17542590.61519344,5279.392857142857,512.0882692492008,17665687.648512762
2021-03-26,4932,16862854.029131997,5187478.874092196,0,0,4,26,12,3,1,0,1180,4989.0,17413732.53662077,4938.0,16894986.240146644,4936.0,17149454.578209214,4729.0,16267609.281742629,5122.142857142857,308.55276619050017,17648808.76682528,5098.785714285715,294.4149814779672,17598471.8834959,5286.535714285715,506.35747013955864,17701830.50539028
2021-03-27,5629,19395676.599186096,5963974.178515529,0,0,5,27,12,3,1,1,1181,4932.0,16862854.029131997,5578.0,19372589.27627651,5494.0,19100870.184325047,5330.0,18119835.07016224,5121.285714285715,309.15730315688495,17644218.45096605,5098.5,294.58699903422496,17578000.41570467,5293.785714285715,499.48568786397556,17723089.24636847
2021-03-28,5436,18760554.1480593,5760065.7216434935,0,0,6,28,12,3,1,1,1182,5629.0,19395676.599186096,5560.0,19156664.40200199,5539.0,18980685.230008848,5418.0,18777108.936507285,5128.571428571428,322.04650654983413,17647516.63995313,5108.142857142857,310.3184114478331,17599058.016766172,5304.464285714285,503.4688913956561,17768655.01526218
2021-03-29,4962,17057168.40575305,5216345.190606459,0,0,0,29,13,3,1,0,1183,5436.0,18760554.1480593,4854.0,16736903.412295256,4870.0,16732416.937210292,5714.0,17753047.660948038,5110.857142857143,296.779620016508,17590929.46081846,5100.785714285715,300.37954928117864,17583334.368055493,5305.107142857143,503.6306950376668,17768063.772817608
2021-03-30,5040,17434884.164256077,5327839.839505522,0,0,1,30,13,3,1,0,1184,4962.0,17057168.40575305,4950.0,16840413.135823917,4897.0,16997398.366297845,5689.0,17639576.061776973,5126.285714285715,283.7209393551547,17636681.602741003,5107.357142857143,295.91542636440863,17606530.901522834,5278.25,501.0624730029663,17743210.94227493
2021-03-31,5015,17423148.45674103,5350564.061658962,0,0,2,31,13,3,1,0,1185,5040.0,17434884.164256077,4986.0,17126372.36461188,4894.0,16946220.557377968,5733.0,17676908.19445575,5139.142857142857,276.3442470129291,17721606.03537417,5117.571428571428,290.51458702570363,17637779.887091275,5255.071428571428,496.34672234544405,17735900.51736347
2021-04-01,5011,17344066.781174373,5319967.580769312,0,0,3,1,13,4,2,0,1186,5015.0,17423148.45674103,4989.0,17413732.53662077,4898.0,16929899.14773641,5826.0,18027581.514612973,5143.285714285715,273.8720591113754,17764002.619964045,5126.214285714285,285.1011098840769,17671846.16561721,5229.428571428572,489.2370801921266,17726837.669587944
2021-04-02,5053,17580100.36614997,5400340.877379942,0,0,4,2,13,4,2,0,1187,5011.0,17344066.781174373,4932.0,16862854.029131997,4938.0,16894986.240146644,5773.0,17809363.703340523,5146.428571428572,271.92576017659485,17754050.36918599,5134.285714285715,279.69143122964294,17701429.568005633,5200.321428571428,476.5081363085533,17702426.429107994
2021-04-03,5660,19527414.871520296,5994043.011096147,0,0,5,3,13,4,2,1,1188,5053.0,17580100.36614997,5629.0,19395676.599186096,5578.0,19372589.27627651,6497.0,20184728.93007328,5163.714285714285,259.5892359643814,17856514.13161713,5142.5,275.1348620362048,17750366.291291587,5174.607142857143,463.71481811527167,17694238.45277976
2021-04-04,5756,19849305.93778563,6075626.596791826,0,0,6,4,13,4,2,1,1189,5660.0,19527414.871520296,5436.0,18760554.1480593,5560.0,19156664.40200199,6565.0,20176762.48460156,5168.142857142857,268.94573713634026,17875333.88480773,5148.357142857143,285.78572046546867,17761425.26238043,5144.714285714285,397.57187630086963,17670762.950688582
2021-04-05,5011,17409329.078698903,5340923.930523963,0,0,0,5,14,4,2,0,1190,5756.0,19849305.93778563,4962.0,17057168.40575305,4854.0,16736903.412295256,4915.0,16922155.582969647,5213.857142857143,339.89970509520793,18030869.854768634,5162.357142857143,311.1753419000001,17810899.657793544,5115.821428571428,310.36395046143656,17659068.074016582
2021-04-06,5005,17232391.64113876,5305034.529110118,0,0,1,6,14,4,2,0,1191,5011.0,17409329.078698903,5040.0,17434884.164256077,4950.0,16840413.135823917,4785.0,16589510.998640172,5220.857142857143,334.3069590318793,18081178.52233233,5173.571428571428,301.8985347342936,17858930.062536664,5119.25,308.5884980214078,17676467.127435487
2021-04-07,5067,17520930.7272027,5400553.129598944,0,0,2,7,14,4,2,0,1192,5005.0,17232391.64113876,5015.0,17423148.45674103,4986.0,17126372.36461188,4830.0,16697064.58176777,5215.857142857143,337.70718508367963,18052251.019029852,5177.5,299.1104118240062,17886928.527202006,5127.107142857143,302.50354626457323,17699427.150381867
2021-04-08,5039,17509655.112324215,5395586.707518943,0,0,3,8,14,4,2,0,1193,5067.0,17520930.7272027,5011.0,17344066.781174373,4989.0,17413732.53662077,4836.0,16631394.78038636,5223.285714285715,333.0929371240173,18066219.914810088,5183.285714285715,295.88730405896877,17915111.26738707,5135.571428571428,297.15071977793946,17728850.941290256
2021-04-09,5057,17429010.37734096,5347015.097107325,0,0,4,9,14,4,2,0,1194,5039.0,17509655.112324215,5053.0,17580100.36614997,4932.0,16862854.029131997,4936.0,17149454.578209214,5227.285714285715,330.2749936470686,18089875.39068864,5186.857142857143,293.6551764184491,17921962.879937313,5142.821428571428,292.002797243247,17760217.381716605
2021-04-10,5690,19587841.84745861,6050191.717349948,0,0,5,10,14,4,2,1,1195,5057.0,17429010.37734096,5660.0,19527414.871520296,5629.0,19395676.599186096,5494.0,19100870.184325047,5227.857142857143,329.92647088476537,18068291.106573068,5195.785714285715,287.1381813079248,17962402.619095095,5147.142857142857,289.7150214448517,17770201.517399885
2021-04-11,5699,20010811.08053261,6174100.322839773,0,0,6,11,14,4,2,1,1196,5690.0,19587841.84745861,5756.0,19849305.93778563,5436.0,18760554.1480593,5539.0,18980685.230008848,5232.142857142857,336.6028463790464,18076923.53170711,5200.142857142857,294.58389353401134,17976128.708257418,5154.142857142857,300.57053332394827,17787593.362511795
2021-04-12,5020,17373609.235506155,5397007.242966348,0,0,0,12,15,4,2,0,1197,5699.0,20010811.08053261,5011.0,17409329.078698903,4962.0,17057168.40575305,4870.0,16732416.937210292,5224.0,322.1992137379189,18099995.694956683,5218.928571428572,318.2191949646388,18065432.774862655,5159.857142857143,309.5451518893459,17824383.571459074
2021-04-13,5012,17485701.94549074,5397188.636258353,0,0,1,13,15,4,2,0,1198,5020.0,17373609.235506155,5005.0,17232391.64113876,5040.0,17434884.164256077,4897.0,16997398.366297845,5225.285714285715,321.224072513105,18094892.86021486,5223.071428571428,314.97801248918154,18088035.691273592,5165.214285714285,305.6159969081048,17847283.29639821
2021-04-14,5112,17577535.325491834,5405326.069942465,0,0,2,14,15,4,2,0,1199,5012.0,17485701.94549074,5067.0,17520930.7272027,5015.0,17423148.45674103,4894.0,16946220.557377968,5226.285714285715,320.43393197647555,18131080.04655086,5221.071428571428,316.3159239372094,18091665.532790355,5169.321428571428,302.6362017917185,17864722.709940813
2021-04-15,5187,17762748.423988502,5440093.983796131,0,0,3,15,15,4,2,0,1200,5112.0,17577535.325491834,5039.0,17509655.112324215,5011.0,17344066.781174373,4898.0,16929899.14773641,5232.714285714285,317.14019732904336,18139166.417735018,5228.0,312.49418456125204,18102693.166272555,5177.107142857143,298.0604387238807,17887269.66594488
2021-04-16,5183,17980565.24040556,5503030.69141847,0,0,4,16,15,4,2,0,1201,5187.0,17762748.423988502,5057.0,17429010.37734096,5053.0,17580100.36614997,4938.0,16894986.240146644,5253.857142857143,306.83949581251096,18175322.60511563,5240.571428571428,306.5770612839136,18132598.997902136,5187.428571428572,292.99822127780016,17917014.282953884
2021-04-17,5753,19617441.366783645,6048389.565752708,0,0,5,17,15,4,2,1,1202,5183.0,17980565.24040556,5690.0,19587841.84745861,5660.0,19527414.871520296,5578.0,19372589.27627651,5271.857142857143,296.9014587206939,18254116.156982,5249.857142857143,302.39908860840586,18161203.631777532,5196.178571428572,288.9031689083525,17955784.96153456
2021-04-18,5662,19531618.97579508,6076024.666279227,0,0,6,18,15,4,2,1,1203,5753.0,19617441.366783645,5699.0,20010811.08053261,5756.0,19849305.93778563,5560.0,19156664.40200199,5280.857142857143,312.24745986232756,18258344.65974272,5256.5,312.9395984973422,18167634.095724918,5202.428571428572,299.1794244969481,17964529.679052673
2021-04-19,5130,17760823.33445434,5443565.112311521,0,0,0,19,16,4,2,0,1204,5662.0,19531618.97579508,5020.0,17373609.235506155,5011.0,17409329.078698903,4854.0,16736903.412295256,5275.571428571428,304.1988697890775,18189888.64478022,5249.785714285715,302.2230909498518,18144942.169868447,5206.071428571428,304.2721647876245,17977920.913831
2021-04-20,5102,17710691.938597713,5435107.282676479,0,0,1,20,16,4,2,0,1205,5130.0,17760823.33445434,5012.0,17485701.94549074,5005.0,17232391.64113876,4950.0,16840413.135823917,5291.285714285715,291.36673013329977,18245204.944629956,5258.285714285715,296.6120046772664,18170048.90242241,5215.928571428572,296.82354510923483,18014489.482479535
2021-04-21,5078,17706462.635227595,5461288.5858370485,0,0,2,21,16,4,2,0,1206,5102.0,17710691.938597713,5112.0,17577535.325491834,5067.0,17520930.7272027,4986.0,17126372.36461188,5304.142857142857,278.6990184000341,18277346.372216668,5265.214285714285,291.3261926937495,18204213.209383763,5221.357142857143,293.14706387442817,18045570.868292887
2021-04-22,5041,17491138.92884258,5400076.090959312,0,0,3,22,16,4,2,0,1207,5078.0,17706462.635227595,5187.0,17762748.423988502,5039.0,17509655.112324215,4989.0,17413732.53662077,5299.285714285715,282.87082698981965,18295764.559321776,5266.0,290.7647740805941,18217465.488528397,5224.642857142857,290.9184961953578,18066288.377957735
2021-04-23,5101,17653838.954218578,5459421.353590131,0,0,4,23,16,4,2,0,1208,5041.0,17491138.92884258,5183.0,17980565.24040556,5057.0,17429010.37734096,4932.0,16862854.029131997,5278.428571428572,297.532551240396,18256963.20287236,5266.142857142857,290.6451331204059,18216142.903993994,5226.5,289.5211244131911,18069052.891965654
2021-04-24,5707,19684776.12185757,6037958.185749127,0,0,5,24,16,4,2,1,1209,5101.0,17653838.954218578,5753.0,19617441.366783645,5690.0,19587841.84745861,5629.0,19395676.599186096,5266.714285714285,303.47087410255915,18210288.01913136,5269.285714285715,288.43914931424933,18232202.08805668,5232.535714285715,284.8785943030126,18097302.35357589
2021-04-25,5587,19159604.978014152,5822947.136239804,0,0,6,25,16,4,2,1,1210,5707.0,19684776.12185757,5662.0,19531618.97579508,5699.0,20010811.08053261,5436.0,18760554.1480593,5260.142857142857,291.4454943732637,18219907.269856207,5270.5,290.37581749278,18239125.964799464,5235.321428571428,289.24692175722237,18107627.336528443
2021-04-26,5137,17857563.156150162,5468027.428510491,0,0,0,26,17,4,2,0,1211,5587.0,19159604.978014152,5130.0,17760823.33445434,5020.0,17373609.235506155,4962.0,17057168.40575305,5249.428571428572,275.13200295061824,18166762.413030364,5262.5,278.98159575358363,18178325.528905287,5240.714285714285,294.48723259035717,18121879.15188397
2021-04-27,5135,17639765.72528045,5386166.619016517,0,0,1,27,17,4,2,0,1212,5137.0,17857563.156150162,5102.0,17710691.938597713,5012.0,17485701.94549074,5040.0,17434884.164256077,5250.428571428572,274.63785678772024,18180582.387558337,5270.857142857143,272.843391863357,18212893.666094147,5246.964285714285,290.17842303617977,18150464.67868387
2021-04-28,5093,17928762.284505114,5565094.928762176,0,0,2,28,17,4,2,0,1213,5135.0,17639765.72528045,5078.0,17706462.635227595,5112.0,17577535.325491834,5015.0,17423148.45674103,5255.142857142857,271.93530393056625,18170450.07137016,5279.642857142857,265.75512358987606,18223898.22179341,5250.357142857143,288.2176664960359,18157781.87729188
2021-04-29,5012,17315231.69102643,5359264.514969884,0,0,3,29,17,4,2,0,1214,5093.0,17928762.284505114,5041.0,17491138.92884258,5187.0,17762748.423988502,5011.0,17344066.781174373,5257.285714285715,270.36131027800184,18202207.164124086,5278.285714285715,266.7238354470575,18248985.86172293,5253.142857142857,286.2286982901341,18175839.51399774
2021-04-30,5148,17782396.544922978,5492926.549138731,0,0,4,30,17,4,2,0,1215,5012.0,17315231.69102643,5101.0,17653838.954218578,5183.0,17980565.24040556,5053.0,17580100.36614997,5253.142857142857,274.4196473599199,18177077.55872178,5265.785714285715,275.29401864784825,18217020.38079707,5253.178571428572,286.197426492996,18174809.6893496
2021-05-01,5756,19930961.077329338,6147682.328899588,0,0,5,1,17,5,2,1,1216,5148.0,17782396.544922978,5707.0,19684776.12185757,5753.0,19617441.366783645,5660.0,19527414.871520296,5259.857142857143,270.62546601741445,18195442.928822406,5263.285714285715,276.2608657302933,18202865.473976884,5256.571428571428,284.29320135842363,18182034.55287721
2021-05-02,5654,19424214.882759083,5988183.650060679,0,0,6,2,17,5,2,1,1217,5756.0,19930961.077329338,5587.0,19159604.978014152,5662.0,19531618.97579508,5756.0,19849305.93778563,5266.857142857143,284.4019623534199,18230612.208175518,5263.5,276.6707985480505,18225259.739015862,5260.0,289.86305834409023,18196446.91737039
2021-05-03,5200,18096233.80413793,5584710.324781787,0,0,0,3,18,5,2,0,1218,5654.0,19424214.882759083,5137.0,17857563.156150162,5130.0,17760823.33445434,5011.0,17409329.078698903,5276.428571428572,297.78451781047795,18268413.62313908,5262.928571428572,275.79129910010914,18217588.01808472,5256.357142857143,283.97994377350904,18181265.093976583
2021-05-04,5056,17476657.128730245,5403917.587138037,0,0,1,4,18,5,2,0,1219,5200.0,18096233.80413793,5135.0,17639765.72528045,5102.0,17710691.938597713,5005.0,17232391.64113876,5285.428571428572,293.793497286136,18302509.429994475,5267.928571428572,273.82348730119406,18241545.908776406,5263.107142857143,280.1523843653759,18205797.405599404
2021-05-05,5118,17676405.44196524,5447977.371001296,0,0,2,5,18,5,2,0,1220,5056.0,17476657.128730245,5093.0,17928762.284505114,5078.0,17706462.635227595,5067.0,17520930.7272027,5274.142857142857,301.93952406148486,18279208.20191587,5264.642857142857,276.2330696915088,18224829.136643015,5264.928571428572,278.57347306263154,18214521.17301339
2021-05-06,5184,17787859.364185788,5481427.954335714,0,0,3,6,18,5,2,0,1221,5118.0,17676405.44196524,5012.0,17315231.69102643,5041.0,17491138.92884258,5039.0,17509655.112324215,5277.714285714285,299.5784339621894,18243157.224410176,5267.5,274.3545572373605,18222682.19426713,5266.75,277.395642706567,18220073.841397766
2021-05-07,5060,17569859.24533609,5381623.07327921,0,0,4,7,18,5,2,0,1222,5184.0,17787859.364185788,5148.0,17782396.544922978,5101.0,17653838.954218578,5057.0,17429010.37734096,5302.285714285715,280.6051284193463,18310675.463432945,5277.714285714285,267.8582945029901,18243876.511077363,5271.928571428572,274.3228604145643,18230009.70753568
2021-05-08,5712,19736735.27579957,6081651.76472303,0,0,5,8,18,5,2,1,1223,5060.0,17569859.24533609,5756.0,19930961.077329338,5707.0,19684776.12185757,5690.0,19587841.84745861,5289.714285714285,290.46727542915716,18280312.992063385,5274.785714285715,270.1532837173767,18237877.960442897,5272.035714285715,274.23637845814335,18235040.02424979
2021-05-09,5660,19491035.73169544,6010166.262237087,0,0,6,9,18,5,2,1,1224,5712.0,19736735.27579957,5654.0,19424214.882759083,5587.0,19159604.978014152,5699.0,20010811.08053261,5283.428571428572,278.94256107835554,18252566.448987704,5275.142857142857,270.7712225201187,18241589.328581613,5272.821428571428,275.50681292529,18240357.64669054
2021-05-10,5138,17822801.873273995,5507389.782311339,0,0,0,10,19,5,2,0,1225,5660.0,19491035.73169544,5200.0,18096233.80413793,5137.0,17857563.156150162,5020.0,17373609.235506155,5284.285714285715,280.2770737952675,18262112.284550045,5280.357142857143,277.84904787776026,18265262.953844562,5271.428571428572,273.3626581249524,18221794.241374925
2021-05-11,5105,17751281.572854046,5501025.616782884,0,0,1,11,19,5,2,0,1226,5138.0,17822801.873273995,5056.0,17476657.128730245,5135.0,17639765.72528045,5012.0,17485701.94549074,5275.428571428572,284.3348127020071,18223050.58014091,5280.428571428572,277.80948488144605,18262780.005067695,5275.642857142857,270.2346325209879,18237836.83558092
2021-05-12,5074,17515717.62824366,5397436.531416625,0,0,2,12,19,5,2,0,1227,5105.0,17751281.572854046,5118.0,17676405.44196524,5093.0,17928762.284505114,5112.0,17577535.325491834,5282.428571428572,278.5772526863696,18262282.64358717,5278.285714285715,279.130085077888,18270745.42275152,5278.964285714285,267.4311932473282,18247321.82227247
2021-05-13,5003,17326345.264407933,5355881.859256027,0,0,3,13,19,5,2,0,1228,5074.0,17515717.62824366,5184.0,17787859.364185788,5012.0,17315231.69102643,5187.0,17762748.423988502,5276.142857142857,283.3610350603554,18239327.24162694,5276.928571428572,280.14459570992824,18241242.23301856,5277.607142857143,268.4045232391489,18245114.047370743
2021-05-14,5113,17520954.057539724,5425484.6659625415,0,0,4,14,19,5,2,0,1229,5003.0,17326345.264407933,5060.0,17569859.24533609,5148.0,17782396.544922978,5183.0,17980565.24040556,5250.285714285715,300.8868637243983,18173396.65594439,5276.285714285715,280.8088395966001,18242036.059688665,5271.035714285715,272.91953530540735,18229528.220242865
2021-05-15,5677,19779276.023486234,6099781.51893402,0,0,5,15,19,5,2,1,1230,5113.0,17520954.057539724,5712.0,19736735.27579957,5756.0,19930961.077329338,5753.0,19617441.366783645,5257.857142857143,295.9264709188349,18166410.200544912,5273.785714285715,282.19120047648266,18223361.59630415,5268.535714285715,274.0739940833515,18213113.535140518
2021-05-16,5671,19430794.193697143,5968953.924412867,0,0,6,16,19,5,2,1,1231,5677.0,19779276.023486234,5660.0,19491035.73169544,5654.0,19424214.882759083,5662.0,19531618.97579508,5252.857142857143,287.13958775679595,18172487.450214434,5268.142857142857,272.42779061411136,18212526.94960107,5265.821428571428,269.4354940421403,18218893.344308466
2021-05-17,5098,17688608.011076417,5435576.795985819,0,0,0,17,20,5,2,0,1232,5671.0,19430794.193697143,5138.0,17822801.873273995,5200.0,18096233.80413793,5130.0,17760823.33445434,5254.428571428572,289.75728759478267,18163881.516214676,5269.357142857143,274.31133551348864,18212996.900382362,5266.142857142857,269.9305417222996,18215292.45923354
2021-05-18,5173,17974381.6115857,5536694.896766167,0,0,1,18,20,5,2,0,1233,5098.0,17688608.011076417,5105.0,17751281.572854046,5056.0,17476657.128730245,5102.0,17710691.938597713,5248.714285714285,292.8143406584418,18144710.964472167,5262.071428571428,277.6296548906664,18183880.772306535,5265.0,270.59522866779184,18212713.34054147
2021-05-19,5087,17453926.086860836,5328039.017858772,0,0,2,19,20,5,2,0,1234,5173.0,17974381.6115857,5074.0,17515717.62824366,5118.0,17676405.44196524,5078.0,17706462.635227595,5258.428571428572,288.345774573316,18176582.398576684,5270.428571428572,272.66595914178606,18219432.52108193,5267.535714285715,269.34096278286563,18222130.82886247
2021-05-20,5055,17353882.115199838,5350652.312846603,0,0,3,20,20,5,2,0,1235,5087.0,17453926.086860836,5003.0,17326345.264407933,5184.0,17787859.364185788,5041.0,17491138.92884258,5260.285714285715,286.9986726367178,18167755.035521995,5268.214285714285,274.1210228435976,18203541.13857447,5267.857142857143,269.11166817343076,18213111.6664208
2021-05-21,5148,17789795.82899005,5475920.108928628,0,0,4,21,20,5,2,0,1236,5055.0,17353882.115199838,5113.0,17520954.057539724,5060.0,17569859.24533609,5101.0,17653838.954218578,5267.714285714285,279.81226699682867,18171688.871349413,5259.0,279.2889322767607,18172542.7636469,5268.357142857143,268.6872358111331,18208209.63736213
2021-05-22,5620,19484448.127248384,5961483.634242317,0,0,5,22,20,5,2,1,1237,5148.0,17789795.82899005,5677.0,19779276.023486234,5712.0,19736735.27579957,5707.0,19684776.12185757,5272.714285714285,276.88428045287174,18210094.83869946,5265.285714285715,275.4292952887942,18188252.519622184,5270.035714285715,267.74815172344233,18213065.240032542
2021-05-23,5658,19475886.28338293,5989528.384566469,0,0,6,23,20,5,2,1,1238,5620.0,19484448.127248384,5671.0,19430794.193697143,5660.0,19491035.73169544,5587.0,19159604.978014152,5264.571428571428,263.52916166454696,18167976.567808338,5258.714285714285,264.84550752679985,18170232.009011384,5266.928571428572,262.9513303187472,18205910.6687965
2021-05-24,5091,17541682.014851507,5392715.458788393,0,0,0,24,21,5,2,0,1239,5658.0,19475886.28338293,5098.0,17688608.011076417,5138.0,17822801.873273995,5137.0,17857563.156150162,5262.714285714285,260.2125504824302,18174418.294906307,5258.571428571428,264.6128417971081,18169149.90556049,5269.464285714285,266.47096737735467,18217206.429702528
2021-05-25,5122,17765013.696096525,5452444.205413532,0,0,1,25,21,5,2,0,1240,5091.0,17541682.014851507,5173.0,17974381.6115857,5105.0,17751281.572854046,5135.0,17639765.72528045,5261.714285714285,260.9634165202176,18153428.866874177,5255.214285714285,266.55124448040266,18149069.91567317,5267.821428571428,267.4578614884117,18205924.960370433
2021-05-26,5014,17219842.48216649,5290609.0383793125,0,0,2,26,21,5,2,0,1241,5122.0,17765013.696096525,5087.0,17453926.086860836,5074.0,17515717.62824366,5093.0,17928762.284505114,5254.428571428572,264.5403920909223,18123519.16466144,5256.428571428572,265.8521029808229,18150050.781619065,5267.357142857143,267.7081349205554,18210398.10218529
2021-05-27,5045,17300675.40165837,5303679.464940035,0,0,3,27,21,5,2,0,1242,5014.0,17219842.48216649,5055.0,17353882.115199838,5003.0,17326345.264407933,5012.0,17315231.69102643,5244.0,273.526963935916,18090078.649705105,5252.142857142857,269.4780873474226,18128916.84261355,5264.535714285715,270.02009282476985,18185079.537816055
2021-05-28,5097,17538354.494346157,5390360.867170836,0,0,4,28,21,5,2,0,1243,5045.0,17300675.40165837,5148.0,17789795.82899005,5113.0,17520954.057539724,5148.0,17782396.544922978,5242.571428571428,274.70217639160705,18082477.69062775,5255.142857142857,266.710692336432,18127083.28098858,5265.714285714285,268.94689784868433,18184559.670338623
2021-05-29,5654,19596597.087008536,6007765.254251355,0,0,5,29,21,5,2,1,1244,5097.0,17538354.494346157,5620.0,19484448.127248384,5677.0,19779276.023486234,5756.0,19930961.077329338,5235.285714285715,278.2814608064493,18046557.499964338,5254.0,267.400017260199,18128326.169331897,5263.892857142857,269.9444852784956,18175843.882818025
2021-05-30,5595,19424673.90386903,5977328.278393492,0,0,6,30,21,5,2,1,1245,5654.0,19596597.087008536,5658.0,19475886.28338293,5671.0,19430794.193697143,5654.0,19424214.882759083,5240.142857142857,286.29671588023746,18062578.779930074,5252.357142857143,264.6578653927959,18115277.673869204,5260.25,263.67300526163183,18163902.31173514
2021-05-31,5104,17732500.39176392,5467945.56769547,0,0,0,31,22,5,2,0,1246,5595.0,19424673.90386903,5091.0,17541682.014851507,5098.0,17688608.011076417,5200.0,18096233.80413793,5231.142857142857,271.5838903981778,18055262.7257138,5246.928571428572,256.0497140087092,18114840.510310054,5258.142857142857,260.6279758562742,18163918.705346208
2021-06-01,5101,17490919.806089606,5381512.913547847,0,0,1,1,22,6,2,0,1247,5104.0,17732500.39176392,5122.0,17765013.696096525,5173.0,17974381.6115857,5056.0,17476657.128730245,5233.0,270.5081637708307,18082522.493844148,5247.357142857143,255.7861508077415,18117975.680359162,5254.714285714285,262.0487454149358,18150928.22633285
2021-06-02,5092,17525738.30109079,5438441.214542768,0,0,2,2,22,6,2,0,1248,5101.0,17490919.806089606,5014.0,17219842.48216649,5087.0,17453926.086860836,5118.0,17676405.44196524,5230.0,272.0563667085676,18043366.22384316,5242.214285714285,258.1094516110848,18083442.6942523,5256.321428571428,260.9204580896874,18151437.60766711
2021-06-03,4949,17355368.730098337,5359804.089218777,0,0,3,3,22,6,2,0,1249,5092.0,17525738.30109079,5045.0,17300675.40165837,5055.0,17353882.115199838,5184.0,17787859.364185788,5241.142857142857,263.1877837662862,18087065.626546632,5242.571428571428,257.8815214800491,18088572.138125867,5255.392857142857,261.47662444714246,18146056.638350166
2021-06-04,4967,17015617.21792906,5270152.012066667,0,0,4,4,22,6,2,0,1250,4949.0,17355368.730098337,5097.0,17538354.494346157,5148.0,17789795.82899005,5060.0,17569859.24533609,5227.428571428572,277.23807887978234,18094878.959180914,5235.0,265.2627144781073,18088678.32490433,5247.0,267.5539405635956,18130610.544275615
2021-06-05,5695,19662633.409251034,6014357.34128172,0,0,5,5,22,6,2,1,1251,4967.0,17015617.21792906,5654.0,19596597.087008536,5620.0,19484448.127248384,5712.0,19736735.27579957,5208.857142857143,291.42261898682995,18020202.205407042,5222.071428571428,274.09303987055404,18033379.852685686,5243.678571428572,270.52213623005633,18110816.186153937
2021-06-06,5622,19312648.528661232,5898890.607531089,0,0,6,6,22,6,2,1,1252,5695.0,19662633.409251034,5595.0,19424673.90386903,5658.0,19475886.28338293,5660.0,19491035.73169544,5214.714285714285,302.07764690871267,18029635.965727396,5227.428571428572,283.05523089363703,18046107.372828733,5243.071428571428,269.4490852161248,18108169.690920062
2021-06-07,4944,17102135.159267757,5279097.066681559,0,0,0,7,23,6,2,0,1253,5622.0,19312648.528661232,5104.0,17732500.39176392,5091.0,17541682.014851507,5138.0,17822801.873273995,5218.571428571428,307.85973924438235,18013632.340697713,5224.857142857143,278.9769378785967,18034447.53320576,5241.714285714285,267.35894268342923,18101798.719383124
2021-06-08,5020,17223434.34106537,5315716.060772095,0,0,1,8,23,6,2,0,1254,4944.0,17102135.159267757,5101.0,17490919.806089606,5122.0,17765013.696096525,5105.0,17751281.572854046,5195.714285714285,323.33456062604625,17923580.164626833,5214.357142857143,287.0520207860407,18003051.32923549,5234.785714285715,272.6084367519773,18076060.62245433
2021-06-09,5128,17693945.204987824,5466812.189232368,0,0,2,9,23,6,2,0,1255,5020.0,17223434.34106537,5092.0,17525738.30109079,5014.0,17219842.48216649,5074.0,17515717.62824366,5184.142857142857,328.69409718431194,17885367.955337655,5207.071428571428,290.8458392306641,17964367.089590404,5231.75,274.5734233585105,18057208.935604732
2021-06-10,5045,17534087.280049708,5391621.690053519,0,0,3,10,23,6,2,0,1256,5128.0,17693945.204987824,4949.0,17355368.730098337,5045.0,17300675.40165837,5003.0,17326345.264407933,5189.285714285715,327.29075467424747,17909397.51303723,5215.214285714285,286.58927420247073,17998231.56979193,5233.678571428572,273.6123309939717,18063574.206202738
2021-06-11,5042,17598285.23226113,5438864.784890949,0,0,4,11,23,6,2,0,1257,5045.0,17534087.280049708,4967.0,17015617.21792906,5097.0,17538354.494346157,5113.0,17520954.057539724,5203.0,317.4061541096311,17934928.734458856,5215.214285714285,286.58927420247073,18014903.84681988,5235.178571428572,272.4133642193203,18070993.563904233
2021-06-12,5652,19392181.932702,5944271.117834497,0,0,5,12,23,6,2,1,1258,5042.0,17598285.23226113,5695.0,19662633.409251034,5654.0,19596597.087008536,5677.0,19779276.023486234,5213.714285714285,309.27372681047143,18018167.022220578,5211.285714285715,288.70358196902447,18019184.61381381,5232.642857142857,273.91904917811496,18073755.391572855
2021-06-13,5578,19127480.10358803,5906372.369048047,0,0,6,13,23,6,2,1,1259,5652.0,19392181.932702,5622.0,19312648.528661232,5595.0,19424673.90386903,5671.0,19430794.193697143,5207.571428571428,298.3554128568016,17979531.096999288,5211.142857142857,288.46806439502313,18004583.531363342,5231.75,272.453818716733,18059930.602616273
2021-06-14,5056,17349480.958424363,5339755.812925568,0,0,0,14,24,6,2,0,1260,5578.0,19127480.10358803,4944.0,17102135.159267757,5104.0,17732500.39176392,5098.0,17688608.011076417,5201.285714285715,288.4687818382403,17953078.464845974,5209.928571428572,286.75866676880054,17983355.40277184,5228.428571428572,267.4210757326895,18049097.95654095
2021-06-15,5041,17166114.795836978,5263817.589791793,0,0,1,15,24,6,2,0,1261,5056.0,17349480.958424363,5020.0,17223434.34106537,5101.0,17490919.806089606,5173.0,17974381.6115857,5217.285714285715,274.5922518242362,17988413.5790112,5206.5,288.4048303233378,17955996.871819016,5226.928571428572,268.2961228266384,18036986.27608909
2021-06-16,4944,17117462.90861148,5271152.216850198,0,0,2,16,24,6,2,0,1262,5041.0,17166114.795836978,5128.0,17693945.204987824,5092.0,17525738.30109079,5087.0,17453926.086860836,5220.285714285715,272.18174950188103,17980225.072550006,5202.214285714285,290.5311259827808,17932796.51394383,5222.214285714285,270.4300220489471,18008119.604098063
2021-06-17,4972,17205027.531783916,5339533.874408911,0,0,3,17,24,6,2,0,1263,4944.0,17117462.90861148,5045.0,17534087.280049708,4949.0,17355368.730098337,5055.0,17353882.115199838,5194.0,290.8258356244625,17897870.458781954,5191.642857142857,297.4599151127572,17903633.985909592,5217.107142857143,274.3993223301314,17996103.06201773
2021-06-18,4894,16930501.80995531,5189966.669024147,0,0,4,18,24,6,2,0,1264,4972.0,17205027.531783916,5042.0,17598285.23226113,4967.0,17015617.21792906,5148.0,17789795.82899005,5183.571428571428,298.27272595331175,17850861.923315413,5193.285714285715,296.0770244304545,17892895.328887135,5214.142857142857,276.6544460869548,17990786.826895732
2021-06-19,5518,19156512.906905048,5897151.351014978,0,0,5,19,24,6,2,1,1265,4894.0,16930501.80995531,5652.0,19392181.932702,5695.0,19662633.409251034,5620.0,19484448.127248384,5162.428571428572,314.7696814830693,17755464.29155744,5188.071428571428,300.9711113879497,17886815.65688901,5205.071428571428,282.99521374978826,17960097.75478735
2021-06-20,5606,19434992.505659,6023587.024584145,0,0,6,20,24,6,2,1,1266,5518.0,19156512.906905048,5578.0,19127480.10358803,5622.0,19312648.528661232,5658.0,19475886.28338293,5143.285714285715,282.44923690562894,17721797.28787216,5175.428571428572,281.10023240710564,17850664.192435723,5201.428571428572,278.0698591376705,17948385.78263223
2021-06-21,4901,16755556.972500809,5148441.643070575,0,0,0,21,25,6,2,0,1267,5606.0,19434992.505659,5056.0,17349480.958424363,4944.0,17102135.159267757,5091.0,17541682.014851507,5147.285714285715,289.73592245682175,17765727.631025158,5174.285714285715,279.1708681549022,17859403.047935564,5199.571428571428,275.0650331953697,17946925.29057066
2021-06-22,4982,17112745.34217386,5276249.365920087,0,0,1,22,25,6,2,0,1268,4901.0,16755556.972500809,5041.0,17166114.795836978,5020.0,17223434.34106537,5122.0,17765013.696096525,5125.142857142857,303.4723647887515,17680881.34732179,5171.214285714285,282.12031764189175,17834647.463166498,5192.785714285715,280.1394305146956,17918849.396200992
2021-06-23,4971,17314689.74035888,5408408.869379966,0,0,2,23,25,6,2,0,1269,4982.0,17112745.34217386,4944.0,17117462.90861148,5128.0,17693945.204987824,5014.0,17219842.48216649,5116.714285714285,306.99767332762053,17673257.13965563,5168.5,283.86447199592766,17826741.10610282,5187.785714285715,282.6874150067033,17895554.097846612
2021-06-24,4982,17303702.085900668,5370389.140806769,0,0,3,24,25,6,2,0,1270,4971.0,17314689.74035888,4972.0,17205027.531783916,5045.0,17534087.280049708,5045.0,17300675.40165837,5120.571428571428,304.62646916229494,17701432.40133383,5157.285714285715,288.64842297837134,17799651.430057894,5186.25,283.78116568933444,17898941.499924913
2021-06-25,4888,16756477.293074314,5109448.481921152,0,0,4,25,25,6,2,0,1271,4982.0,17303702.085900668,4894.0,16930501.80995531,5042.0,17598285.23226113,5097.0,17538354.494346157,5122.0,303.83603034092954,17715528.766207654,5152.785714285715,291.01498205454743,17783195.34476153,5184.0,285.1888263355775,17899049.59579071
2021-06-26,5434,18746860.412911236,5820961.08010946,0,0,5,26,25,6,2,1,1272,4888.0,16756477.293074314,5518.0,19156512.906905048,5652.0,19392181.932702,5654.0,19596597.087008536,5121.142857142857,304.593952977529,17690668.120938938,5141.785714285715,298.3429050790016,17723066.20624819,5176.535714285715,290.2405748165457,17871125.410031
2021-06-27,5496,18950028.319209877,5823460.762297373,0,0,6,27,25,6,2,1,1273,5434.0,18746860.412911236,5606.0,19434992.505659,5578.0,19127480.10358803,5595.0,19424673.90386903,5109.142857142857,287.5299570313975,17632146.33608268,5126.214285714285,274.3925258489156,17676971.81197742,5168.678571428572,279.61985485210255,17840777.67167038
2021-06-28,4916,16741337.234428748,5168403.372149298,0,0,0,28,26,6,2,0,1274,5496.0,18950028.319209877,4901.0,16755556.972500809,5056.0,17349480.958424363,5104.0,17732500.39176392,5093.428571428572,257.2624192939062,17562865.73801852,5120.357142857143,264.7113397770923,17664296.68452184,5165.142857142857,274.61052747289114,17823826.04364684
2021-06-29,4894,16917951.77481327,5213059.455628187,0,0,1,29,26,6,2,0,1275,4916.0,16741337.234428748,4982.0,17112745.34217386,5041.0,17166114.795836978,5101.0,17490919.806089606,5095.571428571428,255.44853176511614,17560834.346865367,5110.357142857143,269.92266902343965,17620857.84709358,5158.428571428572,278.43257426654696,17788427.3594563
2021-06-30,4966,17172748.739567157,5296168.329293325,0,0,2,30,26,6,2,0,1276,4894.0,16917951.77481327,4971.0,17314689.74035888,4944.0,17117462.90861148,5092.0,17525738.30109079,5083.0,263.99179280172325,17533006.694385286,5099.857142857143,275.62707725163017,17603131.91702046,5151.035714285715,282.7288299233722,17767964.21548214
2021-07-01,4825,16721327.55048409,5169555.179585028,0,0,3,1,26,7,3,0,1277,4966.0,17172748.739567157,4982.0,17303702.085900668,4972.0,17205027.531783916,4949.0,17355368.730098337,5082.285714285715,264.3518578748901,17512729.408557896,5101.428571428572,274.7313972943956,17607080.90494586,5146.535714285715,284.6991241114717,17755357.445427727
2021-07-02,4855,16735584.372078918,5164580.887456994,0,0,4,2,26,7,3,0,1278,4825.0,16721327.55048409,4888.0,16756477.293074314,4894.0,16930501.80995531,4967.0,17015617.21792906,5059.857142857143,280.44870509681033,17429533.046355527,5090.928571428572,282.7506279080707,17572530.90628159,5142.107142857143,288.8202490189775,17732713.117584363
2021-07-03,5375,18580330.788663164,5762833.485674666,0,0,5,3,26,7,3,1,1279,4855.0,16735584.372078918,5434.0,18746860.412911236,5518.0,19156512.906905048,5695.0,19662633.409251034,5055.142857142857,284.0730120769619,17426548.343356185,5088.142857142857,285.02303743403377,17558608.232147563,5138.107142857143,292.0922405407664,17722711.944518287
2021-07-04,5420,18385150.758588035,5666739.369626392,0,0,6,4,26,7,3,1,1280,5375.0,18580330.788663164,5496.0,18950028.319209877,5606.0,19434992.505659,5622.0,19312648.528661232,5046.714285714285,271.55828980516566,17402758.397035033,5077.928571428572,270.6324400037968,17517452.366558857,5126.678571428572,275.2718593696868,17684058.27949729
2021-07-05,4881,16772398.356168298,5164373.581860019,0,0,0,5,27,7,3,0,1281,5420.0,18385150.758588035,4916.0,16741337.234428748,4901.0,16755556.972500809,4944.0,17102135.159267757,5035.857142857143,251.3705290147288,17322061.602660485,5064.642857142857,246.174924406579,17442463.670339502,5119.464285714285,264.235512535038,17650933.359137535
2021-07-06,4859,16620613.527225193,5128473.865620418,0,0,1,6,27,7,3,0,1282,4881.0,16772398.356168298,4894.0,16917951.77481327,4982.0,17112745.34217386,5020.0,17223434.34106537,5030.857142857143,254.48079729220828,17326498.905766133,5063.214285714285,247.25327362579623,17443666.62631575,5117.214285714285,266.0469684435205,17639157.044741124
2021-07-07,4902,16795173.82028292,5155010.959568891,0,0,2,7,27,7,3,0,1283,4859.0,16620613.527225193,4966.0,17172748.739567157,4971.0,17314689.74035888,5128.0,17693945.204987824,5025.857142857143,257.93825396234797,17284022.01325355,5054.428571428572,252.4908876606048,17408514.35381942,5111.464285714285,269.93723305308964,17617627.72996112
2021-07-08,4774,16508828.390878163,5067746.4273618935,0,0,3,8,27,7,3,0,1284,4902.0,16795173.82028292,4825.0,16721327.55048409,4982.0,17303702.085900668,5045.0,17534087.280049708,5016.714285714285,261.52292078370505,17230082.73907009,5049.5,254.90654396040543,17371406.073813993,5103.392857142857,272.7882558683215,17585528.751935944
2021-07-09,4769,16347506.663818013,5016838.645549506,0,0,4,9,27,7,3,0,1285,4774.0,16508828.390878163,4855.0,16735584.372078918,4888.0,16756477.293074314,5042.0,17598285.23226113,5009.428571428572,268.3746492889267,17199725.716269244,5034.642857142857,265.004965742388,17314629.381312385,5093.714285714285,279.65784082787013,17548912.363036957
2021-07-10,5388,18418051.64776607,5617451.5361176,0,0,5,10,27,7,3,1,1286,4769.0,16347506.663818013,5375.0,18580330.788663164,5434.0,18746860.412911236,5652.0,19392181.932702,4997.142857142857,278.40344141277853,17144286.04366054,5026.142857142857,271.88936017398106,17285417.193508364,5083.964285714285,286.20977571404546,17504241.699878275
2021-07-11,5250,18073212.369511787,5580548.466939949,0,0,6,11,27,7,3,1,1287,5388.0,18418051.64776607,5420.0,18385150.758588035,5496.0,18950028.319209877,5578.0,19127480.10358803,4999.0,281.3716403619992,17121103.30924667,5022.857142857143,266.8119064183346,17261930.85314085,5074.535714285715,270.7340477353618,17469451.332559135
2021-07-12,4774,16234673.19107059,5009507.987176839,0,0,0,12,28,7,3,0,1288,5250.0,18073212.369511787,4881.0,16772398.356168298,4916.0,16741337.234428748,5056.0,17349480.958424363,4974.714285714285,243.80710564277504,17076540.682235777,5005.285714285715,240.0094320490774,17199301.14244813,5062.821428571428,254.76831211346035,17431798.913484983
2021-07-13,4772,16247731.782148886,4955879.707535844,0,0,1,13,28,7,3,0,1289,4774.0,16234673.19107059,4859.0,16620613.527225193,4894.0,16917951.77481327,5041.0,17166114.795836978,4959.428571428572,253.8108594622284,16999722.801507536,4995.142857142857,246.9723924598783,17163110.853636835,5052.75,260.55618929086404,17391984.350365207
2021-07-14,4841,16668335.058601588,5149793.300227812,0,0,2,14,28,7,3,0,1290,4772.0,16247731.782148886,4902.0,16795173.82028292,4966.0,17172748.739567157,4944.0,17117462.90861148,4947.0,261.56006321047846,16946453.98078235,4986.428571428572,252.8969733327643,17115237.99701795,5043.142857142857,265.9097193334191,17359184.957019202
2021-07-15,4709,16268498.660997514,5024099.557857472,0,0,3,15,28,7,3,0,1291,4841.0,16668335.058601588,4774.0,16508828.390878163,4825.0,16721327.55048409,4972.0,17205027.531783916,4938.285714285715,264.31087396329536,16928334.157685015,4977.5,255.8628689206422,17079208.448377553,5039.464285714285,268.03599566764143,17343144.676661707
2021-07-16,4806,16494327.88573764,5098377.926543032,0,0,4,16,28,7,3,0,1292,4709.0,16268498.660997514,4769.0,16347506.663818013,4855.0,16735584.372078918,4894.0,16930501.80995531,4929.0,272.0722943140965,16894001.339130636,4969.214285714285,262.961002833088,17046863.52769994,5030.071428571428,275.0053101940391,17309697.216990765
2021-07-17,5382,18346690.43989753,5648424.824044917,0,0,5,17,28,7,3,1,1293,4806.0,16494327.88573764,5388.0,18418051.64776607,5375.0,18580330.788663164,5518.0,19156512.906905048,4934.285714285715,268.7853631219051,16914975.799404867,4965.714285714285,264.9169473834836,17029630.921532705,5026.928571428572,277.1127499601476,17294119.576840132
2021-07-18,5215,17858654.37704949,5461295.724839986,0,0,6,18,28,7,3,1,1294,5382.0,18346690.43989753,5250.0,18073212.369511787,5420.0,18385150.758588035,5606.0,19434992.505659,4933.428571428572,267.1016392953976,16904781.341137934,4966.214285714285,265.75413118473364,17012942.3251923,5022.071428571428,269.2674463650532,17265197.34587558
2021-07-19,4696,16347010.790280689,5060885.793578333,0,0,0,19,29,7,3,0,1295,5215.0,17858654.37704949,4774.0,16234673.19107059,4881.0,16772398.356168298,4901.0,16755556.972500809,4928.428571428572,260.4322414390265,16874130.199357606,4951.571428571428,243.54740946956403,16975335.440796692,5008.107142857143,247.08842910776113,17208899.555568095
2021-07-20,4699,15851749.16158679,4879425.025522003,0,0,1,20,29,7,3,0,1296,4696.0,16347010.790280689,4772.0,16247731.782148886,4859.0,16620613.527225193,4982.0,17112745.34217386,4917.285714285715,269.6465058094416,16890178.42781619,4938.357142857143,252.52436505226618,16944950.61466186,5000.785714285715,253.33777147323656,17194308.620488808
2021-07-21,4800,16429125.46890368,5101270.586433457,0,0,2,21,29,7,3,0,1297,4699.0,15851749.16158679,4841.0,16668335.058601588,4902.0,16795173.82028292,4971.0,17314689.74035888,4906.857142857143,277.4992063480772,16833609.482021607,4926.928571428572,259.9048536811665,16890031.731401976,4990.678571428572,259.6808659035193,17149273.042610697
2021-07-22,4705,16254698.963241365,5032573.881511639,0,0,3,22,29,7,3,0,1298,4800.0,16429125.46890368,4709.0,16268498.660997514,4774.0,16508828.390878163,4982.0,17303702.085900668,4901.0,279.5460606054095,16799436.683493335,4919.642857142857,262.07797053044817,16863885.42058917,4984.571428571428,262.159751773103,17117645.74720158
2021-07-23,4645,15952160.266255217,4908211.322698623,0,0,4,23,29,7,3,0,1299,4705.0,16254698.963241365,4806.0,16494327.88573764,4769.0,16347506.663818013,4888.0,16756477.293074314,4900.428571428572,280.0076529566451,16797465.2980996,4914.714285714285,265.6520073535771,16845733.318615116,4974.678571428572,267.4337652262115,17080181.34996375
2021-07-24,5261,17946682.600853257,5511700.4548182,0,0,5,24,29,7,3,1,1300,4645.0,15952160.266255217,5382.0,18346690.43989753,5388.0,18418051.64776607,5434.0,18746860.412911236,4877.428571428572,295.25404718810523,16720012.781030681,4905.857142857143,272.85354119939734,16817494.290217772,4966.0,274.2078152167178,17051455.74186307
2021-07-25,5218,17857722.78202077,5482934.300662235,0,0,6,25,29,7,3,1,1301,5261.0,17946682.600853257,5215.0,17858654.37704949,5250.0,18073212.369511787,5496.0,18950028.319209877,4860.142857142857,262.5175731079347,16662868.804024354,4896.785714285715,257.25628603261237,16783825.072581146,4959.821428571428,265.0688315319914,17022877.962860998
2021-07-26,4662,16054640.21911117,4908929.506339624,0,0,0,26,30,7,3,0,1302,5218.0,17857722.78202077,4696.0,16347010.790280689,4774.0,16234673.19107059,4916.0,16741337.234428748,4860.571428571428,263.19502094002974,16662735.719020251,4894.5,253.99810720069368,16768432.959188929,4949.892857142857,248.9584733014149,16983867.05081853
2021-07-27,4575,15711928.078724692,4849445.832369376,0,0,1,27,30,7,3,0,1303,4662.0,16054640.21911117,4699.0,15851749.16158679,4772.0,16247731.782148886,4894.0,16917951.77481327,4855.714285714285,267.0241651272567,16620968.494567463,4886.5,259.7832676556422,16755573.46119183,4940.821428571428,254.79825767929046,16959342.15741433
2021-07-28,4614,15848121.28181173,4875591.2149667,0,0,2,28,30,7,3,0,1304,4575.0,15711928.078724692,4800.0,16429125.46890368,4841.0,16668335.058601588,4966.0,17172748.739567157,4838.0,282.8002828852967,16600994.054158593,4872.428571428572,271.53203927280055,16717301.7680901,4929.428571428572,263.9372019266073,16916269.882554024
2021-07-29,4650,16002473.490483966,4882442.197990632,0,0,3,29,30,7,3,0,1305,4614.0,15848121.28181173,4705.0,16254698.963241365,4709.0,16268498.660997514,4825.0,16721327.55048409,4811.428571428572,295.4222160134369,16517993.456002599,4856.214285714285,280.19256525891535,16658715.069747968,4916.857142857143,270.4337687501758,16868961.75906276
2021-07-30,4627,15879161.475150753,4876659.741468373,0,0,4,30,30,7,3,0,1306,4650.0,16002473.490483966,4645.0,15952160.266255217,4806.0,16494327.88573764,4855.0,16735584.372078918,4803.571428571428,299.4288213375981,16481961.245608686,4852.0,283.0066593399655,16639713.271854142,4910.607142857143,274.6250425965636,16843288.39977704
2021-07-31,5177,17807659.463823378,5506527.456848898,0,0,5,31,30,7,3,1,1307,4627.0,15879161.475150753,5261.0,17946682.600853257,5382.0,18346690.43989753,5375.0,18580330.788663164,4801.0,301.09024117918125,16471532.846879477,4839.214285714285,289.219953182141,16595772.813955078,4902.464285714285,279.6687832184328,16812701.86774389
2021-08-01,6171,18842634.97017893,4222142.620654376,400,0,6,1,30,8,3,1,1308,5177.0,17807659.463823378,5218.0,17857722.78202077,5215.0,17858654.37704949,5420.0,18385150.758588035,4789.0,280.68368911167187,16451672.398732351,4824.571428571428,263.68796077815097,16557270.601378353,4895.392857142857,269.60016200755126,16785106.463285327
2021-08-02,5562,17323598.402041696,4032491.6056062393,400,0,0,2,31,8,3,0,1309,6171.0,18842634.97017893,4662.0,16054640.21911117,4696.0,16347010.790280689,4881.0,16772398.356168298,4925.142857142857,587.202244708311,16592374.139897803,4892.857142857143,438.4467088296059,16627554.929459026,4922.214285714285,349.30050281933677,16801445.185127858
2021-08-03,5478,16984899.14233296,3826710.595215839,400,0,1,3,31,8,3,0,1310,5562.0,17323598.402041696,4575.0,15711928.078724692,4699.0,15851749.16158679,4859.0,16620613.527225193,5053.714285714285,617.7199242066798,16773653.880316447,4954.714285714285,468.5897711499561,16697311.187441958,4946.535714285715,369.45189454237783,16821130.90105191
2021-08-04,5514,16885216.513543732,3831522.8303206256,400,0,2,4,31,8,3,0,1311,5478.0,16984899.14233296,4614.0,15848121.28181173,4800.0,16429125.46890368,4902.0,16795173.82028292,5182.714285714285,594.9553804798346,16955506.889403343,5010.357142857143,481.94998258561895,16778250.471780967,4968.642857142857,382.31577158985846,16834141.10159147
2021-08-05,5495,16916677.606560726,3933235.4364465913,400,0,3,5,31,8,3,0,1312,5514.0,16885216.513543732,4650.0,16002473.490483966,4705.0,16254698.963241365,4774.0,16508828.390878163,5311.285714285715,546.8746700679263,17103663.351079345,5061.357142857143,495.56317724116025,16810828.403540973,4990.5,395.6270690660298,16837356.91206507
2021-08-06,5429,16793700.325735923,3900173.844936514,400,0,4,6,31,8,3,0,1313,5495.0,16916677.606560726,4627.0,15879161.475150753,4645.0,15952160.266255217,4769.0,16347506.663818013,5432.0,463.4795932221078,17234263.939090308,5117.785714285715,496.84035178800065,16858112.592349496,5016.25,404.3807909311137,16851922.955482308
2021-08-07,6092,18885287.378027648,4436211.575087476,400,0,5,7,31,8,3,1,1314,5429.0,16793700.325735923,5177.0,17807659.463823378,5261.0,17946682.600853257,5388.0,18418051.64776607,5546.571428571428,302.483529657867,17364912.346316762,5173.785714285715,483.45537994275287,16918222.596598122,5039.821428571428,408.6480015287458,16867858.44340795
2021-08-08,5106,17467515.06333669,5393077.564925504,0,0,6,8,31,8,3,1,1315,6092.0,18885287.378027648,6171.0,18842634.97017893,5218.0,17857722.78202077,5250.0,18073212.369511787,5677.285714285715,313.65677328660723,17518859.191203088,5233.142857142857,542.4065828314459,16985265.79496772,5064.964285714285,450.389418511222,16884545.43377443
2021-08-09,4466,15289841.871248871,4644606.40468711,0,0,0,9,32,8,3,0,1316,5106.0,17467515.06333669,5562.0,17323598.402041696,4662.0,16054640.21911117,4774.0,16234673.19107059,5525.142857142857,291.79469299001823,17322413.490225624,5225.142857142857,543.4720086405642,16957393.815061715,5059.821428571428,449.0183575865623,16862913.38712532
2021-08-10,4525,15631083.72449356,4815859.7014169125,0,0,1,10,32,8,3,0,1317,4466.0,15289841.871248871,5478.0,16984899.14233296,4575.0,15711928.078724692,4772.0,16247731.782148886,5368.571428571428,493.23552762780935,17031876.842969507,5211.142857142857,561.3258832912777,16902765.36164298,5048.821428571428,459.920045673916,16829169.411417402
2021-08-11,4550,15642912.882939966,4803836.490315251,0,0,2,11,32,8,3,0,1318,4525.0,15631083.72449356,5514.0,16885216.513543732,4614.0,15848121.28181173,4841.0,16668335.058601588,5232.428571428572,581.6043492337539,16838474.64042102,5207.571428571428,565.8257022040544,16896990.764912184,5040.0,467.72871212717615,16807146.26650114
2021-08-12,4535,15521648.339095255,4777014.698141829,0,0,3,12,32,8,3,0,1319,4550.0,15642912.882939966,5495.0,16916677.606560726,4650.0,16002473.490483966,4709.0,16268498.660997514,5094.714285714285,616.8807865073328,16661002.693191912,5203.0,571.222979498968,16882333.022135627,5029.607142857143,475.48293884457513,16770524.045941796
2021-08-13,4550,15507456.826986313,4711050.513637691,0,0,4,13,32,8,3,0,1320,4535.0,15521648.339095255,5429.0,16793700.325735923,4627.0,15879161.475150753,4806.0,16494327.88573764,4957.571428571428,619.7641640556683,16461712.797839701,5194.785714285715,580.5378379732606,16847988.368465006,5023.392857142857,480.93407104075044,16743850.820159573
2021-08-14,5082,17441161.741180673,5375012.362957295,0,0,5,14,32,8,3,1,1321,4550.0,15507456.826986313,6092.0,18885287.378027648,5177.0,17807659.463823378,5382.0,18346690.43989753,4832.0,596.9558889342971,16277963.726589756,5189.285714285715,586.6632409157276,16821438.03645326,5014.25,487.60697781595974,16708605.42520417
2021-08-15,5446,18595508.495940063,5694418.316602628,0,1,6,15,32,8,3,1,1322,5082.0,17441161.741180673,5106.0,17467515.06333669,6171.0,18842634.97017893,5215.0,17858654.37704949,4687.714285714285,279.0786712773119,16071660.064183047,5182.5,587.3652709672648,16795259.62769307,5003.535714285715,482.49624693553574,16676265.11453571
2021-08-16,4463,15247210.983878983,4700538.368053408,0,0,0,16,33,8,3,0,1323,5446.0,18595508.495940063,4466.0,15289841.871248871,5562.0,17323598.402041696,4696.0,16347010.790280689,4736.285714285715,376.5699201501753,16232801.983126387,5130.714285714285,521.8111106184152,16777607.736676004,5011.785714285715,488.1872255556942,16702581.333067516
2021-08-17,4441,15007220.013850994,4598312.898201211,0,0,1,17,33,8,3,0,1324,4463.0,15247210.983878983,4525.0,15631083.72449356,5478.0,16984899.14233296,4699.0,15851749.16158679,4735.857142857143,376.9303333382455,16226711.85635926,5052.214285714285,534.4510020819172,16629294.34966438,5003.464285714285,495.6973749841094,16663302.76855317
2021-08-18,4492,15304285.134650609,4718475.550510312,0,0,2,18,33,8,3,0,1325,4441.0,15007220.013850994,4550.0,15642912.882939966,5514.0,16885216.513543732,4800.0,16429125.46890368,4723.857142857143,385.99025400971067,16137588.469124606,4978.142857142857,542.6976573127453,16488031.554772815,4994.25,503.8966402686898,16633141.013276892
2021-08-19,4470,15305535.950389504,4674877.495784446,0,0,3,19,33,8,3,0,1326,4492.0,15304285.134650609,4535.0,15521648.339095255,5495.0,16916677.606560726,4705.0,16254698.963241365,4715.571428571428,390.93514259310405,16089213.076511843,4905.142857142857,533.7354367882218,16375107.884851877,4983.25,511.5971089166272,16592968.144196425
2021-08-20,4497,15192508.176443024,4648830.382545051,0,0,4,20,33,8,3,0,1327,4470.0,15305535.950389504,4550.0,15507456.826986313,5429.0,16793700.325735923,4645.0,15952160.266255217,4706.285714285715,396.6689275645915,16058339.878125306,4831.928571428572,516.6258077900535,16260026.337982504,4974.857142857143,518.215721868349,16559069.465166
2021-08-21,4984,17015690.378291775,5186873.659666619,0,0,5,21,33,8,3,1,1328,4497.0,15192508.176443024,5082.0,17441161.741180673,6092.0,18885287.378027648,5261.0,17946682.600853257,4698.714285714285,400.63520992116577,16013347.213761976,4765.357142857143,493.29092791216215,16145655.470175868,4969.571428571428,522.4423716985744,16531939.033386994
2021-08-22,4923,16904883.002071515,5201328.528777202,0,0,6,22,33,8,3,1,1329,4984.0,17015690.378291775,5446.0,18595508.495940063,5106.0,17467515.06333669,5218.0,17857722.78202077,4684.714285714285,386.4710917544935,15952565.590492139,4686.214285714285,323.8589860682394,16012112.827337591,4959.678571428572,519.3329092546711,16498689.311152656
2021-08-23,4376,15074522.36525391,4638118.480890094,0,0,0,23,34,8,3,0,1330,4923.0,16904883.002071515,4463.0,15247210.983878983,4466.0,15289841.871248871,4662.0,16054640.21911117,4610.0,236.04660556764284,15711047.66279663,4673.142857142857,308.96299433449565,15971924.822961507,4949.142857142857,516.8848080200314,16464659.319011612
2021-08-24,4356,14859207.178859515,4593333.55755006,0,0,1,24,34,8,3,0,1331,4376.0,15074522.36525391,4441.0,15007220.013850994,4525.0,15631083.72449356,4575.0,15711928.078724692,4597.571428571428,247.10784227598333,15686377.860135904,4666.714285714285,314.4913912412248,15956544.85824758,4938.928571428572,525.5229443890772,16429655.10994528
2021-08-25,4421,15149182.921829082,4626526.968660915,0,0,2,25,34,8,3,0,1332,4356.0,14859207.178859515,4492.0,15304285.134650609,4550.0,15642912.882939966,4614.0,15848121.28181173,4585.428571428572,257.9353001192853,15665233.169422835,4654.642857142857,323.46480182855197,15901410.819273723,4931.107142857143,532.7203657597843,16399200.792092951
2021-08-26,4358,15068036.603985924,4633383.925624049,0,0,3,26,34,8,3,0,1333,4421.0,15149182.921829082,4470.0,15305535.950389504,4535.0,15521648.339095255,4650.0,16002473.490483966,4575.285714285715,263.5562648883756,15643075.71044833,4645.428571428572,328.4735592416623,15866144.393480087,4924.214285714285,538.1958446474364,16374238.707807858
2021-08-27,4439,15363462.574412454,4740609.05189677,0,0,4,27,34,8,3,0,1334,4358.0,15068036.603985924,4497.0,15192508.176443024,4550.0,15507456.826986313,4627.0,15879161.475150753,4559.285714285715,274.1980514675086,15609147.232390678,4632.785714285715,336.362482718015,15833743.555257993,4913.785714285715,546.4714663109721,16340865.961861497
2021-08-28,4913,16838769.729969583,5165656.252891699,0,0,5,28,34,8,3,1,1335,4439.0,15363462.574412454,4984.0,17015690.378291775,5082.0,17441161.741180673,5177.0,17807659.463823378,4551.0,277.25319354939904,15633569.289243454,4624.857142857143,339.75508308710243,15823458.251502717,4907.071428571428,551.2595630191882,16322448.143977987
2021-08-29,4924,16701438.912753984,5115405.292448036,0,0,6,29,34,8,3,1,1336,4913.0,16838769.729969583,4923.0,16904883.002071515,5446.0,18595508.495940063,6171.0,18842634.97017893,4540.857142857143,259.5030048454485,15608294.910911713,4612.785714285715,324.94287748215294,15780430.250701923,4897.642857142857,548.7236513060525,16287844.939197497
2021-08-30,4325,14686860.589326035,4490106.029111327,0,0,0,30,35,8,3,0,1337,4924.0,16701438.912753984,4376.0,15074522.36525391,4463.0,15247210.983878983,5562.0,17323598.402041696,4541.0,259.7485964030234,15579231.469580635,4575.5,241.11719142360855,15645139.566188633,4853.107142857143,488.8897731774122,16211373.651432319
2021-08-31,4390,15019845.29456296,4616386.35402436,0,0,1,31,35,8,3,0,1338,4325.0,14686860.589326035,4356.0,14859207.178859515,4441.0,15007220.013850994,5478.0,16984899.14233296,4533.714285714285,265.79297349988815,15523851.215876654,4565.642857142857,248.7694660780472,15605114.53800628,4808.928571428572,478.23269778165013,16117204.443835331
2021-09-01,4288,14622974.18443734,4463369.933858708,0,0,2,1,35,9,3,0,1339,4390.0,15019845.29456296,4421.0,15149182.921829082,4492.0,15304285.134650609,5514.0,16885216.513543732,4538.571428571428,262.2917314384116,15546799.518120004,4562.0,251.0975905898134,15606016.343771419,4770.071428571428,465.8979325967073,16047023.949272117
2021-09-02,4320,14791882.203616977,4546118.8852089485,0,0,3,2,35,9,3,0,1340,4288.0,14622974.18443734,4358.0,15068036.603985924,4470.0,15305535.950389504,5495.0,16916677.606560726,4519.571428571428,276.6519215806993,15471626.841349754,4547.428571428572,261.1886186370007,15557351.275899043,4726.285714285715,450.75762207913556,15966229.58037546
2021-09-03,4363,14887528.084844284,4595341.64399499,0,0,4,3,35,9,3,0,1341,4320.0,14791882.203616977,4439.0,15363462.574412454,4497.0,15192508.176443024,5429.0,16793700.325735923,4514.142857142857,280.6940378012162,15432176.21272562,4536.714285714285,267.6068955566373,15520661.72255815,4684.321428571428,430.79444729488944,15890344.030270325
2021-09-04,4905,16739102.476603266,5113223.817550887,0,0,5,4,35,9,3,1,1342,4363.0,14887528.084844284,4913.0,16838769.729969583,4984.0,17015690.378291775,6092.0,18885287.378027648,4503.285714285715,285.51340557303547,15364185.571358738,4527.142857142857,271.504598953237,15498877.430301096,4646.25,409.1038648341349,15822266.450238481
2021-09-05,4900,16705812.294128977,5116699.883786789,0,0,6,5,35,9,3,1,1343,4905.0,16739102.476603266,4924.0,16701438.912753984,4923.0,16904883.002071515,5106.0,17467515.06333669,4502.142857142857,283.60972513382563,15349947.392306406,4521.5,261.9312152807919,15479121.15160906,4603.857142857143,300.94415801505556,15745616.989473326
2021-09-06,4250,14494926.233471865,4448577.949579794,0,0,0,6,36,9,3,0,1344,4900.0,16705812.294128977,4325.0,14686860.589326035,4376.0,15074522.36525391,4466.0,15289841.871248871,4498.714285714285,277.74431544482195,15350572.161074264,4519.857142857143,259.2779492071511,15464901.815327449,4596.5,290.55228381417726,15718413.319144478
2021-09-07,4305,14557272.295133296,4418423.716303511,0,0,1,7,36,9,3,0,1345,4250.0,14494926.233471865,4390.0,15019845.29456296,4356.0,14859207.178859515,4525.0,15631083.72449356,4488.0,286.85943131321557,15323152.967380809,4510.857142857143,266.7352063933101,15423502.091628732,4588.785714285715,296.9426128798628,15690023.474938156
2021-09-08,4305,14730554.274816032,4543265.564863179,0,0,2,8,36,9,3,0,1346,4305.0,14557272.295133296,4288.0,14622974.18443734,4421.0,15149182.921829082,4550.0,15642912.882939966,4475.857142857143,293.4231464236438,15257071.11031943,4507.214285714285,269.3482671394055,15401935.314219715,4580.928571428572,301.56750102085357,15651673.066746717
2021-09-09,4251,14611954.046215594,4515924.15103738,0,0,3,9,36,9,3,0,1347,4305.0,14730554.274816032,4320.0,14791882.203616977,4358.0,15068036.603985924,4535.0,15521648.339095255,4478.285714285715,291.6743128249606,15272439.694659242,4498.928571428572,273.94931150622944,15372033.268004498,4572.178571428572,306.01961369863034,15619088.830742294
2021-09-10,4204,14419059.786563192,4411748.938526616,0,0,4,10,36,9,3,0,1348,4251.0,14611954.046215594,4363.0,14887528.084844284,4439.0,15363462.574412454,4550.0,15507456.826986313,4468.428571428572,298.98932932067555,15246735.67217333,4491.285714285715,279.61743881225334,15339455.942449475,4562.035714285715,311.94663386700853,15586599.748853732
2021-09-11,4703,16085405.279154638,4942597.838502863,0,0,5,11,36,9,3,1,1349,4204.0,14419059.786563192,4905.0,16739102.476603266,4913.0,16838769.729969583,5082.0,17441161.741180673,4445.714285714285,313.9966636158947,15179811.629561746,4474.5,289.86356206911796,15271998.600460242,4549.678571428572,319.2095623708663,15547728.425981479
2021-09-12,4717,15947441.242237816,4878245.434123992,0,0,6,12,36,9,3,1,1350,4703.0,16085405.279154638,4900.0,16705812.294128977,4924.0,16701438.912753984,5446.0,18595508.495940063,4416.857142857143,271.10479435786164,15086426.315640513,4459.5,270.192452778524,15218186.853973461,4536.142857142857,303.44744059944657,15499308.552337691
2021-09-13,4207,14068091.734741572,4276880.671968886,0,0,0,13,37,9,3,0,1351,4717.0,15947441.242237816,4250.0,14494926.233471865,4325.0,14686860.589326035,4463.0,15247210.983878983,4390.714285714285,220.93039196825615,14978087.593941776,4444.714285714285,247.5319493198401,15164329.877508018,4510.107142857143,248.8535698083414,15404734.721848326
2021-09-14,4258,14374280.945779596,4400588.837527803,0,0,1,14,37,9,3,0,1352,4207.0,14068091.734741572,4305.0,14557272.295133296,4390.0,15019845.29456296,4441.0,15007220.013850994,4384.571428571428,226.03381542215095,14917111.236980306,4436.285714285715,253.85017645833216,15120132.102180557,4500.964285714285,255.26841097209348,15362623.320093418
2021-09-15,4254,14572580.256240154,4502401.262375374,0,0,2,15,37,9,3,0,1353,4258.0,14374280.945779596,4305.0,14730554.274816032,4288.0,14622974.18443734,4492.0,15304285.134650609,4377.857142857143,229.46345284268156,14890969.615644064,4426.857142857143,258.11710435469837,15074020.362981746,4494.428571428572,259.17339091977135,15340018.353376582
2021-09-16,4292,14862561.550835192,4551697.867667609,0,0,3,16,37,9,3,0,1354,4254.0,14572580.256240154,4251.0,14611954.046215594,4320.0,14791882.203616977,4470.0,15305535.950389504,4370.571428571428,232.9455280696079,14868401.898704652,4424.428571428572,259.6793034867343,15070420.796681946,4485.928571428572,263.1286023519062,15313886.036290495
2021-09-17,4242,14480717.048089948,4432023.094762315,0,0,4,17,37,9,3,0,1355,4292.0,14862561.550835192,4204.0,14419059.786563192,4363.0,14887528.084844284,4497.0,15192508.176443024,4376.428571428572,229.93394496600195,14904202.970793167,4422.428571428572,260.6514661635374,15075469.321483249,4479.571428571428,265.6656808250932,15298065.522020698
2021-09-18,4750,16023631.508428302,4890787.617884786,0,0,5,18,37,9,3,1,1356,4242.0,14480717.048089948,4703.0,16085405.279154638,4905.0,16739102.476603266,4984.0,17015690.378291775,4381.857142857143,225.5921308995924,14913011.151011275,4413.785714285715,264.74753680020046,15046411.390286509,4470.464285714285,269.3907367517033,15272644.410293803
2021-09-19,4700,16206632.917176178,4966776.741702061,0,0,6,19,37,9,3,1,1357,4750.0,16023631.508428302,4717.0,15947441.242237816,4900.0,16705812.294128977,4923.0,16904883.002071515,4388.571428571428,237.1468301445926,14904186.326621797,4402.714285714285,245.14028278064373,14995306.321131155,4462.107142857143,256.17504711019643,15237213.736370105
2021-09-20,4235,14399943.71186694,4406552.384498187,0,0,0,20,38,9,3,0,1358,4700.0,16206632.917176178,4207.0,14068091.734741572,4250.0,14494926.233471865,4376.0,15074522.36525391,4386.142857142857,233.2783948929235,14941213.708755849,4388.428571428572,218.2883464544513,14959650.651348813,4454.142857142857,244.51671370364443,15212276.23333813
2021-09-21,4238,14611505.561890723,4487236.280221997,0,0,1,21,38,9,3,0,1359,4235.0,14399943.71186694,4258.0,14374280.945779596,4305.0,14557272.295133296,4356.0,14859207.178859515,4390.142857142857,229.91043804886004,14988621.134059472,4387.357142857143,219.0555276085052,14952866.185519889,4449.107142857143,247.61788652049054,15188184.138574312
2021-09-22,4182,14095070.120297084,4307852.439167487,0,0,2,22,38,9,3,0,1360,4238.0,14611505.561890723,4254.0,14572580.256240154,4305.0,14730554.274816032,4421.0,15149182.921829082,4387.285714285715,231.94159773941797,15022510.36493249,4382.571428571428,221.70899648163973,14956739.990288276,4444.892857142857,250.2513313370894,15179337.652253998
2021-09-23,4176,14292918.569582049,4371261.05550908,0,0,3,23,38,9,3,0,1361,4182.0,14095070.120297084,4292.0,14862561.550835192,4251.0,14611954.046215594,4358.0,15068036.603985924,4377.0,240.2838599101959,14954294.631226337,4373.785714285715,227.3838430670242,14911348.264965495,4436.357142857143,255.1249823395655,15141690.766484996
2021-09-24,4147,14103700.223107284,4329010.159836252,0,0,4,24,38,9,3,0,1362,4176.0,14292918.569582049,4242.0,14480717.048089948,4204.0,14419059.786563192,4439.0,15363462.574412454,4360.428571428572,250.88899081923694,14872917.062475888,4368.428571428572,231.34812738376178,14888560.016634528,4429.857142857143,259.4766405365502,15114007.979542002
2021-09-25,4638,15947349.769934127,4897591.608916972,0,0,5,25,38,9,3,1,1363,4147.0,14103700.223107284,4750.0,16023631.508428302,4703.0,16085405.279154638,4913.0,16838769.729969583,4346.857142857143,260.7389681728052,14819057.516049797,4364.357142857143,234.93816114130323,14866034.333530534,4419.428571428572,264.9066122759499,15069016.466995388
2021-09-26,4691,16038990.57342281,4907353.028193748,0,0,6,26,38,9,3,1,1364,4638.0,15947349.769934127,4700.0,16206632.917176178,4717.0,15947441.242237816,4924.0,16701438.912753984,4330.857142857143,233.9361939870626,14808160.12483634,4359.714285714285,228.27898874691533,14856173.225729069,4409.607142857143,250.6435183291813,15037180.039851263
2021-09-27,4205,14333245.166203065,4364308.908242126,0,0,0,27,39,9,3,0,1365,4691.0,16038990.57342281,4235.0,14399943.71186694,4207.0,14068091.734741572,4325.0,14686860.589326035,4329.571428571428,231.58213599994167,14784211.21858586,4357.857142857143,225.23418825848185,14862712.463670854,4401.285714285715,236.39591040251509,15013521.170589436
2021-09-28,4093,13939390.801320652,4232141.820751422,0,0,1,28,39,9,3,0,1366,4205.0,14333245.166203065,4238.0,14611505.561890723,4258.0,14374280.945779596,4390.0,15019845.29456296,4325.285714285715,233.8900840749373,14774682.854919592,4357.714285714285,225.3378416004745,14881651.994489532,4397.0,238.90459896664808,15000892.048335046
2021-09-29,4105,13997921.720676623,4269458.372631374,0,0,2,29,39,9,3,0,1367,4093.0,13939390.801320652,4182.0,14095070.120297084,4254.0,14572580.256240154,4288.0,14622974.18443734,4304.571428571428,248.8512655803911,14678666.46055244,4345.928571428572,235.05955523124916,14850588.412742466,4386.392857142857,245.72286998972336,14962304.387862105
2021-09-30,4119,14133081.41780131,4328026.044149858,0,0,3,30,39,9,3,0,1368,4105.0,13997921.720676623,4176.0,14292918.569582049,4292.0,14862561.550835192,4320.0,14791882.203616977,4293.571428571428,256.74881183943666,14664788.117749516,4335.285714285715,242.78810912827785,14809541.374487925,4379.857142857143,250.81773141375416,14939981.085584937
2021-10-01,4078,13896346.837334976,4263571.424842026,0,0,4,1,39,10,4,0,1369,4119.0,14133081.41780131,4147.0,14103700.223107284,4242.0,14480717.048089948,4363.0,14887528.084844284,4285.428571428572,261.95028608681173,14641954.238923697,4322.928571428572,249.47127606687852,14757435.650699792,4372.678571428572,255.42833358476778,14916452.48609152
2021-10-02,5075,17218492.140133828,5234735.865740198,0,1,5,2,39,10,4,1,1370,4078.0,13896346.837334976,4638.0,15947349.769934127,4750.0,16023631.508428302,4905.0,16739102.476603266,4275.571428571428,269.2247246836044,14612332.326670509,4311.214285714285,257.29156719463265,14715694.92136015,4362.5,261.4361334090217,14881053.155823331
2021-10-03,4568,15662263.22586868,4808258.933013058,0,0,6,3,39,10,4,1,1371,5075.0,17218492.140133828,4691.0,16038990.57342281,4700.0,16206632.917176178,4900.0,16705812.294128977,4338.0,390.585457998643,14793924.093841895,4334.428571428572,309.32649275627483,14801042.109339118,4368.571428571428,276.0660721466585,14898174.215235135
2021-10-04,4104,14116608.946249545,4320615.693552407,0,0,0,4,40,10,4,0,1372,4568.0,15662263.22586868,4205.0,14333245.166203065,4235.0,14399943.71186694,4250.0,14494926.233471865,4320.428571428572,374.4933720565633,14740105.901334163,4325.0,299.17141986085085,14762158.559960011,4356.714285714285,258.997763059547,14860904.605654413
2021-10-05,4166,14225864.24702818,4399359.90302353,0,0,1,5,40,10,4,0,1373,4104.0,14116608.946249545,4093.0,13939390.801320652,4238.0,14611505.561890723,4305.0,14557272.295133296,4306.0,381.5608295759362,14709157.869912233,4315.642857142857,304.20908982094824,14741920.362415912,4351.5,262.6694162292791,14847393.273967901
2021-10-06,4112,14001712.829721505,4283922.2192379525,0,0,2,6,40,10,4,0,1374,4166.0,14225864.24702818,4105.0,13997921.720676623,4182.0,14095070.120297084,4305.0,14730554.274816032,4316.428571428572,375.7219083058137,14750082.64787045,4310.5,306.2245907826797,14714374.554211443,4346.535714285715,264.88494807046663,14835557.27224986
2021-10-07,4112,14170280.396634784,4330655.970677571,0,0,3,7,40,10,4,0,1375,4112.0,14001712.829721505,4119.0,14133081.41780131,4176.0,14292918.569582049,4251.0,14611954.046215594,4317.428571428572,375.074151398932,14750624.23487686,4305.5,309.04262837651703,14707706.176313188,4339.642857142857,268.4923909930637,14809527.220639342
2021-10-08,4103,13944129.24864155,4261353.593499039,0,0,4,8,40,10,4,0,1376,4112.0,14170280.396634784,4078.0,13896346.837334976,4147.0,14103700.223107284,4204.0,14419059.786563192,4316.428571428572,375.70017174287926,14755938.374710213,4300.928571428572,311.5686032088512,14698946.306816954,4334.678571428572,271.46066539583796,14793753.16172574
2021-10-09,4677,16020040.659513388,4891022.966874348,0,0,5,9,40,10,4,1,1377,4103.0,13944129.24864155,5075.0,17218492.140133828,4638.0,15947349.769934127,4703.0,16085405.279154638,4320.0,373.1661828194107,14762764.433468295,4297.785714285715,313.4569479877235,14687548.380069403,4331.071428571428,273.92130913437876,14776791.356799966
2021-10-10,4663,15963989.395901524,4866811.486036398,0,0,6,10,40,10,4,1,1378,4677.0,16020040.659513388,4568.0,15662263.22586868,4691.0,16038990.57342281,4717.0,15947441.242237816,4263.142857142857,248.43270622810516,14591557.079093948,4300.571428571428,316.86777496805644,14692740.586467922,4330.142857142857,272.654945997185,14774456.906098496
2021-10-11,4104,13878213.31203127,4239862.750763938,0,0,0,11,41,10,4,0,1379,4663.0,15963989.395901524,4104.0,14116608.946249545,4205.0,14333245.166203065,4207.0,14068091.734741572,4276.714285714285,269.5587222886974,14634660.817670066,4298.571428571428,314.29180813276184,14687383.359502116,4328.214285714285,269.9952478515912,14775047.911586484
2021-10-12,4121,13970150.64028768,4295744.68265053,0,0,1,12,41,10,4,0,1380,4104.0,13878213.31203127,4166.0,14225864.24702818,4093.0,13939390.801320652,4258.0,14374280.945779596,4276.714285714285,269.5587222886974,14600604.298496028,4291.357142857143,317.7450858163821,14654881.084204132,4324.535714285715,272.39887449364613,14768266.53934683
2021-10-13,4097,13969851.545373728,4316229.020412433,0,0,2,13,41,10,4,0,1381,4121.0,13970150.64028768,4112.0,14001712.829721505,4105.0,13997921.720676623,4254.0,14572580.256240154,4270.285714285715,273.15179802065217,14564073.783247385,4293.357142857143,316.48614191145623,14657078.215558916,4319.642857142857,274.85756773225467,14753833.314150691
2021-10-14,4084,13834920.956489636,4233932.453233637,0,0,3,14,41,10,4,0,1382,4097.0,13969851.545373728,4112.0,14170280.396634784,4119.0,14133081.41780131,4292.0,14862561.550835192,4268.142857142857,274.65519509102063,14559522.171197701,4292.785714285715,316.8593909392525,14655073.203037282,4314.035714285715,277.83161462415427,14732307.288762605
2021-10-15,4172,14227211.746204596,4326725.83850404,0,0,4,15,41,10,4,0,1383,4084.0,13834920.956489636,4103.0,13944129.24864155,4078.0,13896346.837334976,4242.0,14480717.048089948,4264.142857142857,277.4974045352857,14511613.679748397,4290.285714285715,318.47000307275937,14633776.027229305,4306.607142857143,281.20288435455416,14695605.83896455
2021-10-16,4614,15655227.47642734,4728257.224619222,0,0,5,16,41,10,4,1,1384,4172.0,14227211.746204596,4677.0,16020040.659513388,5075.0,17218492.140133828,4750.0,16023631.508428302,4274.0,271.9901959017586,14552054.036543118,4297.0,314.6177167489585,14657409.235005707,4304.107142857143,282.1082454826884,14686552.07818293
2021-10-17,4616,15625514.079485418,4738838.086888729,0,0,6,17,41,10,4,1,1385,4614.0,15655227.47642734,4663.0,15963989.395901524,4568.0,15662263.22586868,4700.0,16206632.917176178,4265.0,257.06549100701386,14499937.867530825,4264.071428571428,242.87079955142178,14545747.473312384,4299.25,275.23385679442595,14673394.791325752
2021-10-18,4035,13821517.259123618,4217769.131513778,0,0,0,18,42,10,4,0,1386,4616.0,15625514.079485418,4104.0,13878213.31203127,4104.0,14116608.946249545,4235.0,14399943.71186694,4258.285714285715,245.28127682706506,14451584.250899954,4267.5,247.78053254384974,14543122.534285009,4296.25,271.1311866428852,14652640.54712251
2021-10-19,4109,14114981.09195154,4331583.795565303,0,0,1,19,42,10,4,0,1387,4035.0,13821517.259123618,4121.0,13970150.64028768,4166.0,14225864.24702818,4238.0,14611505.561890723,4248.428571428572,253.75503748227285,14443484.814770287,4262.571428571428,251.934275399162,14522044.556633158,4289.107142857143,275.4053361980446,14631982.459524533
2021-10-20,4122,14037264.40935651,4270347.883908479,0,0,2,20,42,10,4,0,1388,4109.0,14114981.09195154,4097.0,13969851.545373728,4112.0,14001712.829721505,4182.0,14095070.120297084,4246.714285714285,254.797772286014,14464174.879293697,4258.5,254.0665418592727,14514124.331270542,4284.5,277.36398067843385,14614249.442740992
2021-10-21,4081,13910871.130467758,4206818.96540539,0,0,3,21,42,10,4,0,1389,4122.0,14037264.40935651,4084.0,13834920.956489636,4112.0,14170280.396634784,4176.0,14292918.569582049,4250.285714285715,252.51449746218944,14473805.288434094,4259.214285714285,253.6366809712029,14516663.729815898,4282.357142857143,278.41498659719025,14612184.953064544
2021-10-22,4086,14016220.099094655,4274815.271623389,0,0,4,22,42,10,4,0,1390,4081.0,13910871.130467758,4172.0,14227211.746204596,4103.0,13944129.24864155,4147.0,14103700.223107284,4249.857142857143,252.84608531111078,14484655.313288111,4257.0,255.15153868305327,14498134.496518254,4278.964285714285,280.3313491993435,14598540.401667604
2021-10-23,4503,15261735.083924042,4666278.899112725,0,0,5,23,42,10,4,1,1391,4086.0,14016220.099094655,4614.0,15655227.47642734,4677.0,16020040.659513388,4638.0,15947349.769934127,4237.571428571428,259.26746623444643,14454513.649415264,4255.785714285715,255.97992065832383,14503283.842979189,4276.785714285715,281.6289070210127,14595416.111524297
2021-10-24,4550,15662006.43384639,4759242.087160097,0,0,6,24,42,10,4,1,1392,4503.0,15261735.083924042,4616.0,15625514.079485418,4663.0,15963989.395901524,4691.0,16038990.57342281,4221.714285714285,234.63142321930297,14398300.450486219,4243.357142857143,237.51359706600232,14449119.159008522,4271.964285714285,276.32153602252987,14570929.872738222
2021-10-25,4007,13554560.708924502,4133221.510037133,0,0,0,25,43,10,4,0,1393,4550.0,15662006.43384639,4035.0,13821517.259123618,4104.0,13878213.31203127,4205.0,14333245.166203065,4212.285714285715,216.79461423641442,14403513.643966358,4235.285714285715,223.67264148633242,14427548.947433155,4266.928571428572,269.6053258858972,14557466.153467637
2021-10-26,4090,13871026.01196042,4247845.379595202,0,0,1,26,43,10,4,0,1394,4007.0,13554560.708924502,4109.0,14114981.09195154,4121.0,13970150.64028768,4093.0,13939390.801320652,4208.285714285715,220.83154536565297,14365376.993937913,4228.357142857143,229.47921211131938,14404430.9043541,4259.857142857143,273.852990338739,14529655.994279116
2021-10-27,4116,14161482.16236822,4332897.990966061,0,0,2,27,43,10,4,0,1395,4090.0,13871026.01196042,4122.0,14037264.40935651,4097.0,13969851.545373728,4105.0,13997921.720676623,4205.571428571428,222.36670699761555,14330526.268224897,4226.142857142857,230.74089935983577,14397350.573759297,4259.75,273.9212680883328,14527214.394659106
2021-10-28,4101,13995552.972909432,4249769.776481631,0,0,3,28,43,10,4,0,1396,4116.0,14161482.16236822,4081.0,13910871.130467758,4084.0,13834920.956489636,4119.0,14133081.41780131,4204.714285714285,222.75376112481044,14348271.661512284,4227.5,229.97750726142112,14411038.474973189,4260.142857142857,273.6989038105544,14533055.839005236
2021-10-29,4073,13879856.924626509,4192821.7933755335,0,0,4,29,43,10,4,0,1397,4101.0,13995552.972909432,4086.0,14016220.099094655,4172.0,14227211.746204596,4078.0,13896346.837334976,4207.571428571428,221.02402368889685,14360369.06757538,4228.714285714285,229.20512431228957,14422512.190431746,4259.5,274.0635908906198,14528144.108830526
2021-10-30,4574,15542854.14938313,4776009.162658411,0,0,5,30,43,10,4,1,1398,4073.0,13879856.924626509,4503.0,15261735.083924042,4614.0,15655227.47642734,5075.0,17218492.140133828,4205.714285714285,222.26689233572876,14340888.614079932,4221.642857142857,232.5916220275056,14397701.131747598,4259.321428571428,274.1878314791269,14527555.183376651
2021-10-31,4496,15264135.212492114,4634835.753411011,0,0,6,31,43,10,4,1,1399,4574.0,15542854.14938313,4550.0,15662006.43384639,4616.0,15625514.079485418,4568.0,15662263.22586868,4215.857142857143,239.07838921677362,14381048.480574086,4218.785714285715,227.59315204365518,14389674.465530153,4241.428571428572,232.10461060599306,14467710.96942127
2021-11-01,4422,15100761.126157396,4620877.736727513,0,1,0,1,44,11,4,0,1400,4496.0,15264135.212492114,4007.0,13554560.708924502,4035.0,13821517.259123618,4104.0,14116608.946249545,4208.142857142857,227.06932023170188,14324209.734666333,4210.214285714285,213.29328979729135,14363861.689316347,4238.857142857143,228.7268651382873,14453492.111800676
2021-11-02,4024,13675952.99855077,4183834.6211330662,0,0,1,2,44,11,4,0,1401,4422.0,15100761.126157396,4090.0,13871026.01196042,4109.0,14114981.09195154,4166.0,14225864.24702818,4267.428571428572,219.86196968620183,14545095.508556748,4237.857142857143,213.91546034788337,14455236.25124733,4250.214285714285,229.67567425377163,14488640.403940244
2021-11-03,4094,13919905.997627504,4226179.493594211,0,0,2,3,44,11,4,0,1402,4024.0,13675952.99855077,4116.0,14161482.16236822,4122.0,14037264.40935651,4112.0,14001712.829721505,4258.0,229.92390045406475,14517227.93521251,4231.785714285715,218.99988709922545,14423877.101718703,4245.142857142857,233.1455934065173,14469000.716494622
2021-11-04,4071,13976465.549051791,4287046.982189173,0,0,3,4,44,11,4,0,1403,4094.0,13919905.997627504,4101.0,13995552.972909432,4081.0,13910871.130467758,4112.0,14170280.396634784,4254.857142857143,232.32622794356837,14482717.054535266,4229.785714285715,220.20416350831485,14415494.358023776,4244.5,233.5507717027977,14466079.043919835
2021-11-05,4065,14005819.073595785,4319721.226835515,0,0,4,5,44,11,4,0,1404,4071.0,13976465.549051791,4073.0,13879856.924626509,4086.0,14016220.099094655,4103.0,13944129.24864155,4250.571428571428,235.88687765034703,14479990.27969846,4229.071428571428,220.7394789847087,14420179.673636919,4243.035714285715,234.5387091391642,14459157.085077588
2021-11-06,4617,15865555.343114687,4869736.369312116,0,0,5,6,44,11,4,1,1405,4065.0,14005819.073595785,4574.0,15542854.14938313,4503.0,15261735.083924042,4677.0,16020040.659513388,4249.428571428572,236.9077578178825,14497984.872408357,4227.571428571428,221.8550165122968,14419436.743244143,4241.678571428572,235.4870529698215,14461360.293111667
2021-11-07,4591,15634368.748976292,4789639.797834767,0,0,6,7,44,11,4,1,1406,4617.0,15865555.343114687,4496.0,15264135.212492114,4550.0,15662006.43384639,4663.0,15963989.395901524,4255.571428571428,247.06602163719268,14544085.042941434,4235.714285714285,234.47500393975952,14462566.761757761,4239.535714285715,231.62029626140512,14455842.960383141
2021-11-08,4097,13977885.351523396,4270349.288263127,0,0,0,8,45,11,4,0,1407,4591.0,15634368.748976292,4422.0,15100761.126157396,4007.0,13554560.708924502,4104.0,13878213.31203127,4269.142857142857,264.4701801536173,14596975.548153462,4238.642857142857,238.9163378330145,14460592.641409898,4236.964285714285,227.10048063993125,14444070.794421526
2021-11-09,4086,13897704.33477462,4256321.11216437,0,0,1,9,45,11,4,0,1408,4097.0,13977885.351523396,4024.0,13675952.99855077,4090.0,13871026.01196042,4121.0,13970150.64028768,4222.714285714285,261.67582634865045,14436564.723205745,4245.071428571428,233.350005945463,14490830.115881247,4236.714285714285,227.2560730790978,14447630.510117674
2021-11-10,4089,13897956.336722003,4195572.821397454,0,0,2,10,45,11,4,0,1409,4086.0,13897704.33477462,4094.0,13919905.997627504,4116.0,14161482.16236822,4097.0,13969851.545373728,4231.571428571428,254.7873997034193,14468243.485523438,4244.785714285715,233.5568382713704,14492735.710367976,4235.464285714285,228.0111241833,14445043.142063634
2021-11-11,4092,13819035.856559165,4234487.10997013,0,0,3,11,45,11,4,0,1410,4089.0,13897956.336722003,4071.0,13976465.549051791,4101.0,13995552.972909432,4084.0,13834920.956489636,4230.857142857143,255.2439542682394,14465107.819679797,4242.857142857143,234.81018754697726,14473912.43710753,4235.178571428572,228.19599333833818,14442475.456040358
2021-11-12,4101,14049537.17721206,4261786.496068757,0,0,4,12,45,11,4,0,1411,4092.0,13819035.856559165,4065.0,14005819.073595785,4073.0,13879856.924626509,4172.0,14227211.746204596,4233.857142857143,253.16689394643817,14442617.86360942,4242.214285714285,235.24036106193586,14461304.071653942,4235.464285714285,228.00462668193663,14441908.131042842
2021-11-13,4643,15737996.580155632,4795895.345850878,0,0,5,13,45,11,4,1,1412,4101.0,14049537.17721206,4617.0,15865555.343114687,4574.0,15542854.14938313,4614.0,15655227.47642734,4239.0,249.50417498179098,14448863.306983173,4244.214285714285,233.80569795372136,14473424.089695767,4232.928571428572,229.12861155894558,14435562.61072168
2021-11-14,4616,15751091.11072329,4794000.154189037,0,0,6,14,45,11,4,1,1413,4643.0,15737996.580155632,4591.0,15634368.748976292,4496.0,15264135.212492114,4616.0,15625514.079485418,4242.714285714285,256.1735832632154,14430640.626560453,4249.142857142857,241.88009017279654,14487362.834750945,4233.964285714285,230.97305953901588,14438518.65014055
2021-11-15,4118,13983111.495886773,4252848.549470262,0,0,0,15,46,11,4,0,1414,4616.0,15751091.11072329,4097.0,13977885.351523396,4422.0,15100761.126157396,4035.0,13821517.259123618,4246.285714285715,261.94765016808645,14447315.249667166,4257.714285714285,253.16380485356487,14522145.398910314,4233.964285714285,230.97305953901588,14443003.544113329
2021-11-16,4118,14160465.757523509,4314735.675474376,0,0,1,16,46,11,4,0,1415,4118.0,13983111.495886773,4086.0,13897704.33477462,4024.0,13675952.99855077,4109.0,14114981.09195154,4249.285714285715,260.06647501856554,14448061.841719078,4236.0,251.0170083113119,14442313.282462414,4236.928571428572,228.8478272615616,14448774.766854871
2021-11-17,4148,13988323.130962752,4272205.743392885,0,0,2,17,46,11,4,0,1416,4118.0,14160465.757523509,4089.0,13897956.336722003,4094.0,13919905.997627504,4122.0,14037264.40935651,4253.857142857143,256.9808219637286,14485599.187826062,4242.714285714285,246.11955461697397,14476921.336674752,4237.25,228.66773971243663,14450399.219196726
2021-11-18,4103,13930321.863668423,4235471.138711536,0,0,3,18,46,11,4,0,1417,4148.0,13988323.130962752,4092.0,13819035.856559165,4071.0,13976465.549051791,4081.0,13910871.130467758,4262.285714285715,251.58346148991737,14498508.729860455,4246.571428571428,244.0238684056759,14481808.274770124,4238.178571428572,228.23478060842206,14448651.31639695
2021-11-19,4148,14408122.139622051,4411997.226625999,0,0,4,19,46,11,4,0,1418,4103.0,13930321.863668423,4101.0,14049537.17721206,4065.0,14005819.073595785,4086.0,14016220.099094655,4263.857142857143,250.37400595340063,14514406.730876062,4248.857142857143,242.39727630578224,14478512.297242742,4238.964285714285,227.71090869020173,14449345.985439831
2021-11-20,5574,17145444.77387976,3931999.889914345,400,0,5,20,46,11,4,1,1419,4148.0,14408122.139622051,4643.0,15737996.580155632,4617.0,15865555.343114687,4503.0,15261735.083924042,4270.571428571428,245.86843171561554,14565633.15407749,4254.785714285715,238.53887880871454,14507248.230530333,4241.178571428572,226.46642357157592,14463342.486887237
2021-11-21,5562,16999171.446677722,3871989.002081008,400,0,6,21,46,11,4,1,1420,5574.0,17145444.77387976,4616.0,15751091.11072329,4591.0,15634368.748976292,4550.0,15662006.43384639,4403.571428571428,547.5867837286573,14766697.181752365,4323.142857142857,419.1034124529278,14598668.904156407,4279.428571428572,336.1903592787375,14530617.832957085
2021-11-22,4970,15320716.079500642,3424213.364261088,400,0,0,22,47,11,4,0,1421,5562.0,16999171.446677722,4118.0,13983111.495886773,4097.0,13977885.351523396,4007.0,13554560.708924502,4538.714285714285,703.3365041679882,14944994.372603,4392.5,531.9842030621845,14696154.811135082,4315.571428571428,412.16909767639487,14578373.72627249
2021-11-23,4937,15141729.330538215,3484075.6324571604,400,0,1,23,47,11,4,0,1422,4970.0,15320716.079500642,4118.0,14160465.757523509,4086.0,13897704.33477462,4090.0,13871026.01196042,4660.428571428572,692.0259766663097,15136080.741690695,4454.857142857143,545.6711967339556,14792071.291704884,4349.964285714285,425.4318487566674,14641450.703793066
2021-11-24,4988,15116579.47963327,3388888.2699665558,400,0,2,24,47,11,4,0,1423,4937.0,15141729.330538215,4148.0,13988323.130962752,4089.0,13897956.336722003,4116.0,14161482.16236822,4777.428571428572,653.1768155568283,15276261.252121368,4515.642857142857,548.8112478022796,14880930.219973713,4380.214285714285,436.23807271335653,14686832.965170845
2021-11-25,4982,15148082.543540224,3398884.0981259183,400,0,3,25,47,11,4,0,1424,4988.0,15116579.47963327,4103.0,13930321.863668423,4092.0,13819035.856559165,4101.0,13995552.972909432,4897.428571428572,592.6212554245399,15437440.73050287,4579.857142857143,547.6444462974548,14967974.73018166,4411.357142857143,447.6538191492943,14720943.583644597
2021-11-26,4921,15195633.962657835,3562052.862786753,400,0,4,26,47,11,4,0,1425,4982.0,15148082.543540224,4148.0,14408122.139622051,4101.0,14049537.17721206,4073.0,13879856.924626509,5023.0,478.34053420828866,15611406.541913126,4643.428571428572,538.2323939434649,15062906.636394594,4442.821428571428,455.9169883482707,14762105.354024265
2021-11-27,5763,17721922.611185037,3987965.860769848,400,0,5,27,47,11,4,1,1426,4921.0,15195633.962657835,5574.0,17145444.77387976,4643.0,15737996.580155632,4574.0,15542854.14938313,5133.428571428572,297.8466367908532,15723908.230918238,4702.0,518.9347076167014,15144770.692497864,4473.107142857143,458.59821350347414,14809097.391096815
2021-11-28,5614,17061065.502598293,3827972.3159180703,400,0,6,28,47,11,4,1,1427,5763.0,17721922.611185037,5562.0,16999171.446677722,4616.0,15751091.11072329,4496.0,15264135.212492114,5160.428571428572,348.6712191271631,15806262.207676137,4782.0,590.5311820074143,15286479.69471425,4515.571428571428,519.3153205100042,14886921.264732597
2021-11-29,4938,15140203.617534624,3416549.29616822,400,0,0,29,48,11,4,0,1428,5614.0,17061065.502598293,4970.0,15320716.079500642,4118.0,13983111.495886773,4422.0,15100761.126157396,5167.857142857143,359.0521914575641,15815104.215664787,4853.285714285715,627.9990725827774,15380049.294133892,4555.5,559.2027724723355,14951097.346522104
2021-11-30,5129,15729176.7399434,3686347.36715533,400,0,1,30,48,11,4,0,1429,4938.0,15140203.617534624,4937.0,15141729.330538215,4118.0,14160465.757523509,4024.0,13675952.99855077,5163.285714285715,362.1812227259183,15789316.721098213,4911.857142857143,591.3140330774136,15462698.731394453,4573.928571428572,563.1289523113003,14952506.006928433
2021-12-01,4210,14307575.683910403,4368096.04363232,0,0,2,1,48,12,4,0,1430,5129.0,15729176.7399434,4988.0,15116579.47963327,4148.0,13988323.130962752,4094.0,13919905.997627504,5190.714285714285,349.2266285597949,15873237.779584667,4984.071428571428,546.9786192257402,15574749.515853018,4613.392857142857,561.8803971378927,15025835.426263884
2021-12-02,4223,14493133.495832644,4453841.955990661,0,0,3,2,48,12,4,0,1431,4210.0,14307575.683910403,4982.0,15148082.543540224,4103.0,13930321.863668423,4071.0,13976465.549051791,5079.571428571428,510.8805656716217,15757665.808767116,4988.5,539.8938285939499,15597553.269634994,4617.535714285715,558.3253718930174,15039680.77220256
2021-12-03,4209,14483392.223369217,4397643.866197026,0,0,4,3,48,12,4,0,1432,4223.0,14493133.495832644,4921.0,15195633.962657835,4148.0,14408122.139622051,4065.0,14005819.073595785,4971.142857142857,606.615042282842,15664101.659094604,4997.071428571428,525.5151998512623,15637754.100503866,4622.964285714285,553.532994910901,15058133.198873302
2021-12-04,4781,16341593.74124336,4981827.068166916,0,0,5,4,48,12,4,1,1433,4209.0,14483392.223369217,5763.0,17721922.611185037,5574.0,17145444.77387976,4617.0,15865555.343114687,4869.428571428572,672.5347220634469,15562352.839196231,5001.428571428572,518.1349266337764,15643130.535057236,4628.107142857143,548.8057295947119,15075189.382793784
2021-12-05,4750,16218397.346982189,4949060.521836368,0,0,6,5,48,12,4,1,1434,4781.0,16341593.74124336,5614.0,17061065.502598293,5562.0,16999171.446677722,4591.0,15634368.748976292,4729.142857142857,545.4977630786544,15365163.000633134,4944.785714285715,493.48543405693647,15585712.604154635,4633.964285714285,549.5574301632398,15092190.754155522
2021-12-06,4217,14253083.799831182,4363686.084303802,0,0,0,6,49,12,4,0,1435,4750.0,16218397.346982189,4938.0,15140203.617534624,4970.0,15320716.079500642,4097.0,13977885.351523396,4605.714285714285,386.4857540650695,15244781.83554512,4886.785714285715,462.08177407690306,15529943.025604954,4639.642857142857,549.9183922140113,15113048.91837002
2021-12-07,4200,14417360.58635964,4423399.087036922,0,0,1,7,49,12,4,0,1436,4217.0,14253083.799831182,5129.0,15729176.7399434,4937.0,15141729.330538215,4086.0,13897704.33477462,4502.714285714285,379.1766142075654,15118050.433016058,4833.0,494.3482111287028,15453683.577057136,4643.928571428572,545.986292635664,15122877.43438101
2021-12-08,4308,14767523.91707204,4535807.551076259,0,0,2,8,49,12,4,0,1437,4200.0,14417360.58635964,4210.0,14307575.683910403,4988.0,15116579.47963327,4089.0,13897956.336722003,4370.0,270.4194273100139,14930648.125361234,4780.357142857143,520.9471562072652,15401942.952472953,4648.0,542.0828145014218,15141436.586223334
2021-12-09,4274,14664853.23486809,4502329.757970643,0,0,3,9,49,12,4,0,1438,4308.0,14767523.91707204,4223.0,14493133.495832644,4982.0,15148082.543540224,4092.0,13819035.856559165,4384.0,263.19574464646854,14996355.015812894,4731.785714285715,531.6877595227984,15377010.412290007,4655.821428571428,535.2554982554625,15172492.571235836
2021-12-10,4215,14377963.749249056,4371978.202001755,0,0,4,10,49,12,4,0,1439,4274.0,14664853.23486809,4209.0,14483392.223369217,4921.0,15195633.962657835,4101.0,14049537.17721206,4391.285714285715,258.6630461209727,15020886.407103674,4681.214285714285,539.6687272437018,15342494.03309914,4662.321428571428,529.2261333915354,15202700.334746867
2021-12-11,4673,16187763.439791908,4973256.901210182,0,0,5,11,49,12,4,1,1440,4215.0,14377963.749249056,4781.0,16341593.74124336,5763.0,17721922.611185037,4643.0,15737996.580155632,4392.142857142857,257.9673290499243,15005825.196515081,4630.785714285715,548.4528138418048,15284089.017855655,4666.392857142857,525.1708250680443,15214429.85517676
2021-12-12,4760,16119938.145902954,4889905.272641632,0,0,6,12,49,12,4,1,1441,4673.0,16187763.439791908,4750.0,16218397.346982189,5614.0,17061065.502598293,4616.0,15751091.11072329,4376.714285714285,232.84022725590316,14983849.439164873,4552.928571428572,442.49423538805155,15174506.219899004,4667.464285714285,525.1519344273704,15230492.957306625
2021-12-13,4318,14731599.871140812,4506294.2165598,0,0,0,13,50,12,4,0,1442,4760.0,16119938.145902954,4217.0,14253083.799831182,4938.0,15140203.617534624,4118.0,13983111.495886773,4378.142857142857,235.52737177906104,14969783.839010697,4491.928571428572,329.3731725766349,15107282.837277906,4672.607142857143,525.3343442803146,15243666.065705901
2021-12-14,4277,14518793.228769671,4457601.41534827,0,0,1,14,50,12,4,0,1443,4318.0,14731599.871140812,4200.0,14417360.58635964,5129.0,15729176.7399434,4118.0,14160465.757523509,4392.571428571428,226.9477598794373,15038143.277769214,4447.642857142857,305.6067375271544,15078096.855392635,4679.75,518.8336367204784,15270397.793393543
2021-12-15,4300,14767683.816611674,4537199.144265773,0,0,2,15,50,12,4,0,1444,4277.0,14518793.228769671,4308.0,14767523.91707204,4210.0,14307575.683910403,4148.0,13988323.130962752,4403.571428571428,217.7375003246523,15052633.655256363,4386.785714285715,236.50701032756277,14991640.890308797,4685.428571428572,513.298225969147,15283195.203080907
2021-12-16,4239,14393244.3646624,4408426.6668309495,0,0,3,16,50,12,4,0,1445,4300.0,14767683.816611674,4274.0,14664853.23486809,4223.0,14493133.495832644,4103.0,13930321.863668423,4402.428571428572,218.34289328399947,15052656.498047737,4393.214285714285,232.5216875150591,15024505.756930318,4690.857142857143,508.1822153727624,15311029.513282655
2021-12-17,4227,14506784.053140204,4466990.612795799,0,0,4,17,50,12,4,0,1446,4239.0,14393244.3646624,4215.0,14377963.749249056,4209.0,14483392.223369217,4148.0,14408122.139622051,4397.428571428572,222.14173939393152,15013855.230875496,4394.357142857143,231.65843793858977,15017370.818989584,4695.714285714285,502.9787461191811,15327562.459746728
2021-12-18,4798,16503954.166147957,5071247.144679681,0,0,5,18,50,12,4,1,1447,4227.0,14506784.053140204,4673.0,16187763.439791908,4781.0,16341593.74124336,5574.0,17145444.77387976,4399.142857142857,220.53981391988725,15032258.131431375,4395.642857142857,230.59808763732963,15019041.663973227,4698.535714285715,500.00536901879724,15331086.09951523
2021-12-19,4788,16491414.022499818,5042809.0281590605,0,0,6,19,50,12,4,1,1448,4798.0,16503954.166147957,4760.0,16119938.145902954,4750.0,16218397.346982189,5562.0,16999171.446677722,4417.0,249.56094779968163,15077428.235196525,4396.857142857143,232.81747791347942,15030638.837180698,4670.821428571428,470.3069961577496,15308175.720667666
2021-12-20,4306,14615154.094293714,4447743.8868458215,0,0,0,20,51,12,4,0,1449,4788.0,16491414.022499818,4318.0,14731599.871140812,4217.0,14253083.799831182,4970.0,15320716.079500642,4421.0,256.1132561973486,15130496.217567503,4399.571428571428,237.427143249595,15050140.0282891,4643.178571428572,437.5957083521947,15290041.526947027
2021-12-21,4293,14580259.429822152,4439403.852719603,0,0,1,21,51,12,4,0,1450,4306.0,14615154.094293714,4277.0,14518793.228769671,4200.0,14417360.58635964,4937.0,15141729.330538215,4419.285714285715,256.95636094204815,15113861.106589347,4405.928571428572,233.3186874001415,15076002.192179281,4619.464285714285,437.2202159047229,15264842.884618208
2021-12-22,4298,14736695.259135952,4504781.388045434,0,0,2,22,51,12,4,0,1451,4293.0,14580259.429822152,4300.0,14767683.816611674,4308.0,14767523.91707204,4988.0,15116579.47963327,4421.571428571428,255.5470322940464,15122641.992453989,4412.571428571428,228.27403042625699,15087637.823855175,4596.464285714285,436.83622510746875,15244790.388164062
2021-12-23,4346,14842675.877746534,4558651.484937531,0,0,3,23,51,12,4,0,1452,4298.0,14736695.259135952,4239.0,14393244.3646624,4274.0,14664853.23486809,4982.0,15148082.543540224,4421.285714285715,255.70667719461972,15118215.055671742,4411.857142857143,228.64176115720795,15085435.776859742,4571.821428571428,433.37931837812636,15231223.094574872
2021-12-24,4352,14887687.784803852,4568025.3525957735,0,0,4,24,51,12,4,0,1453,4346.0,14842675.877746534,4227.0,14506784.053140204,4215.0,14377963.749249056,4921.0,15195633.962657835,4436.571428571428,246.008033163474,15182419.557540905,4417.0,226.09800461817932,15098137.394208202,4549.107142857143,427.7148010745094,15220315.71365367
2021-12-25,5375,18140440.10061105,5541669.724271075,0,1,5,25,51,12,4,1,1454,4352.0,14887687.784803852,4798.0,16503954.166147957,4673.0,16187763.439791908,5763.0,17721922.611185037,4454.428571428572,232.42192749601048,15236834.376349997,4426.785714285715,219.55275468079682,15134546.253890684,4528.785714285715,422.8808918327417,15209317.63587317
2021-12-26,4907,16701320.133554598,5122140.816182142,0,0,6,26,51,12,4,1,1455,5375.0,18140440.10061105,4788.0,16491414.022499818,4760.0,16119938.145902954,5614.0,17061065.502598293,4536.857142857143,409.464865636215,15470618.081273297,4476.928571428572,331.6547009456556,15274023.15823491,4514.928571428572,385.6586409009835,15224264.689066958
2021-12-27,4368,15059299.21801331,4612974.592875838,0,0,0,27,52,12,4,0,1456,4907.0,16701320.133554598,4306.0,14615154.094293714,4318.0,14731599.871140812,4938.0,15140203.617534624,4553.857142857143,423.8472321373391,15500604.668566836,4487.428571428572,343.42409625726754,15315550.443067173,4489.678571428572,330.1901868981212,15211416.64017254
2021-12-28,4420,15222727.838691238,4642176.692013196,0,0,1,28,52,12,4,0,1457,4368.0,15059299.21801331,4293.0,14580259.429822152,4277.0,14518793.228769671,5129.0,15729176.7399434,4562.714285714285,418.41754037712764,15564053.97195535,4491.0,341.7826569845163,15338957.539272351,4469.321428571428,318.90438060374913,15208527.197332492
2021-12-29,4408,15223476.376593435,4624322.989965722,0,0,2,29,52,12,4,0,1458,4420.0,15222727.838691238,4298.0,14736695.259135952,4300.0,14767683.816611674,4210.0,14307575.683910403,4580.857142857143,407.38124182451395,15655835.173222361,4501.214285714285,336.9985570778276,15389238.582838176,4444.0,291.5605521252194,15190439.736573488
2021-12-30,4361,14984795.074397065,4593540.049160962,0,0,3,30,52,12,4,0,1459,4408.0,15223476.376593435,4346.0,14842675.877746534,4239.0,14393244.3646624,4223.0,14493133.495832644,4596.571428571428,396.6315910862696,15725375.332859145,4508.928571428572,333.25353348828514,15421795.194265442,4451.071428571428,288.0550267096645,15223150.475597879
2021-12-31,4364,14932047.960203096,4535035.011916057,0,0,4,31,52,12,4,0,1460,4361.0,14984795.074397065,4352.0,14887687.784803852,4227.0,14506784.053140204,4209.0,14483392.223369217,4598.714285714285,395.08974266856313,15745678.075237792,4517.642857142857,327.192158816831,15464048.81638935,4456.0,285.1744105708847,15240709.817689467
2022-01-01,4978,17192784.21343999,5232796.914550304,0,0,5,1,52,1,1,1,1461,4364.0,14932047.960203096,5375.0,18140440.10061105,4798.0,16503954.166147957,4781.0,16341593.74124336,4600.428571428572,393.8649756548883,15752015.243151968,4527.428571428572,319.7960201526961,15494424.809750983,4461.535714285715,281.6852041425165,15256733.236862106
2022-01-02,4905,16769760.066458656,5134364.739299161,0,0,6,2,52,1,1,1,1462,4978.0,17192784.21343999,4907.0,16701320.133554598,4788.0,16491414.022499818,4750.0,16218397.346982189,4543.714285714285,274.12327779409543,15616635.830698963,4540.285714285715,334.77832587032265,15543626.95598613,4468.571428571428,292.2232059854402,15287132.896583412
2022-01-03,4449,15303520.180878416,4723824.107711101,0,0,0,3,1,1,1,0,1463,4905.0,16769760.066458656,4368.0,15059299.21801331,4306.0,14615154.094293714,4217.0,14253083.799831182,4543.428571428572,273.68221056721933,15626412.96397097,4548.642857142857,342.8019403820205,15563508.816268902,4474.107142857143,299.13818673300733,15306824.422279002
2022-01-04,4494,15380403.656440098,4664815.534314425,0,0,1,4,1,1,1,0,1464,4449.0,15303520.180878416,4420.0,15222727.838691238,4293.0,14580259.429822152,4200.0,14417360.58635964,4555.0,266.65083286326706,15661301.672951698,4558.857142857143,337.0989028900537,15612677.822453525,4482.392857142857,294.9364450415773,15344340.007316405
2022-01-05,4453,15296437.869181804,4663416.24104351,0,0,2,5,1,1,1,0,1465,4494.0,15380403.656440098,4408.0,15223476.376593435,4298.0,14736695.259135952,4308.0,14767523.91707204,4565.571428571428,261.83000664736574,15683826.789772967,4573.214285714285,329.0901626679867,15669830.981497662,4492.892857142857,289.6974589548108,15378734.402676418
2022-01-06,4425,15143197.897278477,4581943.308586951,0,0,3,6,1,1,1,0,1466,4453.0,15296437.869181804,4361.0,14984795.074397065,4346.0,14842675.877746534,4274.0,14664853.23486809,4572.0,257.83845071415124,15694249.860142732,4584.285714285715,321.6420438866949,15709812.596500937,4498.071428571428,287.5580364702591,15397624.186680341
2022-01-07,4464,15516044.92298904,4775795.564694767,0,0,4,7,1,1,1,0,1467,4425.0,15143197.897278477,4364.0,14932047.960203096,4352.0,14887687.784803852,4215.0,14377963.749249056,4581.142857142857,250.12891914067674,15716878.834840076,4589.928571428572,317.81016692014134,15731278.455038935,4503.464285714285,284.6008878129543,15414707.924623568
2022-01-08,5048,17427624.174274325,5358788.744273847,0,0,5,8,1,1,1,1,1468,4464.0,15516044.92298904,4978.0,17192784.21343999,5375.0,18140440.10061105,4673.0,16187763.439791908,4595.428571428572,238.23297920514545,15800306.972380925,4597.928571428572,312.7292917046873,15776161.10776645,4512.357142857143,279.0903496726994,15455353.680828568
2022-01-09,4952,16935439.86246726,5170719.01101949,0,0,6,9,1,1,1,1,1469,5048.0,17427624.174274325,4905.0,16769760.066458656,4907.0,16701320.133554598,4760.0,16119938.145902954,4605.428571428572,257.64630610126324,15833855.538214402,4574.571428571428,257.5746984366515,15725245.684456682,4525.75,295.59439490000904,15499634.421345796
2022-01-10,4552,15586715.957408875,4783614.190310616,0,0,0,10,2,1,1,0,1470,4952.0,16935439.86246726,4449.0,15303520.180878416,4368.0,15059299.21801331,4318.0,14731599.871140812,4612.142857142857,267.1899627427702,15857524.080501348,4577.785714285715,262.2799967654857,15741968.522236157,4532.607142857143,303.3548636175616,15528759.482651664
2022-01-11,4569,15639315.021058133,4764930.030774663,0,0,1,11,2,1,1,0,1471,4552.0,15586715.957408875,4494.0,15380403.656440098,4420.0,15222727.838691238,4277.0,14518793.228769671,4626.857142857143,259.4317049317915,15897980.620005697,4590.928571428572,255.48098357223918,15779641.146478698,4540.964285714285,300.4328337018835,15559299.342875523
2022-01-12,4445,15242424.72258208,4635356.885263287,0,0,2,12,2,1,1,0,1472,4569.0,15639315.021058133,4453.0,15296437.869181804,4408.0,15223476.376593435,4300.0,14767683.816611674,4637.571428571428,254.53281199279368,15934967.957808273,4601.571428571428,250.8746896163802,15809397.373790618,4551.392857142857,295.96550590877416,15599317.978314398
2022-01-13,4491,15450779.639101785,4738398.943505821,0,0,3,13,2,1,1,0,1473,4445.0,15242424.72258208,4425.0,15143197.897278477,4361.0,14984795.074397065,4239.0,14393244.3646624,4636.428571428572,255.5157249843778,15927251.794008313,4604.214285714285,248.86548067687602,15810750.827075524,4556.571428571428,292.65393905145703,15616273.010670483
2022-01-14,4545,15538371.330070255,4762545.769213922,0,0,4,14,2,1,1,0,1474,4491.0,15450779.639101785,4464.0,15516044.92298904,4364.0,14932047.960203096,4227.0,14506784.053140204,4645.857142857143,247.50584408686038,15971192.042840214,4613.5,241.40605753665173,15844035.438840145,4565.571428571428,286.33254799678963,15654042.127614748
2022-01-15,5105,17715096.232652783,5447567.266080204,0,0,5,15,2,1,1,1,1475,4545.0,15538371.330070255,5048.0,17427624.174274325,4978.0,17192784.21343999,4798.0,16503954.166147957,4657.428571428572,239.34553623222632,15974381.529566104,4626.428571428572,231.66644266994,15887344.250973513,4576.928571428572,278.6084373734347,15690884.530362248
2022-01-16,5168,17746473.441364247,5412194.090710562,0,0,6,16,2,1,1,1,1476,5105.0,17715096.232652783,4952.0,16935439.86246726,4905.0,16769760.066458656,4788.0,16491414.022499818,4665.571428571428,255.28667359322128,16015448.966477308,4635.5,248.37587830359132,15924652.252345856,4587.892857142857,293.28488732336814,15734139.604165992
2022-01-17,4606,15801006.001028268,4854989.070018329,0,0,0,17,3,1,1,0,1477,5168.0,17746473.441364247,4552.0,15586715.957408875,4449.0,15303520.180878416,4306.0,14615154.094293714,4696.428571428572,304.07118527458596,16131310.906319736,4654.285714285715,278.45215818091077,15994417.493410543,4601.464285714285,311.1363262174138,15778963.154839722
2022-01-18,4600,15707673.471701462,4810861.263928901,0,0,1,18,3,1,1,0,1478,4606.0,15801006.001028268,4569.0,15639315.021058133,4494.0,15380403.656440098,4293.0,14580259.429822152,4704.142857142857,300.45988560396654,16161923.769693937,4665.5,272.6496060740042,16029952.194849817,4612.178571428572,305.7028396833787,15821315.00865167
2022-01-19,4555,15588683.907811388,4771711.361314765,0,0,2,19,3,1,1,0,1479,4600.0,15707673.471701462,4445.0,15242424.72258208,4453.0,15296437.869181804,4298.0,14736695.259135952,4708.571428571428,298.3570887057288,16171689.262642981,4673.071428571428,268.9676744334001,16053328.610225629,4623.142857142857,299.26895054768045,15861579.795861647
2022-01-20,4617,15918197.24436174,4910629.908007227,0,0,3,20,3,1,1,0,1480,4555.0,15588683.907811388,4491.0,15450779.639101785,4425.0,15143197.897278477,4346.0,14842675.877746534,4724.285714285715,284.74767443342483,16221154.860532884,4680.357142857143,263.881269088629,16074203.3272706,4632.321428571428,292.79863559329675,15892007.961885767
2022-01-21,4622,15801285.513148827,4864479.014912784,0,0,4,21,3,1,1,0,1481,4617.0,15918197.24436174,4545.0,15538371.330070255,4464.0,15516044.92298904,4352.0,14887687.784803852,4742.285714285715,271.20331505209055,16287928.804141449,4694.071428571428,254.40835263432376,16129560.423490832,4642.0,287.4131108636163,15930419.439264882
2022-01-22,5147,17623952.081316486,5366161.453620211,0,0,5,22,3,1,1,1,1482,4622.0,15801285.513148827,5105.0,17715096.232652783,5048.0,17427624.174274325,5375.0,18140440.10061105,4753.285714285715,263.31458643337,16325487.973152673,4705.357142857143,246.80811828776461,16149934.751359386,4651.642857142857,281.79756515071716,15963047.929562917
2022-01-23,5176,17749615.296544537,5405247.140017516,0,0,6,23,3,1,1,1,1483,5147.0,17623952.081316486,5168.0,17746473.441364247,4952.0,16935439.86246726,4907.0,16701320.133554598,4759.285714285715,272.96624595099047,16312467.380104631,4712.428571428572,258.5208559614341,16163958.17329097,4643.5,262.7731735561029,15944601.928873826
2022-01-24,4627,15989922.999457872,4842182.919022747,0,0,0,24,4,1,1,0,1484,5176.0,17749615.296544537,4606.0,15801006.001028268,4552.0,15586715.957408875,4368.0,15059299.21801331,4760.428571428572,274.9720332099689,16312916.21655896,4728.428571428572,280.48713511858574,16222113.561439348,4653.107142857143,277.2806225663788,15982041.041837754
2022-01-25,4705,16185751.929175746,4955353.568003044,0,0,1,25,4,1,1,0,1485,4627.0,15989922.999457872,4600.0,15707673.471701462,4569.0,15639315.021058133,4420.0,15222727.838691238,4763.428571428572,273.11466282062594,16339904.359191759,4733.785714285715,277.5591907964911,16250914.064442847,4662.357142857143,271.6808059423138,16015277.605460772
2022-01-26,5140,17709675.423060786,5403616.210458514,0,1,2,26,4,1,1,0,1486,4705.0,16185751.929175746,4555.0,15588683.907811388,4445.0,15242424.72258208,4408.0,15223476.376593435,4778.428571428572,265.4178197627733,16408201.281688085,4743.5,273.7013391946067,16289945.272165535,4672.535714285715,267.57227921288734,16049671.322978077
2022-01-27,4677,16086753.010167353,4897214.214643683,0,0,3,27,4,1,1,0,1487,5140.0,17709675.423060786,4617.0,15918197.24436174,4491.0,15450779.639101785,4361.0,14984795.074397065,4862.0,275.2586662274911,16711200.069580857,4793.142857142857,278.3840338986162,16466177.46505687,4698.678571428572,276.3833962922451,16138464.146066198
2022-01-28,4683,16206592.356029252,4957588.794126471,0,0,4,28,4,1,1,0,1488,4677.0,16086753.010167353,4622.0,15801285.513148827,4545.0,15538371.330070255,4364.0,14932047.960203096,4870.571428571428,267.17338761115974,16735279.464695944,4806.428571428572,267.06343651064265,16511604.134418696,4709.964285714285,268.4211011938926,16177819.786629422
2022-01-29,5207,18062431.77891436,5583607.123001443,0,0,5,29,4,1,1,1,1489,4683.0,16206592.356029252,5147.0,17623952.081316486,5105.0,17715096.232652783,4978.0,17192784.21343999,4879.285714285715,258.5708892391188,16793180.44225029,4816.285714285715,259.1000485619977,16559334.207701484,4721.357142857143,259.82532797671075,16223339.229337497
2022-01-30,5239,17948599.305773202,5469079.044702215,0,0,6,30,4,1,1,1,1490,5207.0,18062431.77891436,5176.0,17749615.296544537,5168.0,17746473.441364247,4905.0,16769760.066458656,4887.857142857143,269.68032221591545,16855820.399049986,4823.571428571428,269.08469192535915,16584143.889577309,4729.535714285715,271.54284596684073,16254398.070961583
2022-01-31,4655,15939797.724950315,4885094.879475013,0,0,0,31,5,1,1,0,1491,5239.0,17948599.305773202,4627.0,15989922.999457872,4606.0,15801006.001028268,4449.0,15303520.180878416,4896.857142857143,281.68329057734303,16884246.686082654,4828.642857142857,276.63850534109747,16598581.451320807,4741.464285714285,286.4625219030066,16296499.472365674
2022-02-01,4723,16305955.869589008,5024394.694528027,0,0,1,1,5,2,1,0,1492,4655.0,15939797.724950315,4705.0,16185751.929175746,4600.0,15707673.471701462,4494.0,15380403.656440098,4900.857142857143,277.3784590118944,16877085.932581574,4832.142857142857,273.901402008043,16608495.145886665,4748.821428571428,281.27132723371136,16319223.670368241
2022-02-02,4744,16383573.255176874,5039017.538695033,0,0,2,2,5,2,1,0,1493,4723.0,16305955.869589008,5140.0,17709675.423060786,4555.0,15588683.907811388,4453.0,15296437.869181804,4903.428571428572,275.3360717032114,16894257.924069185,4840.928571428572,267.7867878299018,16651229.602878634,4757.0,276.8825128568611,16352279.10655213
2022-02-03,4803,16491202.786428723,5054733.580200006,0,0,3,3,5,2,1,0,1494,4744.0,16383573.255176874,4677.0,16086753.010167353,4617.0,15918197.24436174,4425.0,15143197.897278477,4846.857142857143,258.81423748282043,16704814.757228624,4854.428571428572,256.8021430193546,16708007.413404739,4767.392857142857,270.4354977912706,16391105.370337669
2022-02-04,4817,16562654.037837945,5068004.179433418,0,0,4,4,5,2,1,0,1495,4803.0,16491202.786428723,4683.0,16206592.356029252,4622.0,15801285.513148827,4464.0,15516044.92298904,4864.857142857143,249.23645303970594,16762593.296694534,4867.714285714285,248.24257013325763,16748936.380695239,4780.892857142857,262.0140424969857,16439248.402093036
2022-02-05,5335,18403851.17629094,5615498.659657303,0,0,5,5,5,2,1,1,1496,4817.0,16562654.037837945,5207.0,18062431.77891436,5147.0,17623952.081316486,5048.0,17427624.174274325,4884.0,237.82556632961854,16813459.251238633,4881.642857142857,238.68183107121385,16803319.846744463,4793.5,254.58892065155194,16476627.299051926
2022-02-06,5254,18138827.12505448,5526167.07335834,0,0,6,6,5,2,1,1,1497,5335.0,18403851.17629094,5239.0,17948599.305773202,5176.0,17749615.296544537,4952.0,16935439.86246726,4902.285714285715,269.5976720261294,16862233.45086386,4895.071428571428,259.16892747207044,16859026.92495692,4803.75,270.4953788884454,16511492.549123947
2022-02-07,4831,16580144.91003943,5036256.973772471,0,0,0,7,6,2,1,0,1498,5254.0,18138827.12505448,4655.0,15939797.724950315,4627.0,15989922.999457872,4552.0,15586715.957408875,4904.428571428572,272.76110251944414,16889408.853618328,4900.642857142857,266.4099233375839,16886827.76985049,4814.535714285715,282.38527426496,16554470.665644918
2022-02-08,4806,16727854.469235808,5163071.582431837,0,0,1,8,6,2,1,0,1499,4831.0,16580144.91003943,4723.0,16305955.869589008,4705.0,16185751.929175746,4569.0,15639315.021058133,4929.571428571428,253.35867667720098,16980887.02291677,4915.214285714285,255.65336465052096,16928986.477749173,4824.5,277.66119775860693,16589950.27109601
2022-02-09,4847,16505716.539245524,5057971.969004269,0,0,2,9,6,2,1,0,1500,4806.0,16727854.469235808,4744.0,16383573.255176874,5140.0,17709675.423060786,4445.0,15242424.72258208,4941.428571428572,243.84343142193183,17041158.251437742,4922.428571428572,250.64093664217773,16967708.087753464,4832.964285714285,273.15990190836106,16628826.6799595
2022-02-10,4788,16579682.134600872,5093803.32051987,0,0,3,10,6,2,1,0,1501,4847.0,16505716.539245524,4803.0,16491202.786428723,4677.0,16086753.010167353,4491.0,15450779.639101785,4956.142857142857,232.80208230128167,17058607.292018976,4901.5,243.19847861364192,16881711.024623804,4847.321428571428,262.3646110919734,16673944.244840335
2022-02-11,4859,16879660.149455775,5190925.662100966,0,0,4,11,6,2,1,0,1502,4788.0,16579682.134600872,4817.0,16562654.037837945,4683.0,16206592.356029252,4545.0,15538371.330070255,4954.0,234.50941701063923,17071247.198900715,4909.428571428572,237.04810102127345,16916920.247797627,4857.928571428572,253.2714732326607,16714262.191108158
2022-02-12,5411,18829671.76719756,5703440.802510249,0,0,5,12,6,2,1,1,1503,4859.0,16879660.149455775,5335.0,18403851.17629094,5207.0,18062431.77891436,5105.0,17715096.232652783,4960.0,230.93000382511983,17116533.78627469,4922.0,228.6337346398682,16964996.51875666,4869.142857142857,245.74221878879752,16762165.36322907
2022-02-13,5455,18851683.71025609,5782065.868929427,0,0,6,13,6,2,1,1,1504,5411.0,18829671.76719756,5254.0,18138827.12505448,5239.0,17948599.305773202,5168.0,17746473.441364247,4970.857142857143,252.2970660229972,17177365.29926135,4936.571428571428,253.35858270159264,17019799.375062604,4880.071428571428,262.8297475372208,16801971.632319953
2022-02-14,4765,16526011.705092989,5062757.969757174,0,0,0,14,7,2,1,0,1505,5455.0,18851683.71025609,4831.0,16580144.91003943,4655.0,15939797.724950315,4606.0,15801006.001028268,4999.571428571428,297.314568060422,17279201.954290148,4952.0,278.5194372446283,17084305.403954238,4890.321428571428,279.5395756214624,16841443.42763752
2022-02-15,4918,16930736.376074247,5207524.152581486,0,0,1,15,7,2,1,0,1506,4765.0,16526011.705092989,4806.0,16727854.469235808,4723.0,16305955.869589008,4600.0,15707673.471701462,4990.142857142857,304.51077078456933,17271468.639297802,4959.857142857143,270.9450290948257,17126177.831107285,4896.0,275.1301375578392,16867336.488496978
2022-02-16,4930,17199141.5559221,5300917.45222251,0,0,2,16,7,2,1,0,1507,4918.0,16930736.376074247,4847.0,16505716.539245524,4744.0,16383573.255176874,4555.0,15588683.907811388,5006.142857142857,296.047534793225,17300451.76884615,4973.785714285715,262.7195575781376,17170805.010141946,4907.357142857143,268.9530062608009,16911017.30651029
2022-02-17,4849,16858953.626895685,5162031.662645077,0,0,3,17,7,2,1,0,1508,4930.0,17199141.5559221,4788.0,16579682.134600872,4803.0,16491202.786428723,4617.0,15918197.24436174,5018.0,290.2160115040798,17399512.485514235,4987.071428571428,254.78874032772313,17229059.888766605,4920.75,259.9429602674312,16968533.65108567
2022-02-18,4988,17355277.014226045,5369161.735242408,0,0,4,18,7,2,1,0,1509,4849.0,16858953.626895685,4859.0,16879660.149455775,4817.0,16562654.037837945,4622.0,15801285.513148827,5026.714285714285,282.984519179479,17439408.41298492,4990.357142857143,252.51888189652527,17255327.805942815,4929.035714285715,253.5204692068886,17002132.09331903
2022-02-19,5533,19169886.92563091,5900231.395622884,0,0,5,19,7,2,1,1,1510,4988.0,17355277.014226045,5411.0,18829671.76719756,5335.0,18403851.17629094,5147.0,17623952.081316486,5045.142857142857,274.30969637220664,17507353.679380674,5002.571428571428,247.57585140273093,17311943.732827682,4942.107142857143,246.44003692367917,17057631.78978607
2022-02-20,5561,19009054.0291293,5811845.884995368,0,0,6,20,7,2,1,1,1511,5533.0,19169886.92563091,5455.0,18851683.71025609,5254.0,18138827.12505448,5176.0,17749615.296544537,5062.571428571428,303.72732131681573,17555955.844871152,5016.714285714285,272.43416383845437,17366660.57206625,4955.892857142857,268.1648662719409,17112843.748511586
2022-02-21,4954,17102705.226701695,5216432.074774908,0,0,0,21,8,2,1,0,1512,5561.0,19009054.0291293,4765.0,16526011.705092989,4831.0,16580144.91003943,4627.0,15989922.999457872,5077.714285714285,328.20913773879073,17578437.318995897,5038.642857142857,303.57804905512336,17428819.636643026,4969.642857142857,288.9347246910234,17157823.703246754
2022-02-22,4950,17008610.219631538,5192166.048429076,0,0,1,22,8,2,1,0,1513,4954.0,17102705.226701695,4918.0,16930736.376074247,4806.0,16727854.469235808,4705.0,16185751.929175746,5104.714285714285,305.16100356244783,17660822.10779714,5047.428571428572,298.84951558772104,17466145.373547472,4981.321428571428,281.0740054876097,17197565.925648324
2022-02-23,5010,17322288.248010695,5289262.643348631,0,0,2,23,8,2,1,0,1514,4950.0,17008610.219631538,4930.0,17199141.5559221,4847.0,16505716.539245524,5140.0,17709675.423060786,5109.285714285715,302.122334099793,17671946.942591038,5057.714285714285,292.30737998823497,17486199.355718594,4990.071428571428,275.9195975979716,17226953.721736025
2022-02-24,5016,17421219.872233383,5319495.3434456205,0,0,3,24,8,2,1,0,1515,5010.0,17322288.248010695,4849.0,16858953.626895685,4788.0,16579682.134600872,4677.0,16086753.010167353,5120.714285714285,295.6539160830449,17689539.32717512,5069.357142857143,286.4564961312722,17544525.90634468,4985.428571428572,274.39285550728425,17213118.46548424
2022-02-25,5066,17526816.170367423,5403076.228609413,0,0,4,25,8,2,1,0,1516,5016.0,17421219.872233383,4988.0,17355277.014226045,4859.0,16879660.149455775,4683.0,16206592.356029252,5144.571428571428,276.17015114047757,17769863.07650908,5085.642857142857,275.50194949547046,17604635.744747,4997.535714285715,267.67662665057,17260777.99627231
2022-02-26,5621,19174459.855611093,5864999.526860627,0,0,5,26,8,2,1,1,1517,5066.0,17526816.170367423,5533.0,19169886.92563091,5411.0,18829671.76719756,5207.0,18062431.77891436,5155.714285714285,270.31137248595337,17794368.670243565,5100.428571428572,267.8511970035668,17650861.17481212,5011.214285714285,260.70323090283455,17307928.84678439
2022-02-27,5621,19256239.530056585,5955819.98005898,0,0,6,27,8,2,1,1,1518,5621.0,19174459.855611093,5561.0,19009054.0291293,5455.0,18851683.71025609,5239.0,17948599.305773202,5168.285714285715,291.96159238600717,17795021.945955016,5115.428571428572,291.42427814114757,17675488.895413082,5026.0,283.00451507980847,17347644.135237847
2022-02-28,5027,17305062.222419195,5291309.601527656,0,0,0,28,9,2,1,0,1519,5621.0,19256239.530056585,4954.0,17102705.226701695,4765.0,16526011.705092989,4655.0,15939797.724950315,5176.857142857143,305.9577468493719,17830334.160373203,5127.285714285715,309.1415977711604,17704385.73968455,5039.642857142857,302.20893119701145,17394345.57181939
2022-03-01,6052,18639050.682098795,4253050.864193553,400,0,1,1,9,3,1,0,1520,5027.0,17305062.222419195,4950.0,17008610.219631538,4918.0,16930736.376074247,4723.0,16305955.869589008,5187.285714285715,298.24247086652974,17859242.30261856,5146.0,293.0337339467023,17760032.20520785,5052.928571428572,292.7003180566739,17443105.018157568
2022-03-02,6023,18638434.5481324,4297844.311081165,400,0,2,2,9,3,1,0,1521,6052.0,18639050.682098795,5010.0,17322288.248010695,4930.0,17199141.5559221,4744.0,16383573.255176874,5344.714285714285,418.6548754784839,18092162.36868531,5227.0,371.4102024197932,17882054.655638173,5100.392857142857,340.9895555352517,17526429.83289006
2022-03-03,6045,18383553.078303043,4049312.4442916815,400,0,3,3,9,3,1,0,1522,6023.0,18638434.5481324,5016.0,17421219.872233383,4849.0,16858953.626895685,4803.0,16491202.786428723,5489.428571428572,456.99630091240135,18280183.268702697,5305.071428571428,416.33630346438304,17984861.29793891,5146.071428571428,375.40890580918267,17606960.593352757
2022-03-04,6044,18625586.748817787,4309255.357387432,400,0,4,4,9,3,1,0,1523,6045.0,18383553.078303043,5066.0,17526816.170367423,4988.0,17355277.014226045,4817.0,16562654.037837945,5636.428571428572,444.6601163221378,18417659.440998364,5390.5,437.7114873450445,18093761.258753724,5190.428571428572,405.5377252005632,17674544.532348268
2022-03-05,6775,20897192.455781896,4763358.427380374,400,0,5,5,9,3,1,1,1524,6044.0,18625586.748817787,5621.0,19174459.855611093,5533.0,19169886.92563091,5335.0,18403851.17629094,5776.142857142857,385.23171752916875,18574626.66649127,5465.928571428572,453.7104234548832,18184497.66836742,5234.25,429.28921659119527,17748220.70059755
2022-03-06,6773,20917611.87298892,4736875.130738088,400,0,6,6,9,3,1,1,1525,6775.0,20897192.455781896,5621.0,19256239.530056585,5561.0,19009054.0291293,5254.0,18138827.12505448,5941.0,528.1764225458471,18820731.32365853,5554.642857142857,573.4562698293133,18307876.634806775,5285.678571428572,518.7417864461003,17837268.60343651
2022-03-07,5948,18365557.71328289,4181258.6152035,400,0,0,7,10,3,1,0,1526,6773.0,20917611.87298892,5027.0,17305062.222419195,4954.0,17102705.226701695,4831.0,16580144.91003943,6105.571428571428,587.942700479914,19058070.22979172,5641.214285714285,659.5165103865711,18444202.19508246,5339.928571428572,589.8596147214737,17936510.915862743
2022-03-08,5079,17542991.677838527,5390351.580117902,0,0,1,8,10,3,1,0,1527,5948.0,18365557.71328289,6052.0,18639050.682098795,4950.0,17008610.219631538,4806.0,16727854.469235808,6237.142857142857,368.4188868536332,19209569.585629392,5712.214285714285,632.8073201184967,18534405.944123976,5379.821428571428,591.9337458903739,18000275.658835724
2022-03-09,5152,17745301.191148482,5420692.010202091,0,0,2,9,10,3,1,0,1528,5079.0,17542991.677838527,6023.0,18638434.5481324,5010.0,17322288.248010695,4847.0,16505716.539245524,6098.142857142857,575.3498728517031,19052989.727877922,5721.428571428572,621.6966505255389,18572576.048281617,5389.571428571428,584.3315540678641,18029387.702000104
2022-03-10,5010,17446555.05713589,5334565.708380555,0,0,3,10,10,3,1,0,1529,5152.0,17745301.191148482,6045.0,18383553.078303043,5016.0,17421219.872233383,4788.0,16579682.134600872,5973.714285714285,679.1327102232917,18925399.248308793,5731.571428571428,610.2499758025241,18602791.258505743,5400.464285714285,576.6347121617301,18073658.58242521
2022-03-11,5043,17360262.700481176,5306264.427910531,0,0,4,11,10,3,1,0,1530,5010.0,17446555.05713589,6044.0,18625586.748817787,5066.0,17526816.170367423,4859.0,16879660.149455775,5825.857142857143,767.8930977185598,18791542.388142057,5731.142857142857,610.7930352157596,18604600.91457021,5408.392857142857,569.3822083682886,18104618.329658605
2022-03-12,5753,19906574.161087308,6106653.353322794,0,0,5,12,10,3,1,1,1531,5043.0,17360262.700481176,6775.0,20897192.455781896,5621.0,19174459.855611093,5411.0,18829671.76719756,5682.857142857143,812.4135704946135,18610781.809808254,5729.5,612.7475010148539,18592704.238149762,5414.964285714285,563.8414856140605,18121782.706480943
2022-03-13,5842,20173281.609881323,6194744.192805154,0,0,6,13,10,3,1,1,1532,5753.0,19906574.161087308,6773.0,20917611.87298892,5621.0,19256239.530056585,5455.0,18851683.71025609,5536.857142857143,661.1891884000679,18469264.91056617,5738.928571428572,611.9646123863166,18644998.11711235,5427.178571428572,567.4452203008921,18160243.506262716
2022-03-14,5096,17673056.452044494,5415881.802282891,0,0,0,14,11,3,1,0,1533,5842.0,20173281.609881323,5948.0,18365557.71328289,5027.0,17305062.222419195,4765.0,16526011.705092989,5403.857142857143,421.1624502775714,18362932.015836515,5754.714285714285,611.5388444258513,18710501.122814115,5441.0,572.8355073828072,18207443.43124933
2022-03-15,5235,18045517.126957275,5533717.479367971,0,0,1,15,11,3,1,0,1534,5096.0,17673056.452044494,5079.0,17542991.677838527,6052.0,18639050.682098795,4918.0,16930736.376074247,5282.142857142857,355.72715601118836,18264003.26423103,5759.642857142857,605.470777690641,18736786.42493021,5452.821428571428,561.6750776535688,18248409.31506903
2022-03-16,5083,17423555.223530743,5352546.6684172,0,0,2,16,11,3,1,0,1535,5235.0,18045517.126957275,5152.0,17745301.191148482,6023.0,18638434.5481324,4930.0,17199141.5559221,5304.428571428572,345.6225576853327,18335792.614105135,5701.285714285715,614.4311225805169,18694391.17099153,5464.142857142857,553.6328984475053,18288222.913314853
2022-03-17,5184,17937092.52680637,5465257.634127012,0,0,3,17,11,3,1,0,1536,5083.0,17423555.223530743,5010.0,17446555.05713589,6045.0,18383553.078303043,4849.0,16858953.626895685,5294.571428571428,351.62615429025067,18289828.90444546,5634.142857142857,627.7858352535584,18607614.076377127,5469.607142857143,548.9005400890516,18296237.68715802
2022-03-18,5221,18093698.646319397,5530626.803257631,0,0,4,18,11,3,1,0,1537,5184.0,17937092.52680637,5043.0,17360262.700481176,6044.0,18625586.748817787,4988.0,17355277.014226045,5319.428571428572,333.85768282450994,18359905.685826954,5572.642857142857,626.6129472922194,18575724.036984507,5481.571428571428,538.4232417917959,18334742.647869114
2022-03-19,5871,20158213.926404346,6165097.942686964,0,0,5,19,11,3,1,1,1538,5221.0,18093698.646319397,5753.0,19906574.161087308,6775.0,20897192.455781896,5533.0,19169886.92563091,5344.857142857143,315.5721938381265,18464682.24951813,5513.857142857143,617.5300499873034,18537732.029663194,5489.892857142857,532.2779376510474,18361114.849015307
2022-03-20,5778,19796323.246292725,6058862.999902115,0,0,6,20,11,3,1,1,1539,5871.0,20158213.926404346,5842.0,20173281.609881323,6773.0,20917611.87298892,5561.0,19009054.0291293,5361.714285714285,342.97021944852577,18500630.787420563,5449.285714285715,514.1206725410173,18484947.84899337,5501.964285714285,537.1026167311701,18396412.241900068
2022-03-21,5137,17817124.341082063,5434585.076544552,0,0,0,21,12,3,1,0,1540,5778.0,19796323.246292725,5096.0,17673056.452044494,5948.0,18365557.71328289,4954.0,17102705.226701695,5352.571428571428,328.5842647596163,18446779.592622194,5378.214285714285,363.87639037521114,18404855.804229353,5509.714285714285,539.5460270856552,18424528.99965591
2022-03-22,5282,18225748.764817804,5580460.224998213,0,0,1,22,12,3,1,0,1541,5137.0,17817124.341082063,5235.0,18045517.126957275,5079.0,17542991.677838527,4950.0,17008610.219631538,5358.428571428572,323.57578048161184,18467360.71962756,5320.285714285715,329.08110493667385,18365681.991929296,5516.25,533.6412045421383,18450043.968026634
2022-03-23,5202,17872770.7230614,5527797.876551557,0,0,2,23,12,3,1,0,1542,5282.0,18225748.764817804,5083.0,17423555.223530743,5152.0,17745301.191148482,5010.0,17322288.248010695,5365.142857142857,321.065636369172,18493108.09646478,5334.785714285715,322.0284694942404,18414450.355284955,5528.107142857143,524.198389026712,18493513.20178329
2022-03-24,5215,17922743.377595242,5520065.692330044,0,0,3,24,12,3,1,0,1543,5202.0,17872770.7230614,5184.0,17937092.52680637,5010.0,17446555.05713589,5016.0,17421219.872233383,5382.142857142857,306.4546886416893,18557281.73925487,5338.357142857143,320.11695149949537,18423555.321850166,5534.964285714285,518.3935643564034,18513173.290177956
2022-03-25,5209,17907653.737429023,5476066.292224993,0,0,4,25,12,3,1,0,1544,5215.0,17922743.377595242,5221.0,18093698.646319397,5043.0,17360262.700481176,5066.0,17526816.170367423,5386.571428571428,303.3220824705717,18555231.86079614,5353.0,308.41655148635607,18457568.773311548,5542.071428571428,512.3439186769859,18531084.84394088
2022-03-26,5900,20240936.314474523,6221249.728046041,0,0,5,26,12,3,1,1,1545,5209.0,17907653.737429023,5871.0,20158213.926404346,5753.0,19906574.161087308,5621.0,19174459.855611093,5384.857142857143,304.4456320217805,18528654.01666894,5364.857142857143,298.6170321132038,18496668.13309354,5547.178571428572,508.1178817420527,18544686.185621653
2022-03-27,5774,20061896.296948224,6121276.177168825,0,0,6,27,12,3,1,1,1546,5900.0,20240936.314474523,5778.0,19796323.246292725,5842.0,20173281.609881323,5621.0,19256239.530056585,5389.0,312.2605749476953,18540471.500678968,5375.357142857143,315.4261115825665,18520551.144049767,5557.142857142857,512.3372525177718,18582774.63058106
2022-03-28,5367,18592382.490021985,5706467.30996348,0,0,0,28,13,3,1,0,1547,5774.0,20061896.296948224,5137.0,17817124.341082063,5096.0,17673056.452044494,5027.0,17305062.222419195,5388.428571428572,311.4326343116345,18578410.507915467,5370.5,308.1267845945584,18512595.050268833,5562.607142857143,513.8571886404422,18611548.086541474
2022-03-29,5209,17945717.53752433,5507264.10156973,0,0,1,29,13,3,1,0,1548,5367.0,18592382.490021985,5282.0,18225748.764817804,5235.0,18045517.126957275,6052.0,18639050.682098795,5421.285714285715,292.01239373567125,18689161.672049742,5389.857142857143,297.89824208499067,18578261.195838653,5574.75,504.6666391457487,18657523.81038443
2022-03-30,5240,18142548.432115525,5558193.48653028,0,0,2,30,13,3,1,0,1549,5209.0,17945717.53752433,5202.0,17872770.7230614,5083.0,17423555.223530743,6023.0,18638434.5481324,5410.857142857143,299.0347965100518,18649157.21100782,5388.0,299.01685056705765,18571132.6537363,5544.642857142857,500.2670556653975,18632761.912363913
2022-03-31,5303,18341557.5363256,5618890.001321689,0,0,3,31,13,3,1,0,1550,5240.0,18142548.432115525,5215.0,17922743.377595242,5184.0,17937092.52680637,6045.0,18383553.078303043,5416.285714285715,294.9280783997516,18687696.883729838,5399.214285714285,289.4905813722811,18622489.311492357,5516.678571428572,494.38694199250205,18615051.69393474
2022-04-01,5266,18400421.710539985,5634043.347356085,0,0,4,1,13,4,2,0,1551,5303.0,18341557.5363256,5209.0,17907653.737429023,5221.0,18093698.646319397,6044.0,18625586.748817787,5428.857142857143,286.6783497065568,18747527.477834173,5407.714285714285,284.3874465938747,18651379.669315156,5490.178571428572,484.81268269465335,18613551.85314983
2022-04-02,5880,20367685.3909914,6219544.711928231,0,0,5,2,13,4,2,1,1552,5266.0,18400421.710539985,5900.0,20240936.314474523,5871.0,20158213.926404346,6775.0,20897192.455781896,5437.0,280.1273519907187,18817922.90256431,5410.928571428572,282.36186937100643,18673288.459616628,5462.392857142857,474.07182916341776,18605510.24463991
2022-04-03,5932,20447089.02586605,6264919.371329457,0,0,6,3,13,4,2,1,1553,5880.0,20367685.3909914,5774.0,20061896.296948224,5778.0,19796323.246292725,6773.0,20917611.87298892,5434.142857142857,274.66672445676454,18836029.913495295,5411.571428571428,283.4978535491881,18688250.70708713,5430.428571428572,407.83715237474706,18586599.27804025
2022-04-04,5335,18239923.15678282,5601560.498797298,0,0,0,4,14,4,2,0,1554,5932.0,20447089.02586605,5367.0,18592382.490021985,5137.0,17817124.341082063,5948.0,18365557.71328289,5456.714285714285,311.2992741643271,18891057.44619784,5422.571428571428,301.24171595005697,18734733.977056656,5400.392857142857,328.5634657995332,18569794.890643004
2022-04-05,5237,18305162.71394069,5614315.732918693,0,0,1,5,14,4,2,0,1555,5335.0,18239923.15678282,5209.0,17945717.53752433,5282.0,18225748.764817804,5079.0,17542991.677838527,5452.142857142857,313.0662488842816,18840706.112877958,5436.714285714285,291.2866493471246,18764933.89246385,5378.5,310.65873857313585,18565307.94219657
2022-04-06,5311,18491080.18251689,5720525.932929479,0,0,2,6,14,4,2,0,1556,5237.0,18305162.71394069,5240.0,18142548.432115525,5202.0,17872770.7230614,5152.0,17745301.191148482,5456.142857142857,309.60158729751635,18892055.423794582,5433.5,293.3660748043588,18770606.3174012,5384.142857142857,306.423178009047,18592528.33634308
2022-04-07,5232,18225855.639340848,5599325.388972167,0,0,3,7,14,4,2,0,1557,5311.0,18491080.18251689,5303.0,18341557.5363256,5215.0,17922743.377595242,5010.0,17446555.05713589,5466.285714285715,302.42007995816607,18941845.67385192,5441.285714285715,288.1496482388659,18814771.27879088,5389.821428571428,303.42038477033793,18619163.300320525
2022-04-08,5325,18413953.793232355,5622965.099079566,0,0,4,8,14,4,2,0,1558,5232.0,18225855.639340848,5266.0,18400421.710539985,5209.0,17907653.737429023,5043.0,17360262.700481176,5456.142857142857,309.90720577372025,18925316.831425525,5442.5,287.15681858785933,18836422.15462985,5397.75,295.93600722178155,18646995.4639707
2022-04-09,5862,20323588.205325782,6219712.395313607,0,0,5,9,14,4,2,1,1559,5325.0,18413953.793232355,5880.0,20367685.3909914,5900.0,20240936.314474523,5753.0,19906574.161087308,5464.571428571428,304.63139318573934,18927249.986095868,5450.785714285715,281.51927890566617,18872586.44433009,5407.821428571428,288.11096802131595,18684627.288711812
2022-04-10,5934,20403090.090809964,6285446.454905242,0,0,6,10,14,4,2,1,1560,5862.0,20323588.205325782,5932.0,20447089.02586605,5774.0,20061896.296948224,5842.0,20173281.609881323,5462.0,300.5894209715285,18920950.388143633,5448.071428571428,277.001933979771,18878490.15081946,5411.714285714285,293.6311439157102,18699520.647434615
2022-04-11,5281,18289790.87947268,5642364.636381422,0,0,0,11,15,4,2,0,1561,5934.0,20403090.090809964,5335.0,18239923.15678282,5367.0,18592382.490021985,5096.0,17673056.452044494,5462.285714285715,301.1111169683104,18914664.825992767,5459.5,294.24734493273064,18902861.136095304,5415.0,299.08836796480676,18707728.093182065
2022-04-12,5299,18276946.57342012,5645580.856939374,0,0,1,12,15,4,2,0,1562,5281.0,18289790.87947268,5237.0,18305162.71394069,5209.0,17945717.53752433,5235.0,18045517.126957275,5454.571428571428,305.574244738685,18921788.78637703,5453.357142857143,297.20974389830087,18881247.449627496,5421.607142857143,293.77660185750244,18729754.32273307
2022-04-13,5236,18167071.830130164,5622258.340979042,0,0,2,13,15,4,2,0,1563,5299.0,18276946.57342012,5311.0,18491080.18251689,5240.0,18142548.432115525,5083.0,17423555.223530743,5463.428571428572,299.0456248037822,18917757.909159806,5459.785714285715,292.45306752239424,18904906.666477192,5423.892857142857,292.51721561058787,18738019.660106745
2022-04-14,5420,18950344.849734545,5851777.854174328,0,0,3,14,15,4,2,0,1564,5236.0,18167071.830130164,5232.0,18225855.639340848,5303.0,18341557.5363256,5184.0,17937092.52680637,5452.714285714285,306.6636128212314,18871471.00167599,5459.5,292.6861669222748,18906658.337763954,5429.357142857143,287.2958488421029,18764573.824628156
2022-04-15,5288,18062013.465253096,5573954.297270644,0,0,4,15,15,4,2,0,1565,5420.0,18950344.849734545,5325.0,18413953.793232355,5266.0,18400421.710539985,5221.0,18093698.646319397,5479.571428571428,291.99363985245384,18974969.46030366,5467.857142857143,289.527162839584,18950143.145864595,5437.785714285715,283.264613515068,18800761.407589875
2022-04-16,6059,21000291.78552149,6494486.00425395,0,0,5,16,15,4,2,1,1566,5288.0,18062013.465253096,5862.0,20323588.205325782,5880.0,20367685.3909914,5871.0,20158213.926404346,5474.285714285715,295.57103730784735,18924692.270592336,5469.428571428572,288.40482079760994,18925971.1283441,5440.178571428572,281.64385884927935,18799629.793980364
2022-04-17,5962,20197125.430283956,6215823.255571956,0,0,6,17,15,4,2,1,1567,6059.0,21000291.78552149,5934.0,20403090.090809964,5932.0,20447089.02586605,5778.0,19796323.246292725,5502.428571428572,344.0440171174099,19021364.210620295,5482.214285714285,311.0827687464369,18971157.299381964,5446.892857142857,294.25352375695644,18829704.003234547
2022-04-18,5329,18415785.666376013,5689137.594042697,0,0,0,18,16,4,2,0,1568,5962.0,20197125.430283956,5281.0,18289790.87947268,5335.0,18239923.15678282,5137.0,17817124.341082063,5506.428571428572,350.00897947664805,18991940.687688004,5484.357142857143,314.50390902366973,18953302.756840385,5453.464285714285,303.8209124227564,18844018.36694852
2022-04-19,5335,18340191.98235463,5679967.850480501,0,0,1,19,16,4,2,0,1569,5329.0,18415785.666376013,5299.0,18276946.57342012,5237.0,18305162.71394069,5282.0,18225748.764817804,5513.285714285715,345.2949050139176,19009939.942959912,5483.928571428572,314.7271013935856,18965864.36466847,5460.321428571428,298.534575647683,18865399.12856616
2022-04-20,5354,18564651.004146244,5748683.628554554,0,0,2,20,16,4,2,0,1570,5335.0,18340191.98235463,5236.0,18167071.830130164,5311.0,18491080.18251689,5202.0,17872770.7230614,5518.428571428572,341.8220088207965,19018975.00137913,5490.928571428572,309.8648500147844,18968366.455269467,5462.214285714285,297.52838111033515,18869486.386335332
2022-04-21,5291,18474988.29475437,5705973.00319787,0,0,3,21,16,4,2,0,1571,5354.0,18564651.004146244,5420.0,18950344.849734545,5232.0,18225855.639340848,5215.0,17922743.377595242,5535.285714285715,328.21116895768563,19075772.026238568,5494.0,308.1525596193538,18973621.513957277,5467.642857142857,293.97016909451804,18894196.396374077
2022-04-22,5334,18293407.74295899,5608360.371454234,0,0,4,22,16,4,2,0,1572,5291.0,18474988.29475437,5288.0,18062013.465253096,5325.0,18413953.793232355,5209.0,17907653.737429023,5516.857142857143,339.2007412390808,19007863.94695569,5498.214285714285,304.6776805264018,18991416.70362967,5470.357142857143,291.8946048104684,18913919.42912976
2022-04-23,5962,20522661.865943626,6313103.534104545,0,0,5,23,16,4,2,1,1573,5334.0,18293407.74295899,6059.0,21000291.78552149,5862.0,20323588.205325782,5900.0,20240936.314474523,5523.428571428572,334.44025731703516,19040920.272342242,5498.857142857143,304.29334458774923,18982806.271467287,5474.821428571428,288.6875863052855,18927696.35789869
2022-04-24,6056,20874327.7589869,6372382.693959287,0,0,6,24,16,4,2,1,1574,5962.0,20522661.865943626,5962.0,20197125.430283956,5934.0,20403090.090809964,5774.0,20061896.296948224,5509.571428571428,309.6411133031562,18972687.42668826,5506.0,314.4766103567913,18997025.818654276,5477.035714285715,292.2849297496012,18937757.98473687
2022-04-25,5421,18783012.47303944,5798005.625664711,0,0,0,25,17,4,2,0,1575,6056.0,20874327.7589869,5329.0,18415785.666376013,5281.0,18289790.87947268,5367.0,18592382.490021985,5523.0,333.64052511647776,19069430.616502967,5514.714285714285,328.6212289062747,19030685.65209549,5487.107142857143,307.36603095352945,18966773.394095395
2022-04-26,5285,18344787.7890113,5636448.15715689,0,0,1,26,17,4,2,0,1576,5421.0,18783012.47303944,5335.0,18340191.98235463,5299.0,18276946.57342012,5209.0,17945717.53752433,5536.142857142857,326.45950671378614,19121891.588883456,5524.714285714285,323.044990572557,19065915.765921686,5489.035714285715,306.7533068604808,18973581.60777459
2022-04-27,5390,18488225.61648373,5676858.47810723,0,0,2,27,17,4,2,0,1577,5285.0,18344787.7890113,5354.0,18564651.004146244,5236.0,18167071.830130164,5240.0,18142548.432115525,5529.0,332.09235663190503,19122548.132691555,5523.714285714285,323.818189390555,19070761.56703534,5491.75,304.5117068843637,18987834.116756268
2022-04-28,5394,18937513.38741958,5795632.961479983,0,0,3,28,17,4,2,0,1578,5390.0,18488225.61648373,5291.0,18474988.29475437,5420.0,18950344.849734545,5303.0,18341557.5363256,5534.142857142857,329.1967135171237,19111630.220168334,5534.714285714285,315.8094431703417,19093701.123203453,5497.107142857143,301.22039910334394,19000179.730483703
2022-04-29,5337,18535538.507660616,5682697.066926037,0,0,4,29,17,4,2,0,1579,5394.0,18937513.38741958,5334.0,18293407.74295899,5288.0,18062013.465253096,5266.0,18400421.710539985,5548.857142857143,318.6505026783136,19177705.233406223,5532.857142857143,316.6113504798971,19092784.590180956,5500.357142857143,299.5347273857438,19021463.868022773
2022-04-30,5955,20377464.77076556,6284379.0444918685,0,0,5,30,17,4,2,1,1580,5337.0,18535538.507660616,5962.0,20522661.865943626,6059.0,21000291.78552149,5880.0,20367685.3909914,5549.285714285715,318.31520766147906,19212295.34264931,5536.357142857143,313.95604962933567,19126607.807495777,5502.892857142857,297.7726375118986,19026289.46791994
2022-05-01,5793,19990880.64291657,6181438.674507813,0,0,6,1,17,5,2,1,1581,5955.0,20377464.77076556,6056.0,20874327.7589869,5962.0,20197125.430283956,5932.0,20447089.02586605,5548.285714285715,316.80999262739573,19191552.90048102,5528.928571428572,301.6267342480504,19082120.163584642,5505.571428571428,301.6031766916176,19026638.731483303
2022-05-02,5352,18425038.833907098,5665663.613792717,0,0,0,2,18,5,2,0,1582,5793.0,19990880.64291657,5421.0,18783012.47303944,5329.0,18415785.666376013,5335.0,18239923.15678282,5510.714285714285,256.3985922255366,19065346.16961383,5516.857142857143,285.9351344253782,19067388.393058397,5500.607142857143,295.40459878635255,19010345.57494939
2022-05-03,5407,18723158.79037383,5770089.800340087,0,0,1,3,18,5,2,0,1583,5352.0,18425038.833907098,5285.0,18344787.7890113,5335.0,18340191.98235463,5237.0,18305162.71394069,5500.857142857143,261.6941144233251,19014207.07830921,5518.5,284.83672786075084,19068049.333596334,5501.214285714285,295.06890057180715,19016956.8491324
2022-05-04,5276,18160003.58369785,5583387.377250135,0,0,2,4,18,5,2,0,1584,5407.0,18723158.79037383,5390.0,18488225.61648373,5354.0,18564651.004146244,5311.0,18491080.18251689,5518.285714285715,248.66021950023233,19068260.078503855,5523.642857142857,281.9035861213714,19095404.105597705,5507.285714285715,291.1540075023097,19031885.280433584
2022-05-05,5385,18673900.68672535,5738323.912797827,0,0,3,5,18,5,2,0,1585,5276.0,18160003.58369785,5394.0,18937513.38741958,5291.0,18474988.29475437,5232.0,18225855.639340848,5502.0,261.8460107264043,19021371.2166773,5518.071428571428,286.2514935897724,19066500.71842282,5506.035714285715,292.1015148429462,19020061.11619005
2022-05-06,5331,18383865.987759117,5640388.851560139,0,0,4,6,18,5,2,0,1586,5385.0,18673900.68672535,5337.0,18535538.507660616,5334.0,18293407.74295899,5325.0,18413953.793232355,5500.714285714285,262.4860086974231,18983712.259435266,5524.785714285715,281.57993224254415,19080708.74642075,5511.5,288.19020211067465,19036062.72502521
2022-05-07,5982,20658391.84634098,6316404.297483414,0,0,5,7,18,5,2,1,1587,5331.0,18383865.987759117,5955.0,20377464.77076556,5962.0,20522661.865943626,5862.0,20323588.205325782,5499.857142857143,263.1187492188177,18962044.756592195,5524.571428571428,281.73738843808707,19087170.049620755,5511.714285714285,288.0485886408547,19034988.16054402
2022-05-08,6043,20916633.359944027,6461838.383635756,0,0,6,8,18,5,2,1,1588,5982.0,20658391.84634098,5793.0,19990880.64291657,6056.0,20874327.7589869,5934.0,20403090.090809964,5503.714285714285,270.9832185983177,19002177.195960112,5526.0,284.1662568610477,19096865.048220567,5516.0,294.2786535342392,19046945.433437422
2022-05-09,5419,18946653.677948017,5852023.689364906,0,0,0,9,19,5,2,0,1589,6043.0,20916633.359944027,5352.0,18425038.833907098,5421.0,18783012.47303944,5281.0,18289790.87947268,5539.428571428572,326.2937618889121,19134427.584106892,5525.071428571428,282.31637034892333,19099886.87686036,5519.892857142857,300.66461434205917,19065286.264477927
2022-05-10,5347,18487774.047911745,5664556.410392097,0,0,1,10,19,5,2,0,1590,5419.0,18946653.677948017,5407.0,18723158.79037383,5285.0,18344787.7890113,5299.0,18276946.57342012,5549.0,320.81614672581406,19208943.990398455,5524.928571428572,282.37358350118046,19111575.53435383,5524.821428571428,297.7202332754462,19088745.65013776
2022-05-11,5294,18219200.026076894,5632447.124608194,0,0,2,11,19,5,2,0,1591,5347.0,18487774.047911745,5276.0,18160003.58369785,5390.0,18488225.61648373,5236.0,18167071.830130164,5540.428571428572,326.0019719484604,19175317.598618153,5529.357142857143,278.7846169309201,19121788.838561006,5526.535714285715,296.5075081358838,19096275.20279817
2022-05-12,5368,18717193.42078749,5774719.635651784,0,0,3,12,19,5,2,0,1592,5294.0,18219200.026076894,5385.0,18673900.68672535,5394.0,18937513.38741958,5420.0,18950344.849734545,5543.0,323.6309626719901,19183774.233243734,5522.5,283.6147847941002,19102572.724960517,5528.607142857143,294.5990796402231,19098136.924081985
2022-05-13,5382,18549648.39249172,5700806.886072877,0,0,4,13,19,5,2,0,1593,5368.0,18717193.42078749,5331.0,18383865.987759117,5337.0,18535538.507660616,5288.0,18062013.465253096,5540.571428571428,325.07478992936086,19189958.909538325,5520.642857142857,284.60434267257693,19086835.584486797,5526.75,295.471703852969,19089810.087333877
2022-05-14,6051,20690904.2531272,6404454.361293628,0,0,5,14,19,5,2,1,1594,5382.0,18549648.39249172,5982.0,20658391.84634098,5955.0,20377464.77076556,6059.0,21000291.78552149,5547.857142857143,320.12884310926324,19213642.110214412,5523.857142857143,282.6179419266559,19087843.433403302,5530.107142857143,293.1837168038849,19107225.62044954
2022-05-15,6123,21055626.65133316,6429868.372215752,0,0,6,15,19,5,2,1,1595,6051.0,20690904.2531272,6043.0,20916633.359944027,5793.0,19990880.64291657,5962.0,20197125.430283956,5557.714285714285,336.37464940435666,19218286.7397553,5530.714285714285,294.7860837366518,19110231.967857707,5529.821428571428,292.6526260326538,19096176.065721173
2022-05-16,5329,18332074.32674217,5681472.214761189,0,0,0,16,20,5,2,0,1596,6123.0,21055626.65133316,5419.0,18946653.677948017,5352.0,18425038.833907098,5329.0,18415785.666376013,5569.142857142857,356.375003131732,19238142.92423946,5554.285714285715,328.6235696802746,19186285.25417318,5535.571428571428,302.8620794246746,19126836.823615786
2022-05-17,5363,18264760.43922349,5600871.487140179,0,0,1,17,20,5,2,0,1597,5329.0,18332074.32674217,5347.0,18487774.047911745,5407.0,18723158.79037383,5335.0,18340191.98235463,5556.285714285715,364.2314805567615,19150345.8740672,5552.642857142857,329.76812532971155,19179644.932232823,5535.571428571428,302.8620794246746,19123847.13291458
2022-05-18,5462,18703128.30878829,5742914.975549143,0,0,2,18,20,5,2,0,1598,5363.0,18264760.43922349,5294.0,18219200.026076894,5276.0,18160003.58369785,5354.0,18564651.004146244,5558.571428571428,362.7464022991152,19118486.787111733,5549.5,331.46823725305626,19146902.192864943,5536.571428571428,302.22084500152846,19121153.149231322
2022-05-19,5383,18690412.73040749,5769994.935204594,0,0,3,19,20,5,2,0,1599,5462.0,18703128.30878829,5368.0,18717193.42078749,5385.0,18673900.68672535,5291.0,18474988.29475437,5582.571428571428,347.564314021091,19187619.398927648,5562.785714285715,323.2893865756851,19185696.81608569,5540.428571428572,300.48866726290674,19126098.767254256
2022-05-20,5320,18221545.74138884,5586213.480143384,0,0,4,20,20,5,2,0,1600,5383.0,18690412.73040749,5382.0,18549648.39249172,5331.0,18383865.987759117,5334.0,18293407.74295899,5584.714285714285,346.0639219786386,19183793.586016215,5562.642857142857,323.37442150465733,19186876.247777272,5543.714285714285,298.1541804904202,19133792.49709901
2022-05-21,5964,20743354.332564715,6398575.185934755,0,0,5,21,20,5,2,1,1601,5320.0,18221545.74138884,6051.0,20690904.2531272,5982.0,20658391.84634098,5962.0,20522661.865943626,5575.857142857143,352.8438883186283,19136921.778715804,5561.857142857143,323.9933183410202,19175281.94446511,5543.214285714285,298.53039514494253,19131225.99704293
2022-05-22,5984,20453607.380568016,6320969.788965935,0,0,6,22,20,5,2,1,1602,5964.0,20743354.332564715,6123.0,21055626.65133316,6043.0,20916633.359944027,6056.0,20874327.7589869,5563.428571428572,334.3664941063196,19144414.647206876,5560.571428571428,322.22870862059466,19181350.693481088,5543.285714285715,298.63452916664,19139107.870850828
2022-05-23,5378,18380082.93122589,5630385.575003243,0,0,0,23,21,5,2,0,1603,5984.0,20453607.380568016,5329.0,18332074.32674217,5419.0,18946653.677948017,5421.0,18783012.47303944,5543.571428571428,297.71510830706046,19058411.89424043,5556.357142857143,315.7546776905643,19148277.409239944,5540.714285714285,294.3352657722948,19124082.143050153
2022-05-24,5330,18224366.76048446,5641593.629982429,0,0,1,24,21,5,2,0,1604,5378.0,18380082.93122589,5363.0,18264760.43922349,5347.0,18487774.047911745,5285.0,18344787.7890113,5550.571428571428,292.3570061544927,19065270.266309533,5553.428571428572,317.31292836165744,19107808.070188366,5539.178571428572,295.0942164137503,19109691.802271098
2022-05-25,5304,18313910.14974848,5648073.924057324,0,0,2,25,21,5,2,0,1605,5330.0,18224366.76048446,5462.0,18703128.30878829,5294.0,18219200.026076894,5390.0,18488225.61648373,5545.857142857143,296.1274661197019,19059499.740775384,5552.214285714285,318.1949519908878,19088993.26394356,5540.785714285715,293.7782430416773,19105391.051252283
2022-05-26,5350,18461706.73609288,5702333.413154372,0,0,3,26,21,5,2,0,1606,5304.0,18313910.14974848,5383.0,18690412.73040749,5368.0,18717193.42078749,5394.0,18937513.38741958,5523.285714285715,309.31252495693906,19003897.14662684,5552.928571428572,317.581355848188,19095758.272777244,5537.714285714285,295.85530211297305,19099165.49886888
2022-05-27,5299,18325475.742911737,5633332.761874746,0,0,4,27,21,5,2,0,1607,5350.0,18461706.73609288,5320.0,18221545.74138884,5382.0,18549648.39249172,5337.0,18535538.507660616,5518.571428571428,312.0463945969434,18971224.861724753,5551.642857142857,318.4229425302553,19077509.223870486,5536.142857142857,296.76237086582177,19082172.40417864
2022-05-28,5875,20116963.922575425,6185055.198378614,0,0,5,28,21,5,2,1,1608,5299.0,18325475.742911737,5964.0,20743354.332564715,6051.0,20690904.2531272,5955.0,20377464.77076556,5515.571428571428,314.36595296079906,18986072.004799455,5545.714285714285,322.5700707589079,19061496.89175763,5534.785714285715,297.79191804853474,19074670.162580468
2022-05-29,5848,20161950.57404525,6175699.323300394,0,0,6,29,21,5,2,1,1609,5875.0,20116963.922575425,5984.0,20453607.380568016,6123.0,21055626.65133316,5793.0,19990880.64291657,5502.857142857143,294.3707574762509,18896587.66051527,5533.142857142857,304.27362613344684,19020501.153861072,5531.928571428572,293.9701330976294,19065366.56085939
2022-05-30,5237,18260739.44756972,5633019.348874136,0,0,0,30,22,5,2,0,1610,5848.0,20161950.57404525,5378.0,18380082.93122589,5329.0,18332074.32674217,5352.0,18425038.833907098,5483.428571428572,259.7780187922333,18854922.40244059,5513.5,270.23828516549787,18956667.148340512,5533.892857142857,295.9562454254817,19071476.201256845
2022-05-31,5286,18329795.84107328,5629475.392512248,0,0,1,31,22,5,2,0,1611,5237.0,18260739.44756972,5330.0,18224366.76048446,5363.0,18264760.43922349,5407.0,18723158.79037383,5463.285714285715,274.3718366777166,18837873.33334685,5506.928571428572,276.124404595366,18951571.79982819,5529.785714285715,299.35243160341474,19065608.36603051
2022-06-01,5377,18519166.360537484,5669821.036800904,0,0,2,1,22,6,2,0,1612,5286.0,18329795.84107328,5304.0,18313910.14974848,5462.0,18703128.30878829,5276.0,18160003.58369785,5457.0,278.4085726649453,18852934.630573828,5501.428571428572,279.95211521463034,18956217.185674604,5525.464285714285,302.05180842620985,19051559.689269774
2022-06-02,5294,18140265.60251487,5540772.918470135,0,0,3,2,22,6,2,0,1613,5377.0,18519166.360537484,5350.0,18461706.73609288,5383.0,18690412.73040749,5385.0,18673900.68672535,5467.428571428572,273.03776121192084,18882256.946400825,5495.357142857143,281.7886843670658,18943077.046513833,5529.071428571428,299.55509337724965,19064386.93129976
2022-06-03,5301,18280042.401014645,5623173.82795624,0,0,4,3,22,6,2,0,1614,5294.0,18140265.60251487,5299.0,18325475.742911737,5320.0,18221545.74138884,5331.0,18383865.987759117,5459.428571428572,277.8301982283745,18836336.784461107,5489.0,285.497945567103,18903780.82309293,5525.821428571428,301.6623147103412,19045328.535435103
2022-06-04,5866,20219428.81713613,6211013.175844897,0,0,5,4,22,6,2,1,1615,5301.0,18280042.401014645,5875.0,20116963.922575425,5964.0,20743354.332564715,5982.0,20658391.84634098,5459.714285714285,277.63868263488956,18829846.30704724,5487.642857142857,286.40681318244214,18907959.155923348,5524.75,302.43219319622756,19041620.550194226
2022-06-05,5890,20295547.1372853,6252099.311220737,0,0,6,5,22,6,2,1,1616,5866.0,20219428.81713613,5848.0,20161950.57404525,5984.0,20453607.380568016,6043.0,20916633.359944027,5458.428571428572,275.406885137157,18844484.14912734,5480.642857142857,274.83242646624274,18870535.904821306,5520.607142857143,296.6763218510853,19025943.299151197
2022-06-06,5286,18225655.40878224,5620583.126217425,0,0,0,6,23,6,2,0,1617,5890.0,20295547.1372853,5237.0,18260739.44756972,5378.0,18380082.93122589,5419.0,18946653.677948017,5464.428571428572,285.5782771517315,18863569.372447345,5473.928571428572,262.4589240493591,18859245.887443967,5515.142857142857,287.9799008271621,19003761.648341957
2022-06-07,5335,18434925.82388751,5680718.055903735,0,0,1,7,23,6,2,0,1618,5286.0,18225655.40878224,5286.0,18329795.84107328,5330.0,18224366.76048446,5347.0,18487774.047911745,5471.428571428572,279.6127424032827,18858557.366906278,5467.357142857143,266.17102863286476,18848215.350126565,5510.392857142857,290.7083735732552,18978011.710157465
2022-06-08,5222,18081478.255896248,5565997.845752543,0,0,2,8,23,6,2,0,1619,5335.0,18434925.82388751,5377.0,18519166.360537484,5304.0,18313910.14974848,5294.0,18219200.026076894,5478.428571428572,274.7683006600613,18873575.93587974,5467.714285714285,265.97583134018714,18863255.28322678,5509.964285714285,290.9669043344763,18976124.27358517
2022-06-09,5278,18164679.046545774,5582282.811357616,0,0,3,9,23,6,2,0,1620,5222.0,18081478.255896248,5294.0,18140265.60251487,5350.0,18461706.73609288,5368.0,18717193.42078749,5456.285714285715,290.12107488984134,18811049.063788135,5461.857142857143,270.7189451307544,18846653.00509448,5507.392857142857,293.2553354995279,18971205.63893586
2022-06-10,5267,18021076.92291122,5534067.684554873,0,0,4,10,23,6,2,0,1621,5278.0,18164679.046545774,5301.0,18280042.401014645,5299.0,18325475.742911737,5382.0,18549648.39249172,5454.0,291.6716190055731,18814536.698649693,5456.714285714285,273.67511018363984,18825436.7415554,5504.178571428572,295.32569009063894,18951472.982712943
2022-06-11,5841,20215615.339918643,6180233.831306654,0,0,5,11,23,6,2,1,1622,5267.0,18021076.92291122,5866.0,20219428.81713613,5875.0,20116963.922575425,6051.0,20690904.2531272,5449.142857142857,294.90926772564313,18777541.6303492,5454.428571428572,275.22290666223614,18803693.968698222,5500.071428571428,297.87642585368184,18932595.430227928
2022-06-12,5890,20340883.137994785,6226767.4900538055,0,0,6,12,23,6,2,1,1623,5841.0,20215615.339918643,5890.0,20295547.1372853,5848.0,20161950.57404525,6123.0,21055626.65133316,5445.571428571428,289.11408194854715,18776996.84788956,5452.0,271.3490513937158,18810740.49850845,5492.571428571428,285.89397524145915,18915620.82618476
2022-06-13,5254,18016510.08686319,5470698.068590433,0,0,0,13,24,6,2,0,1624,5890.0,20340883.137994785,5286.0,18225655.40878224,5237.0,18260739.44756972,5329.0,18332074.32674217,5445.571428571428,289.11408194854715,18783473.419419486,5455.0,276.25183605369665,18823521.395933416,5484.25,269.8027571723032,18890094.272136964
2022-06-14,5213,18136642.161158517,5617755.242364721,0,0,1,14,24,6,2,0,1625,5254.0,18016510.08686319,5335.0,18434925.82388751,5286.0,18329795.84107328,5363.0,18264760.43922349,5441.0,292.2932317610728,18753595.516288195,5456.214285714285,275.2554557752261,18806076.44159724,5481.571428571428,271.76629782759983,18878824.120712716
2022-06-15,5253,18083423.416201144,5573630.842750074,0,0,2,15,24,6,2,0,1626,5213.0,18136642.161158517,5222.0,18081478.255896248,5377.0,18519166.360537484,5462.0,18703128.30878829,5423.571428571428,303.10441388123104,18710983.564469766,5451.0,279.38834290966395,18792279.750174753,5476.214285714285,275.6409845813054,18874248.46792468
2022-06-16,5285,18131705.915828563,5570710.683440784,0,0,3,16,24,6,2,0,1627,5253.0,18083423.416201144,5278.0,18164679.046545774,5294.0,18140265.60251487,5383.0,18690412.73040749,5428.0,299.8777528705082,18711261.444513325,5442.142857142857,283.84471842151044,18761155.25415073,5468.75,278.85129782071203,18852116.150332283
2022-06-17,5231,17919041.157056462,5469890.124300456,0,0,4,17,24,6,2,0,1628,5285.0,18131705.915828563,5267.0,18021076.92291122,5301.0,18280042.401014645,5320.0,18221545.74138884,5429.0,299.30530677999275,18706550.99726801,5441.5,284.21599316223075,18760543.84795885,5465.25,280.57713338363294,18832162.335525893
2022-06-18,5843,20145022.77412937,6179820.394314831,0,0,5,18,24,6,2,1,1629,5231.0,17919041.157056462,5841.0,20215615.339918643,5866.0,20219428.81713613,5964.0,20743354.332564715,5423.857142857143,302.84122824313147,18691974.459288757,5436.5,287.4748818458239,18734758.04481898,5462.071428571428,282.7790563478737,18821358.600371163
2022-06-19,5830,20202525.53035717,6231433.94803468,0,0,6,19,24,6,2,1,1630,5843.0,20145022.77412937,5890.0,20340883.137994785,5890.0,20295547.1372853,5984.0,20453607.380568016,5424.142857142857,303.3009663526891,18681889.807033148,5434.857142857143,284.8856335019142,18729443.327461354,5457.75,275.6594282268785,18799989.61614133
2022-06-20,5180,17798515.364372447,5451570.832934067,0,0,0,20,25,6,2,0,1631,5830.0,20202525.53035717,5254.0,18016510.08686319,5286.0,18225655.40878224,5378.0,18380082.93122589,5415.571428571428,288.4243731857936,18662124.434513487,5430.571428571428,277.87703818705756,18722798.92696649,5452.25,266.14276661638104,18791022.407205228
2022-06-21,5134,17555576.46108302,5380633.415798133,0,0,1,21,25,6,2,0,1632,5180.0,17798515.364372447,5213.0,18136642.161158517,5335.0,18434925.82388751,5330.0,18224366.76048446,5405.0,296.57433019958467,18630982.331300523,5423.0,283.5063423520005,18692288.92379436,5445.178571428572,270.778719768309,18770252.13696046
2022-06-22,5205,17987841.71266836,5511626.577135573,0,0,2,22,25,6,2,0,1633,5134.0,17555576.46108302,5253.0,18083423.416201144,5222.0,18081478.255896248,5304.0,18313910.14974848,5393.714285714285,306.43744020909674,18547972.945575453,5408.642857142857,293.2283455556899,18629478.25502261,5438.178571428572,276.3427894872357,18746366.769124694
2022-06-23,5145,17736385.695246127,5461109.319349802,0,0,3,23,25,6,2,0,1634,5205.0,17987841.71266836,5285.0,18131705.915828563,5278.0,18164679.046545774,5350.0,18461706.73609288,5386.857142857143,310.61950387970677,18534318.416499343,5407.428571428572,294.09462482611417,18622789.930506334,5434.642857142857,278.746029938273,18734721.46780041
2022-06-24,5153,17879036.743185926,5516183.423252787,0,0,4,24,25,6,2,0,1635,5145.0,17736385.695246127,5231.0,17919041.157056462,5267.0,18021076.92291122,5299.0,18325475.742911737,5366.857142857143,322.5489257830641,18477844.09927328,5397.928571428572,300.6716748280774,18592197.548270646,5427.321428571428,283.6997700453932,18708817.14491302
2022-06-25,5792,19818369.90472777,6062247.50442958,0,0,5,25,25,6,2,1,1636,5153.0,17879036.743185926,5843.0,20145022.77412937,5841.0,20215615.339918643,5875.0,20116963.922575425,5355.714285714285,329.30113588513046,18472129.18300606,5389.785714285715,305.9869727169656,18582051.82114741,5422.107142857143,287.46237619011504,18692872.894922815
2022-06-26,5717,19592734.186860494,6021494.807398779,0,0,6,26,25,6,2,1,1637,5792.0,19818369.90472777,5830.0,20202525.53035717,5890.0,20340883.137994785,5848.0,20161950.57404525,5348.428571428572,317.0598561485693,18425464.48737726,5386.285714285715,300.66271124639275,18553677.147205204,5419.142857142857,283.01272243169666,18682208.822856825
2022-06-27,5078,17697479.01182577,5422283.111986036,0,0,0,27,26,6,2,0,1638,5717.0,19592734.186860494,5180.0,17798515.364372447,5254.0,18016510.08686319,5237.0,18260739.44756972,5332.285714285715,290.1928751053407,18338351.438306306,5373.928571428572,281.29931069550946,18500237.936409898,5414.464285714285,276.67235364206675,18661879.66617166
2022-06-28,5125,17510233.118090402,5402238.100543881,0,0,1,28,26,6,2,0,1639,5078.0,17697479.01182577,5134.0,17555576.46108302,5213.0,18136642.161158517,5286.0,18329795.84107328,5317.714285714285,301.45630655520205,18323917.67365678,5361.357142857143,290.8421742623268,18477450.00247865,5408.785714285715,282.0294648571646,18641763.222037945
2022-06-29,5129,17411878.515057012,5297697.807679194,0,0,2,29,26,6,2,0,1640,5125.0,17510233.118090402,5205.0,17987841.71266836,5253.0,18083423.416201144,5377.0,18519166.360537484,5316.428571428572,302.388192639227,18317440.053229265,5355.071428571428,295.2132122031607,18432706.49940236,5403.035714285715,286.2353967994735,18612493.124788556
2022-06-30,5130,17583359.783141352,5361454.978839795,0,0,3,30,26,6,2,0,1641,5129.0,17411878.515057012,5145.0,17736385.695246127,5285.0,18131705.915828563,5294.0,18140265.60251487,5305.571428571428,308.3611827834662,18235159.59642764,5346.214285714285,300.3270470084295,18384739.006463494,5394.178571428572,290.8703483062673,18572947.130307112
2022-07-01,5067,17256173.956385102,5259121.542196437,0,0,4,1,26,7,3,0,1642,5130.0,17583359.783141352,5153.0,17879036.743185926,5231.0,17919041.157056462,5301.0,18280042.401014645,5303.428571428572,309.7121551499364,18213298.751841247,5335.142857142857,305.56853874065763,18345571.425557263,5388.321428571428,294.58974028191284,18553057.636758056
2022-07-02,5777,19690407.405720185,6077524.871349192,0,0,5,2,26,7,3,1,1643,5067.0,17256173.956385102,5792.0,19818369.90472777,5843.0,20145022.77412937,5866.0,20219428.81713613,5291.142857142857,318.2616473759844,18124318.35372684,5323.428571428572,312.9231201443076,18298223.768366452,5379.964285714285,300.42013570416316,18516490.906592716
2022-07-03,5801,19971788.847399376,6133333.48813298,0,0,6,3,26,7,3,1,1644,5777.0,19690407.405720185,5717.0,19592734.186860494,5830.0,20202525.53035717,5890.0,20295547.1372853,5289.0,314.3538346089206,18106037.99672576,5318.714285714285,304.8874769916658,18265751.24205151,5376.785714285715,295.51804571618845,18497597.28475643
2022-07-04,5082,17468196.293236982,5333207.05360712,0,0,0,4,27,7,3,0,1645,5801.0,19971788.847399376,5078.0,17697479.01182577,5180.0,17798515.364372447,5286.0,18225655.40878224,5301.0,334.3805217612601,18160188.66251703,5316.642857142857,301.22304721882455,18249270.050411668,5373.607142857143,290.22473275488676,18486034.488689076
2022-07-05,5086,17440182.66066931,5313103.298688246,0,0,1,5,27,7,3,0,1646,5082.0,17468196.293236982,5125.0,17510233.118090402,5134.0,17555576.46108302,5335.0,18434925.82388751,5301.571428571428,333.9390449083259,18127433.988432918,5309.642857142857,305.7474088556574,18225675.83104485,5366.321428571428,295.0263081265338,18458982.377419602
2022-07-06,4976,17159214.97952937,5247459.396515122,0,0,2,6,27,7,3,0,1647,5086.0,17440182.66066931,5129.0,17411878.515057012,5205.0,17987841.71266836,5222.0,18081478.255896248,5296.0,337.6803221983763,18117426.780229904,5306.214285714285,308.1283894670777,18217433.41672958,5357.428571428572,299.7207871745808,18423455.8358761
2022-07-07,5050,17230845.86172952,5257330.538252388,0,0,3,7,27,7,3,0,1648,4976.0,17159214.97952937,5130.0,17583359.783141352,5145.0,17736385.695246127,5278.0,18164679.046545774,5274.142857142857,354.8086003145108,18081331.98944024,5289.857142857143,319.7729620413818,18158245.79293394,5348.642857142857,307.3461330530216,18390517.861720137
2022-07-08,4994,17124730.438364252,5236163.058770348,0,0,4,8,27,7,3,0,1649,5050.0,17230845.86172952,5067.0,17256173.956385102,5153.0,17879036.743185926,5267.0,18021076.92291122,5262.714285714285,361.4515708850046,18030972.85780998,5283.071428571428,324.0625448381919,18122135.80482561,5340.5,312.2679879467259,18357166.676548127
2022-07-09,5731,19664420.812083628,6053100.739243091,0,0,5,9,27,7,3,1,1650,4994.0,17124730.438364252,5777.0,19690407.405720185,5792.0,19818369.90472777,5841.0,20215615.339918643,5252.285714285715,369.01342084252747,18012195.21237843,5271.714285714285,331.66860860509377,18068256.783052634,5330.75,318.8406806378853,18325154.302100025
2022-07-10,5591,19419683.77449367,5968289.738164072,0,0,6,10,27,7,3,1,1651,5731.0,19664420.812083628,5801.0,19971788.847399376,5717.0,19592734.186860494,5890.0,20340883.137994785,5245.714285714285,358.3679274552495,18008482.84185892,5267.357142857143,324.6339020029232,18057260.41929234,5326.821428571428,312.9439724522271,18305468.78324877
2022-07-11,5016,17188047.881122213,5277750.839066665,0,0,0,11,28,7,3,0,1652,5591.0,19419683.77449367,5082.0,17468196.293236982,5078.0,17697479.01182577,5254.0,18016510.08686319,5215.714285714285,309.6087392638831,17929610.688586675,5258.357142857143,312.73793579207864,18044899.67555185,5316.142857142857,297.7473095049908,18272568.805980876
2022-07-12,4932,17079413.420314465,5242537.621231639,0,0,1,12,28,7,3,0,1653,5016.0,17188047.881122213,5086.0,17440182.66066931,5125.0,17510233.118090402,5213.0,18136642.161158517,5206.285714285715,315.3118637612153,17889589.486855995,5253.928571428572,315.91124953440914,18008511.737644456,5307.642857142857,302.93896393996005,18242980.870061554
2022-07-13,4958,16874659.691586375,5183712.073470487,0,0,2,13,28,7,3,0,1654,4932.0,17079413.420314465,4976.0,17159214.97952937,5129.0,17411878.515057012,5253.0,18083423.416201144,5184.285714285715,330.12760880489526,17838051.02394816,5240.142857142857,326.01955041488276,17977738.902089033,5297.607142857143,310.74430828621104,18205222.700745694
2022-07-14,4948,16940071.49552935,5186955.7468850985,0,0,3,14,28,7,3,0,1655,4958.0,16874659.691586375,5050.0,17230845.86172952,5130.0,17583359.783141352,5285.0,18131705.915828563,5181.714285714285,332.0846851260052,17797400.268527735,5227.928571428572,333.61849798501584,17939366.128983986,5287.071428571428,317.2456611583683,18162052.56772374
2022-07-15,5005,17143237.190227374,5289262.118131295,0,0,4,15,28,7,3,0,1656,4948.0,16940071.49552935,4994.0,17124730.438364252,5067.0,17256173.956385102,5231.0,17919041.157056462,5167.142857142857,340.9469306560913,17755861.07335628,5214.928571428572,341.18807452456315,17893416.965583127,5275.035714285715,323.65499259675425,18119494.195570197
2022-07-16,5755,19619382.10138691,6001580.814579787,0,0,5,16,28,7,3,1,1657,5005.0,17143237.190227374,5731.0,19664420.812083628,5777.0,19690407.405720185,5843.0,20145022.77412937,5168.714285714285,340.0400536631502,17758504.89505101,5210.5,343.64936289095834,17885350.05371472,5266.964285714285,327.5879844654539,18091786.911040585
2022-07-17,5588,19315349.97446436,5979432.011292946,0,0,6,17,28,7,3,1,1658,5755.0,19619382.10138691,5591.0,19419683.77449367,5801.0,19971788.847399376,5830.0,20202525.53035717,5172.142857142857,346.7099789792752,17752070.793522906,5208.928571428572,340.89891673126294,17880276.817690913,5263.821428571428,322.23525493621963,18073014.029871214
2022-07-18,5033,17427870.89275726,5348633.29540717,0,0,0,18,29,7,3,0,1659,5588.0,19315349.97446436,5016.0,17188047.881122213,5082.0,17468196.293236982,5180.0,17798515.364372447,5171.714285714285,346.10726385795203,17737165.964947294,5193.714285714285,316.3083764476798,17833388.326766983,5255.178571428572,309.47997644452994,18041329.188589327
2022-07-19,4949,16769913.473339789,5155535.334611638,0,0,1,19,29,7,3,0,1660,5033.0,17427870.89275726,4932.0,17079413.420314465,5086.0,17440182.66066931,5134.0,17555576.46108302,5174.142857142857,344.89004458978343,17771426.39518087,5190.214285714285,317.9066574595776,17830507.941018432,5249.928571428572,312.038806771238,18028091.88603164
2022-07-20,4930,16825002.34019052,5177335.286941254,0,0,2,20,29,7,3,0,1661,4949.0,16769913.473339789,4958.0,16874659.691586375,4976.0,17159214.97952937,5205.0,17987841.71266836,5176.571428571428,342.95522406618284,17727212.11704163,5180.428571428572,323.4220187275152,17782631.570494894,5243.321428571428,316.51096213787014,18000032.493612237
2022-07-21,4973,16937690.94461805,5183131.236907048,0,0,3,21,29,7,3,0,1662,4930.0,16825002.34019052,4948.0,16940071.49552935,5050.0,17230845.86172952,5145.0,17736385.695246127,5172.571428571428,346.07843867291945,17720118.209699366,5177.142857142857,325.8829089253524,17758759.239113547,5233.5,321.963823594678,17958502.516023748
2022-07-22,4870,16886088.727855586,5187303.429496758,0,0,4,22,29,7,3,0,1663,4973.0,16937690.94461805,5005.0,17143237.190227374,4994.0,17124730.438364252,5153.0,17879036.743185926,5176.142857142857,343.494021574092,17719778.13099775,5171.642857142857,328.83023610337864,17737819.602177016,5227.357142857143,325.3380252719192,17929977.703501314
2022-07-23,5465,18595138.434699632,5712443.929309755,0,0,5,23,29,7,3,1,1664,4870.0,16886088.727855586,5755.0,19619382.10138691,5731.0,19664420.812083628,5792.0,19818369.90472777,5156.857142857143,358.1803217056221,17683042.63637321,5162.785714285715,335.5838032607789,17720773.76571211,5217.25,332.0600821359736,17894515.27438237
2022-07-24,5509,18906272.410962056,5804792.07035417,0,0,6,24,29,7,3,1,1665,5465.0,18595138.434699632,5588.0,19315349.97446436,5591.0,19419683.77449367,5717.0,19592734.186860494,5115.428571428572,287.20541843940333,17536722.11256074,5143.785714285715,307.2741643677409,17644396.453041825,5205.571428571428,316.48233565725315,17850828.436167084
2022-07-25,4942,16880319.324502423,5139458.832131124,0,0,0,25,30,7,3,0,1666,5509.0,18906272.410962056,5033.0,17427870.89275726,5016.0,17188047.881122213,5078.0,17697479.01182577,5104.142857142857,266.33464449286976,17478282.46063184,5137.928571428572,298.7572887519221,17607724.21278957,5198.142857142857,306.31099111919707,17826311.94417071
2022-07-26,4878,16834050.08165233,5150630.850898768,0,0,1,26,30,7,3,0,1667,4942.0,16880319.324502423,4949.0,16769913.473339789,4932.0,17079413.420314465,5125.0,17510233.118090402,5091.142857142857,272.53466358821845,17400060.808024008,5132.642857142857,301.72035120232187,17585743.60160244,5193.285714285715,309.349838776949,17797127.669623446
2022-07-27,4927,16954006.67842408,5236266.441702878,0,0,2,27,30,7,3,0,1668,4878.0,16834050.08165233,4930.0,16825002.34019052,4958.0,16874659.691586375,5129.0,17411878.515057012,5081.0,279.92737153292796,17409223.180640083,5128.785714285715,304.81196689896797,17568217.648840856,5184.464285714285,314.84216882406804,17772978.275464945
2022-07-28,4870,16735048.333530923,5158109.791768894,0,0,3,28,30,7,3,0,1669,4927.0,16954006.67842408,4973.0,16937690.94461805,4948.0,16940071.49552935,5130.0,17583359.783141352,5080.571428571428,280.19924883485965,17427652.371816307,5126.571428571428,306.257235841828,17573885.29075784,5177.25,318.4537439519887,17756625.709870912
2022-07-29,4843,16670701.3906502,5096904.327275356,0,0,4,29,30,7,3,0,1670,4870.0,16735048.333530923,4870.0,16886088.727855586,5005.0,17143237.190227374,5067.0,17256173.956385102,5065.857142857143,289.3449086997675,17398703.42737529,5121.0,310.4366651620037,17559240.77918652,5167.964285714285,323.6310750705572,17726328.872384824
2022-07-30,5432,18553153.770048443,5678018.160700092,0,0,5,30,30,7,3,1,1671,4843.0,16670701.3906502,5465.0,18595138.434699632,5755.0,19619382.10138691,5777.0,19690407.405720185,5062.0,292.5531290780086,17367933.80777452,5109.428571428572,318.0197657828127,17525488.222073864,5159.964285714285,328.9442688520108,17705419.13789429
2022-07-31,5457,18615969.452066805,5754321.646159986,0,0,6,31,30,7,3,1,1672,5432.0,18553153.770048443,5509.0,18906272.410962056,5588.0,19315349.97446436,5801.0,19971788.847399376,5057.285714285715,285.14891681699476,17361935.998538636,5086.357142857143,276.60207662126095,17449329.05554969,5147.642857142857,310.9445841167465,17664802.936620302
2022-08-01,5798,18004981.70389262,4187023.477134973,400,0,0,1,31,8,3,0,1673,5457.0,18615969.452066805,4942.0,16880319.324502423,5033.0,17427870.89275726,5082.0,17468196.293236982,5049.857142857143,271.7838777236002,17320464.147267886,5077.0,260.04703716529303,17399373.303949866,5135.357142857143,290.2831586043434,17616380.815358423
2022-08-02,5738,17800442.537690934,4165984.502571304,400,0,1,2,31,8,3,0,1674,5798.0,18004981.70389262,4878.0,16834050.08165233,4949.0,16769913.473339789,5086.0,17440182.66066931,5172.142857142857,384.40578757845145,17481130.201466486,5131.642857142857,322.8742568156648,17440595.50474525,5160.928571428572,315.8220230834959,17635551.72288184
2022-08-03,5695,17571703.486433998,4026117.253138282,400,0,2,3,31,8,3,0,1675,5738.0,17800442.537690934,4927.0,16954006.67842408,4930.0,16825002.34019052,4976.0,17159214.97952937,5295.0,411.2225674741104,17619186.266614858,5188.0,355.7295861486882,17514204.72362747,5184.214285714285,333.6271324279025,17648418.14706118
2022-08-04,5640,17181677.531183448,3838432.700756008,400,0,3,4,31,8,3,0,1676,5695.0,17571703.486433998,4870.0,16735048.333530923,4973.0,16937690.94461805,5050.0,17230845.86172952,5404.714285714285,398.9443212135874,17707428.66775913,5242.642857142857,371.45754641840807,17567540.51978772,5209.892857142857,344.5005337076695,17663149.879450634
2022-08-05,5776,17716784.08205445,4077145.489551848,400,0,4,5,31,8,3,0,1677,5640.0,17181677.531183448,4843.0,16670701.3906502,4870.0,16886088.727855586,4994.0,17124730.438364252,5514.714285714285,326.5168266647766,17771232.83885235,5290.285714285715,376.9469312926701,17584968.13311382,5230.964285714285,352.3135684714708,17661393.867645416
2022-08-06,6422,19932158.62103348,4658091.537456443,400,0,5,6,31,8,3,1,1678,5776.0,17716784.08205445,5432.0,18553153.770048443,5465.0,18595138.434699632,5731.0,19664420.812083628,5648.0,148.54516709291929,17920673.22333867,5355.0,377.01295631680495,17644303.515556596,5258.892857142857,363.64628105463777,17682538.64063435
2022-08-07,6367,19733318.07358763,4505918.797319772,400,0,6,7,31,8,3,1,1679,6422.0,19932158.62103348,5457.0,18615969.452066805,5509.0,18906272.410962056,5591.0,19419683.77449367,5789.428571428572,301.3303044516893,18117673.916336533,5423.357142857143,473.0242483852207,17739804.957437582,5283.571428571428,416.4809744951176,17692100.705239706
2022-08-08,4778,16262123.951809509,4989063.844079431,0,0,0,8,32,8,3,0,1680,6367.0,19733318.07358763,5798.0,18004981.70389262,4942.0,16880319.324502423,5016.0,17188047.881122213,5919.428571428572,329.0338671235531,18277295.147982366,5484.642857142857,536.320743175573,17798879.647625126,5311.285714285715,461.12269253002285,17703301.930207346
2022-08-09,4798,16551455.074647732,5112573.463680602,0,0,1,9,32,8,3,0,1681,4778.0,16262123.951809509,5738.0,17800442.537690934,4878.0,16834050.08165233,4932.0,17079413.420314465,5773.714285714285,546.056381181071,18028315.46911335,5472.928571428572,550.6835562469968,17754722.835289918,5302.785714285715,468.89542047658756,17670233.218446176
2022-08-10,4652,15788440.93629508,4810706.248327254,0,0,2,10,32,8,3,0,1682,4798.0,16551455.074647732,5695.0,17571703.486433998,4927.0,16954006.67842408,4958.0,16874659.691586375,5639.428571428572,659.9974386674663,17849888.688678604,5467.214285714285,557.7021783893088,17734537.47764673,5298.0,473.4813540073074,17651377.563243795
2022-08-11,4757,16197395.483529586,4956503.106146202,0,0,3,11,32,8,3,0,1683,4652.0,15788440.93629508,5640.0,17181677.531183448,4870.0,16735048.333530923,4948.0,16940071.49552935,5490.428571428572,756.0974049117508,17595136.89580162,5447.571428571428,582.4849571230892,17651282.781780373,5287.071428571428,485.01072371278843,17612584.036269106
2022-08-12,4689,15953596.053917332,4887659.158616948,0,0,4,12,32,8,3,0,1684,4757.0,16197395.483529586,5776.0,17716784.08205445,4843.0,16670701.3906502,5005.0,17143237.190227374,5364.285714285715,799.4020086468203,17454525.17470821,5439.5,591.8121778454007,17612879.006780278,5280.25,491.25912487991354,17586059.8929834
2022-08-13,5188,17786946.75026186,5468319.370875197,0,0,5,13,32,8,3,1,1685,4689.0,15953596.053917332,6422.0,19932158.62103348,5432.0,18553153.770048443,5755.0,19619382.10138691,5209.0,811.5795298880661,17202641.17068862,5428.5,605.035631499979,17561657.197013646,5268.964285714285,501.34289900322034,17543572.709543753
2022-08-14,5248,17891641.334319454,5469751.492127067,0,0,6,14,32,8,3,1,1686,5188.0,17786946.75026186,6367.0,19733318.07358763,5457.0,18615969.452066805,5588.0,19315349.97446436,5032.714285714285,614.2072707389374,16896182.33200696,5411.071428571428,608.4318385799402,17506928.124171745,5248.714285714285,492.3544986906826,17478128.58986072
2022-08-15,5112,17456100.872836698,5349436.429973505,0,1,0,15,33,8,3,0,1687,5248.0,17891641.334319454,4778.0,16262123.951809509,5798.0,18004981.70389262,5033.0,17427870.89275726,4872.857142857143,241.74809793904748,16633085.65496865,5396.142857142857,609.7807748745105,17455190.401475508,5236.571428571428,487.8489010590793,17427281.852712683
2022-08-16,4642,15880466.189509943,4877820.572989509,0,0,1,16,33,8,3,0,1688,5112.0,17456100.872836698,4798.0,16551455.074647732,5738.0,17800442.537690934,4949.0,16769913.473339789,4920.571428571428,252.62215338516188,16803653.78654396,5347.142857142857,602.5240317125757,17415984.627828654,5239.392857142857,486.8553925760958,17428290.06628695
2022-08-17,4736,16346277.47460486,5031793.979318026,0,0,2,17,33,8,3,0,1689,4642.0,15880466.189509943,4652.0,15788440.93629508,5695.0,17571703.486433998,4930.0,16825002.34019052,4898.285714285715,271.4189346660293,16707798.23152428,5268.857142857143,618.8148545209601,17278843.460101444,5228.428571428572,496.9888908939101,17396524.091864455
2022-08-18,4637,15935314.720306871,4916220.090169457,0,0,3,18,33,8,3,0,1690,4736.0,16346277.47460486,4757.0,16197395.483529586,5640.0,17181677.531183448,4973.0,16937690.94461805,4910.285714285715,260.3463809912519,16787489.165568534,5200.357142857143,621.0884499307161,17191313.030685075,5221.5,502.62374558871653,17379426.775236398
2022-08-19,4696,15935201.566778395,4879046.613005723,0,0,4,19,33,8,3,0,1691,4637.0,15935314.720306871,4689.0,15953596.053917332,5776.0,17716784.08205445,4870.0,16886088.727855586,4893.142857142857,275.62439936227304,16750049.056536717,5128.714285714285,624.3143227784824,17102287.115622465,5209.5,512.6865694735135,17343627.624368142
2022-08-20,5244,18022045.41380775,5551863.553662554,0,0,5,20,33,8,3,1,1692,4696.0,15935201.566778395,5188.0,17786946.75026186,6422.0,19932158.62103348,5465.0,18595138.434699632,4894.142857142857,274.77168011001504,16747421.272659728,5051.571428571428,604.5937878870692,16975031.22167417,5203.285714285715,517.981256427859,17309667.368615385
2022-08-21,5267,17972583.321368113,5464869.687208208,0,0,6,21,33,8,3,1,1693,5244.0,18022045.41380775,5248.0,17891641.334319454,6367.0,19733318.07358763,5509.0,18906272.410962056,4902.142857142857,285.36434522170714,16781006.796023425,4967.428571428572,465.0700053648924,16838594.56401519,5195.392857142857,515.5235626533428,17289199.76072639
2022-08-22,4629,15918512.891872134,4871702.500689115,0,0,0,22,34,8,3,0,1694,5267.0,17972583.321368113,5112.0,17456100.872836698,4778.0,16262123.951809509,4942.0,16880319.324502423,4904.857142857143,289.2659840420466,16792569.93703038,4888.857142857143,256.64787524569107,16712827.795999514,5186.75,512.0882899136321,17255853.72181232
2022-08-23,4536,15371680.474486845,4696624.061512786,0,0,1,23,34,8,3,0,1695,4629.0,15918512.891872134,4642.0,15880466.189509943,4798.0,16551455.074647732,4878.0,16834050.08165233,4835.857142857143,289.22622551182087,16572914.511178296,4878.214285714285,264.5658791220081,16688284.148861129,5175.571428571428,520.9682174546592,17221503.492075525
2022-08-24,4614,15787838.042007595,4817442.176886753,0,0,2,24,34,8,3,0,1696,4536.0,15371680.474486845,4736.0,16346277.47460486,4652.0,15788440.93629508,4927.0,16954006.67842408,4820.714285714285,303.49064471343564,16500230.837603567,4859.5,279.5201244991096,16604014.534563923,5163.357142857143,532.0936435465538,17169276.006105326
2022-08-25,4643,15870148.228201112,4871791.258768006,0,0,3,25,34,8,3,0,1697,4614.0,15787838.042007595,4637.0,15935314.720306871,4757.0,16197395.483529586,4870.0,16735048.333530923,4803.285714285715,312.5346456985376,16420453.775803957,4856.785714285715,281.8647189348424,16603971.470686244,5152.178571428572,540.4650983058704,17127627.126233313
2022-08-26,4549,15388621.4756835,4709115.315878111,0,0,4,26,34,8,3,0,1698,4643.0,15870148.228201112,4696.0,15935201.566778395,4689.0,15953596.053917332,4843.0,16670701.3906502,4804.142857142857,312.0103783377756,16411144.276931705,4848.642857142857,286.5765053290165,16580596.666734213,5144.071428571428,546.5232148213157,17096737.836757246
2022-08-27,5190,17593519.117596537,5428992.040924144,0,0,5,27,34,8,3,1,1699,4549.0,15388621.4756835,5244.0,18022045.41380775,5188.0,17786946.75026186,5432.0,18553153.770048443,4783.142857142857,325.1714566047921,16333061.406775292,4838.642857142857,294.8975329585753,16540241.33971751,5133.571428571428,555.27586928057,17050949.26836558
2022-08-28,5037,17412664.236413557,5381706.895207144,0,0,6,28,34,8,3,1,1700,5190.0,17593519.117596537,5267.0,17972583.321368113,5248.0,17891641.334319454,5457.0,18615969.452066805,4775.428571428572,312.8220245564964,16271843.364459405,4838.785714285715,295.0802181862319,16526425.080241416,5124.928571428572,552.3343679043119,17016676.60220658
2022-08-29,4599,15516332.7177888,4720610.783302982,0,0,0,29,35,8,3,0,1701,5037.0,17412664.236413557,4629.0,15918512.891872134,5112.0,17456100.872836698,5798.0,18004981.70389262,4742.571428571428,260.24530552466405,16191854.923751611,4823.714285714285,277.432300424232,16492212.430390993,5109.928571428572,548.6730746602612,16973701.41593325
2022-08-30,4598,15673371.4105403,4801071.179369714,0,0,1,30,35,8,3,0,1702,4599.0,15516332.7177888,4536.0,15371680.474486845,4642.0,15880466.189509943,5738.0,17800442.537690934,4738.285714285715,262.66310125693616,16134400.613168279,4787.071428571428,270.21116081423,16353657.562173288,5067.107142857143,539.6981556447557,16884821.09500097
2022-08-31,4463,15315523.141099656,4725302.261648732,0,0,2,31,35,8,3,0,1703,4598.0,15673371.4105403,4614.0,15787838.042007595,4736.0,16346277.47460486,5695.0,17571703.486433998,4747.142857142857,255.65695020961743,16177499.318318771,4783.928571428572,272.27629188176036,16338865.077961167,5026.392857142857,530.1275415571824,16808854.26903131
2022-09-01,4546,15475168.286193226,4735724.952642935,0,0,3,1,35,9,3,0,1704,4463.0,15315523.141099656,4643.0,15870148.228201112,4637.0,15935314.720306871,5640.0,17181677.531183448,4725.571428571428,274.44359295544257,16110025.76104621,4764.428571428572,285.43104092036447,16265239.768425083,4982.392857142857,523.6665138471905,16728276.399555078
2022-09-02,4543,15506994.13223793,4749530.68483249,0,0,4,2,35,9,3,0,1705,4546.0,15475168.286193226,4549.0,15388621.4756835,4696.0,15935201.566778395,5776.0,17716784.08205445,4711.714285714285,281.6615665923294,16053600.055045083,4757.928571428572,289.5623924491632,16232372.165988395,4943.321428571428,513.4980293929843,16667329.640805429
2022-09-03,5141,17476241.511855718,5345777.34051899,0,0,5,3,35,9,3,1,1706,4543.0,15506994.13223793,5190.0,17593519.117596537,5244.0,18022045.41380775,6422.0,19932158.62103348,4710.857142857143,282.2477803700441,16070510.43455286,4747.0,294.9171982881951,16201785.920664076,4899.285714285715,491.85867114543635,16588408.571169125
2022-09-04,4985,16936056.895499665,5187389.4555633,0,0,6,4,35,9,3,1,1707,5141.0,17476241.511855718,5037.0,17412664.236413557,5267.0,17972583.321368113,6367.0,19733318.07358763,4703.857142857143,268.66486469915776,16053756.490875598,4739.642857142857,282.5922877555336,16162799.927667502,4853.535714285715,395.0215636067074,16500697.245841349
2022-09-05,4443,15141398.90077678,4621624.287646784,0,0,0,5,36,9,3,0,1708,4985.0,16936056.895499665,4599.0,15516332.7177888,4629.0,15918512.891872134,4778.0,16262123.951809509,4696.428571428572,258.4426803908874,15985669.727887899,4719.5,250.31879673729352,16088762.325819757,4804.178571428572,263.28636058854255,16400795.060909633
2022-09-06,4511,15278786.642277014,4675084.459918162,0,0,1,6,36,9,3,0,1709,4443.0,15141398.90077678,4598.0,15673371.4105403,4536.0,15371680.474486845,4798.0,16551455.074647732,4674.142857142857,274.47308828095305,15932107.754029037,4706.214285714285,260.2313108848404,16033254.183598658,4792.214285714285,271.9877934547104,16360769.166229894
2022-09-07,4403,15151127.67672884,4700365.793256047,0,0,2,7,36,9,3,0,1710,4511.0,15278786.642277014,4463.0,15315523.141099656,4614.0,15787838.042007595,4652.0,15788440.93629508,4661.714285714285,280.40132803164926,15875738.501419997,4704.428571428572,261.5714975903448,16026618.909869386,4781.964285714285,277.1211103260851,16315316.722216653
2022-09-08,4562,15402420.155431025,4686415.919597895,0,0,3,8,36,9,3,0,1711,4403.0,15151127.67672884,4546.0,15475168.286193226,4643.0,15870148.228201112,4757.0,16197395.483529586,4653.142857142857,288.2940793538503,15852253.435081312,4689.357142857143,273.0113007362125,15981139.598063761,4773.071428571428,285.3200838787076,16292555.534375003
2022-09-09,4443,15013637.909822883,4575327.774974959,0,0,4,9,36,9,3,0,1712,4562.0,15402420.155431025,4543.0,15506994.13223793,4549.0,15388621.4756835,4689.0,15953596.053917332,4655.428571428572,287.3649579326383,15841860.844972422,4683.571428571428,274.92088772136464,15947730.450008754,4766.107142857143,288.0932641280968,16264163.558371482
2022-09-10,5044,17265188.197686713,5276828.066518875,0,0,5,10,36,9,3,1,1713,4443.0,15013637.909822883,5141.0,17476241.511855718,5190.0,17593519.117596537,5188.0,17786946.75026186,4641.142857142857,296.2343827509185,15771381.384627419,4676.0,280.3187745846227,15920945.909590138,4757.321428571428,294.21773917004157,16230593.624653826
2022-09-11,4997,17146479.440202482,5264004.39850573,0,0,6,11,36,9,3,1,1714,5044.0,17265188.197686713,4985.0,16936056.895499665,5037.0,17412664.236413557,5248.0,17891641.334319454,4627.285714285715,270.0683335045283,15741230.911174702,4665.571428571428,261.8319232713341,15897493.701025149,4752.178571428572,287.5947577912318,16211959.390633283
2022-09-12,4424,15028898.135079008,4589113.821732755,0,0,0,12,37,9,3,0,1715,4997.0,17146479.440202482,4443.0,15141398.90077678,4599.0,15516332.7177888,5112.0,17456100.872836698,4629.0,272.7422470636731,15771291.274703678,4662.714285714285,257.6519502595263,15878480.501295788,4743.214285714285,275.2129622731772,16185346.465843393
2022-09-13,4469,15230152.948720278,4688904.288530202,0,0,1,13,37,9,3,0,1716,4424.0,15028898.135079008,4511.0,15278786.642277014,4598.0,15673371.4105403,4642.0,15880466.189509943,4626.285714285715,274.9870992645167,15755219.736746851,4650.214285714285,265.11773250373653,15843663.745387945,4718.642857142857,271.75890925948966,16098660.653780615
2022-09-14,4336,14751160.253689714,4541856.021383795,0,0,2,14,37,9,3,0,1717,4469.0,15230152.948720278,4403.0,15151127.67672884,4463.0,15315523.141099656,4736.0,16346277.47460486,4620.285714285715,278.3593087394658,15748272.066238748,4641.0,269.28109419771556,15812005.283829374,4712.464285714285,275.50673610678643,16075435.18089527
2022-09-15,4461,15323474.774442898,4672739.221970645,0,0,3,15,37,9,3,0,1718,4336.0,14751160.253689714,4562.0,15402420.155431025,4546.0,15475168.286193226,4637.0,15935314.720306871,4610.714285714285,288.0588564198528,15691133.862947444,4631.928571428572,277.7448924368135,15771693.649014378,4698.178571428572,284.4659783825577,16018466.70871973
2022-09-16,4446,15016219.70310046,4569578.5532218935,0,0,4,16,37,9,3,0,1719,4461.0,15323474.774442898,4443.0,15013637.909822883,4543.0,15506994.13223793,4696.0,15935201.566778395,4596.285714285715,293.3858178154611,15679855.95137771,4625.857142857143,280.6812747975721,15760858.39817507,4691.892857142857,287.792921860526,15996615.282081729
2022-09-17,5009,17110458.810485695,5228518.24796315,0,0,5,17,37,9,3,1,1720,4446.0,15016219.70310046,5044.0,17265188.197686713,5141.0,17476241.511855718,5244.0,18022045.41380775,4596.714285714285,293.126658793169,15680224.778988793,4618.928571428572,284.06079097095665,15725803.081808105,4682.964285714285,291.51475182073295,15963794.501236092
2022-09-18,4906,16929190.92751679,5165357.879818931,0,0,6,18,37,9,3,1,1721,5009.0,17110458.810485695,4997.0,17146479.440202482,4985.0,16936056.895499665,5267.0,17972583.321368113,4591.714285714285,284.3939253252672,15658120.580817219,4609.5,267.08245629683654,15699675.74599596,4674.571428571428,277.82547526999343,15931237.836831732
2022-09-19,4393,14848015.405002415,4514903.16682411,0,0,0,19,38,9,3,0,1722,4906.0,16929190.92751679,4424.0,15028898.135079008,4443.0,15141398.90077678,4629.0,15918512.891872134,4578.714285714285,264.13867209336684,15627079.364719262,4603.857142857143,259.2586641658643,15699185.319711471,4661.678571428572,256.90336179503447,15893973.822765615
2022-09-20,4394,14995083.74558865,4612153.084036508,0,0,1,20,38,9,3,0,1723,4393.0,14848015.405002415,4469.0,15230152.948720278,4511.0,15278786.642277014,4536.0,15371680.474486845,4574.285714285715,267.40463364580506,15601238.974708322,4600.285714285715,261.97516869161984,15678229.355727585,4653.25,261.8391681930019,15855741.769663123
2022-09-21,4383,14921399.670484131,4545145.76013613,0,0,2,21,38,9,3,0,1724,4394.0,14995083.74558865,4336.0,14751160.253689714,4403.0,15151127.67672884,4614.0,15787838.042007595,4563.571428571428,273.75345181561033,15567657.65997523,4591.928571428572,266.8631064467918,15657964.86310699,4648.178571428572,265.54319639833045,15842291.886488186
2022-09-22,4461,15186142.39643442,4641268.543465988,0,0,3,22,38,9,3,0,1725,4383.0,14921399.670484131,4461.0,15323474.774442898,4562.0,15402420.155431025,4643.0,15870148.228201112,4570.285714285715,267.75219531359085,15591977.576660147,4590.5,268.0033725390819,15641555.719803795,4639.928571428572,270.19210293192447,15811347.658933777
2022-09-23,4355,14896492.654373884,4577778.418650019,0,0,4,23,38,9,3,0,1726,4461.0,15186142.39643442,4446.0,15016219.70310046,4443.0,15013637.909822883,4549.0,15388621.4756835,4570.285714285715,267.75219531359085,15572358.66551608,4583.285714285715,270.1801190008461,15626107.308446895,4633.428571428572,272.29646541842646,15786918.879227823
2022-09-24,4953,16825930.39965145,5144118.504017063,0,0,5,24,38,9,3,1,1727,4355.0,14896492.654373884,5009.0,17110458.810485695,5044.0,17265188.197686713,5190.0,17593519.117596537,4557.285714285715,276.846957894154,15555254.801412284,4577.0,274.68107380689213,15617739.790200537,4626.5,276.9526634242412,15769342.849895338
2022-09-25,4876,16608444.281672116,5088169.612431319,0,0,6,25,38,9,3,1,1728,4953.0,16825930.39965145,4906.0,16929190.92751679,4997.0,17146479.440202482,5037.0,17412664.236413557,4549.285714285715,262.0309868989689,15514607.88557882,4570.5,263.63458101642834,15586364.233198019,4618.035714285715,262.32853054235494,15741928.967111586
2022-09-26,4401,14857940.774093462,4523006.058481484,0,0,0,26,39,9,3,0,1729,4876.0,16608444.281672116,4393.0,14848015.405002415,4424.0,15028898.135079008,4599.0,15516332.7177888,4545.0,255.38532977968057,15468786.936172439,4561.857142857143,250.21893710015718,15547933.15044585,4612.285714285715,254.45131341668144,15713206.825870818
2022-09-27,4381,14935462.536961986,4543353.498152674,0,0,1,27,39,9,3,0,1730,4401.0,14857940.774093462,4394.0,14995083.74558865,4469.0,15230152.948720278,4598.0,15673371.4105403,4546.142857142857,254.60847627383836,15470204.846042588,4560.214285714285,251.26699822225046,15535721.910375455,4605.214285714285,257.56643977714623,15689692.8278817
2022-09-28,4438,15116928.49323264,4636100.443443695,0,0,2,28,39,9,3,0,1731,4381.0,14935462.536961986,4383.0,14921399.670484131,4336.0,14751160.253689714,4463.0,15315523.141099656,4544.285714285715,255.94707414212473,15461687.530524492,4553.928571428572,254.80021262091748,15514672.595249861,4597.464285714285,261.0329172009486,15663338.939539615
2022-09-29,4323,14628991.066345075,4452660.265600964,0,0,3,29,39,9,3,0,1732,4438.0,15116928.49323264,4461.0,15186142.39643442,4461.0,15323474.774442898,4546.0,15475168.286193226,4552.142857142857,250.96641778762407,15489620.219488565,4561.214285714285,249.49246283406035,15540798.898074357,4596.571428571428,261.55212334736774,15656246.273544367
2022-09-30,4371,14978378.583127616,4559151.6764663225,0,0,4,30,39,9,3,0,1733,4323.0,14628991.066345075,4355.0,14896492.654373884,4446.0,15016219.70310046,4543.0,15506994.13223793,4532.428571428572,264.38094809251174,15410027.172332944,4551.357142857143,256.38720931223867,15491192.91892451,4588.607142857143,266.4974934613222,15626025.65854979
2022-10-01,4834,16440095.320121467,4984032.494473336,0,0,5,1,39,10,4,1,1734,4371.0,14978378.583127616,4953.0,16825930.39965145,5009.0,17110458.810485695,5141.0,17476241.511855718,4534.714285714285,262.6548522844782,15421725.162154907,4546.0,259.5223423018971,15488489.981783595,4582.464285714285,269.55250737622106,15607146.53179585
2022-10-02,5358,18113081.83631769,5517992.801380402,0,1,6,2,39,10,4,1,1735,4834.0,16440095.320121467,4876.0,16608444.281672116,4906.0,16929190.92751679,4985.0,16936056.895499665,4517.714285714285,233.27788456812883,15366605.865079194,4533.5,238.9015729091778,15440606.875329006,4571.5,251.64076393557067,15570141.310662484
2022-10-03,4333,14844063.37726911,4554368.039219685,0,0,0,3,40,10,4,0,1736,5358.0,18113081.83631769,4401.0,14857940.774093462,4393.0,14848015.405002415,4443.0,15141398.90077678,4586.571428571428,381.01481036082424,15581554.087171419,4565.785714285715,312.36225975411463,15525170.511671929,4584.821428571428,282.3416702916384,15612177.9156917
2022-10-04,4272,14642667.885509528,4452345.207082684,0,0,1,4,40,10,4,0,1737,4333.0,14844063.37726911,4381.0,14935462.536961986,4394.0,14995083.74558865,4511.0,15278786.642277014,4576.857142857143,387.3488645357723,15579571.601910798,4561.5,315.3129702863254,15524888.223976692,4580.892857142857,285.1395161158782,15601558.789852139
2022-10-05,4277,14571077.598139975,4455508.153632195,0,0,2,5,40,10,4,0,1738,4272.0,14642667.885509528,4438.0,15116928.49323264,4383.0,14921399.670484131,4403.0,15151127.67672884,4561.285714285715,398.5631335542474,15537743.794560445,4552.785714285715,321.9149860472089,15499715.662542468,4572.357142857143,290.8297471011955,15578840.26282473
2022-10-06,4323,14759954.642759316,4494046.402534771,0,0,3,6,40,10,4,0,1739,4277.0,14571077.598139975,4323.0,14628991.066345075,4461.0,15186142.39643442,4562.0,15402420.155431025,4538.285714285715,411.3051236757384,15459765.095261496,4545.214285714285,327.41509259220135,15474692.657375028,4567.857142857143,294.4989108054765,15558124.188589413
2022-10-07,4299,14672684.74048059,4490980.550227903,0,0,4,7,40,10,4,0,1740,4323.0,14759954.642759316,4371.0,14978378.583127616,4355.0,14896492.654373884,4443.0,15013637.909822883,4538.285714285715,411.3051236757384,15478474.177606385,4535.357142857143,332.18799291572856,15444250.674969664,4559.321428571428,298.1163150543607,15535178.99170828
2022-10-08,4909,16591523.190630935,5037017.79605206,0,0,5,8,40,10,4,1,1741,4299.0,14672684.74048059,4834.0,16440095.320121467,4953.0,16825930.39965145,5044.0,17265188.197686713,4528.0,417.0459606965917,15434803.628656808,4531.357142857143,334.8532645670735,15428264.395405859,4554.178571428572,301.4210852527146,15523002.092803197
2022-10-09,4863,16549299.318507051,5079293.392909071,0,0,6,9,40,10,4,1,1742,4909.0,16591523.190630935,5358.0,18113081.83631769,4876.0,16608444.281672116,4997.0,17146479.440202482,4538.714285714285,427.0607740848068,15456436.181586733,4528.214285714285,330.77302898409755,15411521.023332965,4549.357142857143,294.29126593623675,15498942.62826549
2022-10-10,4316,14609475.356856236,4494187.95474796,0,0,0,10,41,10,4,0,1743,4863.0,16549299.318507051,4333.0,14844063.37726911,4401.0,14857940.774093462,4424.0,15028898.135079008,4468.0,286.70949292505793,15233038.679042356,4527.285714285715,329.73822451046635,15407296.38310689,4544.571428571428,287.75921371759534,15477614.766776368
2022-10-11,4267,14676218.252771111,4539748.057774977,0,0,1,11,41,10,4,0,1744,4316.0,14609475.356856236,4272.0,14642667.885509528,4381.0,14935462.536961986,4469.0,15230152.948720278,4465.571428571428,288.11216400497494,15199526.104697661,4521.214285714285,333.0087036449874,15389548.853304228,4540.714285714285,290.1491132788649,15462635.381839842
2022-10-12,4363,14534814.842640826,4427507.170504383,0,0,2,12,41,10,4,0,1745,4267.0,14676218.252771111,4277.0,14571077.598139975,4438.0,15116928.49323264,4336.0,14751160.253689714,4464.857142857143,288.67769142041453,15204319.01430646,4513.071428571428,338.0565415352055,15371031.404433453,4533.5,294.47725184104723,15442851.999841658
2022-10-13,4268,14461462.654764645,4376657.401584959,0,0,3,13,41,10,4,0,1746,4363.0,14534814.842640826,4323.0,14759954.642759316,4323.0,14628991.066345075,4461.0,15323474.774442898,4477.142857142857,281.0803138911604,15199138.620663723,4507.714285714285,339.9267859116709,15329451.857962608,4534.464285714285,293.8501107131683,15435125.378018482
2022-10-14,4275,14531032.088507527,4412305.54533456,0,0,4,14,41,10,4,0,1747,4268.0,14461462.654764645,4299.0,14672684.74048059,4371.0,14978378.583127616,4446.0,15016219.70310046,4469.285714285715,286.81742990140714,15156496.908093056,4503.785714285715,342.53358702728355,15317485.542849721,4527.571428571428,297.8732552453811,15404339.230887117
2022-10-15,4699,16077377.90726608,4897041.214967167,0,0,5,15,41,10,4,1,1748,4275.0,14531032.088507527,4909.0,16591523.190630935,4834.0,16440095.320121467,5009.0,17110458.810485695,4465.857142857143,289.3247475136202,15136260.814954048,4496.928571428572,346.3360893889151,15285532.22180543,4521.464285714285,301.3403984106504,15387011.101794511
2022-10-16,4782,16135525.084566584,4870353.7453044085,0,0,6,16,41,10,4,1,1749,4699.0,16077377.90726608,4863.0,16549299.318507051,5358.0,18113081.83631769,4906.0,16929190.92751679,4435.857142857143,242.87611970677648,15062811.488759069,4487.285714285715,338.00851800180806,15259623.835172903,4510.392857142857,288.1716745642567,15350115.355250955
2022-10-17,4317,14681291.114828948,4506332.609676657,0,0,0,17,42,10,4,0,1750,4782.0,16135525.084566584,4316.0,14609475.356856236,4333.0,14844063.37726911,4393.0,14848015.405002415,4424.285714285715,219.98463149785965,15003700.88391043,4446.142857142857,246.55498907421352,15118369.781476395,4505.964285714285,282.7690435860791,15321770.14657416
2022-10-18,4303,14765823.069276055,4527353.145910712,0,0,1,18,42,10,4,0,1751,4317.0,14681291.114828948,4267.0,14676218.252771111,4272.0,14642667.885509528,4394.0,14995083.74558865,4424.428571428572,219.90290065002947,15013960.277906531,4445.0,247.15613252795654,15106743.191302096,4503.25,284.25440157510087,15315815.707639394
2022-10-19,4240,14533869.735257547,4456440.422035726,0,0,2,19,42,10,4,0,1752,4303.0,14765823.069276055,4363.0,14534814.842640826,4277.0,14571077.598139975,4383.0,14921399.670484131,4429.571428571428,215.99371683985777,15026760.965978667,4447.214285714285,245.62108985232237,15115539.990142563,4500.0,286.0642248529946,15307627.826342518
2022-10-20,4319,14749031.422146907,4504451.024869395,0,0,3,20,42,10,4,0,1753,4240.0,14533869.735257547,4268.0,14461462.654764645,4323.0,14759954.642759316,4461.0,15186142.39643442,4412.0,227.03303724350596,15026625.950638195,4444.571428571428,247.78300503150047,15112882.285650963,4494.892857142857,289.48643405632924,15293787.471512994
2022-10-21,4316,14630650.209471036,4445400.617190152,0,0,4,21,42,10,4,0,1754,4319.0,14749031.422146907,4275.0,14531032.088507527,4299.0,14672684.74048059,4355.0,14896492.654373884,4419.285714285715,222.4130648783531,15067707.203121379,4444.285714285715,247.93622895090715,15112102.055607216,4489.821428571428,291.34007792491406,15278176.365288442
2022-10-22,4805,16425847.226184657,5007157.556362687,0,0,5,22,42,10,4,1,1755,4316.0,14630650.209471036,4699.0,16077377.90726608,4909.0,16591523.190630935,4953.0,16825930.39965145,4425.142857142857,218.48526157116532,15081938.363259021,4445.5,247.21051446401182,15109099.589106534,4488.428571428572,292.10074727882943,15268681.992256198
2022-10-23,4832,16686015.89344843,5137460.355890262,0,0,6,23,42,10,4,1,1756,4805.0,16425847.226184657,4782.0,16135525.084566584,4863.0,16549299.318507051,4876.0,16608444.281672116,4440.285714285715,242.93463749586823,15131719.694533106,4438.071428571428,233.38725305837355,15097265.591646088,4483.142857142857,284.62616343206565,15254393.307489526
2022-10-24,4239,14493314.186607128,4442967.561947162,0,0,0,24,43,10,4,0,1757,4832.0,16686015.89344843,4317.0,14681291.114828948,4316.0,14609475.356856236,4401.0,14857940.774093462,4447.428571428572,255.08747332558255,15210361.238659084,4435.857142857143,229.15425007992732,15107031.061284754,4481.571428571428,282.4903051199749,15257163.722195823
2022-10-25,4246,14423896.25621592,4419029.575756206,0,0,1,25,43,10,4,0,1758,4239.0,14493314.186607128,4303.0,14765823.069276055,4267.0,14676218.252771111,4381.0,14935462.536961986,4436.285714285715,263.3057248939256,15183507.391770253,4430.357142857143,233.14162323261877,15098733.83483839,4475.785714285715,285.84071673559635,15244141.344071312
2022-10-26,4258,14607218.386711204,4500306.353632367,0,0,2,26,43,10,4,0,1759,4246.0,14423896.25621592,4240.0,14533869.735257547,4363.0,14534814.842640826,4438.0,15116928.49323264,4428.142857142857,268.9358216944838,15134660.70419023,4428.857142857143,234.337973265772,15080710.83508445,4470.964285714285,288.62374355537605,15225871.11975895
2022-10-27,4223,14344605.887984106,4354602.958837954,0,0,3,27,43,10,4,0,1760,4258.0,14607218.386711204,4319.0,14749031.422146907,4268.0,14461462.654764645,4323.0,14628991.066345075,4430.714285714285,266.91553862957426,15145139.082969325,4421.357142857143,238.2553921072014,15085882.516803762,4464.535714285715,291.3766154148033,15207667.187383186
2022-10-28,4310,14755941.021092618,4480380.776172252,0,0,4,28,43,10,4,0,1761,4223.0,14344605.887984106,4316.0,14630650.209471036,4275.0,14531032.088507527,4371.0,14978378.583127616,4417.0,275.9263186674017,15087364.006660355,4418.142857142857,240.7737070819873,15077535.604890866,4460.964285714285,293.7786370145756,15197510.573870292
2022-10-29,4825,16347036.856828395,4990666.3498443,0,0,5,29,43,10,4,1,1762,4310.0,14755941.021092618,4805.0,16425847.226184657,4699.0,16077377.90726608,4834.0,16440095.320121467,4416.142857142857,276.3014227080407,15105262.694034865,4420.642857142857,239.35059805906744,15093600.528646944,4458.785714285715,294.6952420964579,15189566.375226187
2022-10-30,4764,16278182.178445768,4996797.390835178,0,0,6,30,43,10,4,1,1763,4825.0,16347036.856828395,4832.0,16686015.89344843,4782.0,16135525.084566584,5358.0,18113081.83631769,4419.0,281.0551547294787,15094004.069841113,4429.642857142857,252.6233460016688,15112861.88218711,4458.464285714285,294.27544191503637,15186242.858680006
2022-10-31,4204,14346845.726494389,4363589.3525811415,0,0,0,31,44,10,4,0,1764,4764.0,16278182.178445768,4239.0,14493314.186607128,4317.0,14681291.114828948,4333.0,14844063.37726911,4409.285714285715,265.1249480815592,15035742.11055502,4428.357142857143,250.73081095163306,15123051.674607052,4437.25,244.17155854031077,15120710.728041723
2022-11-01,4664,15808436.54858056,4846131.532181842,0,1,1,1,44,11,4,0,1765,4204.0,14346845.726494389,4246.0,14423896.25621592,4303.0,14765823.069276055,4272.0,14642667.885509528,4404.285714285715,269.17077248824063,15014818.044824628,4420.285714285715,256.3472490352423,15099162.718297439,4432.642857142857,247.40702919529699,15102952.95479977
2022-11-02,4408,15001818.313533807,4539493.936595413,0,0,2,2,44,11,4,0,1766,4664.0,15808436.54858056,4258.0,14607218.386711204,4240.0,14533869.735257547,4277.0,14571077.598139975,4464.0,274.5159376065632,15212609.515162436,4446.071428571428,261.7416413435389,15173635.109676333,4446.642857142857,249.06554459147867,15144587.549909448
2022-11-03,4293,14574509.478614034,4480797.974994116,0,0,3,3,44,11,4,0,1767,4408.0,15001818.313533807,4223.0,14344605.887984106,4319.0,14749031.422146907,4323.0,14759954.642759316,4485.428571428572,261.29157222209807,15268980.933279948,4458.071428571428,255.34003400770357,15207060.008124636,4451.321428571428,246.98253852980912,15159971.146887798
2022-11-04,4356,14884912.67129122,4555308.584505481,0,0,4,4,44,11,4,0,1768,4293.0,14574509.478614034,4310.0,14755941.021092618,4316.0,14630650.209471036,4299.0,14672684.74048059,4495.428571428572,250.69892776189212,15301824.303369937,4456.214285714285,256.5211577933227,15194594.155015146,4450.25,247.62406168611773,15153348.105311181
2022-11-05,4836,16642209.619614074,5080274.818815892,0,0,5,5,44,11,4,1,1769,4356.0,14884912.67129122,4825.0,16347036.856828395,4805.0,16425847.226184657,4909.0,16591523.190630935,4502.0,245.57890788911396,15320248.824826883,4459.071428571428,255.05790120491298,15212755.759430874,4452.285714285715,246.56662492945964,15160927.674268706
2022-11-06,4852,16667982.05632512,5112642.118435134,0,0,6,6,44,11,4,1,1770,4836.0,16642209.619614074,4764.0,16278182.178445768,4832.0,16686015.89344843,4863.0,16549299.318507051,4503.571428571428,248.01334449506734,15362416.362367693,4461.285714285715,258.4047000559608,15228210.216104403,4449.678571428572,241.90035499361312,15162737.903875245
2022-11-07,4240,14421642.379064891,4391458.951544339,0,0,0,7,45,11,4,0,1771,4852.0,16667982.05632512,4204.0,14346845.726494389,4239.0,14493314.186607128,4316.0,14609475.356856236,4516.142857142857,265.058753594656,15418102.059207601,4462.714285714285,260.6572841495931,15226922.08488131,4449.285714285715,241.21219444988074,15166976.573083034
2022-11-08,4299,14634747.713226356,4473770.682707356,0,0,1,8,45,11,4,0,1772,4240.0,14421642.379064891,4664.0,15808436.54858056,4246.0,14423896.25621592,4267.0,14676218.252771111,4521.285714285715,258.2548575120729,15428787.295289101,4462.785714285715,260.59139208039005,15221802.670056866,4446.571428571428,243.1870836865355,15160268.25244763
2022-11-09,4395,14952538.392095622,4559122.337857071,0,0,2,9,45,11,4,0,1773,4299.0,14634747.713226356,4408.0,15001818.313533807,4258.0,14607218.386711204,4363.0,14534814.842640826,4469.142857142857,261.4653760197576,15261117.461667072,4466.571428571428,257.5672322344223,15236863.488414753,4447.714285714285,242.3858046728039,15158787.161749601
2022-11-10,4300,14690853.55467406,4478296.920040876,0,0,3,10,45,11,4,0,1774,4395.0,14952538.392095622,4293.0,14574509.478614034,4223.0,14344605.887984106,4268.0,14461462.654764645,4467.285714285715,262.0176293596454,15254077.472890189,4476.357142857143,251.5660510124511,15261529.203085069,4448.857142857143,242.04678370647653,15173705.859944416
2022-11-11,4231,14432934.59065704,4424018.901304493,0,0,4,11,45,11,4,0,1775,4300.0,14690853.55467406,4356.0,14884912.67129122,4310.0,14755941.021092618,4275.0,14531032.088507527,4468.285714285715,261.25384481109904,15270698.05518448,4481.857142857143,246.38926585728353,15286261.17927721,4450.0,241.23540063291466,15181898.392084036
2022-11-12,4789,16561732.868031872,5107219.728468936,0,0,5,12,45,11,4,1,1776,4231.0,14432934.59065704,4836.0,16642209.619614074,4825.0,16347036.856828395,4699.0,16077377.90726608,4450.428571428572,274.1610579828878,15206129.757951021,4476.214285714285,251.47998194429408,15263189.291388953,4448.428571428572,242.55727518678157,15178394.910017949
2022-11-13,4828,16558228.799718369,5063794.205783519,0,0,6,13,45,11,4,1,1777,4789.0,16561732.868031872,4852.0,16667982.05632512,4764.0,16278182.178445768,4782.0,16135525.084566584,4443.714285714285,263.51325980915806,15194633.079153566,4473.642857142857,247.79632056093527,15278524.72076063,4451.642857142857,246.56397476273364,15195693.301473869
2022-11-14,4327,14757635.700582704,4522119.665965639,0,0,0,14,46,11,4,0,1778,4828.0,16558228.799718369,4240.0,14421642.379064891,4204.0,14346845.726494389,4317.0,14681291.114828948,4440.285714285715,257.40092869927423,15178954.04249546,4478.214285714285,254.0757544729722,15298528.050851528,4453.285714285715,248.98800464084758,15210789.86272929
2022-11-15,4315,14714908.815424573,4455433.934802363,0,0,1,15,46,11,4,0,1779,4327.0,14757635.700582704,4299.0,14634747.713226356,4664.0,15808436.54858056,4303.0,14765823.069276055,4452.714285714285,248.04886231395744,15226953.088426575,4487.0,245.85799528625128,15327870.191857839,4453.642857142857,248.79237428556723,15213516.455077639
2022-11-16,4279,14638471.731607372,4485774.496483718,0,0,2,16,46,11,4,0,1780,4315.0,14714908.815424573,4395.0,14952538.392095622,4408.0,15001818.313533807,4240.0,14533869.735257547,4455.0,246.46500765830928,15238404.674454892,4462.071428571428,244.21852266609275,15249761.068060981,4454.071428571428,248.53346575036502,15211698.088868659
2022-11-17,4332,14645130.800358374,4483553.691170808,0,0,3,17,46,11,4,0,1781,4279.0,14638471.731607372,4300.0,14690853.55467406,4293.0,14574509.478614034,4319.0,14749031.422146907,4438.428571428572,254.92603969445025,15193538.008670855,4452.857142857143,248.80602798256754,15223807.740780521,4455.464285714285,247.39599118625733,15215433.87445258
2022-11-18,4344,14914181.732047852,4565056.323148239,0,0,4,18,46,11,4,0,1782,4332.0,14645130.800358374,4231.0,14432934.59065704,4356.0,14884912.67129122,4316.0,14630650.209471036,4443.0,252.30338880009248,15187006.186625758,4455.642857142857,247.09095402394237,15228852.120905118,4455.928571428572,247.14247331530524,15211723.137960132
2022-11-19,4826,16459000.695202846,4978633.289882018,0,0,5,19,46,11,4,1,1783,4344.0,14914181.732047852,4789.0,16561732.868031872,4836.0,16642209.619614074,4805.0,16425847.226184657,4459.142857142857,239.78283825958005,15255755.778253017,4454.785714285715,247.48369909693812,15230942.76810202,4456.928571428572,246.6113944938152,15221849.263766447
2022-11-20,5772,17730838.158094842,4051795.9066474834,400,0,6,20,46,11,4,1,1784,4826.0,16459000.695202846,4828.0,16558228.799718369,4852.0,16667982.05632512,4832.0,16686015.89344843,4464.428571428572,248.51482661529337,15241079.753563156,4454.071428571428,246.31045584660674,15217856.416358361,4457.678571428572,247.7385200945315,15223033.316231383
2022-11-21,5213,15914333.67860584,3598126.8725485373,400,0,0,21,47,11,4,0,1785,5772.0,17730838.158094842,4327.0,14757635.700582704,4240.0,14421642.379064891,4239.0,14493314.186607128,4599.285714285715,550.8798157752555,15408595.376188366,4519.785714285715,421.2459867093096,15293774.709341912,4491.25,344.95706925592015,15260348.397111611
2022-11-22,5161,15694917.110008664,3551070.9765362428,400,0,1,22,47,11,4,0,1786,5213.0,15914333.67860584,4315.0,14714908.815424573,4299.0,14634747.713226356,4246.0,14423896.25621592,4725.857142857143,578.9609740939499,15573837.944477385,4589.285714285715,450.7659171764501,15400395.51645198,4526.035714285715,366.9840527510001,15311099.09325442
2022-11-23,5215,16088044.35727692,3639044.659352725,400,0,2,23,47,11,4,0,1787,5161.0,15694917.110008664,4279.0,14638471.731607372,4395.0,14952538.392095622,4258.0,14607218.386711204,4846.714285714285,567.07956945674,15713839.129417969,4650.857142857143,466.65633164904375,15476121.90193643,4558.714285714285,381.5730459793944,15356492.69517559
2022-11-24,5192,15971204.584176809,3677295.079929592,400,0,3,24,47,11,4,0,1788,5215.0,16088044.35727692,4332.0,14645130.800358374,4300.0,14690853.55467406,4223.0,14344605.887984106,4980.428571428572,519.2388201790709,15920920.93308505,4709.428571428572,483.2383890579757,15557229.470877951,4592.892857142857,396.2191069191819,15409379.336981509
2022-11-25,5147,15596408.544736372,3437319.2885953765,400,0,4,25,47,11,4,0,1789,5192.0,15971204.584176809,4344.0,14914181.732047852,4231.0,14432934.59065704,4310.0,14755941.021092618,5103.285714285715,435.18184485940714,16110360.045059111,4773.142857142857,483.90731107753345,15648683.115842434,4627.5,404.93680348273847,15467472.147559822
2022-11-26,5879,18012885.557317868,4097651.34015513,400,0,5,26,47,11,4,1,1790,5147.0,15596408.544736372,4826.0,16459000.695202846,4789.0,16561732.868031872,4825.0,16347036.856828395,5218.0,279.75584593235993,16207821.018300328,4838.571428571428,466.5816301381963,15731788.398276672,4657.392857142857,411.47191428260237,15497488.844832812
2022-11-27,5982,18157875.367399182,3977485.672081809,400,0,6,27,47,11,4,1,1791,5879.0,18012885.557317868,5772.0,17730838.158094842,4828.0,16558228.799718369,4764.0,16278182.178445768,5368.428571428572,314.7580325386684,16429804.570031045,4916.428571428572,542.4481136882591,15835442.1617971,4695.035714285715,471.24354654332717,15556983.441278864
2022-11-28,5291,16052031.087885808,3584783.564986512,400,0,0,28,48,11,4,0,1792,5982.0,18157875.367399182,5213.0,15914333.67860584,4327.0,14757635.700582704,4204.0,14346845.726494389,5398.428571428572,365.54427782091307,16490809.885645952,4998.857142857143,611.2880294468758,15949702.63091716,4738.535714285715,530.3542130216783,15624115.340884343
2022-11-29,5214,16043301.51538068,3635707.9190403535,400,0,1,29,48,11,4,0,1793,5291.0,16052031.087885808,5161.0,15694917.110008664,4315.0,14714908.815424573,4664.0,15808436.54858056,5409.571428571428,360.0980686529889,16510480.94411452,5067.714285714285,583.4464484781305,16042159.444295952,4777.357142857143,529.5606295009691,15685014.818076896
2022-11-30,5181,15815584.20857198,3583977.925827764,400,0,2,30,48,11,4,0,1794,5214.0,16043301.51538068,5215.0,16088044.35727692,4279.0,14638471.731607372,4408.0,15001818.313533807,5417.142857142857,354.5144231064086,16560250.14488195,5131.928571428572,542.2473838338981,16137044.63714996,4797.0,535.3688240622347,15693402.852605471
2022-12-01,4393,15009431.140318235,4554320.238889326,0,0,3,1,48,12,4,0,1795,5181.0,15815584.20857198,5192.0,15971204.584176809,4332.0,14645130.800358374,4293.0,14574509.478614034,5412.285714285715,357.96168988952576,16521327.266495528,5196.357142857143,483.51479289162666,16221124.09979029,4824.607142857143,534.4962556973616,15722465.920285406
2022-12-02,4466,15129463.413323598,4628547.7583716,0,0,4,2,48,12,4,0,1796,4393.0,15009431.140318235,5147.0,15596408.544736372,4344.0,14914181.732047852,4356.0,14884912.67129122,5298.142857142857,527.2628783227,16383931.060230017,5200.714285714285,475.3321799738144,16247145.552644564,4828.178571428572,531.1361026364254,15737998.836774841
2022-12-03,4858,16382465.486634146,4998256.340320428,0,0,5,3,48,12,4,1,1797,4466.0,15129463.413323598,5879.0,18012885.557317868,4826.0,16459000.695202846,4836.0,16642209.619614074,5200.857142857143,615.278102045847,16317224.612885337,5209.428571428572,459.26458174339217,16262522.815592831,4832.107142857143,527.9112817780781,15746732.791847425
2022-12-04,4976,16776569.582610575,5080390.552456562,0,0,6,4,48,12,4,1,1798,4858.0,16382465.486634146,5982.0,18157875.367399182,5772.0,17730838.158094842,4852.0,16667982.05632512,5055.0,544.6950217017463,16084307.459930519,5211.714285714285,457.2848680521008,16257056.014980782,4832.892857142857,527.933661607406,15737456.215669572
2022-12-05,4391,15161572.899725515,4589723.869409095,0,0,0,5,49,12,4,0,1799,4976.0,16776569.582610575,5291.0,16052031.087885808,5213.0,15914333.67860584,4240.0,14421642.379064891,4911.285714285715,361.13050008998056,15886978.062103573,5154.857142857143,430.9922107350269,16188893.973874763,4837.321428571428,528.6195196555349,15741334.341608336
2022-12-06,4480,15171676.591493014,4641579.317654429,0,0,1,6,49,12,4,0,1800,4391.0,15161572.899725515,5214.0,16043301.51538068,5161.0,15694917.110008664,4299.0,14634747.713226356,4782.714285714285,363.6141335196437,15759769.749509249,5096.142857142857,476.093051205935,16135125.346811885,4842.714285714285,523.0408848223713,15767760.431631932
2022-12-07,4429,15020004.52841509,4562262.452702756,0,0,2,7,49,12,4,0,1801,4480.0,15171676.591493014,5181.0,15815584.20857198,5215.0,16088044.35727692,4395.0,14952538.392095622,4677.857142857143,321.96139963844655,15635251.903239582,5047.5,502.9864274051863,16097751.024060765,4849.178571428572,517.1576200427253,15786936.462998597
2022-12-08,4470,15347315.717310335,4676948.016843277,0,0,3,8,49,12,4,0,1802,4429.0,15020004.52841509,4393.0,15009431.140318235,5192.0,15971204.584176809,4300.0,14690853.55467406,4570.428571428572,241.50421469260476,15521597.663217168,4991.357142857143,526.1834437565539,16021462.464856347,4850.392857142857,516.0905274655643,15789345.96786715
2022-12-09,4455,15115885.784176184,4627368.355300329,0,0,4,9,49,12,4,0,1803,4470.0,15347315.717310335,4466.0,15129463.413323598,5147.0,15596408.544736372,4231.0,14432934.59065704,4581.428571428572,233.70341399793796,15569866.888501754,4939.785714285715,540.2007003913358,15976898.974365886,4856.464285714285,510.3437100434903,15812791.04510416
2022-12-10,5162,17719409.63983918,5409843.441084596,0,0,5,10,49,12,4,1,1804,4455.0,15115885.784176184,4858.0,16382465.486634146,5879.0,18012885.557317868,4789.0,16561732.868031872,4579.857142857143,234.64400594052137,15567927.22719498,4890.357142857143,551.3265969309954,15942575.920040159,4864.464285714285,501.8611643740528,15837182.159158414
2022-12-11,4963,16826532.616588358,5136305.711572618,0,0,6,11,49,12,4,1,1805,5162.0,17719409.63983918,4976.0,16776569.582610575,5982.0,18157875.367399182,4828.0,16558228.799718369,4623.285714285715,310.5563364274563,15758919.249081414,4839.142857142857,481.27616526558427,15921613.354505967,4877.785714285715,504.72613455167203,15878527.758151533
2022-12-12,4424,15130415.833597414,4634031.953520294,0,0,0,12,50,12,4,0,1806,4963.0,16826532.616588358,4391.0,15161572.899725515,5291.0,16052031.087885808,4327.0,14757635.700582704,4621.428571428572,308.1248973727337,15766056.825363955,4766.357142857143,355.85187219552154,15826517.443733765,4882.607142857143,504.8777145148697,15888110.03732546
2022-12-13,4443,15164162.361233924,4621051.781690856,0,0,1,13,50,12,4,0,1807,4424.0,15130415.833597414,4480.0,15171676.591493014,5214.0,16043301.51538068,4315.0,14714908.815424573,4626.142857142857,304.2397237768513,15761605.81591708,4704.428571428572,332.17968128611824,15760687.782713166,4886.071428571428,501.24385494128876,15901423.613504559
2022-12-14,4400,15225649.090699531,4675275.078541525,0,0,2,14,50,12,4,0,1808,4443.0,15164162.361233924,4429.0,15020004.52841509,5181.0,15815584.20857198,4279.0,14638471.731607372,4620.857142857143,307.5057877891323,15760532.354451496,4649.357142857143,303.9085406810917,15697892.12884554,4890.642857142857,496.4030034145074,15917468.38299775
2022-12-15,4521,15475635.87238148,4714853.812197235,0,0,3,15,50,12,4,0,1809,4400.0,15225649.090699531,4470.0,15347315.717310335,4393.0,15009431.140318235,4332.0,14645130.800358374,4616.714285714285,310.70013104048866,15789910.149063561,4593.571428571428,268.4215153264039,15655753.906140363,4894.964285714285,491.3824400413124,15938439.002965325
2022-12-16,4416,14964366.866802927,4531488.219441753,0,0,4,16,50,12,4,0,1810,4521.0,15475635.87238148,4455.0,15115885.784176184,4466.0,15129463.413323598,4344.0,14914181.732047852,4624.0,307.2653576308356,15808241.59978801,4602.714285714285,263.1932395003598,15689054.244144883,4901.714285714285,484.61423047714345,15968099.898394722
2022-12-17,5030,17159084.394246247,5215403.02965213,0,0,5,17,50,12,4,1,1811,4416.0,14964366.866802927,5162.0,17719409.63983918,4858.0,16382465.486634146,4826.0,16459000.695202846,4618.428571428572,311.1692235975324,15786596.04016326,4599.142857142857,265.5200578090359,15677261.63367912,4904.285714285715,481.7277436972263,15969892.224635975
2022-12-18,5094,17602995.339645598,5387742.262689714,0,0,6,18,50,12,4,1,1812,5030.0,17159084.394246247,4963.0,16826532.616588358,4976.0,16776569.582610575,5772.0,17730838.158094842,4599.571428571428,274.58748280701263,15706549.576507125,4611.428571428572,281.89324610180734,15732734.412794271,4911.571428571428,482.0424469223868,15994895.213887526
2022-12-19,4525,15532502.071973316,4729739.757453603,0,0,0,19,51,12,4,0,1813,5094.0,17602995.339645598,4424.0,15130415.833597414,4391.0,15161572.899725515,5213.0,15914333.67860584,4618.285714285715,306.13652416622375,15817472.822658163,4619.857142857143,295.0876941737128,15791764.824011058,4887.357142857143,453.39780703988095,15990329.398942908
2022-12-20,4564,15644614.084536497,4777920.449816871,0,0,1,20,51,12,4,0,1814,4525.0,15532502.071973316,4443.0,15164162.361233924,4480.0,15171676.591493014,5161.0,15694917.110008664,4632.714285714285,297.7178274170192,15874913.713854717,4629.428571428572,289.2081268902233,15818259.7648859,4862.785714285715,453.73890004934697,15976692.555848893
2022-12-21,4504,15515389.314506369,4736857.914149396,0,0,2,21,51,12,4,0,1815,4564.0,15644614.084536497,4400.0,15225649.090699531,4429.0,15020004.52841509,5215.0,16088044.35727692,4650.0,288.22849731883144,15943549.674326513,4635.428571428572,286.7302979042749,15852041.014389006,4841.464285714285,453.23303483135015,15974896.019224886
2022-12-22,4509,15416460.567598796,4721220.170696532,0,0,3,22,51,12,4,0,1816,4504.0,15515389.314506369,4521.0,15475635.87238148,4470.0,15347315.717310335,5192.0,15971204.584176809,4664.857142857143,275.5977918219731,15984941.134870348,4640.785714285715,283.2563879574324,15887425.641966954,4816.071428571428,451.4439326634334,15954444.053411651
2022-12-23,4561,15664358.77453223,4794628.356542662,0,0,4,23,51,12,4,0,1817,4509.0,15416460.567598796,4416.0,14964366.866802927,4455.0,15115885.784176184,5147.0,15596408.544736372,4663.142857142857,276.67696481121743,15976487.519901393,4643.571428571428,281.63471002367567,15892364.559844702,4791.678571428572,448.8237345651376,15934631.767105294
2022-12-24,5046,17337729.667535905,5320239.889709741,0,0,5,24,51,12,4,1,1818,4561.0,15664358.77453223,5030.0,17159084.394246247,5162.0,17719409.63983918,5879.0,18012885.557317868,4683.857142857143,260.0162998553757,16076486.363862721,4651.142857142857,277.5707414039276,15931541.202012992,4770.75,445.29013637802274,15937058.561026573
2022-12-25,5513,18794833.753972918,5770672.128769043,0,1,6,25,51,12,4,1,1819,5046.0,17337729.667535905,5094.0,17602995.339645598,4963.0,16826532.616588358,5982.0,18157875.367399182,4686.142857142857,263.61172746512494,16102007.117189815,4642.857142857143,262.46871085109217,15904278.346848471,4741.0,393.29623177183976,15912945.850677218
2022-12-26,4539,15717263.884339567,4799987.447877715,0,0,0,26,52,12,4,0,1820,5513.0,18794833.753972918,4525.0,15532502.071973316,4424.0,15130415.833597414,5291.0,16052031.087885808,4746.0,389.27539523239466,16272269.747808006,4682.142857142857,342.9081189210689,16044871.285233082,4724.25,345.57837991788426,15935694.364483425
2022-12-27,4609,15854491.79475625,4812330.783269287,0,0,1,27,52,12,4,0,1821,4539.0,15717263.884339567,4564.0,15644614.084536497,4443.0,15164162.361233924,5214.0,16043301.51538068,4748.0,387.9845357743059,16298664.292431755,4690.357142857143,337.5847716085332,16086789.003143238,4697.392857142857,328.7109885920565,15923738.3929282
2022-12-28,4552,15591968.782548573,4763136.945976794,0,0,2,28,52,12,4,0,1822,4609.0,15854491.79475625,4504.0,15515389.314506369,4400.0,15225649.090699531,5181.0,15815584.20857198,4754.428571428572,384.78732530358815,16328646.82246315,4702.214285714285,331.0810215901082,16136098.24839483,4675.785714285715,313.0041245903722,15916995.188620184
2022-12-29,4573,15636255.276656449,4791987.106519432,0,0,3,29,52,12,4,0,1823,4552.0,15591968.782548573,4509.0,15416460.567598796,4521.0,15475635.87238148,4393.0,15009431.140318235,4761.285714285715,379.978382843781,16339586.746469175,4713.071428571428,322.79678396209266,16162263.940669762,4653.321428571428,297.59431167048155,15909008.923405064
2022-12-30,4588,15749868.706945756,4772225.963682321,0,0,4,30,52,12,4,0,1824,4573.0,15636255.276656449,4561.0,15664358.77453223,4416.0,14964366.866802927,4466.0,15129463.413323598,4770.428571428572,373.6129267672928,16370985.99062027,4716.785714285715,320.70911300560385,16173736.75526083,4659.75,293.68105968008587,15931395.499702858
2022-12-31,5233,18169350.03858429,5566854.596180989,0,0,5,31,52,12,4,1,1825,4588.0,15749868.706945756,5046.0,17337729.667535905,5030.0,17159084.394246247,4858.0,16382465.486634146,4774.285714285715,371.2221770879376,16383201.695250776,4729.071428571428,311.4614346507936,16229844.029556748,4664.107142857143,291.5976857203493,15953552.831617935
2023-01-01,5144,17553412.7940172,5396906.514192987,0,0,6,1,52,1,1,1,1826,5233.0,18169350.03858429,5513.0,18794833.753972918,5094.0,17602995.339645598,4976.0,16776569.582610575,4801.0,399.6727828278233,16502004.605400546,4743.571428571428,330.68104881284097,16302005.861295179,4677.5,308.92951371542296,16017370.137044724
2023-01-02,4582,15654147.569345145,4766420.868468196,0,0,0,2,1,1,1,0,1827,5144.0,17553412.7940172,4539.0,15717263.884339567,4525.0,15532502.071973316,4391.0,15161572.899725515,4748.285714285715,302.67788945000336,16324658.753978299,4747.142857142857,334.9987042782944,16298464.25089315,4683.5,316.4808226593111,16045114.537452104
2023-01-03,4618,15774121.119414138,4778663.025238786,0,0,1,3,1,1,1,0,1828,4582.0,15654147.569345145,4609.0,15854491.79475625,4564.0,15644614.084536497,4480.0,15171676.591493014,4754.428571428572,298.1246144052673,16315642.137550524,4751.214285714285,332.42770840994194,16307153.214991137,4690.321428571428,311.9690219155162,16062706.489938522
2023-01-04,4710,16005280.627053022,4845811.118828717,0,0,2,4,1,1,1,0,1829,4618.0,15774121.119414138,4552.0,15591968.782548573,4504.0,15515389.314506369,4429.0,15020004.52841509,4755.714285714285,297.41145140793594,16304160.612501651,4755.071428571428,330.3954423893468,16316403.7174824,4695.25,309.6043622288198,16084222.365935702
2023-01-05,4703,16259413.132543188,5014378.78211006,0,0,3,5,1,1,1,0,1830,4710.0,16005280.627053022,4573.0,15636255.276656449,4509.0,15416460.567598796,4470.0,15347315.717310335,4778.285714285715,285.11559894524913,16363205.161716571,4769.785714285715,322.8548563081578,16351395.954092875,4705.285714285715,305.1769198038336,16119410.798029913
2023-01-06,4668,16085156.720032366,4898255.420989006,0,0,4,6,1,1,1,0,1831,4703.0,16259413.132543188,4588.0,15749868.706945756,4561.0,15664358.77453223,4455.0,15115885.784176184,4796.857142857143,273.5132102668524,16452227.712557534,4783.642857142857,314.8651987860768,16411606.851588903,4713.607142857143,301.6802746207334,16151985.705716802
2023-01-07,5281,18221094.84848637,5579724.912500427,0,0,5,7,1,1,1,1,1832,4668.0,16085156.720032366,5233.0,18169350.03858429,5046.0,17337729.667535905,5162.0,17719409.63983918,4808.285714285715,264.8664533217471,16500126.000141336,4791.285714285715,310.310868589608,16441663.847696053,4721.214285714285,297.57530726198786,16186602.524854524
2023-01-08,5175,17696421.132111356,5391685.126957725,0,0,6,8,1,1,1,1,1833,5281.0,18221094.84848637,5144.0,17553412.7940172,5513.0,18794833.753972918,4963.0,16826532.616588358,4815.142857142857,277.99066445442475,16507518.11584163,4808.071428571428,330.8268113694535,16504761.360621085,4725.464285714285,304.86432709733504,16204519.85373478
2023-01-09,4699,16007678.659769194,4872673.395288874,0,0,0,9,2,1,1,0,1834,5175.0,17696421.132111356,4582.0,15654147.569345145,4539.0,15717263.884339567,4424.0,15130415.833597414,4819.571428571428,284.2785354441814,16527947.87842651,4783.928571428572,284.5178010615177,16426303.316202404,4733.035714285715,313.4925697203112,16235587.300717745
2023-01-10,4760,16090285.788933543,4845582.029941629,0,0,1,10,2,1,1,0,1835,4699.0,16007678.659769194,4618.0,15774121.119414138,4609.0,15854491.79475625,4443.0,15164162.361233924,4836.285714285715,271.11726508758943,16578452.319915662,4795.357142857143,277.0377944621295,16447047.228733093,4742.857142857143,307.70653579232766,16266918.115938166
2023-01-11,4822,16522612.120429289,5002752.965167406,0,0,2,11,2,1,1,0,1836,4760.0,16090285.788933543,4710.0,16005280.627053022,4552.0,15591968.782548573,4400.0,15225649.090699531,4856.571428571428,257.0076893420798,16623618.701275576,4806.142857142857,272.12012538098605,16463889.656888613,4754.178571428572,302.0448891793534,16299993.952641722
2023-01-12,4757,16233204.246594071,4958228.814248635,0,0,3,12,2,1,1,0,1837,4822.0,16522612.120429289,4703.0,16259413.132543188,4573.0,15636255.276656449,4521.0,15475635.87238148,4872.571428571428,249.74577550171864,16697523.20032933,4825.428571428572,262.1064711101235,16530364.181022951,4769.25,294.1426493185761,16346314.060846357
2023-01-13,4777,16340669.676692694,4985821.957274524,0,0,4,13,2,1,1,0,1838,4757.0,16233204.246594071,4668.0,16085156.720032366,4588.0,15749868.706945756,4416.0,14964366.866802927,4880.285714285715,244.41202526725328,16693779.073765172,4838.571428571428,252.92769239926386,16573003.393161353,4777.678571428572,290.1193947800041,16373370.07421109
2023-01-14,5293,18097818.060343143,5527036.33524983,0,0,5,14,2,1,1,1,1839,4777.0,16340669.676692694,5281.0,18221094.84848637,5233.0,18169350.03858429,5030.0,17159084.394246247,4895.857142857143,231.77893819430275,16730280.924716646,4852.071428571428,243.38872494133685,16615203.46242899,4790.571428571428,281.33970879709517,16422523.74599287
2023-01-15,5391,18454567.16538705,5684664.122920095,0,0,6,15,2,1,1,1,1840,5293.0,18097818.060343143,5175.0,17696421.132111356,5144.0,17553412.7940172,5094.0,17602995.339645598,4897.571428571428,235.12256175795042,16712669.954981897,4856.357142857143,251.0208716859538,16610094.035411766,4799.964285714285,293.74610883385157,16456049.948353473
2023-01-16,4775,16444795.583545769,5057634.168207223,0,0,0,16,3,1,1,0,1841,5391.0,18454567.16538705,4699.0,16007678.659769194,4582.0,15654147.569345145,4525.0,15532502.071973316,4928.428571428572,286.22127637130836,16820976.53116414,4874.0,279.8208217908192,16674462.204795327,4810.571428571428,309.6867507625828,16486463.227844238
2023-01-17,4850,16603710.654383255,5068809.880852305,0,0,1,17,3,1,1,0,1842,4775.0,16444795.583545769,4760.0,16090285.788933543,4618.0,15774121.119414138,4564.0,15644614.084536497,4939.285714285715,277.37262198813556,16883421.805989366,4887.785714285715,268.8683345406775,16730937.062952515,4819.5,304.71243274055803,16519045.138971826
2023-01-18,4705,16292173.388832182,4942188.404918452,0,0,2,18,3,1,1,0,1843,4850.0,16603710.654383255,4822.0,16522612.120429289,4710.0,16005280.627053022,4504.0,15515389.314506369,4952.142857142857,269.65560045573767,16956768.215339325,4904.357142857143,257.88656037485447,16790193.45830745,4829.714285714285,300.5963033141624,16553298.587894926
2023-01-19,4790,16279725.014445396,4993388.837422291,0,0,3,19,3,1,1,0,1844,4705.0,16292173.388832182,4757.0,16233204.246594071,4703.0,16259413.132543188,4509.0,15416460.567598796,4935.428571428572,282.3920779949174,16923848.396539737,4904.0,258.17972273353433,16810685.798434533,4836.892857142857,294.8754086283882,16581040.876263704
2023-01-20,4865,16571916.723564936,5026667.4532207865,0,0,4,20,3,1,1,0,1845,4790.0,16279725.014445396,4777.0,16340669.676692694,4668.0,16085156.720032366,4561.0,15664358.77453223,4940.142857142857,279.1740368607808,16930494.220518496,4910.214285714285,253.98248836405926,16812136.647141837,4846.928571428572,288.004363209163,16611871.749365369
2023-01-21,5294,18073321.574410144,5529694.920470387,0,0,5,21,3,1,1,1,1846,4865.0,16571916.723564936,5293.0,18097818.060343143,5281.0,18221094.84848637,5046.0,17337729.667535905,4952.714285714285,272.50487107922737,16963529.512928817,4924.285714285715,244.8228334535284,16846905.218822733,4857.785714285715,282.5037996654186,16644284.533259394
2023-01-22,5337,18130531.494109277,5500218.559260911,0,0,6,22,3,1,1,1,1847,5294.0,18073321.574410144,5391.0,18454567.16538705,5175.0,17696421.132111356,5513.0,18794833.753972918,4952.857142857143,272.7131756818466,16960030.014938388,4925.214285714285,246.3000604551571,16836349.984960143,4866.642857142857,292.33975848580104,16670555.672790617
2023-01-23,4840,16511139.578264927,5032792.309190699,0,0,0,23,4,1,1,0,1848,5337.0,18130531.494109277,4775.0,16444795.583545769,4699.0,16007678.659769194,4539.0,15717263.884339567,4945.142857142857,258.6551298359996,16913739.20475585,4936.785714285715,262.22837333174573,16867357.867959995,4860.357142857143,279.5393319288723,16646830.5920812
2023-01-24,4839,16575375.418736065,5061308.643650617,0,0,1,24,4,1,1,0,1849,4840.0,16511139.578264927,4850.0,16603710.654383255,4760.0,16090285.788933543,4609.0,15854491.79475625,4954.428571428572,252.62545209780532,16923216.91828716,4946.857142857143,255.00131436850162,16903319.36213826,4871.107142857143,272.42047283779186,16675183.295435678
2023-01-25,4849,16488650.282063955,5037047.724989775,0,0,2,25,4,1,1,0,1850,4839.0,16575375.418736065,4705.0,16292173.388832182,4822.0,16522612.120429289,4552.0,15591968.782548573,4952.857142857143,253.4162771485112,16919169.02748042,4952.5,251.39694325292785,16937968.62140987,4879.321428571428,267.65027673238575,16700929.139149243
2023-01-26,5345,18331840.157558218,5571914.736948268,0,1,3,26,4,1,1,0,1851,4849.0,16488650.282063955,4790.0,16279725.014445396,4757.0,16233204.246594071,4573.0,15636255.276656449,4973.428571428572,235.12752365674575,16947237.155084956,4954.428571428572,250.42048155534368,16935542.775812346,4889.928571428572,259.97292288798576,16732953.478417648
2023-01-27,4861,16719798.07074313,5096962.725459488,0,0,4,27,4,1,1,0,1852,5345.0,18331840.157558218,4865.0,16571916.723564936,4777.0,16340669.676692694,4588.0,15749868.706945756,5052.714285714285,255.64474979009023,17240396.46124393,4996.428571428572,263.7171311741344,17085445.340881217,4917.5,265.98391764248873,16829224.36702128
2023-01-28,5476,18597692.89967187,5636679.703111603,0,0,5,28,4,1,1,1,1853,4861.0,16719798.07074313,5294.0,18073321.574410144,5293.0,18097818.060343143,5233.0,18169350.03858429,5052.142857142857,256.1382625142313,17261522.367983673,5002.428571428572,259.25862177953303,17112525.940456245,4927.25,258.35241864984346,16863864.701442618
2023-01-29,5506,19041135.53979433,5831582.116371409,0,0,6,29,4,1,1,1,1854,5476.0,18597692.89967187,5337.0,18130531.494109277,5391.0,18454567.16538705,5144.0,17553412.7940172,5078.142857142857,291.5672755822838,17336432.557306778,5015.5,278.90465699284573,17148231.286122583,4935.928571428572,272.6873027468767,16879162.660767175
2023-01-30,5017,17212518.0693703,5252569.935683482,0,0,0,30,5,1,1,0,1855,5506.0,19041135.53979433,4840.0,16511139.578264927,4775.0,16444795.583545769,4582.0,15654147.569345145,5102.285714285715,321.98432378285685,17466518.8495475,5023.714285714285,292.191567448311,17190129.027151678,4948.857142857143,290.8915687363702,16932295.6159735
2023-01-31,4818,16548152.205683611,5123706.704265143,0,0,1,31,5,1,1,0,1856,5017.0,17212518.0693703,4839.0,16575375.418736065,4850.0,16603710.654383255,4618.0,15774121.119414138,5127.571428571428,304.42506310686286,17566715.776848268,5041.0,283.3711890246053,17244966.347567715,4964.392857142857,282.05493807987057,16987951.705260113
2023-02-01,4838,16505085.547991486,5040421.917800539,0,0,2,1,5,2,1,0,1857,4818.0,16548152.205683611,4849.0,16488650.282063955,4705.0,16292173.388832182,4710.0,16005280.627053022,5124.571428571428,307.8272552059312,17562826.746412203,5038.714285714285,285.15378538372806,17240997.88694631,4971.535714285715,275.4120794229348,17015595.67262688
2023-02-02,4935,16896510.744833138,5186799.611240957,0,0,3,2,5,2,1,0,1858,4838.0,16505085.547991486,5345.0,18331840.157558218,4790.0,16279725.014445396,4703.0,16259413.132543188,5123.0,309.49205697938646,17565174.641544707,5048.214285714285,275.2233159206557,17256205.89831483,4976.107142857143,271.9507498012494,17033445.848374683
2023-02-03,5029,17288093.160383947,5283795.549680376,0,0,4,3,5,2,1,0,1859,4935.0,16896510.744833138,4861.0,16719798.07074313,4865.0,16571916.723564936,4668.0,16085156.720032366,5064.428571428572,299.09800910005833,17360127.582583982,5058.571428571428,267.37519425982913,17300262.021913953,4984.392857142857,266.80723229768455,17056199.334527895
2023-02-04,5641,19538769.323545005,5995447.049113697,0,0,5,4,5,2,1,1,1860,5029.0,17288093.160383947,5476.0,18597692.89967187,5294.0,18073321.574410144,5281.0,18221094.84848637,5088.428571428572,286.53031087062703,17441312.595389813,5070.285714285715,261.77601364270856,17351417.481686745,4997.285714285715,259.5762725478632,17099161.350254737
2023-02-05,5606,19440934.084897734,5911771.676560401,0,0,6,5,5,2,1,1,1861,5641.0,19538769.323545005,5506.0,19041135.53979433,5337.0,18130531.494109277,5175.0,17696421.132111356,5112.0,327.5749278155031,17575752.084514543,5095.071428571428,298.4463524231954,17456092.320910662,5010.142857142857,282.0888636301124,17146221.152935404
2023-02-06,5052,17229402.82658868,5254010.5175811965,0,0,0,6,6,2,1,0,1862,5606.0,19440934.084897734,5017.0,17212518.0693703,4840.0,16511139.578264927,4699.0,16007678.659769194,5126.285714285715,349.0948840863133,17632866.16238646,5114.285714285715,322.87921737233705,17549692.50596698,5025.535714285715,302.44282987684863,17208525.186963487
2023-02-07,4986,16934056.13336626,5139493.375265896,0,0,1,7,6,2,1,0,1863,5052.0,17229402.82658868,4818.0,16548152.205683611,4839.0,16575375.418736065,4760.0,16090285.788933543,5131.285714285715,347.51580984933105,17635278.270560514,5129.428571428572,313.87153528047696,17600997.02370439,5038.142857142857,295.607311377245,17252158.192921326
2023-02-08,5058,17629832.391956627,5439149.157713904,0,0,2,8,6,2,1,0,1864,4986.0,16934056.13336626,4838.0,16505085.547991486,4849.0,16488650.282063955,4822.0,16522612.120429289,5155.285714285715,327.4984551035867,17690407.403086606,5139.928571428572,305.7624679602931,17626617.074749406,5046.214285714285,290.7774199220235,17282292.84807964
2023-02-09,5127,17405726.40885867,5264912.249646074,0,0,3,9,6,2,1,0,1865,5058.0,17629832.391956627,4935.0,16896510.744833138,5345.0,18331840.157558218,4757.0,16233204.246594071,5186.714285714285,301.4994274652974,17851085.523653056,5154.857142857143,295.3917495704093,17708130.082598884,5054.642857142857,287.43878115183713,17321836.429205615
2023-02-10,5055,17217913.31134313,5283248.704151527,0,0,4,10,6,2,1,0,1866,5127.0,17405726.40885867,5029.0,17288093.160383947,4861.0,16719798.07074313,4777.0,16340669.676692694,5214.142857142857,282.9460658685204,17923830.618513845,5139.285714285715,290.2994285935485,17641979.100548916,5067.857142857143,281.69614760716956,17363712.220715065
2023-02-11,5814,19939893.776654866,6079076.76474744,0,0,5,11,6,2,1,1,1867,5055.0,17217913.31134313,5641.0,19538769.323545005,5476.0,18597692.89967187,5293.0,18097818.060343143,5217.857142857143,280.2685786713755,17913804.92579373,5153.142857142857,280.45727965996434,17677558.76059177,5077.785714285715,275.9046208173404,17395042.35052401
2023-02-12,5621,19358287.530558158,5894686.655515588,0,0,6,12,6,2,1,1,1868,5814.0,19939893.776654866,5606.0,19440934.084897734,5506.0,19041135.53979433,5391.0,18454567.16538705,5242.571428571428,327.4557767306634,17971108.41909514,5177.285714285715,321.8775277292953,17773430.25180484,5096.392857142857,306.7953038519476,17460830.768963713
2023-02-13,5113,17476813.29981484,5318953.135422289,0,0,0,13,7,2,1,0,1869,5621.0,19358287.530558158,5052.0,17229402.82658868,5017.0,17212518.0693703,4775.0,16444795.583545769,5244.714285714285,330.26742411047417,17959301.768475197,5185.5,332.213034060947,17796083.96543083,5104.607142857143,317.8551194870507,17493106.496291254
2023-02-14,5103,17618645.304611277,5365870.103662308,0,0,1,14,7,2,1,0,1870,5113.0,17476813.29981484,4986.0,16934056.13336626,4818.0,16548152.205683611,4850.0,16603710.654383255,5253.428571428572,325.099398719246,17994646.12179322,5192.357142857143,329.4467640297137,17814962.196176868,5116.678571428572,311.22280378835313,17529964.27187229
2023-02-15,5130,17398598.37878614,5328915.983733812,0,0,2,15,7,2,1,0,1871,5103.0,17618645.304611277,5058.0,17629832.391956627,4838.0,16505085.547991486,4705.0,16292173.388832182,5270.142857142857,311.79396432655994,18092444.574828226,5212.714285714285,312.92624556724786,17891425.988957413,5125.714285714285,306.83532284258825,17566211.937951863
2023-02-16,5138,17499899.788118824,5266900.4201919,0,0,3,16,7,2,1,0,1872,5130.0,17398598.37878614,5127.0,17405726.40885867,4935.0,16896510.744833138,4790.0,16279725.014445396,5280.428571428572,304.7369669856528,18059411.1443753,5233.571428571428,295.26226002958686,17955248.334014174,5140.892857142857,295.557268911372,17605727.116164505
2023-02-17,5094,17491259.80008028,5338615.991091786,0,0,4,17,7,2,1,0,1873,5138.0,17499899.788118824,5055.0,17217913.31134313,5029.0,17288093.160383947,4865.0,16571916.723564936,5282.0,303.84096717416026,18072864.484269608,5248.071428571428,284.2510981740671,17998347.551391724,5153.321428571428,287.4613086456222,17649304.78665284
2023-02-18,5798,19848391.005913075,6079639.345371014,0,0,5,18,7,2,1,1,1874,5094.0,17491259.80008028,5814.0,19939893.776654866,5641.0,19538769.323545005,5294.0,18073321.574410144,5287.571428571428,299.30856828299255,18111913.982660625,5252.714285714285,280.90880769697185,18012859.454227176,5161.5,282.1632703083636,17682138.46795696
2023-02-19,5718,19776475.29153909,6063542.6718411865,0,0,6,19,7,2,1,1,1875,5798.0,19848391.005913075,5621.0,19358287.530558158,5606.0,19440934.084897734,5337.0,18130531.494109277,5285.285714285715,294.64312554099627,18098842.15826894,5263.928571428572,300.0816463988925,18034975.28868204,5179.5,305.9980028983476,17745533.80479635
2023-02-20,5243,17943537.16162992,5457074.528855605,0,0,0,20,8,2,1,0,1876,5718.0,19776475.29153909,5113.0,17476813.29981484,5052.0,17229402.82658868,4840.0,16511139.578264927,5299.142857142857,314.6640687947573,18158583.266980503,5271.928571428572,311.18989114626356,18058942.517727852,5193.107142857143,321.3473186543624,17804317.511847414
2023-02-21,5230,18064801.941617496,5515147.6406222265,0,0,1,21,8,2,1,0,1877,5243.0,17943537.16162992,5103.0,17618645.304611277,4986.0,16934056.13336626,4839.0,16575375.418736065,5317.714285714285,305.5512582670323,18225258.10438266,5285.571428571428,304.93018476758226,18109952.11308794,5207.5,313.8845624087261,17855474.568396162
2023-02-22,5131,17767327.775895383,5418721.520458457,0,0,2,22,8,2,1,0,1878,5230.0,18064801.941617496,5130.0,17398598.37878614,5058.0,17629832.391956627,4849.0,16488650.282063955,5335.857142857143,294.2382416633464,18288994.76681212,5303.0,293.23972865475065,18190719.67082017,5221.464285714285,305.46800549476717,17908668.37278479
2023-02-23,5162,17895991.540576294,5457057.0909209,0,0,3,23,8,2,1,0,1879,5131.0,17767327.775895383,5138.0,17499899.788118824,5127.0,17405726.40885867,5345.0,18331840.157558218,5336.0,294.12185683260884,18341670.394970585,5308.214285714285,289.16888293368623,18200540.769672938,5231.535714285715,297.27172781603156,17954335.42613591
2023-02-24,5163,17826797.466836516,5479231.701325056,0,0,4,24,8,2,1,0,1880,5162.0,17895991.540576294,5094.0,17491259.80008028,5055.0,17217913.31134313,4861.0,16719798.07074313,5339.428571428572,291.5578028126624,18398254.931035932,5310.714285714285,287.62888176667263,18235559.70765277,5225.0,296.695878711591,17938769.404100843
2023-02-25,5816,19919893.657100245,6101777.952859272,0,0,5,25,8,2,1,1,1881,5163.0,17826797.466836516,5798.0,19848391.005913075,5814.0,19939893.776654866,5476.0,18597692.89967187,5349.285714285715,282.91560242452675,18446188.883429684,5318.428571428572,281.6287010847754,18279051.433045153,5235.785714285715,288.34513233955215,17978305.096818462
2023-02-26,5796,19995371.865177263,6103761.857873686,0,0,6,26,8,2,1,1,1882,5816.0,19919893.657100245,5718.0,19776475.29153909,5621.0,19358287.530558158,5506.0,19041135.53979433,5351.857142857143,287.7148058821518,18456403.547884993,5318.571428571428,281.8997951497429,18277622.85307697,5247.928571428572,305.4853974289546,18025526.552440904
2023-02-27,5284,18004077.4966562,5474517.929812453,0,0,0,27,9,2,1,0,1883,5796.0,19995371.865177263,5243.0,17943537.16162992,5113.0,17476813.29981484,5017.0,17212518.0693703,5363.0,305.2354282626138,18487674.486976158,5331.071428571428,299.6619799003103,18323128.876978334,5258.285714285715,319.1686953393993,18059606.42120458
2023-02-28,5217,18004524.705158696,5494213.24475464,0,0,1,28,9,2,1,0,1884,5284.0,18004077.4966562,5230.0,18064801.941617496,5103.0,17618645.304611277,4818.0,16548152.205683611,5368.857142857143,302.93367182240416,18496323.10626563,5343.285714285715,293.5114802030069,18360790.60532414,5267.821428571428,315.6621557311624,18087876.400750507
2023-03-01,6302,19479883.81781378,4398662.695365864,400,0,2,1,9,3,1,0,1885,5217.0,18004524.705158696,5131.0,17767327.775895383,5130.0,17398598.37878614,4838.0,16505085.547991486,5367.0,303.9649102555445,18487712.0724858,5351.428571428572,287.85939791329304,18388353.419648957,5282.071428571428,303.3704407792925,18139889.704303186
2023-03-02,6382,19864707.37067477,4472710.176994033,400,0,3,2,9,3,1,0,1886,6302.0,19479883.81781378,5162.0,17895991.540576294,5138.0,17499899.788118824,4935.0,16896510.744833138,5534.285714285715,442.90808462768365,18732362.935617,5435.142857142857,375.5674388160759,18537016.66529379,5334.357142857143,347.0199283727491,18246132.499653984
2023-03-03,6212,19422679.73041076,4462653.83582088,400,0,4,3,9,3,1,0,1887,6382.0,19864707.37067477,5163.0,17826797.466836516,5094.0,17491259.80008028,5029.0,17288093.160383947,5708.571428571428,507.34598882906477,19013608.054202493,5524.0,441.27158914275907,18705931.492619213,5386.035714285715,390.38001259388375,18352139.522005472
2023-03-04,7069,21933394.30366823,4977299.570612071,400,0,5,4,9,3,1,1,1888,6212.0,19422679.73041076,5816.0,19919893.657100245,5798.0,19848391.005913075,5641.0,19538769.323545005,5858.428571428572,473.1088166383491,19241591.234713104,5603.857142857143,458.30219408034367,18843890.05907139,5428.285714285715,413.6319581770646,18428374.756649286
2023-03-05,7119,21928711.917955544,4893243.163610378,400,0,6,5,9,3,1,1,1889,7069.0,21933394.30366823,5796.0,19995371.865177263,5718.0,19776475.29153909,5606.0,19440934.084897734,6037.428571428572,656.047218103191,19529234.184222814,5694.642857142857,602.8199893503783,18992818.8660539,5479.285714285715,516.1587365044176,18513897.077367973
2023-03-06,6319,19465362.10390461,4489917.830045255,400,0,0,6,10,3,1,0,1890,7119.0,21928711.917955544,5284.0,18004077.4966562,5243.0,17943537.16162992,5052.0,17229402.82658868,6226.428571428572,757.6113465233559,19805425.620334,5794.714285714285,713.1804635758878,19146550.053655077,5533.321428571428,601.9777929687341,18602746.285691466
2023-03-07,6377,19679046.005156744,4419400.573337381,400,0,1,7,10,3,1,0,1891,6319.0,19465362.10390461,5217.0,18004524.705158696,5230.0,18064801.941617496,4986.0,16934056.13336626,6374.285714285715,633.9315720921428,20014180.564226627,5871.571428571428,707.1030513826577,19255251.835246127,5578.571428571428,611.9935504726338,18682601.974167034
2023-03-08,5274,18219137.485725563,5553377.764709608,0,0,2,8,10,3,1,0,1892,6377.0,19679046.005156744,6302.0,19479883.81781378,5131.0,17767327.775895383,5058.0,17629832.391956627,6540.0,382.9020762544579,20253397.892797776,5953.5,693.3643453369597,19370554.982641786,5628.25,618.5322905430551,18780637.326730978
2023-03-09,5409,18543996.897422243,5675135.635439687,0,0,3,9,10,3,1,0,1893,5274.0,18219137.485725563,6382.0,19864707.37067477,5162.0,17895991.540576294,5127.0,17405726.40885867,6393.142857142857,615.7416743438653,20073291.273928028,5963.714285714285,681.2633545419076,19402827.104772516,5635.964285714285,612.4740648866072,18801683.937222727
2023-03-10,5403,18605938.462796465,5681141.86164633,0,0,4,10,10,3,1,0,1894,5409.0,18543996.897422243,6212.0,19422679.73041076,5163.0,17826797.466836516,5055.0,17217913.31134313,6254.142857142857,719.7213415786618,19884618.34917767,5981.357142857143,661.8250532420442,19449113.20169008,5646.035714285715,606.0799655187162,18842336.454671424
2023-03-11,5996,20704976.520604715,6364850.823031992,0,0,5,11,10,3,1,1,1895,5403.0,18605938.462796465,7069.0,21933394.30366823,5816.0,19919893.657100245,5814.0,19939893.776654866,6138.571428571428,789.2151918504866,19767941.02523277,5998.5,641.802479799553,19504766.12997294,5658.464285714285,597.0112898084286,18891908.781509046
2023-03-12,5945,20581611.515918408,6317838.783929015,0,0,6,12,10,3,1,1,1896,5996.0,20704976.520604715,7119.0,21928711.917955544,5796.0,19995371.865177263,5621.0,19358287.530558158,5985.285714285715,674.2053876689866,19592452.770509414,6011.357142857143,639.6646485755598,19560843.477366112,5664.964285714285,599.7518920441814,18919233.16522154
2023-03-13,5465,18873501.17062352,5804745.382255963,0,0,0,13,11,3,1,0,1897,5945.0,20581611.515918408,6319.0,19465362.10390461,5284.0,18004077.4966562,5113.0,17476813.29981484,5817.571428571428,455.8391006860558,19400009.85593268,6022.0,637.0400301393399,19602717.738133337,5676.535714285715,601.9936312043304,18962923.307555836
2023-03-14,5407,18656619.602106825,5672880.863299144,0,0,1,14,11,3,1,0,1898,5465.0,18873501.17062352,6377.0,19679046.005156744,5217.0,18004524.705158696,5103.0,17618645.304611277,5695.571428571428,411.3845958641064,19315458.29403538,6034.928571428572,622.5830144567391,19664819.429131005,5689.107142857143,593.4035750735297,19012805.01722757
2023-03-15,5441,18674740.13734929,5710732.711070312,0,0,2,15,11,3,1,0,1899,5407.0,18656619.602106825,5274.0,18219137.485725563,6302.0,19479883.81781378,5130.0,17398598.37878614,5557.0,288.6572361815839,19169397.379313964,6048.5,605.2102940300417,19711397.636055868,5699.964285714285,585.0043673241705,19049875.527852412
2023-03-16,5436,18555645.269061312,5685290.445507811,0,0,3,16,11,3,1,0,1900,5441.0,18674740.13734929,5409.0,18543996.897422243,6382.0,19864707.37067477,5138.0,17499899.788118824,5580.857142857143,267.49481525903735,19234483.472403068,5987.0,621.00885661956,19653887.373165548,5711.071428571428,576.675075633702,19095452.01922967
2023-03-17,5420,18677547.406696912,5713534.560452515,0,0,4,17,11,3,1,0,1901,5436.0,18555645.269061312,5403.0,18605938.462796465,6212.0,19422679.73041076,5094.0,17491259.80008028,5584.714285714285,264.7846384552832,19236147.525494363,5919.428571428572,626.1684111489627,19560382.937336016,5721.714285714285,568.397478109893,19133157.214977615
2023-03-18,6008,20798785.70286369,6321753.757176543,0,0,5,18,11,3,1,1,1902,5420.0,18677547.406696912,5996.0,20704976.520604715,7069.0,21933394.30366823,5798.0,19848391.005913075,5587.142857142857,262.9115368150786,19246377.374622997,5862.857142857143,633.4372480780461,19507159.199927885,5733.357142857143,558.3127501536392,19175524.62949964
2023-03-19,6047,20797000.40442685,6354512.872954263,0,0,6,19,11,3,1,1,1903,6008.0,20798785.70286369,5945.0,20581611.515918408,7119.0,21928711.917955544,5718.0,19776475.29153909,5588.857142857143,266.04224512371417,19259778.686374277,5787.071428571428,533.6401069411942,19426115.728441846,5740.857142857143,560.6190172832843,19209467.297247875
2023-03-20,5535,18955609.59991538,5815358.895809643,0,0,0,20,12,3,1,0,1904,6047.0,20797000.40442685,5465.0,18873501.17062352,6319.0,19465362.10390461,5243.0,17943537.16162992,5603.428571428572,290.47137388666897,19290548.527589772,5710.5,383.6542413723938,19345279.191761225,5752.607142857143,563.5622374703954,19245914.62270815
2023-03-21,5407,18932029.792573243,5819283.476690057,0,0,1,21,12,3,1,0,1905,5535.0,18955609.59991538,5407.0,18656619.602106825,6377.0,19679046.005156744,5230.0,18064801.941617496,5613.428571428572,286.0832379703656,19302278.303202894,5654.5,343.0745041307629,19308868.29861914,5763.035714285715,556.4395066879844,19282060.06693263
2023-03-22,5548,18883216.84561942,5763299.557074149,0,0,2,22,12,3,1,0,1906,5407.0,18932029.792573243,5441.0,18674740.13734929,5274.0,18219137.485725563,5131.0,17767327.775895383,5613.428571428572,286.0832379703656,19341622.616126664,5585.214285714285,277.64730769896744,19255509.997720312,5769.357142857143,551.1398434010371,19313032.490181055
2023-03-23,5383,18559260.626313183,5738451.648059658,0,0,3,23,12,3,1,0,1907,5548.0,18883216.84561942,5436.0,18555645.269061312,5409.0,18543996.897422243,5162.0,17895991.540576294,5628.714285714285,278.0813515776051,19371405.003022403,5604.785714285715,263.30917146992095,19302944.237712733,5784.25,538.7460492250018,19352885.671242625
2023-03-24,5474,18943652.9994284,5833370.279698985,0,0,4,24,12,3,1,0,1908,5383.0,18559260.626313183,5420.0,18677547.406696912,5403.0,18605938.462796465,5163.0,17826797.466836516,5621.142857142857,284.8423122661598,19371921.48262981,5602.928571428572,264.8832730687329,19304034.504062086,5792.142857142857,530.8532415095123,19376573.852876086
2023-03-25,6161,21246737.015847307,6479076.436228427,0,0,5,25,12,3,1,1,1909,5474.0,18943652.9994284,6008.0,20798785.70286369,5996.0,20704976.520604715,5816.0,19919893.657100245,5628.857142857143,279.1614995967968,19409936.56730574,5608.0,261.41802656921135,19328156.97096437,5803.25,520.3517062027765,19416461.550468653
2023-03-26,6106,21267553.879397232,6518349.8652832005,0,0,6,26,12,3,1,1,1910,6161.0,21246737.015847307,6047.0,20797000.40442685,5945.0,20581611.515918408,5796.0,19995371.865177263,5650.714285714285,317.1932714112338,19473929.612017684,5619.785714285715,283.07818397346307,19366854.14919598,5815.571428571428,524.73100188441,19463848.813281048
2023-03-27,5480,18902536.260112736,5784301.081459503,0,0,0,27,13,3,1,0,1911,6106.0,21267553.879397232,5535.0,18955609.59991538,5465.0,18873501.17062352,5284.0,18004077.4966562,5659.142857142857,330.0037517824082,19541151.537013453,5631.285714285715,300.0667691265076,19415850.032301612,5826.642857142857,527.5654928123536,19509283.885217477
2023-03-28,5352,18543643.16883816,5656381.459123479,0,0,1,28,13,3,1,0,1912,5480.0,18902536.260112736,5407.0,18932029.792573243,5407.0,18656619.602106825,5217.0,18004524.705158696,5651.285714285715,334.0816837669504,19533569.63132736,5632.357142857143,299.4535040684211,19417923.96726513,5833.642857142857,521.3626174132271,19541371.69819807
2023-03-29,5451,18735340.496641383,5754500.114035896,0,0,2,29,13,3,1,0,1913,5352.0,18543643.16883816,5548.0,18883216.84561942,5441.0,18674740.13734929,6302.0,19479883.81781378,5643.428571428572,341.3521432689051,19478085.82793663,5628.428571428572,302.97745899537756,19409854.22203165,5838.464285714285,516.0459699694256,19560625.929043762
2023-03-30,5519,19152154.74657218,5862421.18082348,0,0,3,30,13,3,1,0,1914,5451.0,18735340.496641383,5383.0,18559260.626313183,5436.0,18555645.269061312,6382.0,19864707.37067477,5629.571428571428,347.7800344771706,19456960.635225482,5629.142857142857,302.513027600609,19414182.819123946,5808.071428571428,512.7844055359319,19534035.096144747
2023-03-31,5506,18998751.86987837,5820648.5827659005,0,0,4,31,13,3,1,0,1915,5519.0,19152154.74657218,5474.0,18943652.9994284,5420.0,18677547.406696912,6212.0,19422679.73041076,5649.0,335.28395925442453,19541659.795262486,5635.071428571428,299.23221347704566,19456790.638946146,5777.25,502.8497032653663,19508586.78814108
2023-04-01,6237,21466541.21069299,6586353.92565966,0,0,5,1,13,4,2,1,1916,5506.0,18998751.86987837,6161.0,21246737.015847307,6008.0,20798785.70286369,7069.0,21933394.30366823,5653.571428571428,332.7085096310907,19549531.062469628,5641.214285714285,295.3347979109423,19479733.81488768,5752.035714285715,497.91896426380276,19493446.507407784
2023-04-02,6209,21539260.4687736,6642990.27435388,0,0,6,2,13,4,2,1,1917,6237.0,21466541.21069299,6106.0,21267553.879397232,6047.0,20797000.40442685,7119.0,21928711.917955544,5664.428571428572,352.66833197912933,19580931.661733296,5657.571428571428,322.32060348126174,19527430.636875488,5722.321428571428,437.58605956291956,19476773.18265867
2023-04-03,5541,18865743.711336862,5751909.752362823,0,0,0,3,14,4,2,0,1918,6209.0,21539260.4687736,5480.0,18902536.260112736,5535.0,18955609.59991538,6319.0,19465362.10390461,5679.142857142857,375.56776067326587,19619746.888787057,5669.142857142857,339.8100956399821,19580449.212900255,5689.821428571428,356.24440773480495,19462864.202330742
2023-04-04,5580,19271040.186583187,5927988.961122409,0,0,1,4,14,4,2,0,1919,5541.0,18865743.711336862,5352.0,18543643.16883816,5407.0,18932029.792573243,6377.0,19679046.005156744,5687.857142857143,370.85506089369295,19614490.810390506,5669.571428571428,339.6316362643518,19574030.22085893,5662.035714285715,335.06422625263946,19441449.259739038
2023-04-05,5538,19180036.825278178,5888721.986518461,0,0,2,5,14,4,2,0,1920,5580.0,19271040.186583187,5451.0,18735340.496641383,5548.0,18883216.84561942,5274.0,18219137.485725563,5720.428571428572,345.5931409151618,19718404.670068365,5681.928571428572,332.4138903617694,19598245.249002505,5633.571428571428,304.5401425308214,19426877.62336141
2023-04-06,5458,18788180.771477435,5791982.119326469,0,0,3,6,14,4,2,0,1921,5538.0,19180036.825278178,5519.0,19152154.74657218,5383.0,18559260.626313183,5409.0,18543996.897422243,5732.857142857143,335.7118946216589,19781932.71701648,5681.214285714285,332.7344005639232,19619446.676120985,5643.0,296.98858938049574,19461195.456916858
2023-04-07,5523,19068632.03231855,5873892.171371234,0,0,4,7,14,4,2,0,1922,5458.0,18788180.771477435,5506.0,18998751.86987837,5474.0,18943652.9994284,5403.0,18605938.462796465,5724.142857142857,342.9030128045888,19729936.434860088,5686.571428571428,328.13569291831794,19635798.115061287,5644.75,295.7002517565437,19469916.30956169
2023-04-08,6173,21474541.83673642,6587688.906460525,0,0,5,8,14,4,2,1,1923,5523.0,19068632.03231855,6237.0,21466541.21069299,6161.0,21246737.015847307,5996.0,20704976.520604715,5726.571428571428,341.1562970950512,19739919.315208685,5690.071428571428,325.9479581597696,19644725.188839156,5649.035714285715,292.92325908722256,19486441.07990176
2023-04-09,6154,21468109.921996955,6555067.074241188,0,0,6,9,14,4,2,1,1924,6173.0,21474541.83673642,6209.0,21539260.4687736,6106.0,21267553.879397232,5945.0,20581611.515918408,5717.428571428572,325.7048035378155,19741062.26178632,5690.928571428572,327.29461305712806,19660996.961759806,5655.357142857143,302.4434093727456,19513925.555477895
2023-04-10,5630,19284695.384985037,5895474.1689389935,0,0,0,10,15,4,2,0,1925,6154.0,21468109.921996955,5541.0,18865743.711336862,5480.0,18902536.260112736,5465.0,18873501.17062352,5709.571428571428,312.25569498026323,19730897.897961084,5694.357142857143,332.191929495479,19675322.393374074,5662.821428571428,312.2757629346157,19545586.21283784
2023-04-11,5621,19649274.457195222,6047808.477759122,0,0,1,11,15,4,2,0,1926,5630.0,19284695.384985037,5580.0,19271040.186583187,5352.0,18543643.16883816,5407.0,18656619.602106825,5722.285714285715,305.9971210570877,19790748.13705368,5705.071428571428,327.1267607249035,19702619.473722097,5668.714285714285,309.95266749078024,19560271.72049361
2023-04-12,5460,18693078.137262207,5740035.052239364,0,0,2,12,15,4,2,0,1927,5621.0,19649274.457195222,5538.0,19180036.825278178,5451.0,18735340.496641383,5441.0,18674740.13734929,5728.142857142857,303.1992901109719,19844781.60428397,5724.285714285715,312.3601049506559,19781593.137176167,5676.357142857143,305.8718218936903,19595723.67960391
2023-04-13,5565,19230712.638738714,5868263.726931364,0,0,3,13,15,4,2,0,1928,5460.0,18693078.137262207,5458.0,18788180.771477435,5519.0,19152154.74657218,5436.0,18555645.269061312,5717.0,312.6382360919001,19775216.07742455,5724.928571428572,311.7630915850606,19778574.397220515,5677.035714285715,305.35097985672957,19596378.60817223
2023-04-14,5449,18878730.476360425,5783938.160320553,0,0,4,14,15,4,2,0,1929,5565.0,19230712.638738714,5523.0,19068632.03231855,5506.0,18998751.86987837,5420.0,18677547.406696912,5732.285714285715,300.23419430264624,19838434.91560473,5728.214285714285,309.6611494399594,19784185.67523241,5681.642857142857,302.5397695664259,19620488.15708928
2023-04-15,6294,21733886.32358214,6684635.413262564,0,0,5,15,15,4,2,1,1930,5449.0,18878730.476360425,6173.0,21474541.83673642,6237.0,21466541.21069299,6008.0,20798785.70286369,5721.714285714285,309.97618956175654,19811306.121896423,5724.142857142857,313.162493368374,19775612.718552556,5682.678571428572,301.6592452827265,19627673.26672012
2023-04-16,6140,21050903.871795014,6481601.14512809,0,0,6,16,15,4,2,1,1931,6294.0,21733886.32358214,6154.0,21468109.921996955,6209.0,21539260.4687736,6047.0,20797000.40442685,5739.0,341.14317619828523,19848355.334302958,5728.214285714285,320.6246735961391,19794708.79804464,5692.892857142857,317.5083946729982,19661069.717460062
2023-04-17,5574,19371095.317953,5978372.979253842,0,0,0,17,16,4,2,0,1932,6140.0,21050903.871795014,5630.0,19284695.384985037,5541.0,18865743.711336862,5535.0,18955609.59991538,5737.0,338.33415435038137,19788754.469988395,5723.285714285715,313.10785277996007,19759826.18397474,5696.214285714285,321.8072067354489,19670137.6984375
2023-04-18,5490,18747628.806656644,5734641.16381478,0,0,1,18,16,4,2,0,1933,5574.0,19371095.317953,5621.0,19649274.457195222,5580.0,19271040.186583187,5407.0,18932029.792573243,5729.0,341.92884249989964,19801097.31755525,5725.642857142857,311.75128329697725,19795922.727304462,5697.607142857143,321.1673544691509,19684976.4740817
2023-04-19,5651,19441342.795651045,5991754.582417616,0,0,2,19,16,4,2,0,1934,5490.0,18747628.806656644,5460.0,18693078.137262207,5538.0,19180036.825278178,5548.0,18883216.84561942,5710.285714285715,352.2540344153533,19672290.796049736,5719.214285714285,315.8860988908461,19758536.200166855,5700.571428571428,318.7597991024011,19678390.724584676
2023-04-20,5531,18981704.360213123,5810807.981460758,0,0,3,20,16,4,2,0,1935,5651.0,19441342.795651045,5565.0,19230712.638738714,5458.0,18788180.771477435,5383.0,18559260.626313183,5737.571428571428,336.6892024517667,19779185.74724814,5727.285714285715,312.3231631526994,19777200.912336342,5704.25,317.5258082249101,19698323.794228666
2023-04-21,5648,19542006.62045994,5990077.370057116,0,0,4,21,16,4,2,0,1936,5531.0,18981704.360213123,5449.0,18878730.476360425,5523.0,19068632.03231855,5474.0,18943652.9994284,5732.714285714285,339.82432436269073,19743613.136030197,5732.5,308.0618694102932,19791024.02581746,5709.535714285715,313.1821718286598,19713411.070439372
2023-04-22,6202,21287939.64341481,6471645.979084046,0,0,5,22,16,4,2,1,1937,5648.0,19542006.62045994,6294.0,21733886.32358214,6173.0,21474541.83673642,6161.0,21246737.015847307,5761.142857142857,319.8720726433148,19838366.87090156,5741.428571428572,303.29744585025645,19824836.496398993,5715.75,310.04606885882004,19734780.842619073
2023-04-23,6214,21381714.17006135,6556256.02381149,0,0,6,23,16,4,2,1,1938,6202.0,21287939.64341481,6140.0,21050903.871795014,6154.0,21468109.921996955,6106.0,21267553.879397232,5748.0,295.2733197112818,19774660.20230623,5743.5,306.55323292265746,19811507.76830459,5717.214285714285,312.31529144413435,19736252.3650322
2023-04-24,5638,19339603.735260364,5939188.545608451,0,0,0,24,17,4,2,0,1939,6214.0,21381714.17006135,5574.0,19371095.317953,5630.0,19284695.384985037,5480.0,18902536.260112736,5758.571428571428,312.47072243802245,19821918.816344272,5747.785714285715,313.0834684899643,19805336.643166333,5721.071428571428,317.9114631665421,19740329.518270202
2023-04-25,5640,19416726.70564569,6024375.5730395205,0,0,1,25,17,4,2,0,1940,5638.0,19339603.735260364,5490.0,18747628.806656644,5621.0,19649274.457195222,5352.0,18543643.16883816,5767.714285714285,307.0595568103336,19817420.01881675,5748.357142857143,312.85917381037564,19809258.668186,5726.714285714285,314.8616224150451,19755939.070954047
2023-04-26,5648,19518601.60766509,5963609.008723681,0,0,2,26,17,4,2,0,1941,5640.0,19416726.70564569,5651.0,19441342.795651045,5460.0,18693078.137262207,5451.0,18735340.496641383,5789.142857142857,289.1611019088313,19913005.432958044,5749.714285714285,312.30493692274825,19792648.11450389,5737.0,306.76737476826827,19787120.62584003
2023-04-27,5618,19145193.112282157,5845898.446588278,0,0,3,27,17,4,2,0,1942,5648.0,19518601.60766509,5531.0,18981704.360213123,5565.0,19230712.638738714,5519.0,19152154.74657218,5788.714285714285,289.4020929927047,19924042.406102907,5763.142857142857,302.78625544014346,19851614.076675527,5744.035714285715,302.1899674956454,19815094.23694802
2023-04-28,5591,19084713.234596293,5832151.0897927,0,0,4,28,17,4,2,0,1943,5618.0,19145193.112282157,5648.0,19542006.62045994,5449.0,18878730.476360425,5506.0,18998751.86987837,5801.142857142857,278.13871153999634,19947397.942112774,5766.928571428572,300.44056478275377,19845505.53907149,5747.571428571428,300.03091551462325,19814845.607151948
2023-04-29,6194,21396488.95076911,6531656.744862949,0,0,5,29,17,4,2,1,1944,5591.0,19084713.234596293,6202.0,21287939.64341481,6294.0,21733886.32358214,6237.0,21466541.21069299,5793.0,284.139050466469,19882070.31556082,5777.071428571428,291.1345087717166,19860218.59323119,5750.607142857143,297.9187484664625,19817915.655891873
2023-04-30,6187,21497278.84112394,6597879.511077756,0,0,6,30,17,4,2,1,1945,6194.0,21396488.95076911,6214.0,21381714.17006135,6140.0,21050903.871795014,6209.0,21539260.4687736,5791.857142857143,282.22947434749403,19897577.35946858,5769.928571428572,278.4256465544932,19836118.780887403,5749.071428571428,295.4189653345868,19815413.78946602
2023-05-01,5608,19347089.725871462,5923578.665838746,0,0,0,1,18,5,2,0,1946,6187.0,21497278.84112394,5638.0,19339603.735260364,5574.0,19371095.317953,5541.0,18865743.711336862,5788.0,275.60539423842926,19914086.598191805,5773.285714285715,283.4687416144401,19868002.70726804,5748.285714285715,294.1770513927459,19813914.44562139
2023-05-02,5519,18920886.484693337,5804244.296962291,0,0,1,2,18,5,2,0,1947,5608.0,19347089.725871462,5640.0,19416726.70564569,5490.0,18747628.806656644,5580.0,19271040.186583187,5783.714285714285,278.54425996938363,19915156.025421966,5775.714285714285,281.7706182671073,19866288.022119362,5750.678571428572,292.697297001442,19831105.37471191
2023-05-03,5535,19092267.77570636,5894819.687245166,0,0,2,3,18,5,2,0,1948,5519.0,18920886.484693337,5648.0,19518601.60766509,5651.0,19441342.795651045,5538.0,19180036.825278178,5766.428571428572,292.3609966820806,19844321.708143055,5777.785714285715,279.60691599542724,19878663.570550554,5748.5,294.2376842194207,19818599.8853587
2023-05-04,5631,19355001.90102681,5966984.004786174,0,0,3,4,18,5,2,0,1949,5535.0,19092267.77570636,5618.0,19145193.112282157,5531.0,18981704.360213123,5458.0,18788180.771477435,5750.285714285715,302.9189739218926,19783416.8750061,5769.5,285.31352525293056,19853729.6405545,5748.392857142857,294.317709323032,19815465.276445422
2023-05-05,5690,19584662.33954604,5977481.013599025,0,0,4,5,18,5,2,0,1950,5631.0,19355001.90102681,5591.0,19084713.234596293,5648.0,19542006.62045994,5523.0,19068632.03231855,5752.142857142857,302.011273835592,19813389.55911247,5776.642857142857,280.08724111838643,19880393.75061262,5754.571428571428,289.77659703721554,19835708.888215043
2023-05-06,6308,21679691.59315033,6670049.873520903,0,0,5,6,18,5,2,1,1951,5690.0,19584662.33954604,6194.0,21396488.95076911,6202.0,21287939.64341481,6173.0,21474541.83673642,5766.285714285715,295.45429104215975,19884810.859819584,5779.642857142857,278.8254505386447,19883440.5876902,5760.535714285715,286.534269444564,19854138.5420446
2023-05-07,6349,22051000.6737292,6761887.551222783,0,0,6,7,18,5,2,1,1952,6308.0,21679691.59315033,6187.0,21497278.84112394,6214.0,21381714.17006135,6154.0,21468109.921996955,5782.571428571428,324.6582085531478,19925268.380159754,5787.214285714285,292.2907347596216,19911422.869814165,5765.357142857143,294.7497638343678,19861465.31905938
2023-05-08,5646,19415683.62719544,6029844.163056926,0,0,0,8,19,5,2,0,1953,6349.0,22051000.6737292,5608.0,19347089.725871462,5638.0,19339603.735260364,5630.0,19284695.384985037,5805.714285714285,361.9271171040166,20004371.499103364,5796.857142857143,309.1919635592355,19959229.048647583,5772.321428571428,306.3481502366733,19882282.84590696
2023-05-09,5729,19571518.40123512,5996223.527008997,0,0,1,9,19,5,2,0,1954,5646.0,19415683.62719544,5519.0,18920886.484693337,5640.0,19416726.70564569,5621.0,19649274.457195222,5811.142857142857,358.73826511417656,20014170.627863932,5797.428571428572,308.8830284665548,19964663.32664295,5772.892857142857,306.0876586239584,19886960.997414473
2023-05-10,5597,19245414.277015585,5921741.279904161,0,0,2,10,19,5,2,0,1955,5729.0,19571518.40123512,5535.0,19092267.77570636,5648.0,19518601.60766509,5460.0,18693078.137262207,5841.142857142857,338.4422297189413,20107118.044512756,5803.785714285715,306.29879292840087,19975719.876327906,5776.75,304.7803854143593,19884183.9954159
2023-05-11,5582,19139936.348731916,5907711.606312585,0,0,3,11,19,5,2,0,1956,5597.0,19245414.277015585,5631.0,19355001.90102681,5618.0,19145193.112282157,5565.0,19230712.638738714,5850.0,329.79589647738027,20128996.11612836,5800.142857142857,308.58881208656936,19956206.49556723,5781.642857142857,300.57774175073376,19903910.286121376
2023-05-12,5530,19211851.237583064,5947950.4229270285,0,0,4,12,19,5,2,0,1957,5582.0,19139936.348731916,5690.0,19584662.33954604,5591.0,19084713.234596293,5449.0,18878730.476360425,5843.0,335.68636155393483,20098272.46580052,5797.571428571428,310.3681967959392,19955831.0124565,5782.25,300.1407848672564,19900668.27576399
2023-05-13,6268,21611912.02587232,6663788.463980566,0,0,5,13,19,5,2,1,1958,5530.0,19211851.237583064,6308.0,21679691.59315033,6194.0,21396488.95076911,6294.0,21733886.32358214,5820.142857142857,352.84908415704064,20045013.736948665,5793.214285714285,313.89934167379556,19964912.298384123,5785.142857142857,297.1856526976093,19912565.445807654
2023-05-14,6271,21568674.50982393,6606850.792860092,0,0,6,14,19,5,2,1,1959,6268.0,21611912.02587232,6349.0,22051000.6737292,6187.0,21497278.84112394,6140.0,21050903.871795014,5814.428571428572,343.840494581822,20035330.941623237,5798.5,321.6935354793067,19980299.660891496,5784.214285714285,295.5730601093844,19908209.22088945
2023-05-15,5632,19190429.638616487,5863789.924456693,0,0,0,15,20,5,2,0,1960,6271.0,21568674.50982393,5646.0,19415683.62719544,5608.0,19347089.725871462,5574.0,19371095.317953,5803.285714285715,324.3402093921718,19966427.20392248,5804.5,330.1686631916951,19985399.35151292,5788.892857142857,302.37189993947464,19926701.02939048
2023-05-16,5615,19396949.378859576,5944973.575300797,0,0,1,16,20,5,2,0,1961,5632.0,19190429.638616487,5729.0,19571518.40123512,5519.0,18920886.484693337,5490.0,18747628.806656644,5801.285714285715,325.51278228136897,19934248.062696915,5806.214285714285,329.1305980145196,19974209.34528042,5790.964285714285,301.0409695438598,19920248.683699895
2023-05-17,5541,19099305.12423158,5828126.799338758,0,0,2,17,20,5,2,0,1962,5615.0,19396949.378859576,5597.0,19245414.277015585,5535.0,19092267.77570636,5651.0,19441342.795651045,5785.0,332.5086465040973,19909309.630928986,5813.071428571428,323.64069922947965,20008213.83772087,5795.428571428572,297.316320959658,19943438.70413571
2023-05-18,5655,19430484.06904863,5914839.192536355,0,0,3,18,20,5,2,0,1963,5541.0,19099305.12423158,5582.0,19139936.348731916,5631.0,19355001.90102681,5531.0,18981704.360213123,5777.0,338.40705272396474,19888436.894816983,5813.5,323.24788059264455,20008716.505472668,5791.5,300.0099381069812,19931223.073013585
2023-05-19,5598,19209218.44915206,5882225.184105232,0,0,4,19,20,5,2,0,1964,5655.0,19430484.06904863,5530.0,19211851.237583064,5690.0,19584662.33954604,5648.0,19542006.62045994,5787.428571428572,332.46897456395203,19929943.712005083,5815.214285714285,322.2677287767628,20014108.0889028,5795.928571428572,296.92147965305026,19947250.919757713
2023-05-20,6293,21544520.255204767,6605975.4791946495,0,0,5,20,20,5,2,1,1965,5598.0,19209218.44915206,6268.0,21611912.02587232,6308.0,21679691.59315033,6202.0,21287939.64341481,5797.142857142857,324.5938121054211,19929567.599372085,5808.642857142857,325.93453970969193,19987290.668160375,5794.142857142857,297.9925072741362,19935365.627925288
2023-05-21,6300,21791931.50830213,6724345.316770453,0,0,6,21,20,5,2,1,1966,6293.0,21544520.255204767,6271.0,21568674.50982393,6349.0,22051000.6737292,6214.0,21381714.17006135,5800.714285714285,330.71776198932014,19919940.203562435,5807.571428571428,324.1867254638561,19977635.572592832,5797.392857142857,303.0586472133493,19944529.2212035
2023-05-22,5578,19243822.25047757,5943452.937902117,0,0,0,22,21,5,2,0,1967,6300.0,21791931.50830213,5632.0,19190429.638616487,5646.0,19415683.62719544,5638.0,19339603.735260364,5804.857142857143,337.6987950681238,19951834.06048789,5804.071428571428,318.0990325440166,19959130.632205185,5800.464285714285,307.8353915761959,19959179.840426385
2023-05-23,5569,19145623.755749702,5865207.98963549,0,0,1,23,21,5,2,0,1968,5578.0,19243822.25047757,5615.0,19396949.378859576,5729.0,19571518.40123512,5640.0,19416726.70564569,5797.142857142857,342.8825982613623,19959461.576468043,5799.214285714285,321.2023514070152,19946854.81958248,5798.321428571428,309.2139441026307,19955759.073112715
2023-05-24,5644,19419056.549191423,5976827.475273133,0,0,2,24,21,5,2,0,1969,5569.0,19145623.755749702,5541.0,19099305.12423158,5597.0,19245414.277015585,5648.0,19518601.60766509,5790.571428571428,347.36669248447777,19923557.916023772,5787.785714285715,326.692322570212,19916433.77347638,5795.785714285715,310.847152763129,19946076.824902143
2023-05-25,5542,19156528.809962437,5866582.059281973,0,0,3,25,21,5,2,0,1970,5644.0,19419056.549191423,5655.0,19430484.06904863,5582.0,19139936.348731916,5618.0,19145193.112282157,5805.285714285715,337.06167303411684,19969236.69101804,5791.142857142857,324.81707447127457,19928836.792917512,5795.642857142857,310.91849763129864,19942521.64424237
2023-05-26,5512,18806606.252980623,5710958.688916582,0,0,4,26,21,5,2,0,1971,5542.0,19156528.809962437,5598.0,19209218.44915206,5530.0,19211851.237583064,5591.0,19084713.234596293,5789.142857142857,347.98775293171303,19930100.2254343,5788.285714285715,326.96704810943316,19930021.96871969,5792.928571428572,312.85245943679763,19942926.490588095
2023-05-27,6166,21135400.632401835,6478382.646971164,0,0,5,27,21,5,2,1,1972,5512.0,18806606.252980623,6293.0,21544520.255204767,6268.0,21611912.02587232,6194.0,21396488.95076911,5776.857142857143,357.2554774814,19872584.19740981,5787.0,328.0942641281497,19901075.898390945,5790.107142857143,315.0892100936688,19932994.098387536
2023-05-28,6381,22035686.858317576,6725905.096061931,0,0,6,28,21,5,2,1,1973,6166.0,21135400.632401835,6300.0,21791931.50830213,6271.0,21568674.50982393,6187.0,21497278.84112394,5758.714285714285,328.7637015069618,19814138.53700939,5779.714285714285,317.5547023914704,19867039.37028591,5789.107142857143,313.8016995074253,19923669.5155887
2023-05-29,5540,19087186.402539585,5906516.409898219,0,0,0,29,22,5,2,0,1974,6381.0,22035686.858317576,5578.0,19243822.25047757,5632.0,19190429.638616487,5608.0,19347089.725871462,5770.285714285715,351.62134666222767,19848960.729868736,5787.571428571428,331.6916348949526,19900397.395178314,5796.035714285715,324.85922673638015,19942898.373345617
2023-05-30,5513,18997385.469805416,5852518.946031658,0,0,1,30,22,5,2,0,1975,5540.0,19087186.402539585,5569.0,19145623.755749702,5615.0,19396949.378859576,5519.0,18920886.484693337,5764.857142857143,355.3582364184955,19826584.180163313,5781.0,335.8955881725636,19893022.87831568,5793.607142857143,326.56668983539123,19933616.11179805
2023-05-31,5487,18996929.51539989,5807548.7156622205,0,0,2,31,22,5,2,0,1976,5513.0,18997385.469805416,5644.0,19419056.549191423,5541.0,19099305.12423158,5535.0,19092267.77570636,5756.857142857143,361.0865217513158,19805407.28217127,5773.714285714285,340.8429434326884,19864482.599097524,5793.392857142857,326.75546857455646,19936348.2184092
2023-06-01,5607,19313035.636814483,5933638.089406213,0,0,3,1,22,6,2,0,1977,5487.0,18996929.51539989,5542.0,19156528.809962437,5655.0,19430484.06904863,5631.0,19355001.90102681,5734.428571428572,373.91302782992204,19745103.420201056,5769.857142857143,343.97022615840376,19857170.055609547,5791.678571428572,328.2836458253653,19932943.28054111
2023-06-02,5464,18851547.286669765,5793618.380874085,0,0,4,2,22,6,2,0,1978,5607.0,19313035.636814483,5512.0,18806606.252980623,5598.0,19209218.44915206,5690.0,19584662.33954604,5743.714285714285,369.1141261117293,19767461.538322773,5766.428571428572,345.4392330587406,19848780.881878536,5790.821428571428,328.7497138228658,19931444.485390667
2023-06-03,6173,21235775.702890374,6511466.724949586,0,0,5,3,22,6,2,1,1979,5464.0,18851547.286669765,6166.0,21135400.632401835,6293.0,21544520.255204767,6308.0,21679691.59315033,5736.857142857143,374.54213317569116,19773881.68599265,5756.857142857143,352.2542475897242,19823232.94170123,5782.75,334.0484135459777,19905261.804930802
2023-06-04,6180,21138626.8892998,6485832.853198302,0,0,6,4,22,6,2,1,1980,6173.0,21235775.702890374,6381.0,22035686.858317576,6300.0,21791931.50830213,6349.0,22051000.6737292,5737.857142857143,375.8858109281733,19788220.981776726,5748.285714285715,339.43129554528804,19801179.75939306,5777.928571428572,327.08826859080034,19889407.665992945
2023-06-05,5480,18761193.31222293,5777981.020909305,0,0,0,5,23,6,2,0,1981,6180.0,21138626.8892998,5540.0,19087186.402539585,5578.0,19243822.25047757,5646.0,19415683.62719544,5709.142857142857,322.4455657271953,19660069.557631332,5739.714285714285,325.6634479314959,19754515.143750034,5771.892857142857,317.58117530805436,19856822.887977608
2023-06-06,5463,18927306.3318657,5809568.245031203,0,0,1,6,23,6,2,0,1982,5480.0,18761193.31222293,5513.0,18997385.469805416,5569.0,19145623.755749702,5729.0,19571518.40123512,5700.571428571428,328.4330764619696,19613499.116157524,5732.714285714285,330.4252338499353,19720041.64816042,5765.964285714285,321.5430945304284,19833448.233871453
2023-06-07,5641,19317171.27953608,5888230.79293619,0,0,2,7,23,6,2,0,1983,5463.0,18927306.3318657,5487.0,18996929.51539989,5644.0,19419056.549191423,5597.0,19245414.277015585,5693.428571428572,333.69390022535237,19603487.81073756,5725.142857142857,335.6385091004286,19704447.54645442,5756.464285714285,326.56591214261414,19810440.659965396
2023-06-08,5496,18842157.75483451,5781070.668312817,0,0,3,8,23,6,2,0,1984,5641.0,19317171.27953608,5607.0,19313035.636814483,5542.0,19156528.809962437,5582.0,19139936.348731916,5715.428571428572,322.7118720793216,19649236.63418559,5724.928571428572,335.6952519737983,19697170.02719332,5758.035714285715,325.87528654524414,19813003.410055418
2023-06-09,5493,19018832.07620238,5873371.762144355,0,0,4,9,23,6,2,0,1985,5496.0,18842157.75483451,5464.0,18851547.286669765,5512.0,18806606.252980623,5530.0,19211851.237583064,5699.571428571428,331.53424013356545,19581968.36533131,5721.642857142857,337.84170329233535,19674714.95182704,5754.964285714285,327.9942955853052,19802368.460273363
2023-06-10,6192,21149504.118461832,6490990.56348606,0,0,5,10,23,6,2,1,1986,5493.0,19018832.07620238,6173.0,21235775.702890374,6166.0,21135400.632401835,6268.0,21611912.02587232,5703.714285714285,328.2649916788157,19605866.192407396,5720.285714285715,338.78548433419394,19689873.93920002,5753.642857142857,329.007172530801,19795474.918795485
2023-06-11,6208,21527822.319805916,6604388.390097047,0,0,6,11,23,6,2,1,1987,6192.0,21149504.118461832,6180.0,21138626.8892998,6381.0,22035686.858317576,6271.0,21568674.50982393,5706.428571428572,332.8387282868494,19593541.68034618,5722.142857142857,341.47730122615343,19690881.331061453,5750.928571428572,324.8943906554218,19778960.35067368
2023-06-12,5538,19166136.200105306,5904988.449374945,0,0,0,12,24,6,2,0,1988,6208.0,21527822.319805916,5480.0,18761193.31222293,5540.0,19087186.402539585,5632.0,19190429.638616487,5710.428571428572,339.5785903846223,19649141.027561337,5709.785714285715,318.1333002111651,19654605.292596336,5748.678571428572,321.3582348086911,19777501.343887325
2023-06-13,5483,18940956.424260844,5790339.761004499,0,0,1,13,24,6,2,0,1989,5538.0,19166136.200105306,5463.0,18927306.3318657,5513.0,18997385.469805416,5615.0,19396949.378859576,5718.714285714285,333.6753483481002,19706990.011544533,5709.642857142857,318.215845261946,19660244.563851025,5745.321428571428,323.10851904485276,19776633.72108335
2023-06-14,5441,18671376.51570116,5717402.323097335,0,0,2,14,24,6,2,0,1990,5483.0,18940956.424260844,5641.0,19317171.27953608,5487.0,18996929.51539989,5541.0,19099305.12423158,5721.571428571428,331.1972509662587,19708940.024743836,5707.5,319.73925675093915,19656213.9177407,5740.607142857143,326.0301439466875,19760348.258419115
2023-06-15,5531,18941519.845730484,5834245.247530484,0,0,3,15,24,6,2,0,1991,5441.0,18671376.51570116,5496.0,18842157.75483451,5607.0,19313035.636814483,5655.0,19430484.06904863,5693.0,347.53033440740353,19616683.62991028,5704.214285714285,322.4047094929719,19632960.132047933,5737.035714285715,328.83334540099816,19745065.09382874
2023-06-16,5436,18667008.720254548,5733224.309822165,0,0,4,16,24,6,2,0,1992,5531.0,18941519.845730484,5493.0,19018832.07620238,5464.0,18851547.286669765,5598.0,19209218.44915206,5698.0,344.46189919929935,19630878.21432399,5698.785714285715,324.79844130241554,19606423.28982765,5732.607142857143,330.8081394589141,19727602.085853092
2023-06-17,6147,21109905.274379104,6505572.298165187,0,0,5,17,24,6,2,1,1993,5436.0,18667008.720254548,6192.0,21149504.118461832,6173.0,21235775.702890374,6293.0,21544520.255204767,5689.857142857143,350.73229514421865,19580617.734902866,5696.785714285715,326.43745509341204,19593241.963655137,5726.821428571428,334.6439847970376,19708237.45267818
2023-06-18,6024,20853870.136834346,6425466.657270754,0,0,6,18,24,6,2,1,1994,6147.0,21109905.274379104,6208.0,21527822.319805916,6180.0,21138626.8892998,6300.0,21791931.50830213,5683.428571428572,340.25032801494,19574960.757176764,5694.928571428572,323.58127365360946,19584251.21876147,5721.607142857143,326.53447884260146,19692715.489077266
2023-06-19,5467,18781613.16096344,5756503.808429063,0,0,0,19,25,6,2,0,1995,6024.0,20853870.136834346,5538.0,19166136.200105306,5480.0,18761193.31222293,5578.0,19243822.25047757,5657.142857142857,297.37710546901866,19478681.873895112,5683.785714285715,307.89837948236124,19563911.450728226,5711.75,312.2825910400073,19659213.29723913
2023-06-20,5249,18050236.211939327,5516271.28224378,0,0,1,20,25,6,2,0,1996,5467.0,18781613.16096344,5483.0,18940956.424260844,5463.0,18927306.3318657,5569.0,19145623.755749702,5647.0,303.27050631406473,19423750.01116056,5682.857142857143,308.5790902588946,19565370.011352547,5707.785714285715,314.73826364642804,19642705.82975648
2023-06-21,5482,18724253.140540525,5776892.420839834,0,0,2,21,25,6,2,0,1997,5249.0,18050236.211939327,5441.0,18671376.51570116,5641.0,19317171.27953608,5644.0,19419056.549191423,5613.571428571428,335.54028925641035,19296504.266543202,5667.571428571428,325.1623770188126,19502722.14564352,5696.357142857143,325.58724316233133,19603584.84604897
2023-06-22,5371,18496076.52392815,5683975.7280175,0,0,3,22,25,6,2,0,1998,5482.0,18724253.140540525,5531.0,18941519.845730484,5496.0,18842157.75483451,5542.0,19156528.809962437,5619.428571428572,332.36869946031635,19304058.070091683,5656.214285714285,328.9169122510863,19460370.85000098,5690.571428571428,327.9826585943511,19578770.43859715
2023-06-23,5393,18519479.495332785,5673630.954095512,0,0,4,23,25,6,2,0,1999,5371.0,18496076.52392815,5436.0,18667008.720254548,5493.0,19018832.07620238,5512.0,18806606.252980623,5596.571428571428,344.7350949849403,19240423.30983421,5647.285714285715,335.2364099399179,19435650.762079097,5684.464285714285,332.4136737998229,19555182.856953066
2023-06-24,6194,21141561.94755977,6480504.341285538,0,0,5,24,25,6,2,1,2000,5393.0,18519479.495332785,6147.0,21109905.274379104,6192.0,21149504.118461832,6166.0,21135400.632401835,5590.428571428572,348.43643951364015,19219347.70627395,5640.142857142857,339.81077475165085,19399982.720588412,5680.214285714285,335.44722575963556,19544928.32989422
2023-06-25,6003,20825692.27322934,6407153.4326194525,0,0,6,25,25,6,2,1,2001,6194.0,21141561.94755977,6024.0,20853870.136834346,6208.0,21527822.319805916,6381.0,22035686.858317576,5597.142857142857,361.16913331171173,19223870.088156905,5640.285714285715,340.0609512269898,19399415.422666837,5681.214285714285,336.9872354042382,19545148.376864143
2023-06-26,5390,18383270.75820285,5631538.921506727,0,0,0,26,26,6,2,0,2002,6003.0,20825692.27322934,5467.0,18781613.16096344,5538.0,19166136.200105306,5540.0,19087186.402539585,5594.142857142857,357.0968256049514,19219844.679070476,5625.642857142857,317.39313335177326,19349263.276482794,5667.714285714285,314.7529139267687,19501934.28453956
2023-06-27,5356,18353656.132298715,5640361.9456849545,0,0,1,27,26,6,2,0,2003,5390.0,18383270.75820285,5249.0,18050236.211939327,5483.0,18940956.424260844,5513.0,18997385.469805416,5583.142857142857,362.8063894013811,19162938.62153325,5615.071428571428,322.95283396649273,19293344.316346906,5662.357142857143,318.26406626103903,19476794.440098967
2023-06-28,5368,18402643.919350736,5645915.7569164345,0,0,2,28,26,6,2,0,2004,5356.0,18353656.132298715,5482.0,18724253.140540525,5441.0,18671376.51570116,5487.0,18996929.51539989,5598.428571428572,348.34793772071606,19206284.324441735,5606.0,328.68081313492195,19251394.295492467,5656.75,322.3496634953275,19453804.106616586
2023-06-29,5338,18616474.88158068,5769697.890953447,0,0,3,29,26,6,2,0,2005,5368.0,18402643.919350736,5371.0,18496076.52392815,5531.0,18941519.845730484,5607.0,19313035.636814483,5582.142857142857,357.24941267570097,19160340.14998605,5600.785714285715,332.0614351340028,19232199.11003887,5652.5,325.44027158660896,19432579.621043403
2023-06-30,5337,18415540.60153212,5662357.319232342,0,0,4,30,26,6,2,0,2006,5338.0,18616474.88158068,5393.0,18519479.495332785,5436.0,18667008.720254548,5464.0,18851547.286669765,5577.428571428572,360.7011030122812,19177539.91536498,5587.0,339.11286979632035,19208981.612599593,5642.892857142857,330.76021742127205,19407702.45121362
2023-07-01,6042,20915846.02086546,6467448.989292645,0,0,5,1,26,7,3,1,2007,5337.0,18415540.60153212,6194.0,21141561.94755977,6147.0,21109905.274379104,6173.0,21235775.702890374,5569.428571428572,366.0545756863901,19162691.501964886,5579.928571428572,343.50757785515316,19191019.60411942,5638.357142857143,334.1575603398358,19392130.783887275
2023-07-02,5934,20587106.91113473,6334394.279363603,0,0,6,2,26,7,3,1,2008,6042.0,20915846.02086546,6003.0,20825692.27322934,6024.0,20853870.136834346,6180.0,21138626.8892998,5547.714285714285,325.04087655026177,19130446.36957999,5572.428571428572,331.09601542230905,19177158.228868447,5633.678571428572,327.2402055316524,19380704.72381496
2023-07-03,5373,18326801.245508112,5657258.716315517,0,0,0,3,27,7,3,0,2009,5934.0,20587106.91113473,5390.0,18383270.75820285,5467.0,18781613.16096344,5480.0,18761193.31222293,5537.857142857143,309.6128919427196,19096362.746423613,5566.0,322.4137332443738,19158103.712747045,5624.892857142857,315.1067237532288,19361007.581737634
2023-07-04,5183,17920999.382421043,5512408.789293025,0,0,1,4,27,7,3,0,2010,5373.0,18326801.245508112,5356.0,18353656.132298715,5249.0,18050236.211939327,5463.0,18927306.3318657,5535.428571428572,311.0293968651148,19088295.673181508,5559.285714285715,325.59706778380206,19125617.14735738,5621.071428571428,317.5681820720499,19345493.579354964
2023-07-05,5404,18441821.599076595,5664837.074410223,0,0,2,5,27,7,3,0,2011,5183.0,17920999.382421043,5368.0,18402643.919350736,5482.0,18724253.140540525,5641.0,19317171.27953608,5510.714285714285,333.7093117698345,19026487.56605613,5554.571428571428,330.87034743709853,19116385.945248928,5611.071428571428,326.9985761177952,19309554.045446225
2023-07-06,5254,18135565.19664597,5571615.868302124,0,0,3,6,27,7,3,0,2012,5404.0,18441821.599076595,5338.0,18616474.88158068,5371.0,18496076.52392815,5496.0,18842157.75483451,5515.857142857143,331.4128485597201,19032084.377445534,5549.0,332.8372205516913,19096212.263715792,5602.607142857143,329.25475212810335,19278291.556858387
2023-07-07,5367,18295728.32120477,5621288.740425144,0,0,4,7,27,7,3,0,2013,5254.0,18135565.19664597,5337.0,18415540.60153212,5393.0,18519479.495332785,5493.0,19018832.07620238,5503.857142857143,340.3270136067194,18963382.993883435,5540.642857142857,339.06105806898756,19070461.454624206,5593.964285714285,335.2779369024186,19253056.10835165
2023-07-08,5869,20026622.327445272,6163468.82582118,0,0,5,8,27,7,3,1,2014,5367.0,18295728.32120477,6042.0,20915846.02086546,6194.0,21141561.94755977,6192.0,21149504.118461832,5508.142857142857,338.0569126500272,18946266.95383667,5538.785714285715,340.0018503504336,19054479.227900777,5589.464285714285,337.521300523205,19227230.974244595
2023-07-09,5947,20033296.211543288,6154229.386016596,0,0,6,9,27,7,3,1,2015,5869.0,20026622.327445272,5934.0,20587106.91113473,6003.0,20825692.27322934,6208.0,21527822.319805916,5483.428571428572,296.26387851757784,18819234.997633785,5515.571428571428,300.64129259492694,18974840.683606885,5577.928571428572,321.2949410641831,19187128.05313686
2023-07-10,5131,17466577.943751752,5359703.449616361,0,0,0,10,28,7,3,0,2016,5947.0,20033296.211543288,5373.0,18326801.245508112,5390.0,18383270.75820285,5538.0,19166136.200105306,5485.285714285715,299.58121563592255,18740119.183406435,5511.571428571428,293.9554425380896,18918240.964915026,5568.607142857143,305.74818242828377,19133752.12069891
2023-07-11,5283,18152536.334462207,5589598.799812558,0,0,1,11,28,7,3,0,2017,5131.0,17466577.943751752,5183.0,17920999.382421043,5356.0,18353656.132298715,5483.0,18940956.424260844,5450.714285714285,327.37273063268094,18617230.140298385,5493.071428571428,309.9120133907671,18852762.906739946,5554.071428571428,316.73448730716706,19073053.611543424
2023-07-12,5210,17832020.34754285,5502159.369101331,0,0,2,12,28,7,3,0,2018,5283.0,18152536.334462207,5404.0,18441821.599076595,5368.0,18402643.919350736,5441.0,18671376.51570116,5465.0,315.7177009080414,18650306.847732835,5487.857142857143,312.9944352276566,18838397.206894483,5546.928571428572,320.627848028233,19044895.751193475
2023-07-13,5364,18165266.023802485,5550164.751319893,0,0,3,13,28,7,3,0,2019,5210.0,17832020.34754285,5254.0,18135565.19664597,5338.0,18616474.88158068,5531.0,18941519.845730484,5437.285714285715,330.1498216899386,18563192.383228015,5476.571428571428,320.4092849623334,18797638.380336773,5538.678571428572,326.37481901453657,19014918.74518782
2023-07-14,5155,17812492.568944246,5455908.301039984,0,0,4,14,28,7,3,0,2020,5364.0,18165266.023802485,5367.0,18295728.32120477,5337.0,18415540.60153212,5436.0,18667008.720254548,5453.0,322.50116278859076,18567435.35853609,5478.428571428572,319.618694525326,18765409.17620976,5532.714285714285,328.0419866016303,18987195.394404676
2023-07-15,5883,20165679.89725377,6172510.498223554,0,0,5,15,28,7,3,1,2021,5155.0,17812492.568944246,5869.0,20026622.327445272,6042.0,20915846.02086546,6147.0,21109905.274379104,5422.714285714285,341.3281482120961,18498401.679641727,5465.428571428572,329.3662245739148,18722334.316739198,5522.678571428572,335.32770633355096,18956676.960429307
2023-07-16,5857,20151235.48581921,6126002.696796701,0,0,6,16,28,7,3,1,2022,5883.0,20165679.89725377,5947.0,20033296.211543288,5934.0,20587106.91113473,6024.0,20853870.136834346,5424.714285714285,344.4061140986978,18518267.04675723,5454.071428571428,310.135569434621,18668751.022195507,5513.25,320.50719354034936,18922954.625531975
2023-07-17,5206,17811655.7724852,5443783.77974451,0,0,0,17,29,7,3,0,2023,5857.0,20151235.48581921,5131.0,17466577.943751752,5373.0,18326801.245508112,5467.0,18781613.16096344,5411.857142857143,322.6517361756124,18535115.514510933,5448.571428571428,301.53318844901514,18637617.348958682,5507.285714285715,312.0941046523151,18897860.53085286
2023-07-18,5235,17860170.512453448,5478479.162865312,0,0,1,18,29,7,3,0,2024,5206.0,17811655.7724852,5283.0,18152536.334462207,5183.0,17920999.382421043,5249.0,18050236.211939327,5422.571428571428,312.86784065205495,18584412.34718714,5436.642857142857,307.98691459282134,18600821.24374276,5497.964285714285,317.19785648508173,18863219.19555007
2023-07-19,5187,17745490.894471437,5436547.0253002485,0,0,2,19,29,7,3,0,2025,5235.0,17860170.512453448,5210.0,17832020.34754285,5404.0,18441821.599076595,5482.0,18724253.140540525,5415.714285714285,316.93622612217354,18542645.801185887,5440.357142857143,304.9917040845629,18596476.324459363,5497.464285714285,317.61559367247025,18856431.134854145
2023-07-20,5101,17588735.15837385,5431859.022976403,0,0,3,20,29,7,3,0,2026,5187.0,17745490.894471437,5364.0,18165266.023802485,5254.0,18135565.19664597,5371.0,18496076.52392815,5412.428571428572,319.5329180448861,18530284.450747114,5424.857142857143,312.40551978346315,18546738.416987564,5486.928571428572,322.99477447572593,18821475.34035168
2023-07-21,5253,18014811.28916772,5508466.843715867,0,0,4,21,29,7,3,0,2027,5101.0,17588735.15837385,5155.0,17812492.568944246,5367.0,18295728.32120477,5393.0,18519479.495332785,5374.857142857143,340.922488048439,18447922.898543023,5413.928571428572,321.3891636403788,18507679.128539555,5477.285714285715,330.5264999901948,18789070.29158188
2023-07-22,5804,19816963.032511443,6079824.134481211,0,0,5,22,29,7,3,1,2028,5253.0,18014811.28916772,5883.0,20165679.89725377,5869.0,20026622.327445272,6194.0,21141561.94755977,5388.857142857143,332.2922551868124,18476825.572860662,5405.785714285715,324.10235291463607,18487613.626251195,5472.285714285715,332.8991457932004,18771046.42707599
2023-07-23,5821,19941863.692232635,6162461.782228596,0,0,6,23,29,7,3,1,2029,5804.0,19816963.032511443,5857.0,20151235.48581921,5947.0,20033296.211543288,6003.0,20825692.27322934,5377.571428571428,313.5239794884609,18427008.87789747,5401.142857142857,317.35150546664573,18472637.96232735,5458.357142857143,308.87612455070393,18723739.32296712
2023-07-24,5143,17564020.75927973,5395142.076672621,0,0,0,24,30,7,3,0,2030,5821.0,19941863.692232635,5206.0,17811655.7724852,5131.0,17466577.943751752,5390.0,18383270.75820285,5372.428571428572,304.5148366078096,18397098.62167082,5392.142857142857,302.10055818008055,18466107.068090875,5451.857142857143,298.7387951453068,18692174.01650295
2023-07-25,5113,17593615.89516918,5471802.540660894,0,0,1,25,30,7,3,0,2031,5143.0,17564020.75927973,5235.0,17860170.512453448,5283.0,18152536.334462207,5356.0,18353656.132298715,5363.428571428572,311.11297901932863,18361722.191212896,5393.0,301.31864044046796,18473067.269200016,5443.035714285715,304.2293825319463,18662915.08796998
2023-07-26,5089,17445877.47376556,5365686.854736944,0,0,2,26,30,7,3,0,2032,5113.0,17593615.89516918,5187.0,17745490.894471437,5210.0,17832020.34754285,5368.0,18402643.919350736,5346.0,322.70781418076825,18323642.960172284,5380.857142857143,309.4093273773458,18433144.38067909,5434.357142857143,310.2113036464908,18635770.793786783
2023-07-27,5082,17410462.38316841,5345739.253070172,0,0,3,27,30,7,3,0,2033,5089.0,17445877.47376556,5101.0,17588735.15837385,5364.0,18165266.023802485,5338.0,18616474.88158068,5332.0,332.7256126800724,18280841.042928588,5372.214285714285,316.16528748576945,18405562.74683785,5424.392857142857,316.83192638483,18601600.56358731
2023-07-28,5068,17268703.72742262,5286442.869091719,0,0,4,28,30,7,3,0,2034,5082.0,17410462.38316841,5253.0,18014811.28916772,5155.0,17812492.568944246,5337.0,18415540.60153212,5329.285714285715,334.9938876485675,18255373.503613528,5352.071428571428,325.57203250835266,18351648.201078273,5415.25,323.0500047292348,18558528.688644018
2023-07-29,5622,19117022.77665735,5894820.514591338,0,0,5,29,30,7,3,1,2035,5068.0,17268703.72742262,5804.0,19816963.032511443,5883.0,20165679.89725377,6042.0,20915846.02086546,5302.857142857143,349.01930632913866,18148786.70907851,5345.857142857143,330.41718551474946,18312806.140969586,5405.642857142857,329.40071446163273,18517570.22885439
2023-07-30,5607,19404671.26983364,5950821.307020752,0,0,6,30,30,7,3,1,2036,5622.0,19117022.77665735,5821.0,19941863.692232635,5857.0,20151235.48581921,5934.0,20587106.91113473,5276.857142857143,310.07065247102486,18048795.2439565,5327.214285714285,304.0936542406362,18237902.060926985,5390.642857142857,308.23214126702754,18453326.541561246
2023-07-31,5140,17603975.080480233,5370366.285679081,0,0,0,31,31,7,3,0,2037,5607.0,19404671.26983364,5143.0,17564020.75927973,5206.0,17811655.7724852,5373.0,18326801.245508112,5246.285714285715,252.72627767719308,17972053.469328072,5309.357142857143,276.6963365087019,18184576.045499448,5378.964285714285,292.68520343003786,18411096.697229065
2023-08-01,6022,18533761.677092403,4231540.35635395,400,0,1,1,31,8,3,0,2038,5140.0,17603975.080480233,5113.0,17593615.89516918,5235.0,17860170.512453448,5183.0,17920999.382421043,5245.857142857143,252.93307980005528,17977761.22949957,5304.642857142857,279.14418858710366,18169741.71035623,5370.642857142857,296.1527651693715,18385281.477049496
2023-08-02,5950,18129105.22442389,4072693.0054176142,400,0,2,2,31,8,3,0,2039,6022.0,18533761.677092403,5089.0,17445877.47376556,5187.0,17745490.894471437,5404.0,18441821.599076595,5375.714285714285,376.50972288716076,18112067.769774318,5360.857142857143,337.2387552194276,18217855.3649733,5400.607142857143,318.09564591030403,18407165.844716333
2023-08-03,6064,18705885.39152648,4329319.596144724,400,0,3,3,31,8,3,0,2040,5950.0,18129105.22442389,5082.0,17410462.38316841,5101.0,17588735.15837385,5254.0,18135565.19664597,5498.714285714285,406.6639539331751,18209671.73415408,5415.357142857143,367.29460134310693,18245256.388541333,5420.107142857143,334.6177851957589,18395997.402764447
2023-08-04,5994,18370570.103198227,4141117.893580037,400,0,4,4,31,8,3,0,2041,6064.0,18705885.39152648,5068.0,17268703.72742262,5253.0,18014811.28916772,5367.0,18295728.32120477,5639.0,408.3278911201822,18394732.163919516,5484.142857142857,393.15740772966586,18325052.83376652,5449.035714285715,354.167723621208,18416365.981153037
2023-08-05,6703,20367203.1568899,4621014.50174108,400,0,5,5,31,8,3,1,2042,5994.0,18370570.103198227,5622.0,19117022.77665735,5804.0,19816963.032511443,5869.0,20026622.327445272,5771.285714285715,336.12433923855764,18552141.646173175,5537.071428571428,409.1974254158905,18350464.177625842,5471.428571428572,368.3272929189417,18419038.90193852
2023-08-06,6673,20557582.01595116,4718784.575069021,400,0,6,6,31,8,3,1,2043,6703.0,20367203.1568899,5607.0,19404671.26983364,5821.0,19941863.692232635,5947.0,20033296.211543288,5925.714285714285,475.5252234058882,18730738.843349252,5601.285714285715,511.94672628058373,18389767.043652873,5501.214285714285,430.1945603890871,18431202.50299011
2023-08-07,6051,18503641.30761337,4177606.944030755,400,0,0,7,32,8,3,0,2044,6673.0,20557582.01595116,5140.0,17603975.080480233,5143.0,17564020.75927973,5131.0,17466577.943751752,6078.0,524.6055661160849,18895440.3785089,5662.142857142857,585.4393297269678,18433746.923918486,5527.142857142857,477.3519327758786,18449926.99600468
2023-08-08,5058,17300775.605254818,5313514.442703374,0,0,1,8,32,8,3,0,2045,6051.0,18503641.30761337,6022.0,18533761.677092403,5113.0,17593615.89516918,5283.0,18152536.334462207,6208.142857142857,330.0481927291592,19023964.125242203,5727.0,573.6804256458289,18500862.677370887,5560.0,480.7255319171586,18486964.97328545
2023-08-09,4885,16740543.728840234,5153616.269053935,0,0,2,9,32,8,3,0,2046,5058.0,17300775.605254818,5950.0,18129105.22442389,5089.0,17445877.47376556,5210.0,17832020.34754285,6070.428571428572,549.0922378929279,18847823.257836834,5723.071428571428,578.3776333963267,18479945.513805576,5551.964285714285,487.3620209023142,18456544.94724233
2023-08-10,5025,16949488.145279426,5210909.663182618,0,0,3,10,32,8,3,0,2047,4885.0,16740543.728840234,6064.0,18705885.39152648,5082.0,17410462.38316841,5364.0,18165266.023802485,5918.285714285715,711.5381728541014,18649457.329896312,5708.5,597.8238420754026,18429564.532025196,5540.357142857143,499.52631000932587,18417563.639431525
2023-08-11,4894,16724421.742933968,5141471.34376516,0,0,4,11,32,8,3,0,2048,5025.0,16949488.145279426,5994.0,18370570.103198227,5068.0,17268703.72742262,5155.0,17812492.568944246,5769.857142857143,781.0493856710522,18398543.437575307,5704.428571428572,602.5938438610957,18396637.800747413,5528.25,507.99545237101165,18374143.00091284
2023-08-12,5631,19115648.51875736,5832246.840128439,0,0,5,12,32,8,3,1,2049,4894.0,16724421.742933968,6703.0,20367203.1568899,5622.0,19117022.77665735,5883.0,20165679.89725377,5612.714285714285,837.0839691623298,18163379.386108983,5692.0,618.3191856837099,18357760.51614108,5518.928571428572,517.40548813618,18335283.328555334
2023-08-13,5440,18504364.87745835,5665033.9823638415,0,0,6,13,32,8,3,1,2050,5631.0,19115648.51875736,6673.0,20557582.01595116,5607.0,19404671.26983364,5857.0,20151235.48581921,5459.571428571428,689.4079240292198,17984585.866375763,5692.642857142857,618.245483624368,18357662.354862507,5509.928571428572,513.0111491512041,18297782.207894746
2023-08-14,4853,16447736.7095499,4991356.926800889,0,0,0,14,33,8,3,0,2051,5440.0,18504364.87745835,6051.0,18503641.30761337,5140.0,17603975.080480233,5206.0,17811655.7724852,5283.428571428572,440.1684742394472,17691269.13230536,5680.714285714285,621.6268270336019,18293354.75540713,5495.035714285715,508.59621487812916,18238965.400453288
2023-08-15,5370,18228686.489935067,5570239.105806605,0,1,1,15,33,8,3,0,2052,4853.0,16447736.7095499,5058.0,17300775.605254818,6022.0,18533761.677092403,5235.0,17860170.512453448,5112.285714285715,303.7442533260061,17397568.47543915,5660.214285714285,645.1186150410482,18210766.30034068,5482.428571428572,520.2674119087036,18190254.005348455
2023-08-16,4908,16540236.611439748,5034726.020124936,0,0,2,16,33,8,3,0,2053,5370.0,18228686.489935067,4885.0,16740543.728840234,5950.0,18129105.22442389,5187.0,17745490.894471437,5156.857142857143,317.0506944593297,17530127.173250616,5613.642857142857,640.5097257584495,18188975.215543725,5487.25,518.5120895765475,18203415.290258512
2023-08-17,4881,16812252.74954413,5149598.675704828,0,0,3,17,33,8,3,0,2054,4908.0,16540236.611439748,5025.0,16949488.145279426,6064.0,18705885.39152648,5101.0,17588735.15837385,5160.142857142857,313.8669721243007,17501511.87076483,5539.214285714285,658.7007232856987,18075484.600330573,5477.285714285715,527.1052925346039,18160370.494435955
2023-08-18,4833,16357997.92294756,4999894.774515316,0,0,4,18,33,8,3,0,2055,4881.0,16812252.74954413,4894.0,16724421.742933968,5994.0,18370570.103198227,5253.0,18014811.28916772,5139.571428571428,328.5751345546707,17481906.814231217,5454.714285714285,662.0718562641879,17940225.12590326,5469.428571428572,534.5097046253002,18132638.97983489
2023-08-19,5489,18558824.651694074,5665959.076373354,0,0,5,19,33,8,3,1,2056,4833.0,16357997.92294756,5631.0,19115648.51875736,6703.0,20367203.1568899,5804.0,19816963.032511443,5130.857142857143,336.8775388631266,17429560.55423316,5371.785714285715,662.0381325958184,17796469.97017107,5454.428571428572,546.5656023497633,18073467.073898457
2023-08-20,5447,18640518.53629984,5726691.8375132885,0,0,6,20,33,8,3,1,2057,5489.0,18558824.651694074,5440.0,18504364.87745835,6673.0,20557582.01595116,5821.0,19941863.692232635,5110.571428571428,304.45626787376335,17350014.287509833,5285.071428571428,543.0798870665699,17667300.076942798,5443.178571428572,542.3292736016499,18028533.560297836
2023-08-21,4878,16660595.868085772,5145691.666417932,0,0,0,21,34,8,3,0,2058,5447.0,18640518.53629984,4853.0,16447736.7095499,6051.0,18503641.30761337,5143.0,17564020.75927973,5111.571428571428,305.72746967566945,17369464.810201474,5197.5,374.8515090621001,17530366.971253417,5429.821428571428,537.261165099258,17982056.947585948
2023-08-22,4754,16249531.332968583,4970791.418104905,0,0,1,22,34,8,3,0,2059,4878.0,16660595.868085772,5370.0,18228686.489935067,5058.0,17300775.605254818,5113.0,17593615.89516918,5115.142857142857,302.33062948337056,17399873.261420883,5113.714285714285,291.15352243508676,17398720.868430015,5420.357142857143,544.7823360304524,17949791.77290045
2023-08-23,4843,16526508.632365951,5066095.641940715,0,0,2,23,34,8,3,0,2060,4754.0,16249531.332968583,4908.0,16540236.611439748,4885.0,16740543.728840234,5089.0,17445877.47376556,5027.142857142857,305.4196176691127,17117136.810425673,5092.0,306.5570595651273,17323631.991838146,5407.535714285715,556.3848576195827,17901788.75282186
2023-08-24,4869,16564611.032924078,5065754.375053951,0,0,3,24,34,8,3,0,2061,4843.0,16526508.632365951,4881.0,16812252.74954413,5025.0,16949488.145279426,5082.0,17410462.38316841,5017.857142857143,310.5899915598493,17115175.670557987,5089.0,308.9348948091744,17308343.77066141,5398.75,563.4978474440501,17868954.151343305
2023-08-25,4821,16404406.793701963,5017012.134542544,0,0,4,25,34,8,3,0,2062,4869.0,16564611.032924078,4833.0,16357997.92294756,4894.0,16724421.742933968,5068.0,17268703.72742262,5016.142857142857,311.5030382791591,17079798.282469407,5077.857142857143,314.1895207435188,17280852.54835031,5391.142857142857,569.339754991482,17838745.17454886
2023-08-26,5335,18332732.158936217,5638313.073280988,0,0,5,26,34,8,3,1,2063,4821.0,16404406.793701963,5489.0,18558824.651694074,5631.0,19115648.51875736,5622.0,19117022.77665735,5014.428571428572,312.7095868602212,17086428.12114861,5072.642857142857,318.0574711353946,17257994.337690882,5382.321428571428,576.401740916196,17807877.42691598
2023-08-27,5416,18265192.203860648,5590506.604807648,0,0,6,27,34,8,3,1,2064,5335.0,18332732.158936217,5447.0,18640518.53629984,5440.0,18504364.87745835,5607.0,19404671.26983364,4992.428571428572,277.15330122687965,17054129.19361177,5051.5,286.342653798913,17202071.740560804,5372.071428571428,574.5305283815064,17779867.047711655
2023-08-28,4744,16214266.406905437,4981914.483847477,0,0,0,28,35,8,3,0,2065,5416.0,18265192.203860648,4878.0,16660595.868085772,4853.0,16447736.7095499,5140.0,17603975.080480233,4988.0,268.80104166465804,17000511.14612046,5049.785714285715,283.8992721077065,17184987.978160966,5365.25,572.7690779595839,17739171.366784047
2023-08-29,4756,16120478.36673796,4910744.511968522,0,0,1,29,35,8,3,0,2066,4744.0,16214266.406905437,4754.0,16249531.332968583,5370.0,18228686.489935067,6022.0,18533761.677092403,4968.857142857143,282.36939669603345,16936749.79452327,5042.0,291.1140405672217,17168311.527972076,5351.107142857143,583.3286564438414,17689538.914156374
2023-08-30,4857,16657434.359290216,5090623.282310273,0,0,2,30,35,8,3,0,2067,4756.0,16120478.36673796,4843.0,16526508.632365951,4908.0,16540236.611439748,5950.0,18129105.22442389,4969.142857142857,282.116659422685,16918313.656490322,4998.142857142857,284.06387611640776,17017725.233457997,5305.892857142857,578.4451277978086,17603350.22450086
2023-08-31,4701,16020134.897882182,4905726.799689908,0,0,3,31,35,8,3,0,2068,4857.0,16657434.359290216,4869.0,16564611.032924078,4881.0,16812252.74954413,6064.0,18705885.39152648,4971.142857142857,281.1212244871392,16937017.331765216,4994.5,285.6314866289053,17026096.5011616,5266.857142857143,570.1894236444476,17550790.550746087
2023-09-01,4803,16380561.844370838,5016407.876917148,0,0,4,1,35,9,3,0,2069,4701.0,16020134.897882182,4821.0,16404406.793701963,4833.0,16357997.92294756,5994.0,18370570.103198227,4947.142857142857,297.9616466210864,16859235.026759233,4981.642857142857,295.0300133735582,16969516.654614322,5218.178571428572,557.6584679992109,17454870.89025879
2023-09-02,5326,18181919.85158992,5544050.84481586,0,0,5,2,35,9,3,1,2070,4803.0,16380561.844370838,5335.0,18332732.158936217,5489.0,18558824.651694074,6703.0,20367203.1568899,4944.571428571428,299.30634091895234,16855828.605426215,4979.5,296.29890054053817,16971128.36328741,5175.642857142857,541.4778962887808,17383799.16672924
2023-09-03,5331,17840116.2564845,5438901.266870216,0,0,6,3,35,9,3,1,2071,5326.0,18181919.85158992,5416.0,18265192.203860648,5447.0,18640518.53629984,6673.0,20557582.01595116,4943.285714285715,297.3626934041624,16834283.99009103,4967.857142857143,277.3339717166395,16944206.591851402,5126.464285714285,452.9092364426227,17305753.3343971
2023-09-04,4749,16182414.954623086,4938161.293168849,0,0,0,4,36,9,3,0,2072,5331.0,17840116.2564845,4744.0,16214266.406905437,4878.0,16660595.868085772,6051.0,18503641.30761337,4931.142857142857,275.7954728728332,16773558.854751578,4959.571428571428,263.2953049000532,16887035.00043602,5078.535714285715,340.16145209602786,17208700.98584472
2023-09-05,4673,15853423.736046905,4870277.866751571,0,0,1,5,36,9,3,0,2073,4749.0,16182414.954623086,4756.0,16120478.36673796,4754.0,16249531.332968583,5058.0,17300775.605254818,4931.857142857143,275.2359161225445,16769008.647282671,4950.357142857143,268.5738996262193,16852879.220902972,5032.035714285715,287.16551971694315,17125800.044666495
2023-09-06,4710,15980586.12726766,4862135.607180184,0,0,2,6,36,9,3,0,2074,4673.0,15853423.736046905,4857.0,16657434.359290216,4843.0,16526508.632365951,4885.0,16740543.728840234,4920.0,285.6647218914867,16730857.98575538,4944.571428571428,273.94797773571867,16824585.82112285,5018.285714285715,294.9869874271399,17074108.9064805
2023-09-07,4631,15685858.172425076,4779164.330735665,0,0,3,7,36,9,3,0,2075,4710.0,15980586.12726766,4701.0,16020134.897882182,4869.0,16564611.032924078,5025.0,16949488.145279426,4899.0,296.27408481563305,16634165.381180728,4935.071428571428,279.98089613007187,16785591.356472973,5012.035714285715,299.73129721321664,17046967.56356719
2023-09-08,4651,15919205.716796871,4843196.862712571,0,0,4,8,36,9,3,0,2076,4631.0,15685858.172425076,4803.0,16380561.844370838,4821.0,16404406.793701963,4894.0,16724421.742933968,4889.0,305.1201948959478,16586411.563258285,4918.071428571428,291.2980140114757,16722823.295008758,4997.964285714285,308.228208162225,17001837.921679538
2023-09-09,5251,17913011.63951091,5497075.266675471,0,0,5,9,36,9,3,1,2077,4651.0,15919205.716796871,5326.0,18181919.85158992,5335.0,18332732.158936217,5631.0,19115648.51875736,4867.285714285715,317.4212313240033,16520503.54503343,4905.928571428572,299.09465038697624,16688166.075229824,4989.285714285715,314.61862358559796,16973080.206460353
2023-09-10,5163,17331753.31149893,5302851.826367122,0,0,6,10,36,9,3,1,2078,5251.0,17913011.63951091,5331.0,17840116.2564845,5416.0,18265192.203860648,5440.0,18504364.87745835,4856.571428571428,300.153214843621,16482088.086165002,4899.928571428572,290.5454986971659,16658186.038128015,4975.714285714285,293.3921477834244,16930128.88934441
2023-09-11,4674,15948873.275843289,4859799.646814212,0,0,0,11,37,9,3,0,2079,5163.0,17331753.31149893,4749.0,16182414.954623086,4744.0,16214266.406905437,4853.0,16447736.7095499,4832.571428571428,259.9152792372189,16409464.808309918,4881.857142857143,262.49127667347244,16591511.83153075,4965.821428571428,281.5898058934085,16888249.904845856
2023-09-12,4727,15942804.864950595,4858127.299827052,0,0,1,12,37,9,3,0,2080,4674.0,15948873.275843289,4673.0,15853423.736046905,4756.0,16120478.36673796,5370.0,18228686.489935067,4821.857142857143,265.4219461985366,16376101.711341377,4876.857142857143,265.9629404903719,16572555.179312024,4959.428571428572,286.23953043401895,16870433.35364205
2023-09-13,4687,16119293.869527064,4953640.66479202,0,0,2,13,37,9,3,0,2081,4727.0,15942804.864950595,4710.0,15980586.12726766,4857.0,16657434.359290216,4908.0,16540236.611439748,4829.571428571428,261.12440020220544,16388870.444041904,4874.785714285715,267.0871878882727,16559864.214898642,4936.464285714285,277.74761820402546,16788794.724178318
2023-09-14,4643,15753977.454911577,4823010.023088691,0,0,3,14,37,9,3,0,2082,4687.0,16119293.869527064,4631.0,15685858.172425076,4701.0,16020134.897882182,4881.0,16812252.74954413,4826.285714285715,263.0175623323419,16408685.835793247,4862.642857142857,271.7811922917345,16521425.608486986,4928.571428571428,281.69847664843996,16773761.054824295
2023-09-15,4638,15683444.739581056,4787659.117423807,0,0,4,15,37,9,3,0,2083,4643.0,15753977.454911577,4651.0,15919205.716796871,4803.0,16380561.844370838,4833.0,16357997.92294756,4828.0,261.5677095259962,16418417.161862748,4858.5,274.8593346534812,16502414.362560514,4920.071428571428,286.73279968067595,16735965.50858742
2023-09-16,5217,17632915.8819681,5376583.641900912,0,0,5,16,37,9,3,1,2084,4638.0,15683444.739581056,5251.0,17913011.63951091,5326.0,18181919.85158992,5489.0,18558824.651694074,4826.142857142857,263.0756726187711,16384737.022260487,4846.714285714285,280.8934724359825,16452620.28364696,4913.107142857143,291.2583604631856,16711874.323467186
2023-09-17,5166,17524627.760738075,5372741.816616842,0,0,6,17,37,9,3,1,2085,5217.0,17632915.8819681,5163.0,17331753.31149893,5331.0,17840116.2564845,5447.0,18640518.53629984,4821.285714285715,254.08444415570622,16344723.342611518,4838.928571428572,267.7919583688701,16413405.714388257,4903.392857142857,275.4460812043156,16678806.15311983
2023-09-18,4668,15792534.05869962,4831919.425505071,0,0,0,18,38,9,3,0,2086,5166.0,17524627.760738075,4674.0,15948873.275843289,4749.0,16182414.954623086,4878.0,16660595.868085772,4821.714285714285,254.75852245197643,16372276.835359965,4827.142857142857,247.31787615967886,16390870.821834942,4893.357142857143,259.5679050932885,16638952.911135482
2023-09-19,4645,15691613.94830574,4817339.816921753,0,0,1,19,38,9,3,0,2087,4668.0,15792534.05869962,4727.0,15942804.864950595,4673.0,15853423.736046905,4754.0,16249531.332968583,4820.857142857143,255.3477554052231,16349942.661482299,4821.357142857143,250.21701569848858,16363022.186411837,4885.857142857143,263.0387542614349,16607950.703657404
2023-09-20,4615,15709972.714047136,4792989.027765405,0,0,2,20,38,9,3,0,2088,4645.0,15691613.94830574,4687.0,16119293.869527064,4710.0,15980586.12726766,4843.0,16526508.632365951,4809.142857142857,262.1611645352643,16314058.244818747,4819.357142857143,251.60213009458948,16351464.344430326,4881.964285714285,265.8539674531931,16588025.082776587
2023-09-21,4642,15651215.986435317,4755872.037899246,0,0,3,21,38,9,3,0,2089,4615.0,15709972.714047136,4643.0,15753977.454911577,4631.0,15685858.172425076,4869.0,16564611.032924078,4798.857142857143,269.07336581402143,16255583.7940359,4812.571428571428,256.02064648886176,16332134.814914573,4873.821428571428,270.54198737208725,16558863.085693773
2023-09-22,4632,15756336.715610435,4801722.928266042,0,0,4,22,38,9,3,0,2090,4642.0,15651215.986435317,4638.0,15683444.739581056,4651.0,15919205.716796871,4821.0,16404406.793701963,4798.714285714285,269.17015330192436,16240903.584253578,4813.357142857143,255.4367623511596,16329660.373058164,4865.714285714285,274.0699906746117,16526241.834033461
2023-09-23,5133,17494937.041531235,5344311.844172904,0,0,5,23,38,9,3,1,2091,4632.0,15756336.715610435,5217.0,17632915.8819681,5251.0,17913011.63951091,5335.0,18332732.158936217,4797.857142857143,269.7760976386769,16251316.723686347,4812.0,256.41432817280514,16318026.872973416,4858.964285714285,277.5177648158437,16503096.47410162
2023-09-24,5176,17608503.52197184,5357231.011478955,0,0,6,24,38,9,3,1,2092,5133.0,17494937.041531235,5166.0,17524627.760738075,5163.0,17331753.31149893,5416.0,18265192.203860648,4785.857142857143,249.10066811864087,16231605.460766792,4803.571428571428,242.43213619350155,16288164.401689155,4851.75,267.1151263795503,16473175.219908584
2023-09-25,4570,15538805.18189555,4782147.233411875,0,0,0,25,39,9,3,0,2093,5176.0,17608503.52197184,4668.0,15792534.05869962,4674.0,15948873.275843289,4744.0,16214266.406905437,4787.285714285715,251.659634086561,16243587.712371618,4804.5,243.9349692659357,16307932.273865791,4843.178571428572,251.74694136532256,16449722.05269827
2023-09-26,4581,15698342.773642285,4805215.43113636,0,0,1,26,39,9,3,0,2094,4570.0,15538805.18189555,4645.0,15691613.94830574,4727.0,15942804.864950595,4756.0,16120478.36673796,4773.285714285715,261.91838059832463,16207340.729971034,4797.071428571428,249.7295350160747,16278641.695726667,4836.964285714285,256.39054153455555,16425598.437519345
2023-09-27,4543,15552519.72029928,4720640.930976416,0,0,2,27,39,9,3,0,2095,4581.0,15698342.773642285,4615.0,15709972.714047136,4687.0,16119293.869527064,4857.0,16657434.359290216,4764.142857142857,268.1849042305585,16208301.9907334,4786.642857142857,255.85410720922388,16261180.117776072,4830.714285714285,260.5367475528546,16410522.166337358
2023-09-28,4584,15652881.58859284,4789428.422680967,0,0,3,28,39,9,3,0,2096,4543.0,15552519.72029928,4642.0,15651215.986435317,4643.0,15753977.454911577,4701.0,16020134.897882182,4753.857142857143,276.1216088196542,16185808.705912277,4776.357142857143,262.9637609261874,16220696.249974089,4819.5,266.0625796618527,16371060.92923054
2023-09-29,4560,15576396.134590218,4744991.760043274,0,0,4,29,39,9,3,0,2097,4584.0,15652881.58859284,4632.0,15756336.715610435,4638.0,15683444.739581056,4803.0,16380561.844370838,4745.571428571428,280.86702496786137,16186046.649077639,4772.142857142857,265.7236439330544,16213475.116665607,4815.321428571428,268.8962423565318,16357944.739613062
2023-09-30,5055,17330867.92528556,5296919.456913523,0,0,5,30,39,9,3,1,2098,4560.0,15576396.134590218,5133.0,17494937.041531235,5217.0,17632915.8819681,5326.0,18181919.85158992,4735.285714285715,286.97137736816757,16160340.851789037,4766.571428571428,269.5428364088846,16205828.787737692,4806.642857142857,273.19565831998784,16329224.535692325
2023-10-01,5098,17253163.191187806,5244002.846074517,0,0,6,1,39,10,4,1,2099,5055.0,17330867.92528556,5176.0,17608503.52197184,5166.0,17524627.760738075,5331.0,17840116.2564845,4724.142857142857,269.9650771065676,16136902.406611083,4755.0,251.59858138283084,16184253.933688939,4796.964285714285,258.5210761725646,16298829.824038599
2023-10-02,4938,16698715.226395672,5084080.556173776,0,1,0,2,40,10,4,0,2100,5098.0,17253163.191187806,4570.0,15538805.18189555,4668.0,15792534.05869962,4749.0,16182414.954623086,4713.0,249.0020080240569,16086139.502213363,4750.142857142857,243.58251078525046,16164863.60729249,4788.642857142857,244.0388879584629,16277867.214563716
2023-10-03,4566,15459348.584821416,4747834.211557275,0,0,1,3,40,10,4,0,2101,4938.0,16698715.226395672,4581.0,15698342.773642285,4645.0,15691613.94830574,4673.0,15853423.736046905,4765.571428571428,252.60038080130334,16251840.937141951,4769.428571428572,247.23975106260795,16229590.833556494,4795.392857142857,245.5111582718859,16296306.509984165
2023-10-04,4534,15340162.279126234,4677872.183415388,0,0,2,4,40,10,4,0,2102,4566.0,15459348.584821416,4543.0,15552519.72029928,4615.0,15709972.714047136,4710.0,15980586.12726766,4763.428571428572,254.4836976722939,16217698.910167543,4763.785714285715,251.16840154380915,16213000.450450469,4791.571428571428,248.30364156154198,16282232.397440398
2023-10-05,4522,15397225.348676205,4680509.612700923,0,0,3,5,40,10,4,0,2103,4534.0,15340162.279126234,4584.0,15652881.58859284,4642.0,15651215.986435317,4631.0,15685858.172425076,4762.142857142857,255.80228600194462,16187362.132857105,4758.0,255.75047935891402,16186585.419384692,4785.285714285715,252.6349814702199,16259360.117149632
2023-10-06,4557,15482235.802930394,4743486.563687565,0,0,4,6,40,10,4,0,2104,4522.0,15397225.348676205,4560.0,15576396.134590218,4632.0,15756336.715610435,4651.0,15919205.716796871,4753.285714285715,263.94236383836306,16150839.812869014,4749.428571428572,261.874812806472,16168443.230973328,4781.392857142857,255.91887303742214,16249051.802015742
2023-10-07,5101,17294256.741598662,5273179.281006478,0,0,5,7,40,10,4,1,2105,4557.0,15482235.802930394,5055.0,17330867.92528556,5133.0,17494937.041531235,5251.0,17913011.63951091,4752.857142857143,264.31069380022115,16137388.336917613,4744.071428571428,265.2077456479276,16148864.594353324,4778.035714285715,258.29820293652136,16233445.73366337
2023-10-08,5085,17189482.08180703,5247733.849360133,0,0,6,8,40,10,4,1,2106,5101.0,17294256.741598662,5098.0,17253163.191187806,5176.0,17608503.52197184,5163.0,17331753.31149893,4759.428571428572,273.48726791991055,16132158.167819483,4741.785714285715,261.7127546262764,16134530.287215283,4772.678571428572,249.532311211693,16211347.34445222
2023-10-09,4534,15414578.164416358,4687386.37026808,0,0,0,9,41,10,4,0,2107,5085.0,17189482.08180703,4938.0,16698715.226395672,4570.0,15538805.18189555,4674.0,15948873.275843289,4757.571428571428,270.8362710463593,16123060.866479373,4735.285714285715,251.0100912992822,16104600.184346367,4769.892857142857,245.4148927362489,16206266.22910608
2023-10-10,4496,15293858.05534386,4640306.724116241,0,0,1,10,41,10,4,0,2108,4534.0,15414578.164416358,4566.0,15459348.584821416,4581.0,15698342.773642285,4727.0,15942804.864950595,4699.857142857143,269.01885223373404,15939612.71476804,4732.714285714285,253.01001152933486,16095726.825954998,4764.892857142857,248.84315144522088,16187184.260840833
2023-10-11,4583,15437306.250778591,4701198.764741977,0,0,2,11,41,10,4,0,2109,4496.0,15293858.05534386,4534.0,15340162.279126234,4543.0,15552519.72029928,4687.0,16119293.869527064,4689.857142857143,276.0334693302412,15915971.210556963,4726.642857142857,257.9032636602376,16066835.060362251,4756.642857142857,253.92332092598008,16164007.589069163
2023-10-12,4542,15434361.05262324,4714988.416672638,0,0,3,12,41,10,4,0,2110,4583.0,15437306.250778591,4522.0,15397225.348676205,4584.0,15652881.58859284,4643.0,15753977.454911577,4696.857142857143,272.0143553635035,15929848.920793014,4729.5,255.92629648158015,16058605.526825061,4752.928571428572,255.73393705347758,16139650.888399573
2023-10-13,4469,15304533.13002332,4700048.931630986,0,0,4,13,41,10,4,0,2111,4542.0,15434361.05262324,4557.0,15482235.802930394,4560.0,15576396.134590218,4638.0,15683444.739581056,4699.714285714285,269.9689576511545,15935154.021356877,4726.5,258.0008199152315,16042996.917112947,4749.321428571428,258.0437880687542,16128236.016889278
2023-10-14,5041,17111176.567692015,5198300.231428016,0,0,5,14,41,10,4,1,2112,4469.0,15304533.13002332,5101.0,17294256.741598662,5055.0,17330867.92528556,5217.0,17632915.8819681,4687.142857142857,279.5993732536298,15909767.925227294,4720.0,263.6037235642398,16023578.131072452,4743.285714285715,262.6789135812721,16114703.45940507
2023-10-15,4985,16906114.259933814,5133271.898769395,0,0,6,15,41,10,4,1,2113,5041.0,17111176.567692015,5085.0,17189482.08180703,5098.0,17253163.191187806,5166.0,17524627.760738075,4678.571428571428,265.3543901671228,15883613.6146692,4719.0,262.2582403193344,16007885.89124434,4737.0,252.84514364862272,16096069.912466642
2023-10-16,4549,15483944.870737052,4699027.867373614,0,0,0,16,42,10,4,0,2114,4985.0,16906114.259933814,4534.0,15414578.164416358,4938.0,16698715.226395672,4668.0,15792534.05869962,4664.285714285715,241.44130707465618,15843132.497258743,4710.928571428572,251.20248170190612,15983096.681869058,4730.535714285715,243.61634715921838,16073980.144580772
2023-10-17,4514,15541527.199926788,4736909.609910701,0,0,1,17,42,10,4,0,2115,4549.0,15483944.870737052,4496.0,15293858.05534386,4566.0,15459348.584821416,4645.0,15691613.94830574,4666.428571428572,240.15540603457723,15853042.026733128,4683.142857142857,245.60532979149605,15896327.370750586,4726.285714285715,245.77614885082258,16062959.10215354
2023-10-18,4422,15022951.281389749,4553583.697154482,0,0,2,18,42,10,4,0,2116,4514.0,15541527.199926788,4583.0,15437306.250778591,4534.0,15340162.279126234,4615.0,15709972.714047136,4669.0,238.1141182990771,15888423.333102116,4679.428571428572,247.89567107207722,15902197.271829542,4721.607142857143,248.61130442491384,16057598.861140007
2023-10-19,4500,15158860.57991712,4605554.1764316,0,0,3,19,42,10,4,0,2117,4422.0,15022951.281389749,4542.0,15434361.05262324,4522.0,15397225.348676205,4642.0,15651215.986435317,4646.0,254.9836596072006,15829229.766046569,4671.428571428572,254.664700911065,15879539.34341979,4714.714285714285,254.28721835360923,16033062.381402241
2023-10-20,4516,15440625.852010673,4645186.101445337,0,0,4,20,42,10,4,0,2118,4500.0,15158860.57991712,4469.0,15304533.13002332,4557.0,15482235.802930394,4632.0,15756336.715610435,4640.0,258.31118184600695,15789872.55565998,4669.857142857143,255.7233653001852,15862513.288508428,4709.642857142857,257.19054966309653,16015478.259740876
2023-10-21,4930,16709953.48999742,5053411.6853257045,0,0,5,21,42,10,4,1,2119,4516.0,15440625.852010673,5041.0,17111176.567692015,5101.0,17294256.741598662,5133.0,17494937.041531235,4646.714285714285,253.69516766239786,15809314.373086745,4666.928571428572,257.3448641820772,15859541.14915702,4705.5,259.41222735971934,16004202.87175517
2023-10-22,5110,17362556.514980193,5260559.232611747,0,0,6,22,42,10,4,1,2120,4930.0,16709953.48999742,4985.0,16906114.259933814,5085.0,17189482.08180703,5176.0,17608503.52197184,4630.857142857143,227.00839086655796,15751996.790558945,4654.714285714285,238.5279949934973,15817805.202614073,4698.25,249.67603082874743,15976167.744914679
2023-10-23,4449,15046862.128358424,4580607.52554863,0,0,0,23,43,10,4,0,2121,5110.0,17362556.514980193,4549.0,15483944.870737052,4534.0,15414578.164416358,4570.0,15538805.18189555,4648.714285714285,261.7649800143608,15817202.826994142,4656.5,242.06443833761637,15830167.662126442,4695.892857142857,245.27132961743098,15967383.923236405
2023-10-24,4539,15268118.729908982,4693711.647724203,0,0,1,24,43,10,4,0,2122,4449.0,15046862.128358424,4514.0,15541527.199926788,4496.0,15293858.05534386,4581.0,15698342.773642285,4634.428571428572,270.69038718487957,15754762.435225768,4650.428571428572,246.40046025362975,15803902.230979446,4691.571428571428,248.6147441430586,15949814.528467223
2023-10-25,4520,15457559.13812004,4726186.976416972,0,0,2,25,43,10,4,0,2123,4539.0,15268118.729908982,4422.0,15022951.281389749,4583.0,15437306.250778591,4543.0,15552519.72029928,4638.0,268.99628250222014,15715704.08236608,4653.5,244.58874431618355,15802063.707734099,4690.071428571428,249.4319366186266,15934449.384048177
2023-10-26,4488,15200329.974908331,4625753.5055078175,0,0,3,26,43,10,4,0,2124,4520.0,15457559.13812004,4500.0,15158860.57991712,4542.0,15434361.05262324,4584.0,15652881.58859284,4652.0,258.21502667353394,15777790.919041837,4649.0,246.55721757530318,15803510.342544202,4689.25,249.97149837536992,15931057.93468463
2023-10-27,4461,15281381.080721706,4664854.002613296,0,0,4,27,43,10,4,0,2125,4488.0,15200329.974908331,4516.0,15440625.852010673,4469.0,15304533.13002332,4560.0,15576396.134590218,4650.285714285715,259.42931875288366,15783715.118326295,4645.142857142857,248.77232629391165,15786793.836993137,4685.821428571428,252.11770525215994,15914895.377053041
2023-10-28,5047,17177739.75921752,5245447.343206523,0,0,5,28,43,10,4,1,2126,4461.0,15281381.080721706,4930.0,16709953.48999742,5041.0,17111176.567692015,5055.0,17330867.92528556,4642.428571428572,264.94833278892906,15760965.865285015,4644.571428571428,249.21683925258162,15785140.11918588,4682.285714285715,254.62926676266284,15904359.125129165
2023-10-29,4936,16797892.896726567,5075343.290056402,0,0,6,29,43,10,4,1,2127,5047.0,17177739.75921752,5110.0,17362556.514980193,4985.0,16906114.259933814,5098.0,17253163.191187806,4659.142857142857,288.7359973929297,15827792.475173598,4645.0,249.95507288621405,15789894.632866273,4682.0,254.19968820104657,15898890.262055308
2023-10-30,4495,15269083.588505268,4647438.288597948,0,0,0,30,44,10,4,0,2128,4936.0,16797892.896726567,4449.0,15046862.128358424,4549.0,15483944.870737052,4938.0,16698715.226395672,4634.285714285715,248.0804401034451,15747126.24399451,4641.5,245.12437973093552,15782164.535494326,4676.214285714285,246.0950369182508,15882630.608681692
2023-10-31,4376,14736961.854909196,4480319.694306747,0,0,1,31,44,10,4,0,2129,4495.0,15269083.588505268,4539.0,15268118.729908982,4514.0,15541527.199926788,4566.0,15459348.584821416,4640.857142857143,242.90974220305978,15778872.16687263,4637.642857142857,247.10869833177335,15766817.301049199,4660.392857142857,242.86047500054204,15831572.335899891
2023-11-01,4919,16770562.00912921,5123945.291468251,0,1,2,1,44,11,4,0,2130,4376.0,14736961.854909196,4520.0,15457559.13812004,4422.0,15022951.281389749,4534.0,15340162.279126234,4617.571428571428,261.40954913883115,15702992.613301232,4627.785714285715,255.04514791021353,15709348.347833658,4653.607142857143,248.191434371267,15805772.809831599
2023-11-02,4511,15386149.426968029,4716847.100186431,0,0,3,2,44,11,4,0,2131,4919.0,16770562.00912921,4488.0,15200329.974908331,4500.0,15158860.57991712,4522.0,15397225.348676205,4674.571428571428,279.46547618796455,15890564.452016829,4663.285714285715,258.76018852375273,15834177.685529333,4667.357142857143,251.95578893279654,15856858.514474561
2023-11-03,4518,15143573.513372062,4628488.449620132,0,0,4,3,44,11,4,0,2132,4511.0,15386149.426968029,4461.0,15281381.080721706,4516.0,15440625.852010673,4557.0,15482235.802930394,4677.857142857143,277.0309420573019,15917110.088025358,4664.071428571428,258.24242167324326,15850412.603175828,4666.964285714285,252.19928659446782,15856462.945842128
2023-11-04,4925,16664130.695950843,5092130.95422331,0,0,5,4,44,11,4,1,2133,4518.0,15143573.513372062,5047.0,17177739.75921752,4930.0,16709953.48999742,5101.0,17294256.741598662,4686.0,270.35162289139885,15897423.292689692,4664.214285714285,258.1547474411161,15829194.578987354,4665.571428571428,252.93571552966696,15844367.864072187
2023-11-05,5082,17397696.289618023,5339171.61756299,0,0,6,5,44,11,4,1,2134,4925.0,16664130.695950843,4936.0,16797892.896726567,5110.0,17362556.514980193,5085.0,17189482.08180703,4668.571428571428,246.03987288167852,15824050.569365883,4663.857142857143,257.76192269460915,15825921.52226974,4659.285714285715,243.73359122634724,15821863.362441907
2023-11-06,4508,15504003.408323243,4765527.24278456,0,0,0,6,45,11,4,0,2135,5082.0,17397696.289618023,4495.0,15269083.588505268,4449.0,15046862.128358424,4534.0,15414578.164416358,4689.428571428572,276.75913543663233,15909736.768350376,4661.857142857143,254.11682871737486,15828431.506172443,4659.178571428572,243.54010295238933,15829299.584149444
2023-11-07,4430,14975665.80271658,4547027.561035594,0,0,1,7,45,11,4,0,2136,4508.0,15504003.408323243,4376.0,14736961.854909196,4539.0,15268118.729908982,4496.0,15293858.05534386,4691.285714285715,275.2766573744516,15943296.742610088,4666.071428571428,250.7826102073872,15861084.454741359,4658.25,244.08402090118054,15832493.342860403
2023-11-08,4408,15080015.710543882,4593490.414522176,0,0,2,8,45,11,4,0,2137,4430.0,14975665.80271658,4919.0,16770562.00912921,4520.0,15457559.13812004,4583.0,15437306.250778591,4699.0,265.5535099874969,15977397.30658257,4658.285714285715,256.6543406012526,15840194.959941903,4655.892857142857,246.01992380716177,15821129.333837999
2023-11-09,4497,15368337.541785603,4681126.429645689,0,0,3,9,45,11,4,0,2138,4408.0,15080015.710543882,4511.0,15386149.426968029,4488.0,15200329.974908331,4542.0,15434361.05262324,4626.0,265.2326023198271,15735890.692498952,4650.285714285715,262.96429373630474,15813227.57225789,4649.642857142857,250.1288874110492,15808368.957401047
2023-11-10,4504,15518845.012337608,4751428.860866273,0,0,4,10,45,11,4,0,2139,4497.0,15368337.541785603,4518.0,15143573.513372062,4461.0,15281381.080721706,4469.0,15304533.13002332,4624.0,266.29494925742443,15733346.137472888,4650.928571428572,262.54771413557563,15825228.112749124,4648.035714285715,250.98922540593318,15806010.97487113
2023-11-11,5061,17218357.504386727,5223949.006834478,0,0,5,11,45,11,4,1,2140,4504.0,15518845.012337608,4925.0,16664130.695950843,5047.0,17177739.75921752,5041.0,17111176.567692015,4622.0,267.27451555784546,15786956.351610826,4654.0,260.3976249448843,15842189.82215026,4649.285714285715,250.15030402380808,15813664.970668068
2023-11-12,5048,16985534.43072219,5131816.077184401,0,0,6,12,45,11,4,1,2141,5061.0,17218357.504386727,5082.0,17397696.289618023,4936.0,16797892.896726567,4985.0,16906114.259933814,4641.428571428572,296.3341903678452,15866131.60995881,4655.0,262.0446233285432,15845091.089662347,4650.0,251.33598583928796,15817492.861264307
2023-11-13,4521,15497788.10220336,4731827.087093493,0,0,0,13,46,11,4,0,2142,5048.0,16985534.43072219,4508.0,15504003.408323243,4495.0,15269083.588505268,4549.0,15483944.870737052,4636.571428571428,288.07282478735544,15807251.344402263,4663.0,272.77322223642796,15858494.05637632,4652.25,254.70543989310477,15820329.295935323
2023-11-14,4580,15455684.690481892,4693347.409170708,0,0,1,14,46,11,4,0,2143,4521.0,15497788.10220336,4430.0,14975665.80271658,4376.0,14736961.854909196,4514.0,15541527.199926788,4638.428571428572,287.1462212548971,15806363.443527993,4664.857142857143,271.62753263159703,15874830.093069041,4651.25,255.18034653806743,15820823.69705912
2023-11-15,4440,15181017.067226052,4600307.613282818,0,0,2,15,46,11,4,0,2144,4580.0,15455684.690481892,4408.0,15080015.710543882,4919.0,16770562.00912921,4422.0,15022951.281389749,4659.857142857143,274.30969637222654,15874937.57035161,4679.428571428572,260.1699782496618,15926167.43846709,4653.607142857143,254.16841009035628,15817757.893150372
2023-11-16,4444,15118767.976873497,4602723.556364846,0,0,3,16,46,11,4,0,2145,4440.0,15181017.067226052,4497.0,15368337.541785603,4511.0,15386149.426968029,4500.0,15158860.57991712,4664.428571428572,269.6397949999824,15889366.335591918,4645.214285714285,257.72560798454447,15812628.514045434,4654.25,253.58300927432302,15823403.099787384
2023-11-17,4599,15651660.465102827,4797037.706269813,0,0,4,17,46,11,4,0,2146,4444.0,15118767.976873497,4504.0,15518845.012337608,4518.0,15143573.513372062,4516.0,15440625.852010673,4656.857142857143,275.79849441906526,15853713.540604476,4640.428571428572,261.010673016614,15793529.839038683,4652.25,255.06115824341683,15821971.221107256
2023-11-18,5036,17050755.900963325,5162071.158321286,0,0,5,18,46,11,4,1,2147,4599.0,15651660.465102827,5061.0,17218357.504386727,4925.0,16664130.695950843,4930.0,16709953.48999742,4670.428571428572,269.2835291057224,15872687.176713793,4646.214285714285,258.97792557297225,15829821.764162308,4655.214285714285,253.89869037388462,15829508.171574831
2023-11-19,5032,17088691.459808268,5198285.950012147,0,0,6,19,46,11,4,1,2148,5036.0,17050755.900963325,5048.0,16985534.43072219,5082.0,17397696.289618023,5110.0,17362556.514980193,4666.857142857143,263.3403555423215,15848744.090510447,4654.142857142857,269.6487336526042,15857437.85023463,4659.0,258.88879351458223,15841679.686252186
2023-11-20,5421,16402596.626194077,3750862.0073672542,400,0,0,20,47,11,4,0,2149,5032.0,17088691.459808268,4521.0,15497788.10220336,4508.0,15504003.408323243,4449.0,15046862.128358424,4664.571428571428,259.5225469606945,15863480.808951318,4650.571428571428,263.81395375873495,15835366.07667679,4656.214285714285,254.2339775559987,15831898.791424615
2023-11-21,5358,16085270.880921606,3567292.2170065725,400,0,1,21,47,11,4,0,2150,5421.0,16402596.626194077,4580.0,15455684.690481892,4430.0,14975665.80271658,4539.0,15268118.729908982,4793.142857142857,374.1588025475559,15992739.16952142,4715.785714285715,330.32202902191153,15899551.306524705,4690.928571428572,288.8905891281329,15880317.880633032
2023-11-22,5490,16777860.20901048,3782532.328722888,400,0,2,22,47,11,4,0,2151,5358.0,16085270.880921606,4440.0,15181017.067226052,4408.0,15080015.710543882,4520.0,15457559.13812004,4904.285714285715,413.7498093799129,16082680.05386995,4782.071428571428,360.31150289837376,15978808.81211078,4720.178571428572,313.3632436754483,15909501.88602634
2023-11-23,5425,16382335.701926311,3697258.738194536,400,0,3,23,47,11,4,0,2152,5490.0,16777860.20901048,4444.0,15118767.976873497,4497.0,15368337.541785603,4488.0,15200329.974908331,5054.285714285715,407.6627340853118,16310800.502696296,4859.357142857143,388.8174590775438,16100083.419144107,4754.821428571428,342.6614843503239,15956655.495701
2023-11-24,5432,16484380.257878302,3720284.681516545,400,0,4,24,47,11,4,0,2153,5425.0,16382335.701926311,4599.0,15651660.465102827,4504.0,15518845.012337608,4461.0,15281381.080721706,5194.428571428572,322.6540237586127,16491310.17770384,4925.642857142857,401.1965961859668,16172511.85915416,4788.285714285715,360.90655989267907,15998869.985951642
2023-11-25,6170,18735876.28215861,4206143.644773322,400,0,5,25,47,11,4,1,2154,5432.0,16484380.257878302,5036.0,17050755.900963325,5061.0,17218357.504386727,5047.0,17177739.75921752,5313.428571428572,194.68423762840874,16610270.148100337,4991.928571428572,402.83275099564366,16241478.662407065,4822.964285714285,374.6813443292597,16041834.242278663
2023-11-26,6271,19085248.187134307,4287139.697198663,400,0,6,26,47,11,4,1,2155,6170.0,18735876.28215861,5032.0,17088691.459808268,5048.0,16985534.43072219,4936.0,16797892.896726567,5475.428571428572,341.6752147595022,16851001.631128237,5071.142857142857,511.7690069587107,16349872.860819342,4863.071428571428,451.73319957459773,16097481.975240843
2023-11-27,5424,16537181.114060624,3738519.3357601822,400,0,0,27,48,11,4,0,2156,6271.0,19085248.187134307,5421.0,16402596.626194077,4521.0,15497788.10220336,4495.0,15269083.588505268,5652.428571428572,391.03574309895106,17136224.020746242,5158.5,603.6479807100889,16499852.414848778,4910.75,524.3334834357515,16179173.23561255
2023-11-28,5543,16915356.206280556,3722174.764803765,400,0,1,28,48,11,4,0,2157,5424.0,16537181.114060624,5358.0,16085270.880921606,4580.0,15455684.690481892,4376.0,14736961.854909196,5652.857142857143,390.7413588600598,17155450.37615575,5223.0,577.9886876720881,16574094.772838583,4943.928571428572,526.4396788329616,16224462.43295381
2023-11-29,5496,16703112.746862864,3753827.155775363,400,0,2,29,48,11,4,0,2158,5543.0,16915356.206280556,5490.0,16777860.20901048,4440.0,15181017.067226052,4919.0,16770562.00912921,5679.285714285715,373.34332469622933,17274033.99406417,5291.785714285715,552.312088277197,16678357.02396706,4985.607142857143,526.006994692678,16302262.231217075
2023-11-30,5391,16584571.26730644,3788343.550612224,400,0,3,30,48,11,4,0,2159,5496.0,16703112.746862864,5425.0,16382335.701926311,4444.0,15118767.976873497,4511.0,15386149.426968029,5680.142857142857,372.8428751147131,17263355.78518594,5367.214285714285,496.3051447479338,16787078.14394112,5006.214285714285,534.5342283426338,16299853.328993276
2023-12-01,4518,15536534.43324489,4787826.224888869,0,0,4,1,48,12,4,0,2160,5391.0,16584571.26730644,5432.0,16484380.257878302,4599.0,15651660.465102827,4518.0,15143573.513372062,5675.285714285715,376.9198474855994,17292246.580240242,5434.857142857143,419.3701976027021,16891778.378972042,5037.642857142857,530.1918041674744,16342654.109005362
2023-12-02,5126,17561204.11202995,5308141.324478415,0,0,5,2,48,12,4,1,2161,4518.0,15536534.43324489,6170.0,18735876.28215861,5036.0,17050755.900963325,4925.0,16664130.695950843,5544.714285714285,579.2511586193878,17156840.033864044,5429.071428571428,432.1528334149141,16883555.09098219,5037.642857142857,530.1918041674744,16356688.427572249
2023-12-03,5051,17197259.716899868,5233475.415944307,0,0,6,3,48,12,4,1,2162,5126.0,17561204.11202995,6271.0,19085248.187134307,5032.0,17088691.459808268,5082.0,17397696.289618023,5395.571428571428,523.1038319947772,16989029.72384566,5435.5,426.4881186909925,16920015.67748695,5044.821428571428,529.9708624814926,16388726.76386079
2023-12-04,4587,15787982.973091757,4833936.628740308,0,0,0,4,49,12,4,0,2163,5051.0,17197259.716899868,5424.0,16537181.114060624,5421.0,16402596.626194077,4508.0,15504003.408323243,5221.285714285715,360.91352347699,16719317.08524074,5436.857142857143,425.13343735867943,16927770.55299349,5043.714285714285,529.9226957699354,16381568.31483514
2023-12-05,4565,15520520.44699231,4727940.15618512,0,0,1,5,49,12,4,0,2164,4587.0,15787982.973091757,5543.0,16915356.206280556,5358.0,16085270.880921606,4430.0,14975665.80271658,5101.714285714285,416.8723682718465,16612288.779388046,5377.285714285715,482.1364997545557,16883869.5777719,5046.535714285715,527.1679388148502,16391710.442148302
2023-12-06,4670,15764510.350758811,4771651.276887991,0,0,2,6,49,12,4,0,2165,4565.0,15520520.44699231,5496.0,16703112.746862864,5490.0,16777860.20901048,4408.0,15080015.710543882,4962.0,408.122530620412,16413026.528061155,5320.642857142857,528.8915269246814,16843530.26106266,5051.357142857143,521.9114593765721,16411169.53658672
2023-12-07,4606,15663077.53107072,4784761.013900911,0,0,3,7,49,12,4,0,2166,4670.0,15764510.350758811,5391.0,16584571.26730644,5425.0,16382335.701926311,4497.0,15368337.541785603,4844.0,342.0584745332461,16278940.47147486,5262.071428571428,553.524853765611,16771148.128330398,5060.714285714285,512.2082083267117,16435615.773737254
2023-12-08,4530,15433675.534419663,4659148.286463102,0,0,4,8,49,12,4,0,2167,4606.0,15663077.53107072,4518.0,15536534.43324489,5432.0,16484380.257878302,4504.0,15518845.012337608,4731.857142857143,248.80610159417256,16147298.509155473,5203.571428571428,577.7302690150871,16719772.544697857,5064.607142857143,508.16345717333945,16446142.201926008
2023-12-09,5249,17840558.331594996,5462450.410937114,0,0,5,9,49,12,4,1,2168,4530.0,15433675.534419663,5126.0,17561204.11202995,6170.0,18735876.28215861,5061.0,17218357.504386727,4733.571428571428,247.12268015629923,16132604.380751867,5139.142857142857,600.1566279080513,16644722.207307955,5065.535714285715,507.1238056262153,16443100.434857512
2023-12-10,5260,18204295.65491136,5586977.307235999,0,0,6,10,49,12,4,1,2169,5249.0,17840558.331594996,5051.0,17197259.716899868,6271.0,19085248.187134307,5048.0,16985534.43072219,4751.142857142857,281.638911002172,16172512.126404017,5073.357142857143,524.1298440335015,16580770.92512484,5072.25,508.30470775504017,16465321.892972093
2023-12-11,4563,15624860.663370242,4774183.719321135,0,0,0,11,50,12,4,0,2170,5260.0,18204295.65491136,4587.0,15787982.973091757,5424.0,16537181.114060624,4521.0,15497788.10220336,4781.0,326.26778367880456,16316374.403262803,5001.142857142857,401.7974723554176,16517845.744251773,5079.821428571428,509.5076093330349,16508849.079550276
2023-12-12,4635,15718127.425696218,4794408.773882951,0,0,1,12,50,12,4,0,2171,4563.0,15624860.663370242,4565.0,15520520.44699231,5543.0,16915356.206280556,4580.0,15455684.690481892,4777.571428571428,328.76276002759954,16293071.21615973,4939.642857142857,397.97035203504635,16452679.997773888,5081.321428571428,507.8606584612643,16513387.385306237
2023-12-13,4617,15928754.152484093,4860962.869235198,0,0,2,13,50,12,4,0,2172,4635.0,15718127.425696218,4670.0,15764510.350758811,5496.0,16703112.746862864,4440.0,15181017.067226052,4787.571428571428,322.2187958219768,16321300.784546,4874.785714285715,364.6729153156796,16367163.656303579,5083.285714285715,505.9526296918259,16522760.34013532
2023-12-14,4625,15886829.929318456,4843413.49769938,0,0,3,14,50,12,4,0,2173,4617.0,15928754.152484093,4606.0,15663077.53107072,5391.0,16584571.26730644,4444.0,15118767.976873497,4780.0,326.0419195952353,16344764.184792472,4812.0,322.75020109629344,16311852.328133667,5089.607142857143,498.6709996310453,16549465.236037392
2023-12-15,4698,15972987.584873812,4839588.539638766,0,0,4,15,50,12,4,0,2174,4625.0,15886829.929318456,4530.0,15433675.534419663,4518.0,15536534.43324489,4599.0,15651660.465102827,4782.714285714285,324.42704073784796,16376728.813113576,4757.285714285715,279.0088028860757,16262013.661134524,5096.071428571428,491.1078126011573,16576896.020053282
2023-12-16,5269,18007447.11848485,5479991.412847478,0,0,5,16,50,12,4,1,2175,4698.0,15972987.584873812,5249.0,17840558.331594996,5126.0,17561204.11202995,5036.0,17050755.900963325,4806.714285714285,308.4362247887182,16453773.391749885,4770.142857142857,271.17120823537357,16293188.886250874,5099.607142857143,487.74145695848796,16588371.988616532
2023-12-17,5254,17795920.429964505,5409804.149844239,0,0,6,17,50,12,4,1,2176,5269.0,18007447.11848485,5260.0,18204295.65491136,5051.0,17197259.716899868,5032.0,17088691.459808268,4809.571428571428,313.2708397658981,16477614.647019863,4780.357142857143,287.79041710215375,16325063.38671194,5107.928571428572,488.6029160001185,16622539.532099444
2023-12-18,4743,16090960.763842318,4924672.654321012,0,0,0,18,51,12,4,0,2177,5254.0,17795920.429964505,4563.0,15624860.663370242,4587.0,15787982.973091757,5421.0,16402596.626194077,4808.714285714285,311.83794631493566,16419275.32917031,4794.857142857143,306.9514762812118,16367824.866216557,5115.857142857143,489.1261076719972,16647797.709605025
2023-12-19,4733,16095039.25830732,4894239.029310826,0,0,1,19,51,12,4,0,2178,4743.0,16090960.763842318,4635.0,15718127.425696218,4565.0,15520520.44699231,5358.0,16085270.880921606,4834.428571428572,295.1755732570539,16485861.057809178,4806.0,301.6105486831137,16389466.136984454,5091.642857142857,490.2414533061159,16636667.857378175
2023-12-20,4685,15966428.692056496,4848183.771919313,0,0,2,20,51,12,4,0,2179,4733.0,16095039.25830732,4617.0,15928754.152484093,4670.0,15764510.350758811,5490.0,16777860.20901048,4848.428571428572,286.331892008144,16539705.605325049,4818.0,294.54371492191956,16430503.194935527,5069.321428571428,491.890461577054,16637016.727999093
2023-12-21,4725,16080596.701092465,4936635.416365663,0,0,3,21,51,12,4,0,2180,4685.0,15966428.692056496,4625.0,15886829.929318456,4606.0,15663077.53107072,5425.0,16382335.701926311,4858.142857142857,278.2100097477091,16545087.682406822,4819.071428571428,293.9907021778714,16444925.933599647,5040.571428571428,489.913327827567,16608037.030965025
2023-12-22,4671,15874114.68545538,4785139.170161329,0,0,4,22,51,12,4,0,2181,4725.0,16080596.701092465,4698.0,15972987.584873812,4530.0,15433675.534419663,5432.0,16484380.257878302,4872.428571428572,266.56697541324,16572768.649803108,4827.571428571428,289.0349231722547,16474748.731458345,5015.571428571428,487.42356882874356,16597260.6380781
2023-12-23,5314,18228465.563036226,5579478.370051244,0,0,5,23,51,12,4,1,2182,4671.0,15874114.68545538,5269.0,18007447.11848485,5249.0,17840558.331594996,6170.0,18735876.28215861,4868.571428571428,269.6886211558859,16558643.94988619,4837.642857142857,280.1896630012445,16506208.670818035,4988.392857142857,484.5517469813314,16575465.439062996
2023-12-24,5377,18413807.31608528,5636085.236649248,0,0,6,24,51,12,4,1,2183,5314.0,18228465.563036226,5254.0,17795920.429964505,5260.0,18204295.65491136,6271.0,19085248.187134307,4875.0,281.11859893411025,16590218.01339353,4842.285714285715,287.96111611745056,16533916.330206694,4957.821428571428,431.31994256834327,16557343.62766577
2023-12-25,5153,17799471.662550505,5419600.39932404,0,1,0,25,52,12,4,0,2184,5377.0,18413807.31608528,4743.0,16090960.763842318,4563.0,15624860.663370242,5424.0,16537181.114060624,4892.571428571428,311.0111772605005,16678487.56855364,4850.642857142857,302.35450592433745,16548881.448861975,4925.892857142857,357.2386212879286,16533363.596556874
2023-12-26,4802,16220908.805177748,4935675.287387267,0,0,1,26,52,12,4,0,2185,5153.0,17799471.662550505,4733.0,16095039.25830732,4635.0,15718127.425696218,5543.0,16915356.206280556,4951.142857142857,316.70303049358137,16922560.55408338,4892.785714285715,300.28888105940996,16704210.80594628,4916.214285714285,346.7611363955074,16578445.401860086
2023-12-27,4755,16248784.632966151,4962740.64338879,0,0,2,27,52,12,4,0,2186,4802.0,16220908.805177748,4685.0,15966428.692056496,4617.0,15928754.152484093,5496.0,16703112.746862864,4961.0,309.78002948330163,16940541.917922013,4904.714285714285,292.476278741325,16740123.761623532,4889.75,324.7302726879943,16553643.708963556
2023-12-28,4814,16600404.594780374,5026619.368273772,0,0,3,28,52,12,4,0,2187,4755.0,16248784.632966151,4725.0,16080596.701092465,4625.0,15886829.929318456,5391.0,16584571.26730644,4971.0,300.372546459684,16980878.48090911,4914.571428571428,284.24331783924623,16762983.081657965,4863.285714285715,302.95774759100834,16537417.704895815
2023-12-29,4770,16437526.035974978,4995272.567468458,0,0,4,29,52,12,4,0,2188,4814.0,16600404.594780374,4671.0,15874114.68545538,4698.0,15972987.584873812,4518.0,15536534.43324489,4983.714285714285,289.92626320367424,17055136.751435954,4928.071428571428,273.7259899651762,16813952.70061953,4842.678571428572,284.8136562440256,16537983.180877028
2023-12-30,5341,18170260.42615955,5532267.123265965,0,0,5,30,52,12,4,1,2189,4770.0,16437526.035974978,5314.0,18228465.563036226,5269.0,18007447.11848485,5126.0,17561204.11202995,4997.857142857143,274.11276789638475,17135624.087224465,4933.214285714285,269.71785217189023,16847134.01855533,4851.678571428572,278.075802824379,16570161.452403102
2023-12-31,5427,18248846.254804343,5524540.242508495,0,0,6,31,52,12,4,1,2190,5341.0,18170260.42615955,5377.0,18413807.31608528,5254.0,17795920.429964505,5051.0,17197259.716899868,5001.714285714285,279.4409384740285,17127309.067670655,4938.357142857143,277.19573954513726,16858763.540532093,4859.357142857143,288.69684398151674,16591913.463622017
2024-01-01,4804,16563994.781256784,5052228.17872231,0,0,0,1,1,1,1,0,2191,5427.0,18248846.254804343,5153.0,17799471.662550505,4743.0,16090960.763842318,4587.0,15787982.973091757,5008.857142857143,291.03117162453646,17103743.20177338,4950.714285714285,295.5946883491253,16891115.38516351,4872.785714285715,306.15783355589474,16629470.125690034
2024-01-02,4800,16293716.174422871,4976894.028035154,0,0,1,2,1,1,1,0,2192,4804.0,16563994.781256784,4802.0,16220908.805177748,4733.0,16095039.25830732,4565.0,15520520.44699231,4959.0,292.114132945798,16927246.504445706,4955.071428571428,292.7331324144626,16924903.529264543,4880.535714285715,301.364610242971,16657184.833124498
2024-01-03,4917,16782282.474559586,5073736.854643205,0,0,2,3,1,1,1,0,2193,4800.0,16293716.174422871,4755.0,16248784.632966151,4685.0,15966428.692056496,4670.0,15764510.350758811,4958.714285714285,292.29420925142097,16937647.557195008,4959.857142857143,289.3514916399808,16939094.73755851,4888.928571428572,295.46622650534897,16684798.966247018
2024-01-04,4881,16570153.807126582,5036830.214191261,0,0,3,4,1,1,1,0,2194,4917.0,16782282.474559586,4814.0,16600404.594780374,4725.0,16080596.701092465,4606.0,15663077.53107072,4981.857142857143,279.6148711897926,17013861.534565497,4976.428571428572,278.85223941823836,16997370.0077373,4897.75,292.35868697863356,16721147.970668474
2024-01-05,4825,16655357.909792555,5102044.485211173,0,0,4,5,1,1,1,0,2195,4881.0,16570153.807126582,4770.0,16437526.035974978,4671.0,15874114.68545538,4530.0,15433675.534419663,4991.428571428572,274.00173791594875,17009539.9934721,4987.571428571428,271.03979676159327,17032338.372454025,4907.571428571428,286.76024681510074,16753543.551956182
2024-01-06,5530,18772031.6412542,5727439.069593796,0,0,5,6,1,1,1,1,2196,4825.0,16655357.909792555,5341.0,18170260.42615955,5314.0,18228465.563036226,5249.0,17840558.331594996,4999.285714285715,267.3005264278002,17040658.832588896,4998.571428571428,260.10817698845494,17088141.459906682,4918.107142857143,277.6487708366594,16797175.065362357
2024-01-07,5556,19147077.25932416,5852270.601892353,0,0,6,7,1,1,1,1,2197,5530.0,18772031.6412542,5427.0,18248846.254804343,5377.0,18413807.31608528,5260.0,18204295.65491136,5026.285714285715,313.1781784042089,17126626.149030987,5014.0,285.43084842175324,17126967.60835082,4928.142857142857,294.6122013874622,16830441.96927876
2024-01-08,5030,17000749.77785903,5189529.882053776,0,0,0,8,2,1,1,0,2198,5556.0,19147077.25932416,4804.0,16563994.781256784,5153.0,17799471.662550505,4563.0,15624860.663370242,5044.714285714285,343.05767944848293,17254944.86396239,5026.785714285715,306.19580928935886,17179344.032867886,4938.714285714285,311.7719794910763,16864112.74086493
2024-01-09,4933,16733627.534600602,5070539.27808853,0,0,1,9,2,1,1,0,2199,5030.0,17000749.77785903,4800.0,16293716.174422871,4802.0,16220908.805177748,4635.0,15718127.425696218,5077.0,326.88122205678815,17317338.43490557,5018.0,304.05288001620085,17122292.469675638,4955.392857142857,303.30467987816303,16913251.637810957
2024-01-10,4871,16571101.311560122,5051572.072196756,0,0,2,10,2,1,1,0,2200,4933.0,16733627.534600602,4917.0,16782282.474559586,4755.0,16248784.632966151,4617.0,15928754.152484093,5096.0,311.60551984842226,17380182.91493096,5027.357142857143,298.86570360481403,17158915.236062985,4966.035714285715,296.80452254504183,16949519.49884326
2024-01-11,4959,17085531.10043443,5209912.678413846,0,0,3,11,2,1,1,0,2201,4871.0,16571101.311560122,4881.0,16570153.807126582,4814.0,16600404.594780374,4625.0,15886829.929318456,5089.428571428572,316.45687286099195,17350014.177359607,5035.642857142857,292.26926656050483,17181937.855962552,4975.107142857143,289.53415192735093,16972460.468810257
2024-01-12,4987,17154175.580187734,5213518.37365916,0,0,4,12,2,1,1,0,2202,4959.0,17085531.10043443,4825.0,16655357.909792555,4770.0,16437526.035974978,4698.0,15972987.584873812,5100.571428571428,309.184333983722,17423639.504975013,5046.0,286.3193483346171,17216589.749223556,4987.035714285715,281.3401107850115,17015271.224921543
2024-01-13,5515,18920755.445443023,5773537.24358064,0,0,5,13,2,1,1,1,2203,4987.0,17154175.580187734,5530.0,18772031.6412542,5341.0,18170260.42615955,5269.0,18007447.11848485,5123.714285714285,290.6255977976525,17494899.172174323,5061.5,275.9132388715789,17267779.00238161,4997.357142857143,275.58600382214564,17057456.510468468
2024-01-14,5583,18875094.836568296,5679353.35423006,0,0,6,14,2,1,1,1,2204,5515.0,18920755.445443023,5556.0,19147077.25932416,5427.0,18248846.254804343,5254.0,17795920.429964505,5121.571428571428,287.1653746205437,17516145.429915585,5073.928571428572,292.8697437653396,17321385.789473288,5006.142857142857,288.19935413682225,17090074.66500269
2024-01-15,4989,17113704.420975585,5205823.643598479,0,0,0,15,3,1,1,0,2205,5583.0,18875094.836568296,5030.0,17000749.77785903,4804.0,16563994.781256784,4743.0,16090960.763842318,5125.428571428572,294.0713389314864,17477290.79809332,5085.071428571428,309.81395516208596,17366117.831027854,5017.892857142857,304.9016039565081,17128616.608095683
2024-01-16,4987,16932470.39281968,5141524.146542945,0,0,1,16,3,1,1,0,2206,4989.0,17113704.420975585,4933.0,16733627.534600602,4800.0,16293716.174422871,4733.0,16095039.25830732,5119.571428571428,296.68549966975235,17493427.1756814,5098.285714285715,300.71515491506545,17405382.80529348,5026.678571428572,300.1951283405144,17165143.167279013
2024-01-17,4958,16923423.35898523,5160319.56706414,0,0,2,17,3,1,1,0,2207,4987.0,16932470.39281968,4871.0,16571101.311560122,4917.0,16782282.474559586,4685.0,15966428.692056496,5127.285714285715,291.68574087290614,17521833.298284125,5111.642857142857,290.4237241694042,17451008.10660754,5035.75,294.7808508027826,17195051.422083028
2024-01-18,5091,17373227.256313417,5358381.297107205,0,0,3,18,3,1,1,0,2208,4958.0,16923423.35898523,4959.0,17085531.10043443,4881.0,16570153.807126582,4725.0,16080596.701092465,5139.714285714285,280.58790321141055,17572165.019344855,5114.571428571428,288.5104222315897,17461089.59835223,5045.5,287.1664248403136,17229229.803044766
2024-01-19,5066,17544387.037300378,5369092.428550495,0,0,4,19,3,1,1,0,2209,5091.0,17373227.256313417,4987.0,17154175.580187734,4825.0,16655357.909792555,4671.0,15874114.68545538,5158.571428571428,270.67930418539527,17613264.47018471,5129.571428571428,280.7883720706672,17518451.987579864,5058.571428571428,280.28483245013206,17275395.180016942
2024-01-20,5652,19545304.52695032,5972857.844224344,0,0,5,20,3,1,1,1,2210,5066.0,17544387.037300378,5515.0,18920755.445443023,5530.0,18772031.6412542,5314.0,18228465.563036226,5169.857142857143,263.8954518816368,17669008.964057945,5146.785714285715,267.7651607634307,17581954.068116136,5072.678571428572,269.7996586730911,17335047.76401141
2024-01-21,5702,19576863.3528261,5963638.833545278,0,0,6,21,3,1,1,1,2211,5652.0,19545304.52695032,5583.0,18875094.836568296,5556.0,19147077.25932416,5377.0,18413807.31608528,5189.428571428572,296.78884589489275,17758230.26141613,5155.5,282.76131549143275,17637187.845665857,5084.75,287.9478637222931,17382077.72700834
2024-01-22,5099,17489351.416059498,5295323.740527082,0,0,0,22,4,1,1,0,2212,5702.0,19576863.3528261,4989.0,17113704.420975585,5030.0,17000749.77785903,5153.0,17799471.662550505,5206.428571428572,325.14348480984313,17858482.906595815,5165.928571428572,300.78626817204037,17667886.85234457,5096.357142857143,306.1403955686856,17423615.442606226
2024-01-23,5036,17215919.73077423,5259267.079840787,0,0,1,23,4,1,1,0,2213,5099.0,17489351.416059498,4987.0,16932470.39281968,4933.0,16733627.534600602,4802.0,16220908.805177748,5222.142857142857,315.39574535887266,17912146.763036374,5170.857142857143,298.9473473431394,17702786.969358888,5094.428571428572,305.94037528172515,17412539.71951726
2024-01-24,5094,17476677.692170642,5317533.146792698,0,0,2,24,4,1,1,0,2214,5036.0,17215919.73077423,4958.0,16923423.35898523,4871.0,16571101.311560122,4755.0,16248784.632966151,5229.142857142857,309.80124196621944,17952639.52560131,5178.214285714285,293.8676255028173,17737236.411942717,5102.785714285715,300.809445914406,17448075.82400285
2024-01-25,5180,17744815.289820075,5409637.903220431,0,0,3,25,4,1,1,0,2215,5094.0,17476677.692170642,5091.0,17373227.256313417,4959.0,17085531.10043443,4814.0,16600404.594780374,5248.571428571428,293.8150535869254,18031675.858913515,5194.142857142857,281.72759815186976,17801920.439129185,5114.892857142857,293.0142632460357,17491929.147545867
2024-01-26,5632,19392445.77308382,5953941.448049841,0,1,4,26,4,1,1,0,2216,5180.0,17744815.289820075,5066.0,17544387.037300378,4987.0,17154175.580187734,4770.0,16437526.035974978,5261.285714285715,287.72250189243096,18084759.863700178,5209.928571428572,273.613276861168,17849012.166942444,5127.964285714285,287.20021176910655,17532800.958083
2024-01-27,5652,19526958.90716632,5954106.873520508,0,0,5,27,4,1,1,1,2217,5632.0,19392445.77308382,5652.0,19545304.52695032,5515.0,18920755.445443023,5341.0,18170260.42615955,5342.142857142857,302.8291204466245,18348768.254526384,5256.0,287.1566176791008,18008888.60929216,5158.75,293.53801255513963,17638333.80583689
2024-01-28,5699,19547106.276731007,5968085.6277644215,0,0,6,28,4,1,1,1,2218,5652.0,19526958.90716632,5702.0,19576863.3528261,5583.0,18875094.836568296,5427.0,18248846.254804343,5342.142857142857,302.8291204466245,18346147.4517001,5265.785714285715,298.76159226206875,18052188.856558114,5169.857142857143,306.296239355615,17686787.3230157
2024-01-29,5185,17970051.071342114,5477249.000296572,0,0,0,29,5,1,1,0,2219,5699.0,19547106.276731007,5099.0,17489351.416059498,4989.0,17113704.420975585,4804.0,16563994.781256784,5341.714285714285,302.23650468119297,18341896.44082937,5274.071428571428,309.6460670074204,18100189.673712593,5179.571428571428,318.81126758417713,17733153.752370227
2024-01-30,5160,17688427.13739577,5358771.314230543,0,0,1,30,5,1,1,0,2220,5185.0,17970051.071342114,5036.0,17215919.73077423,4987.0,16932470.39281968,4800.0,16293716.174422871,5354.0,292.3109075396716,18410567.82015546,5288.071428571428,300.0478075460027,18161357.291595917,5193.178571428572,310.20232985865886,17783370.0484447
2024-01-31,5159,17709992.86430427,5406133.139231733,0,0,2,31,5,1,1,0,2221,5160.0,17688427.13739577,5094.0,17476677.692170642,4958.0,16923423.35898523,4917.0,16782282.474559586,5371.714285714285,272.9436537002417,18478068.87824425,5300.428571428572,290.0919520760894,18215354.20192278,5206.035714285715,300.6148615314104,17833181.15426516
2024-02-01,5159,17650041.240223892,5377399.74698105,0,0,3,1,5,2,1,0,2222,5159.0,17709992.86430427,5180.0,17744815.289820075,5091.0,17373227.256313417,4881.0,16570153.807126582,5381.0,262.8396215692486,18511399.617120482,5314.785714285715,276.4962591404375,18271537.738016997,5214.678571428572,295.43126712974583,17866313.668184616
2024-02-02,5196,17751387.175598424,5401548.997477354,0,0,4,2,5,2,1,0,2223,5159.0,17650041.240223892,5632.0,19392445.77308382,5066.0,17544387.037300378,4825.0,16655357.909792555,5378.0,265.6212842877353,18497860.46717817,5319.642857142857,272.8357091287695,18291310.165439174,5224.607142857143,288.38944082043423,17904881.076509517
2024-02-03,5898,20194643.572034616,6151761.936215163,0,0,5,3,5,2,1,1,2224,5196.0,17751387.175598424,5652.0,19526958.90716632,5652.0,19545304.52695032,5530.0,18772031.6412542,5315.714285714285,246.56960767412573,18263423.524680257,5328.928571428572,265.6569402257047,18306095.88960332,5237.857142857143,277.6732311196485,17944024.97885973
2024-02-04,5895,20363795.69958828,6210534.042435231,0,0,6,4,5,2,1,1,2225,5898.0,20194643.572034616,5699.0,19547106.276731007,5702.0,19576863.3528261,5556.0,19147077.25932416,5350.857142857143,311.4757500306289,18358807.048232872,5346.5,295.1663807205437,18352477.249966484,5251.0,299.8376103703376,17994832.54781617
2024-02-05,5188,17800034.64898893,5436242.232439454,0,0,0,5,6,2,1,0,2226,5895.0,20363795.69958828,5185.0,17970051.071342114,5099.0,17489351.416059498,5030.0,17000749.77785903,5378.857142857143,353.9074401456904,18475476.96578391,5360.285714285715,316.76402975941306,18408686.703306638,5263.107142857143,318.85075334716413,18038286.777825605
2024-02-06,5163,17747984.16180171,5433794.029098013,0,0,1,6,6,2,1,0,2227,5188.0,17800034.64898893,5160.0,17688427.13739577,5036.0,17215919.73077423,4933.0,16733627.534600602,5379.285714285715,353.63527081147316,18451188.90544774,5366.642857142857,311.9737679166363,18430878.3628016,5268.75,315.9575246886966,18066832.666080244
2024-02-07,5203,17815765.323191524,5421641.070782702,0,0,2,7,6,2,1,0,2228,5163.0,17747984.16180171,5159.0,17709992.86430427,5094.0,17476677.692170642,4871.0,16571101.311560122,5379.714285714285,353.3269091958663,18459697.05179145,5375.714285714285,303.3470793487574,18468882.965017848,5276.964285714285,309.8358564409685,18103059.68848028
2024-02-08,5200,17775505.001357928,5382338.469898377,0,0,3,8,6,2,1,0,2229,5203.0,17815765.323191524,5159.0,17650041.240223892,5180.0,17744815.289820075,4959.0,17085531.10043443,5386.0,349.11220736796406,18474807.403061055,5383.5,296.8904874502243,18493103.51009077,5288.821428571428,299.9185140656791,18147511.974609975
2024-02-09,5350,18446289.19323725,5619823.424550911,0,0,4,9,6,2,1,0,2230,5200.0,17775505.001357928,5196.0,17751387.175598424,5632.0,19392445.77308382,4987.0,17154175.580187734,5391.857142857143,344.9886126485071,18492730.797508772,5384.928571428572,295.8823737921022,18495295.63234347,5297.428571428572,293.49193042997393,18172153.89964296
2024-02-10,5966,20487036.566090006,6255053.66379855,0,0,5,10,6,2,1,1,2231,5350.0,18446289.19323725,5898.0,20194643.572034616,5652.0,19526958.90716632,5515.0,18920755.445443023,5413.857142857143,335.188220045307,18592002.51431432,5364.785714285715,287.2413026255753,18427713.019497287,5310.392857142857,287.221986583058,18218300.814394727
2024-02-11,5828,19971876.07761662,6073858.677459796,0,0,6,11,6,2,1,1,2232,5966.0,20487036.566090006,5895.0,20363795.69958828,5699.0,19547106.276731007,5583.0,18875094.836568296,5423.571428571428,352.1159170608695,18633772.942036517,5387.214285714285,321.59725854438926,18496289.995134693,5326.5,310.7992683150705,18274239.425846405
2024-02-12,5223,17935932.229487058,5437286.759308034,0,0,0,12,7,2,1,0,2233,5828.0,19971876.07761662,5188.0,17800034.64898893,5185.0,17970051.071342114,4989.0,17113704.420975585,5414.0,337.78444803355234,18577784.424611993,5396.428571428572,332.8681222543791,18526630.69519795,5335.25,321.550828307412,18313410.18445527
2024-02-13,5234,17940378.52245728,5422193.603651418,0,0,1,13,7,2,1,0,2234,5223.0,17935932.229487058,5163.0,17747984.16180171,5160.0,17688427.13739577,4987.0,16932470.39281968,5419.0,334.1207366606641,18597198.364683155,5399.142857142857,331.16202335753263,18524193.635065448,5343.607142857143,315.1965100490282,18342775.463330682
2024-02-14,5362,18170902.117804863,5472982.3847120665,0,0,2,14,7,2,1,0,2235,5234.0,17940378.52245728,5203.0,17815765.323191524,5159.0,17709992.86430427,4958.0,16923423.35898523,5429.142857142857,326.03395966853026,18624683.27334824,5404.428571428572,327.62307476862503,18542190.162569843,5352.428571428572,308.2257984937983,18378772.18224631
2024-02-15,5316,18174149.53266031,5545933.163563013,0,0,3,15,7,2,1,0,2236,5362.0,18170902.117804863,5200.0,17775505.001357928,5159.0,17650041.240223892,5091.0,17373227.256313417,5451.857142857143,312.9283350180041,18675417.101150144,5418.928571428572,320.3364731714515,18575112.252105597,5366.857142857143,298.3766839125361,18423324.995061297
2024-02-16,5320,18313692.41592723,5604957.045827682,0,0,4,16,7,2,1,0,2237,5316.0,18174149.53266031,5350.0,18446289.19323725,5196.0,17751387.175598424,5066.0,17544387.037300378,5468.428571428572,300.1798667148569,18732366.319907628,5430.142857142857,313.20572181202476,18612548.5587082,5374.892857142857,293.6648807217298,18451929.362073686
2024-02-17,5949,20715207.7676721,6283728.117293855,0,0,5,17,7,2,1,1,2238,5320.0,18313692.41592723,5966.0,20487036.566090006,5898.0,20194643.572034616,5652.0,19545304.52695032,5464.142857142857,302.3587430913923,18713423.923149053,5439.0,307.78139095038114,18652713.218731686,5383.964285714285,287.63074091913103,18479404.5541675
2024-02-18,6078,20810837.482650127,6356726.397393203,0,0,6,18,7,2,1,1,2239,5949.0,20715207.7676721,5828.0,19971876.07761662,5895.0,20363795.69958828,5702.0,19576863.3528261,5461.714285714285,297.6881557859419,18746019.80908935,5442.642857142857,313.87346964186287,18689896.375562932,5394.571428571428,302.9497487448123,18521186.81276471
2024-02-19,5426,18773807.381655447,5759563.485517188,0,0,0,19,8,2,1,0,2240,6078.0,20810837.482650127,5223.0,17935932.229487058,5188.0,17800034.64898893,5099.0,17489351.416059498,5497.428571428572,357.86955591055136,18865871.438379854,5455.714285714285,337.11158357461613,18721827.931495924,5408.0,324.6384883961576,18565257.317401282
2024-02-20,5440,18786127.599005617,5761339.248992147,0,0,1,20,8,2,1,0,2241,5426.0,18773807.381655447,5234.0,17940378.52245728,5163.0,17747984.16180171,5036.0,17215919.73077423,5526.428571428572,339.68802213346856,18985567.888689622,5472.714285714285,328.46271971370317,18791383.12668639,5419.678571428572,318.9425878408491,18611130.744743995
2024-02-21,5350,18566842.539155368,5660840.084810006,0,0,2,21,8,2,1,0,2242,5440.0,18786127.599005617,5362.0,18170902.117804863,5203.0,17815765.323191524,5094.0,17476677.692170642,5555.857142857143,318.3867818505309,19106389.185339384,5492.5,316.49614167043313,18865536.22934381,5434.107142857143,309.95415901036625,18667209.597180832
2024-02-22,5440,18756207.304800265,5702266.093629833,0,0,3,22,8,2,1,0,2243,5350.0,18566842.539155368,5316.0,18174149.53266031,5200.0,17775505.001357928,5180.0,17744815.289820075,5554.142857142857,319.63438935311325,19162952.102675173,5503.0,308.4901195275407,18919184.601912655,5443.25,303.2535456725201,18706144.056001715
2024-02-23,5543,18921043.57161809,5799973.555635987,0,0,4,23,8,2,1,0,2244,5440.0,18756207.304800265,5320.0,18313692.41592723,5350.0,18446289.19323725,5632.0,19392445.77308382,5571.857142857143,307.4401993729357,19246103.212980878,5520.142857142857,296.80422377841694,18989234.766444255,5452.535714285715,298.8427658104517,18742265.199393865
2024-02-24,6107,20970031.9424822,6394242.427811812,0,0,5,24,8,2,1,1,2245,5543.0,18921043.57161809,5949.0,20715207.7676721,5966.0,20487036.566090006,5652.0,19526958.90716632,5603.714285714285,287.9274875645455,19332867.663793862,5533.928571428572,292.7481102311618,19023145.793471456,5449.357142857143,297.332737204884,18725429.406484373
2024-02-25,6053,20872101.883466065,6394328.429293129,0,0,6,25,8,2,1,1,2246,6107.0,20970031.9424822,6078.0,20810837.482650127,5828.0,19971876.07761662,5699.0,19547106.276731007,5626.285714285715,323.50204238700604,19369271.11733816,5544.0,310.635081480044,19057645.463213753,5465.607142857143,320.3596750974794,18776967.729174223
2024-02-26,5506,19121795.893836543,5842797.196280593,0,0,0,26,9,2,1,0,2247,6053.0,20872101.883466065,5426.0,18773807.381655447,5223.0,17935932.229487058,5185.0,17970051.071342114,5622.714285714285,317.77125645433136,19378023.17459758,5560.071428571428,331.573512973297,19121947.306488715,5478.25,336.49067182050186,18824289.000843335
2024-02-27,5513,18894017.784577105,5748704.587969686,0,0,1,27,9,2,1,0,2248,5506.0,19121795.893836543,5440.0,18786127.599005617,5234.0,17940378.52245728,5160.0,17688427.13739577,5634.142857142857,310.8812359360654,19427735.81919488,5580.285714285715,317.7830485315779,19206651.85394225,5489.714285714285,331.561720654186,18865422.74450385
2024-02-28,5542,19046065.83926769,5817011.532674311,0,0,2,28,9,2,1,0,2249,5513.0,18894017.784577105,5350.0,18566842.539155368,5362.0,18170902.117804863,5159.0,17709992.86430427,5644.571428571428,304.44093961600856,19443148.70284795,5600.214285714285,302.79116402389434,19274768.944093667,5502.321428571428,325.2108209182425,18908479.553331755
2024-02-29,5429,18478917.237031728,5637460.109882957,0,0,3,29,9,2,1,0,2250,5542.0,19046065.83926769,5440.0,18756207.304800265,5316.0,18174149.53266031,5159.0,17650041.240223892,5672.0,281.2436665953417,19511609.174292564,5613.071428571428,295.6350307871623,19337280.63848387,5516.0,318.2150449221458,18956196.445294734
2024-03-01,6582,20532139.289493494,4671575.970669307,400,0,4,1,9,3,1,0,2251,5429.0,18478917.237031728,5543.0,18921043.57161809,5320.0,18313692.41592723,5196.0,17751387.175598424,5670.428571428572,282.78251781350303,19471996.307468493,5621.142857142857,288.35337752421896,19359049.76022468,5525.642857142857,311.00544407353095,18985799.15946644
2024-03-02,7365,22992423.279696587,5234844.001759732,400,0,5,2,9,3,1,1,2252,6582.0,20532139.289493494,6107.0,20970031.9424822,5949.0,20715207.7676721,5898.0,20194643.572034616,5818.857142857143,435.94779067047057,19702152.838593546,5711.285714285715,372.07514306637074,19517510.251193702,5575.142857142857,362.61281404555785,19085111.734962694
2024-03-03,7410,23024306.62232194,5191062.00537813,400,0,6,3,9,3,1,1,2253,7365.0,22992423.279696587,6053.0,20872101.883466065,6078.0,20810837.482650127,5895.0,20363795.69958828,5998.571428571428,732.7748306136998,19991065.88676703,5812.428571428572,577.4455304695689,19680168.502052598,5627.535714285715,493.38847155402453,19185032.438807763
2024-03-04,6586,20250365.650941968,4551712.646344147,400,0,0,4,10,3,1,0,2254,7410.0,23024306.62232194,5506.0,19121795.893836543,5426.0,18773807.381655447,5188.0,17800034.64898893,6192.428571428572,908.0985367133524,20298523.706603583,5907.571428571428,717.3530097931389,19838273.44060058,5681.642857142857,596.1710675627604,19280050.68604825
2024-03-05,6636,20269503.285611674,4480138.781624922,400,0,1,5,10,3,1,0,2255,6586.0,20250365.650941968,5513.0,18894017.784577105,5440.0,18786127.599005617,5163.0,17747984.16180171,6346.714285714285,862.6454880744544,20459747.957618646,5990.428571428572,724.4084816949463,19943741.88840676,5731.571428571428,611.637657717869,19367562.507546574
2024-03-06,6618,20376163.75173605,4500047.081526782,400,0,2,6,10,3,1,0,2256,6636.0,20269503.285611674,5542.0,19046065.83926769,5350.0,18566842.539155368,5203.0,17815765.323191524,6507.142857142857,782.4522197491988,20656245.88633787,6075.857142857143,725.0250772471845,20049697.29459291,5784.178571428572,624.1421997026875,19457616.761968363
2024-03-07,6841,20753161.06214795,4720723.508152099,400,0,3,7,10,3,1,0,2257,6618.0,20376163.75173605,5429.0,18478917.237031728,5440.0,18756207.304800265,5200.0,17775505.001357928,6660.857142857143,656.8587947119571,20846259.87383335,6166.428571428572,706.3341674051123,20178934.524062958,5834.714285714285,632.5704678732387,19549059.56298781
2024-03-08,5581,19326037.107387867,5861903.7926201,0,0,4,8,10,3,1,0,2258,6841.0,20753161.06214795,6582.0,20532139.289493494,5543.0,18921043.57161809,5350.0,18446289.19323725,6862.571428571428,369.44546604460675,21171151.848849952,6266.5,694.6471987772939,20321574.07815922,5893.321428571428,647.4308230497594,19655404.422301736
2024-03-09,6271,21625908.088202342,6608630.765337477,0,0,5,9,10,3,1,1,2259,5581.0,19326037.107387867,7365.0,22992423.279696587,6107.0,20970031.9424822,5966.0,20487036.566090006,6719.571428571428,610.942129595147,20998851.537120577,6269.214285714285,691.6705728297189,20350502.18785706,5901.571428571428,641.697426597267,19686823.990664255
2024-03-10,6189,21123903.341396,6490089.727323503,0,0,6,10,10,3,1,1,2260,6271.0,21625908.088202342,7410.0,23024306.62232194,6053.0,20872101.883466065,5828.0,19971876.07761662,6563.285714285715,555.7522572410685,20803635.081192825,6280.928571428572,690.0989298404559,20397350.48397993,5912.464285714285,645.409573213579,19727497.97359684
2024-03-11,5598,19283774.08082878,5890424.29757275,0,0,0,11,11,3,1,0,2261,6189.0,21123903.341396,6586.0,20250365.650941968,5506.0,19121795.893836543,5223.0,17935932.229487058,6388.857142857143,420.98116686749586,20532148.898203406,6290.642857142857,687.5963269179945,20415336.3024035,5925.357142857143,647.2628531424984,19768641.804446105
2024-03-12,5590,19204900.56509226,5937535.78872117,0,0,1,12,11,3,1,0,2262,5598.0,19283774.08082878,6636.0,20269503.285611674,5513.0,18894017.784577105,5234.0,17940378.52245728,6247.714285714285,501.74552457251707,20394064.388187237,6297.214285714285,679.9173228665192,20426906.17290294,5938.75,635.972956855728,19816779.013422597
2024-03-13,5619,19187124.686248127,5872874.003594443,0,0,2,13,11,3,1,0,2263,5590.0,19204900.56509226,6618.0,20376163.75173605,5542.0,19046065.83926769,5362.0,18170902.117804863,6098.285714285715,522.1767626279,20241978.28525589,6302.714285714285,673.3655343548933,20449112.08579688,5951.464285714285,624.8226700813473,19861940.514945272
2024-03-14,5638,19395190.817276493,5884022.9955931455,0,0,3,14,11,3,1,0,2264,5619.0,19187124.686248127,6841.0,20753161.06214795,5429.0,18478917.237031728,5316.0,18174149.53266031,5955.571428571428,492.11308224255947,20072115.56161476,6308.214285714285,666.9580979308312,20459187.717724055,5960.642857142857,617.689734790512,19898234.17810396
2024-03-15,5534,19061240.41325657,5784712.092662328,0,0,4,15,11,3,1,0,2265,5638.0,19395190.817276493,5581.0,19326037.107387867,6582.0,20532139.289493494,5320.0,18313692.41592723,5783.714285714285,306.369991070539,19878119.81234741,6323.142857142857,647.8294952724534,20524635.83059868,5972.142857142857,608.1674790217301,19941842.79541168
2024-03-16,6330,21626241.930228718,6636855.00119538,0,0,5,16,11,3,1,1,2266,5534.0,19061240.41325657,6271.0,21625908.088202342,7365.0,22992423.279696587,5949.0,20715207.7676721,5777.0,312.01602522945984,19840291.713185795,6248.285714285715,675.5720571452878,20419571.625153188,5979.785714285715,600.970533396227,19968540.938173443
2024-03-17,6374,21968603.83218215,6750682.645774712,0,0,6,17,11,3,1,1,2267,6330.0,21626241.930228718,6189.0,21123903.341396,7410.0,23024306.62232194,6078.0,20810837.482650127,5785.428571428572,327.9735035755324,19840339.40490385,6174.357142857143,595.9013350369484,20321987.24304834,5993.392857142857,604.5502974685193,20001077.872550465
2024-03-18,5652,19557505.31413384,6018725.995035774,0,0,0,18,12,3,1,0,2268,6374.0,21968603.83218215,5598.0,19283774.08082878,6586.0,20250365.650941968,5426.0,18773807.381655447,5811.857142857143,370.5979081481701,19961010.903587583,6100.357142857143,484.5822319899488,20246579.900895495,6003.964285714285,608.6586029733807,20042426.670748036
2024-03-19,5704,19500534.66372925,5945659.489753832,0,0,1,19,12,3,1,0,2269,5652.0,19557505.31413384,5590.0,19204900.56509226,6636.0,20269503.285611674,5440.0,18786127.599005617,5819.571428571428,365.93708800959513,20000115.36548831,6033.642857142857,476.8101714103473,20197089.87683777,6012.035714285715,602.1742999880513,20070415.882622268
2024-03-20,5689,19704717.915742,6041112.988982526,0,0,2,20,12,3,1,0,2270,5704.0,19500534.66372925,5619.0,19187124.686248127,6618.0,20376163.75173605,5350.0,18566842.539155368,5835.857142857143,356.430651773664,20042348.808150735,5967.071428571428,450.5815838848646,20142163.546703313,6021.464285714285,594.908862123238,20095930.42064811
2024-03-21,5623,19535197.83763428,6018008.243503412,0,0,3,21,12,3,1,0,2271,5689.0,19704717.915742,5638.0,19395190.817276493,6841.0,20753161.06214795,5440.0,18756207.304800265,5845.857142857143,350.26105910277647,20116290.69807843,5900.714285714285,414.2907616213147,20094203.1298466,6033.571428571428,584.0887444349723,20136568.82695478
2024-03-22,5605,19509410.03475925,5979410.791464606,0,0,4,22,12,3,1,0,2272,5623.0,19535197.83763428,5534.0,19061240.41325657,5581.0,19326037.107387867,5543.0,18921043.57161809,5843.714285714285,351.7872057014401,20136291.700986687,5813.714285714285,318.44584820923257,20007205.756667048,6040.107142857143,578.1950420175854,20164389.917413138
2024-03-23,6466,22145687.931102365,6709616.136430098,0,0,5,23,12,3,1,1,2273,5605.0,19509410.03475925,6330.0,21626241.930228718,6271.0,21625908.088202342,6107.0,20970031.9424822,5853.857142857143,342.2637523759493,20200315.932629924,5815.428571428572,317.15871161232127,20020303.82290786,6042.321428571428,576.3365177966708,20185403.00538246
2024-03-24,6451,21935252.878892284,6706668.001811305,0,0,6,24,12,3,1,1,2274,6466.0,22145687.931102365,6374.0,21968603.83218215,6189.0,21123903.341396,6053.0,20872101.883466065,5873.285714285715,375.9945541652076,20274522.504183304,5829.357142857143,342.01295682663977,20057430.95454358,6055.142857142857,581.7960514670114,20227390.719261754
2024-03-25,5610,19232932.73689752,5843140.597674146,0,0,0,25,13,3,1,0,2275,6451.0,21935252.878892284,5652.0,19557505.31413384,5598.0,19283774.08082878,5506.0,19121795.893836543,5884.285714285715,393.7900093051621,20269758.082284752,5848.071428571428,369.2863104974462,20115384.492936168,6069.357142857143,586.5839723464287,20265360.39766983
2024-03-26,5831,19833163.16337951,6089210.818115059,0,0,1,26,13,3,1,0,2276,5610.0,19232932.73689752,5704.0,19500534.66372925,5590.0,19204900.56509226,5513.0,18894017.784577105,5878.285714285715,398.2142280589178,20223390.571250994,5848.928571428572,368.67464586737117,20111752.96836965,6073.071428571428,583.2041716415142,20269329.570636295
2024-03-27,5682,19461503.8773939,5866567.553524175,0,0,2,27,13,3,1,0,2277,5831.0,19833163.16337951,5689.0,19704717.915742,5619.0,19187124.686248127,5542.0,19046065.83926769,5896.428571428572,391.79155050563173,20270908.92834389,5866.142857142857,361.20542996652006,20156628.86824731,6084.428571428572,574.9311990124053,20302870.477022093
2024-03-28,5731,19812937.964489844,6073443.631248729,0,0,3,28,13,3,1,0,2278,5682.0,19461503.8773939,5623.0,19535197.83763428,5638.0,19395190.817276493,5429.0,18478917.237031728,5895.428571428572,392.4176589395628,20236164.06572273,5870.642857142857,358.2701187957401,20176227.381900582,6089.428571428572,570.6318413939556,20317707.54981232
2024-03-29,5727,19874671.2237734,6103823.043397531,0,0,4,29,13,3,1,0,2279,5731.0,19812937.964489844,5605.0,19509410.03475925,5534.0,19061240.41325657,6582.0,20532139.289493494,5910.857142857143,381.9037525221031,20275841.226702098,5877.285714285715,354.4667562954481,20206066.463844392,6100.214285714285,560.4497768586493,20365351.147221535
2024-03-30,6432,22327026.294017863,6821053.097702401,0,0,5,30,13,3,1,1,2280,5727.0,19874671.2237734,6466.0,22145687.931102365,6330.0,21626241.930228718,7365.0,22992423.279696587,5928.285714285715,368.15563479126394,20328021.39656126,5891.071428571428,343.67772566870485,20264168.664595596,6069.678571428572,556.505968393064,20341870.14487439
2024-03-31,6463,22113806.65694109,6751615.661632856,0,0,6,31,13,3,1,1,2281,6432.0,22327026.294017863,6451.0,21935252.878892284,6374.0,21968603.83218215,7410.0,23024306.62232194,5923.428571428572,360.0133595404569,20353926.87697776,5898.357142857143,354.6058716036132,20314224.69058053,6036.357142857143,501.2650821069062,20318105.966814436
2024-04-01,5704,19521562.050168198,5952347.667018702,0,0,0,1,14,4,2,0,2282,6463.0,22113806.65694109,5610.0,19232932.73689752,5652.0,19557505.31413384,6586.0,20250365.650941968,5925.142857142857,362.96070887971257,20379434.55955616,5904.714285714285,364.4499392806807,20324596.32092046,6002.535714285715,432.36220088172064,20285588.110907976
2024-04-02,5747,19598381.76608024,6018899.359723237,0,0,1,2,14,4,2,0,2283,5704.0,19521562.050168198,5831.0,19833163.16337951,5704.0,19500534.66372925,6636.0,20269503.285611674,5938.571428571428,350.8964031082004,20420667.318594832,5908.428571428572,361.9325721914514,20322028.944922913,5971.035714285715,420.23851094898515,20259559.41088034
2024-04-03,5690,19692628.118361067,6001333.4599646805,0,0,2,3,14,4,2,0,2284,5747.0,19598381.76608024,5682.0,19461503.8773939,5689.0,19704717.915742,6618.0,20376163.75173605,5926.571428571428,356.57858280366895,20387127.118980646,5911.5,360.24281341245074,20329018.023662265,5939.285714285715,401.29418941095116,20235590.785182793
2024-04-04,5871,20180185.762146305,6202880.940908969,0,0,3,4,14,4,2,0,2285,5690.0,19692628.118361067,5731.0,19812937.964489844,5623.0,19535197.83763428,6841.0,20753161.06214795,5927.714285714285,355.6757485340058,20420144.867690243,5911.571428571428,360.1953987416531,20328154.46670649,5906.142857142857,380.97017617162993,20211178.798276544
2024-04-05,5793,19994809.13601641,6090765.235193778,0,0,4,5,14,4,2,0,2286,5871.0,20180185.762146305,5727.0,19874671.2237734,5605.0,19509410.03475925,5581.0,19326037.107387867,5947.714285714285,346.5908799943022,20472608.83878402,5929.285714285715,350.8899517536664,20374225.03274306,5871.5,334.02189992513826,20190715.394705053
2024-04-06,6392,22095941.76238713,6768510.589728363,0,0,5,6,14,4,2,1,2287,5793.0,19994809.13601641,6432.0,22327026.294017863,6466.0,22145687.931102365,6271.0,21625908.088202342,5957.142857142857,340.4288611792425,20489771.39767588,5942.714285714285,340.9823881242553,20408896.39711857,5879.071428571428,329.56614899108735,20214600.110013217
2024-04-07,6477,22416851.978244863,6873480.91099103,0,0,6,7,14,4,2,1,2288,6392.0,22095941.76238713,6463.0,22113806.65694109,6451.0,21935252.878892284,6189.0,21123903.341396,5951.428571428572,331.3441600223836,20456759.321728636,5937.428571428572,332.72019066275027,20405343.099353198,5883.392857142857,335.6331042787637,20231387.02694839
2024-04-08,5749,19646825.43125983,5966660.337143591,0,0,0,8,15,4,2,0,2289,6477.0,22416851.978244863,5704.0,19521562.050168198,5610.0,19232932.73689752,5598.0,19283774.08082878,5953.428571428572,334.96908172885486,20500051.510486316,5939.285714285715,335.86499773454847,20439743.035021238,5893.678571428572,349.47315411874445,20277563.7639787
2024-04-09,5795,19872322.56068248,6050926.690031361,0,0,1,9,15,4,2,0,2290,5749.0,19646825.43125983,5747.0,19598381.76608024,5831.0,19833163.16337951,5590.0,19204900.56509226,5959.857142857143,329.77589793241293,20517946.279213693,5949.214285714285,327.32815305156794,20469306.798904262,5899.071428571428,345.88811384832997,20290529.883636955
2024-04-10,5916,20436690.216097675,6251413.966884626,0,0,2,10,15,4,2,0,2291,5795.0,19872322.56068248,5690.0,19692628.118361067,5682.0,19461503.8773939,5619.0,19187124.686248127,5966.714285714285,325.077792887422,20557080.678442586,5946.642857142857,328.46767951116215,20472103.898711618,5906.392857142857,341.24210361617287,20314366.383479465
2024-04-11,5733,19749668.68340324,6044315.650437933,0,0,3,11,15,4,2,0,2292,5916.0,20436690.216097675,5871.0,20180185.762146305,5731.0,19812937.964489844,5638.0,19395190.817276493,5999.0,303.52320065082125,20663375.263833527,5963.357142857143,319.8046536300661,20541760.065761887,5917.0,336.5618098534338,20358993.723831233
2024-04-12,5822,19848312.767439947,6070235.927337406,0,0,4,12,15,4,2,0,2293,5733.0,19749668.68340324,5793.0,19994809.13601641,5727.0,19874671.2237734,5534.0,19061240.41325657,5979.285714285715,317.3876254076246,20601872.824013088,5963.5,319.69330254517024,20537240.831398554,5920.392857142857,334.11501005949555,20371653.647621475
2024-04-13,6684,23061724.44881356,7093808.965466615,0,0,5,13,15,4,2,1,2294,5822.0,19848312.767439947,6392.0,22095941.76238713,6432.0,22327026.294017863,6330.0,21626241.930228718,5983.428571428572,314.7289082913603,20580944.771359306,5970.285714285715,315.26482849794985,20535358.084517594,5930.678571428572,326.1166632392377,20399763.374556597
2024-04-14,6417,21874470.444917507,6657911.307956234,0,0,6,14,15,4,2,1,2295,6684.0,23061724.44881356,6477.0,22416851.978244863,6463.0,22113806.65694109,6374.0,21968603.83218215,6025.142857142857,388.5903706867436,20718913.72656309,5988.285714285715,349.0389946412125,20587836.52414586,5943.321428571428,348.2796932193441,20451030.607363198
2024-04-15,5870,20350303.415647164,6203225.883855252,0,0,0,15,16,4,2,0,2296,6417.0,21874470.444917507,5749.0,19646825.43125983,5704.0,19521562.050168198,5652.0,19557505.31413384,6016.571428571428,377.464725567309,20641430.650373463,5985.0,344.41231997966474,20570741.08042989,5944.857142857143,350.33779617468775,20447668.70067517
2024-04-16,5822,19890295.70929827,6123022.092644111,0,0,1,16,16,4,2,0,2297,5870.0,20350303.415647164,5795.0,19872322.56068248,5747.0,19598381.76608024,5704.0,19500534.66372925,6033.857142857143,365.7583120820732,20741927.50528594,5996.857142857143,336.7667207070086,20629936.892249815,5952.642857142857,345.9837519504664,20475982.918586366
2024-04-17,5863,20187046.307304416,6141708.33741556,0,0,2,17,16,4,2,0,2298,5822.0,19890295.70929827,5916.0,20436690.216097675,5690.0,19692628.118361067,5689.0,19704717.915742,6037.714285714285,362.9511970341959,20744495.097945336,6002.214285714285,333.0625209432468,20650787.88819396,5956.857142857143,343.55308116313637,20489902.955928117
2024-04-18,5888,20272305.335030563,6224224.2911102325,0,0,3,18,16,4,2,0,2299,5863.0,20187046.307304416,5733.0,19749668.68340324,5871.0,20180185.762146305,5623.0,19535197.83763428,6030.142857142857,366.4493728431355,20708831.682403445,6014.571428571428,323.6645258205669,20686103.473118484,5963.071428571428,340.0847311165102,20507128.969912488
2024-04-19,5801,20142531.96146048,6204801.70124986,0,0,4,19,16,4,2,0,2300,5888.0,20272305.335030563,5822.0,19848312.767439947,5793.0,19994809.13601641,5605.0,19509410.03475925,6052.285714285715,349.8069535642318,20783494.061207347,6015.785714285715,323.11588265868437,20692683.442610215,5972.535714285715,333.9014583112779,20533454.23767664
2024-04-20,6658,23167661.615927763,7111744.6121087065,0,0,5,20,16,4,2,1,2301,5801.0,20142531.96146048,6684.0,23061724.44881356,6392.0,22095941.76238713,6466.0,22145687.931102365,6049.285714285715,352.1929936297551,20825525.37463885,6016.357142857143,322.69838433539496,20703235.07299908,5979.535714285715,327.9117408515951,20556065.735058825
2024-04-21,6636,22791401.4120387,7023280.677124085,0,0,6,21,16,4,2,1,2302,6658.0,23167661.615927763,6417.0,21874470.444917507,6477.0,22416851.978244863,6451.0,21935252.878892284,6045.571428571428,344.4352174903186,20840659.255655166,6035.357142857143,352.93159222593647,20779786.491109125,5986.392857142857,340.2371002573027,20592564.795231164
2024-04-22,5825,20265796.148383304,6234890.356861898,0,0,0,22,17,4,2,0,2303,6636.0,22791401.4120387,5870.0,20350303.415647164,5749.0,19646825.43125983,5610.0,19232932.73689752,6076.857142857143,390.6423891367387,20971649.39381534,6046.714285714285,370.36435876266967,20806540.022094402,5993.0,351.21281930534303,20623141.52855782
2024-04-23,5896,20167666.132573232,6194540.169766817,0,0,1,23,17,4,2,0,2304,5825.0,20265796.148383304,5822.0,19890295.70929827,5795.0,19872322.56068248,5831.0,19833163.16337951,6070.428571428572,394.9602752779097,20959576.927063353,6052.142857142857,366.1985289938882,20850752.216174643,6000.678571428572,344.8212691698706,20660029.507539455
2024-04-24,5908,20245333.423564024,6155217.541299388,0,0,2,24,17,4,2,0,2305,5896.0,20167666.132573232,5863.0,20187046.307304416,5916.0,20436690.216097675,5682.0,19461503.8773939,6081.0,388.13399748022954,20999201.27324549,6059.357142857143,361.71038290160493,20871848.185595416,6003.0,343.8540818858956,20671976.042153515
2024-04-25,5936,20488553.610117327,6220219.976272481,0,0,3,25,17,4,2,0,2306,5908.0,20245333.423564024,5888.0,20272305.335030563,5733.0,19749668.68340324,5731.0,19812937.964489844,6087.428571428572,384.2750131276666,21007528.00413972,6058.785714285715,361.96051177971975,20858179.843271583,6011.071428571428,338.65320714405885,20699969.954516735
2024-04-26,5819,19832644.35548311,6075355.668186273,0,0,4,26,17,4,2,0,2307,5936.0,20488553.610117327,5801.0,20142531.96146048,5822.0,19848312.767439947,5727.0,19874671.2237734,6094.285714285715,380.5332724329816,21038420.614866406,6073.285714285715,351.8300351395505,20910957.338036872,6018.392857142857,334.56531657983135,20724099.084717717
2024-04-27,6651,22786050.95115607,6971451.367138813,0,0,5,27,17,4,2,1,2308,5819.0,19832644.35548311,6658.0,23167661.615927763,6684.0,23061724.44881356,6432.0,22327026.294017863,6096.857142857143,378.2752210456366,20994150.956869636,6073.071428571428,351.99573080567075,20909838.16575424,6021.678571428572,332.03982955762996,20722598.12513592
2024-04-28,6488,22467124.88711553,6852222.243067943,0,0,6,28,17,4,2,1,2309,6651.0,22786050.95115607,6636.0,22791401.4120387,6417.0,21874470.444917507,6463.0,22113806.65694109,6095.857142857143,376.54987654199533,20939635.14761654,6070.714285714285,347.6739030428754,20890147.20163585,6029.5,344.41205940940534,20738991.86289086
2024-04-29,5866,20044267.885020196,6136945.011077374,0,0,0,29,18,4,2,0,2310,6488.0,22467124.88711553,5825.0,20265796.148383304,5870.0,20350303.415647164,5704.0,19521562.050168198,6074.714285714285,343.90682569831006,20893309.929770373,6075.785714285715,353.5812774739966,20932479.661792852,6030.392857142857,345.6078209082904,20751610.37111137
2024-04-30,5992,20524659.225052238,6272748.677507079,0,0,1,30,18,4,2,0,2311,5866.0,20044267.885020196,5896.0,20167666.132573232,5822.0,19890295.70929827,5747.0,19598381.76608024,6080.571428571428,339.2628563728552,20861663.035004217,6075.5,353.7619255939277,20910619.981033783,6036.178571428572,341.27018226259975,20770278.436641805
2024-05-01,5829,19903272.932282448,6063599.328527395,0,0,2,1,18,5,2,0,2312,5992.0,20524659.225052238,5908.0,20245333.423564024,5863.0,20187046.307304416,5690.0,19692628.118361067,6094.285714285715,332.42979924873435,20912662.0482155,6087.642857142857,347.24888151613766,20955931.6607305,6044.928571428572,336.69130037170845,20803359.77446223
2024-05-02,5926,20397458.807458457,6216771.119504372,0,0,3,2,18,5,2,0,2313,5829.0,19903272.932282448,5936.0,20488553.610117327,5888.0,20272305.335030563,5871.0,20180185.762146305,6083.0,341.03763233204836,20863796.263746705,6085.214285714285,349.05502730634765,20935662.13394321,6049.892857142857,332.25986475171464,20810882.80353085
2024-05-03,5775,20012198.31356492,6144290.176804179,0,0,4,3,18,5,2,0,2314,5926.0,20397458.807458457,5819.0,19832644.35548311,5801.0,20142531.96146048,5793.0,19994809.13601641,6081.571428571428,341.7761729274514,20850782.72050972,6087.928571428572,347.5479965271455,20944601.667688064,6051.857142857143,331.32435872991675,20818642.55514914
2024-05-04,6722,23205944.46447514,7105525.907616974,0,0,5,4,18,5,2,1,2315,5775.0,20012198.31356492,6651.0,22786050.95115607,6658.0,23167661.615927763,6392.0,22095941.76238713,6075.285714285715,347.7622340458413,20876433.28594998,6086.071428571428,349.2643839414962,20935292.121409807,6051.214285714285,331.8622379444592,20819263.597204443
2024-05-05,6541,22616103.50430237,6905489.774408576,0,0,6,5,18,5,2,1,2316,6722.0,23205944.46447514,6488.0,22467124.88711553,6636.0,22791401.4120387,6477.0,22416851.978244863,6085.428571428572,367.8096686887596,20936418.07356699,6090.642857142857,357.6443457149864,20938026.610591765,6063.0,349.78871929796054,20858906.550850444
2024-05-06,5945,20408464.63904447,6230723.589597026,0,0,0,6,19,5,2,0,2317,6541.0,22616103.50430237,5866.0,20044267.885020196,5825.0,20265796.148383304,5749.0,19646825.43125983,6093.0,377.8853441631679,20957700.73316511,6083.857142857143,347.2513736235461,20925505.33146774,6065.285714285715,352.7904484663094,20866022.67678107
2024-05-07,5967,20742113.72843007,6352512.807710535,0,0,1,7,19,5,2,0,2318,5945.0,20408464.63904447,5992.0,20524659.225052238,5896.0,20167666.132573232,5795.0,19872322.56068248,6104.285714285715,371.0946484324723,21009728.840882864,6092.428571428572,341.8086991477973,20935695.93794354,6072.285714285715,348.19692779957046,20893224.077059094
2024-05-08,5800,20039307.824370995,6159300.693737674,0,0,2,8,19,5,2,0,2319,5967.0,20742113.72843007,5829.0,19903272.932282448,5908.0,20245333.423564024,5916.0,20436690.216097675,6100.714285714285,372.47313741425745,21040793.769936837,6097.5,339.1867536418192,20976727.909076173,6078.428571428572,344.6227597835131,20924288.047335796
2024-05-09,5972,20425756.03032974,6232004.316936935,0,0,3,9,19,5,2,0,2320,5800.0,20039307.824370995,5926.0,20397458.807458457,5936.0,20488553.610117327,5733.0,19749668.68340324,6096.571428571428,376.1421970225286,21060227.32594949,6089.785714285715,345.0063942709393,20962011.794848096,6074.285714285715,347.33427779166743,20910095.81905984
2024-05-10,5852,20115363.029505417,6195043.752662013,0,0,4,10,19,5,2,0,2321,5972.0,20425756.03032974,5775.0,20012198.31356492,5819.0,19832644.35548311,5822.0,19848312.767439947,6103.142857142857,373.0547004445751,21064269.78635967,6092.357142857143,343.9044158667781,20957526.2534347,6082.821428571428,341.5246917564282,20934241.795735784
2024-05-11,6598,22477183.89307821,6855789.086653247,0,0,5,11,19,5,2,1,2322,5852.0,20115363.029505417,6722.0,23205944.46447514,6651.0,22786050.95115607,6684.0,23061724.44881356,6114.142857142857,362.75952942749547,21079007.6029226,6094.714285714285,341.9944733181258,20977720.44443629,6083.892857142857,340.72225457381404,20943779.305095267
2024-05-12,6598,22701547.27531832,6998462.977426072,0,0,6,12,19,5,2,1,2323,6598.0,22477183.89307821,6541.0,22616103.50430237,6488.0,22467124.88711553,6417.0,21874470.444917507,6096.428571428572,329.6456972482244,20974898.9498659,6090.928571428572,335.5964757047028,20955658.511716444,6080.821428571428,335.4592268176584,20922902.85667615
2024-05-13,5869,20234899.222275514,6196660.999226277,0,0,0,13,20,5,2,0,2324,6598.0,22701547.27531832,5945.0,20408464.63904447,5866.0,20044267.885020196,5870.0,20350303.415647164,6104.571428571428,342.8954442891707,20987105.202868175,6098.785714285715,346.7116244797292,20972402.968016643,6087.285714285715,343.817119469304,20952441.31490475
2024-05-14,5846,20038136.37335578,6147301.947913954,0,0,1,14,20,5,2,0,2325,5869.0,20234899.222275514,5967.0,20742113.72843007,5992.0,20524659.225052238,5822.0,19890295.70929827,6093.714285714285,349.9212836651797,20962310.14332975,6099.0,346.55757652383835,20986019.49210631,6087.25,343.8405772920797,20948319.73657004
2024-05-15,5769,19872809.44933764,6055235.291953842,0,0,2,15,20,5,2,0,2326,5846.0,20038136.37335578,5800.0,20039307.824370995,5829.0,19903272.932282448,5863.0,20187046.307304416,6076.428571428572,360.0656686137527,20861741.94974771,6088.571428571428,352.17624833317865,20951267.859842274,6088.107142857143,343.184146582511,20953599.760286387
2024-05-16,5826,19884323.87071562,6072426.827636408,0,0,3,16,20,5,2,0,2327,5769.0,19872809.44933764,5972.0,20425756.03032974,5926.0,20397458.807458457,5888.0,20272305.335030563,6072.0,364.1991213608061,20837956.46760009,6084.285714285715,355.9231612345842,20949091.89677479,6084.75,345.9166700125201,20942377.015359003
2024-05-17,5856,19889759.31378021,6077426.851774615,0,0,4,17,20,5,2,0,2328,5826.0,19884323.87071562,5852.0,20115363.029505417,5775.0,20012198.31356492,5801.0,20142531.96146048,6051.142857142857,374.9037336754509,20760609.016226646,6077.142857142857,360.3203397709749,20912439.40129316,6082.535714285715,347.41793404979705,20928520.53449061
2024-05-18,6483,22274318.721048582,6814789.632569524,0,0,5,18,20,5,2,1,2329,5856.0,19889759.31378021,6598.0,22477183.89307821,6722.0,23205944.46447514,6658.0,23167661.615927763,6051.714285714285,374.55249489030945,20728379.913980186,6082.928571428572,355.7164956459687,20903693.758451395,6084.5,345.91944041816646,20919492.9399306
2024-05-19,6484,22142344.959336773,6769250.4306973135,0,0,6,19,20,5,2,1,2330,6483.0,22274318.721048582,6598.0,22701547.27531832,6541.0,22616103.50430237,6636.0,22791401.4120387,6035.285714285715,348.19233874668924,20699399.17511881,6065.857142857143,327.286009276376,20837149.062492352,6078.25,336.6299897512972,20887587.83654206
2024-05-20,5845,19880110.73822591,6102464.219064199,0,0,0,20,21,5,2,0,2331,6484.0,22142344.959336773,5869.0,20234899.222275514,5945.0,20408464.63904447,5825.0,20265796.148383304,6019.0,318.9221430589578,20619513.12997859,6061.785714285715,321.21887543229826,20803309.16642338,6072.821428571428,328.4281367441739,20864407.24894556
2024-05-21,5866,20083864.28207353,6147906.282189139,0,0,1,21,21,5,2,0,2332,5845.0,19880110.73822591,5846.0,20038136.37335578,5967.0,20742113.72843007,5896.0,20167666.132573232,6015.571428571428,320.9261894074775,20568829.060828645,6054.642857142857,325.10391407206987,20765569.6020792,6073.535714285715,327.89050590462756,20850632.77001137
2024-05-22,5842,19986369.106202666,6177165.702146224,0,0,2,22,21,5,2,0,2333,5866.0,20083864.28207353,5769.0,19872809.44933764,5800.0,20039307.824370995,5908.0,20245333.423564024,6018.428571428572,319.24956650600285,20575361.619216893,6047.428571428572,328.3032637165799,20718551.7844823,6072.464285714285,328.5404853728979,20847639.846779235
2024-05-23,5860,20107126.57226268,6166528.368079972,0,0,3,23,21,5,2,0,2334,5842.0,19986369.106202666,5826.0,19884323.87071562,5972.0,20425756.03032974,5936.0,20488553.610117327,6028.857142857143,310.8249392457554,20591584.427340474,6050.428571428572,326.05254750758934,20714770.44747028,6070.107142857143,329.9976811686387,20838391.12115919
2024-05-24,5751,19749101.217897583,6084525.698919485,0,0,4,24,21,5,2,0,2335,5860.0,20107126.57226268,5856.0,19889759.31378021,5852.0,20115363.029505417,5819.0,19832644.35548311,6033.714285714285,307.3731252000125,20623413.38470434,6042.428571428572,329.4808770650793,20692011.20046549,6067.392857142857,331.450944840919,20824768.72695009
2024-05-25,6540,22296879.336361054,6819811.940272935,0,0,5,25,21,5,2,1,2336,5751.0,19749101.217897583,6483.0,22274318.721048582,6598.0,22477183.89307821,6651.0,22786050.95115607,6018.714285714285,319.8018731890467,20603319.371006817,6035.214285714285,335.03023481722397,20665849.642493505,6064.964285714285,333.5806285056807,20821785.043464895
2024-05-26,6420,21981695.736259654,6756804.497505364,0,0,6,26,21,5,2,1,2337,6540.0,22296879.336361054,6484.0,22142344.959336773,6598.0,22701547.27531832,6488.0,22467124.88711553,6026.857142857143,334.00420584746263,20606542.316051457,6031.071428571428,327.8166617732997,20652970.745585132,6061.0,326.9519162744195,20804314.628650784
2024-05-27,5752,19865643.41649197,6122434.114298728,0,0,0,27,22,5,2,0,2338,6420.0,21981695.736259654,5845.0,19880110.73822591,5869.0,20234899.222275514,5866.0,20044267.885020196,6017.714285714285,319.986830086109,20583592.42704044,6018.357142857143,306.9230941363206,20601552.778509516,6058.571428571428,323.9010398221086,20786977.87326308
2024-05-28,5811,20015302.59959001,6089128.935374378,0,0,1,28,22,5,2,0,2339,5752.0,19865643.41649197,5866.0,20083864.28207353,5846.0,20038136.37335578,5992.0,20524659.225052238,6004.428571428572,330.12313719924447,20581525.66679273,6010.0,312.83861654202394,20575177.36381069,6054.5,327.1118848118255,20780598.427958496
2024-05-29,5716,19632092.00955268,6006987.25674601,0,0,2,29,22,5,2,0,2340,5811.0,20015302.59959001,5842.0,19986369.106202666,5769.0,19872809.44933764,5829.0,19903272.932282448,5996.571428571428,334.59122181293316,20571731.140723657,6007.5,314.3860316919385,20573546.37997028,6048.035714285715,330.1669030390449,20762407.119906276
2024-05-30,5841,20194209.66250271,6201190.320029137,0,0,3,30,22,5,2,0,2341,5716.0,19632092.00955268,5860.0,20107126.57226268,5826.0,19884323.87071562,5926.0,20397458.807458457,5978.571428571428,347.43529716232354,20521120.12691652,6003.714285714285,317.77965965089703,20556352.27712849,6044.0,333.6159912677899,20752722.08695164
2024-05-31,5807,19801511.008219827,6072252.908476202,0,0,4,31,22,5,2,0,2342,5841.0,20194209.66250271,5751.0,19749101.217897583,5856.0,19889759.31378021,5775.0,20012198.31356492,5975.857142857143,348.5883095053476,20533560.56837938,6004.785714285715,317.1590667572053,20578486.97654186,6040.964285714285,335.1128590592114,20745463.18891751
2024-06-01,6561,22542173.828520805,6927216.27540587,0,0,5,1,22,6,2,1,2343,5807.0,19801511.008219827,6540.0,22296879.336361054,6483.0,22274318.721048582,6722.0,23205944.46447514,5983.857142857143,343.16829135347336,20541047.681282558,6001.285714285715,319.19114807731904,20572183.526144687,6042.107142857143,334.22562120964994,20737938.642298043
2024-06-02,6466,22114227.730986483,6781208.761548155,0,0,6,2,22,6,2,1,2344,6561.0,22542173.828520805,6420.0,21981695.736259654,6484.0,22142344.959336773,6541.0,22616103.50430237,5986.857142857143,348.8846173027155,20576089.751591094,6006.857142857143,328.78280348591767,20591316.033821277,6036.357142857143,323.3019703328838,20714232.548156817
2024-06-03,5784,19844564.876487263,6041767.027163363,0,0,0,3,23,6,2,0,2345,6466.0,22114227.730986483,5752.0,19865643.41649197,5845.0,19880110.73822591,5945.0,20408464.63904447,5993.428571428572,358.69804252918857,20595022.893694926,6005.571428571428,326.80262551559133,20589307.66036768,6033.678571428572,319.2514454935114,20696308.41339553
2024-06-04,5858,20077433.63992501,6145794.389683884,0,0,1,4,23,6,2,0,2346,5784.0,19844564.876487263,5811.0,20015302.59959001,5866.0,20083864.28207353,5967.0,20742113.72843007,5998.0,355.29612062801783,20592011.673694253,6001.214285714285,329.5036310225897,20586768.670243494,6027.928571428572,322.3426895770569,20676169.136161346
2024-06-05,5774,19769501.19475043,6095821.053922218,0,0,2,5,23,6,2,0,2347,5858.0,20077433.63992501,5716.0,19632092.00955268,5842.0,19986369.106202666,5800.0,20039307.824370995,6004.714285714285,351.5981201531423,20600887.536599252,6000.642857142857,329.76299347874067,20586309.33866146,6024.035714285715,323.76082646188735,20652430.561571877
2024-06-06,5844,20083252.09339184,6159815.084223984,0,0,3,6,23,6,2,0,2348,5774.0,19769501.19475043,5841.0,20194209.66250271,5860.0,20107126.57226268,5972.0,20425756.03032974,6013.0,344.26733798021723,20620517.42019893,5995.785714285715,332.7665336748789,20570818.773557726,6023.107142857143,324.4636987382463,20642794.610514004
2024-06-07,5882,20237039.109378096,6236862.793788421,0,0,4,7,23,6,2,0,2349,5844.0,20083252.09339184,5807.0,19801511.008219827,5751.0,19749101.217897583,5852.0,20115363.029505417,6013.428571428572,344.0193100892315,20604666.33889738,5994.642857142857,333.2958046638479,20569113.45363838,6018.535714285715,326.1079669137477,20630562.327051938
2024-06-08,6363,21746351.022670176,6659935.225052044,0,0,5,8,23,6,2,1,2350,5882.0,20237039.109378096,6561.0,22542173.828520805,6540.0,22296879.336361054,6598.0,22477183.89307821,6024.142857142857,337.6272246977835,20666884.639062848,6004.0,327.72173937880035,20603966.1601727,6019.607142857143,325.5894187111759,20634907.9013331
2024-06-09,6424,22316952.4056144,6833606.433914315,0,0,6,9,23,6,2,1,2351,6363.0,21746351.022670176,6466.0,22114227.730986483,6420.0,21981695.736259654,6598.0,22701547.27531832,5995.857142857143,290.1036760489748,20553195.666798472,5991.357142857143,308.29147225971155,20564642.709194783,6011.214285714285,312.9096848923555,20608806.727389958
2024-06-10,5716,19760205.870342456,6072776.949019718,0,0,0,10,24,6,2,0,2352,6424.0,22316952.4056144,5784.0,19844564.876487263,5752.0,19865643.41649197,5869.0,20234899.222275514,5989.857142857143,278.980542076197,20582156.334602457,5991.642857142857,308.7208365902495,20588589.614148695,6005.0,302.3751655488648,20595071.196329106
2024-06-11,5682,19404346.94244489,5936115.325549463,0,0,1,11,24,6,2,0,2353,5716.0,19760205.870342456,5858.0,20077433.63992501,5811.0,20015302.59959001,5846.0,20038136.37335578,5980.142857142857,288.36922430071434,20570105.048010346,5989.071428571428,311.01186331200915,20581058.360852297,5999.535714285715,306.2810960348724,20578117.8623315
2024-06-12,5696,19322790.182473782,5955439.391318858,0,0,2,12,24,6,2,0,2354,5682.0,19404346.94244489,5774.0,19769501.19475043,5716.0,19632092.00955268,5769.0,19872809.44933764,5955.0,307.81108925224515,20473949.80551318,5979.857142857143,318.5138222196711,20537418.67105622,5993.678571428572,310.85986524488663,20555482.525513243
2024-06-13,5742,19875643.40960577,6108787.44257603,0,0,3,13,24,6,2,0,2355,5696.0,19322790.182473782,5844.0,20083252.09339184,5841.0,20194209.66250271,5826.0,19884323.87071562,5943.857142857143,316.7377614428012,20410133.94661652,5978.428571428572,319.83041522879574,20515325.683407724,5991.071428571428,313.1119701002649,20535838.98026811
2024-06-14,5862,20227931.85187996,6197195.908682737,0,0,4,14,24,6,2,0,2356,5742.0,19875643.40960577,5882.0,20237039.109378096,5807.0,19801511.008219827,5856.0,19889759.31378021,5929.285714285715,324.3520280424124,20380475.563218508,5971.357142857143,324.167717071177,20492570.951057944,5988.071428571428,315.14792864808817,20535528.9637999
2024-06-15,6448,22204837.714282785,6837576.605749719,0,0,5,15,24,6,2,1,2357,5862.0,20227931.85187996,6363.0,21746351.022670176,6561.0,22542173.828520805,6483.0,22274318.721048582,5926.428571428572,324.92555924027727,20379174.52643306,5975.285714285715,322.35084292428263,20523029.582747955,5988.285714285715,315.0568269896206,20547606.55444632
2024-06-16,6376,21963673.095327698,6753083.361769801,0,0,6,16,24,6,2,1,2358,6448.0,22204837.714282785,6424.0,22316952.4056144,6466.0,22114227.730986483,6484.0,22142344.959336773,5938.571428571428,344.9322914925089,20444672.625234865,5967.214285714285,307.635693280461,20498934.146016665,5987.035714285715,313.08459182811157,20545125.08991897
2024-06-17,5665,19331022.87101752,5904091.749326555,0,0,0,17,25,6,2,0,2359,6376.0,21963673.095327698,5716.0,19760205.870342456,5784.0,19844564.876487263,5845.0,19880110.73822591,5931.714285714285,333.97690253752444,20394204.152336765,5960.785714285715,297.17339630669824,20488180.243469615,5983.178571428572,307.3480417751715,20538743.95191865
2024-06-18,5760,19727248.3817385,6035565.2838235255,0,0,1,18,25,6,2,0,2360,5665.0,19331022.87101752,5682.0,19404346.94244489,5858.0,20077433.63992501,5866.0,20083864.28207353,5924.428571428572,339.96953645036143,20332892.295290343,5952.285714285715,304.2368582765687,20451498.671650346,5976.75,312.1895939850602,20519133.67094692
2024-06-19,5667,19427856.46802994,5984958.189286977,0,0,2,19,25,6,2,0,2361,5760.0,19727248.3817385,5696.0,19322790.182473782,5774.0,19769501.19475043,5842.0,19986369.106202666,5935.571428571428,331.88143321715546,20379021.07233229,5945.285714285715,307.68101078151676,20426485.438922737,5972.964285714285,314.21842864388975,20506397.388792098
2024-06-20,5716,19703645.56884469,6058639.950258231,0,0,3,20,25,6,2,0,2362,5667.0,19427856.46802994,5742.0,19875643.40960577,5844.0,20083252.09339184,5860.0,20107126.57226268,5931.428571428572,335.5313483331674,20394030.54169745,5937.642857142857,313.53630807842404,20402082.244156986,5966.714285714285,318.6293396481572,20486450.50885736
2024-06-21,5643,19602058.41637928,6088250.700449215,0,0,4,21,25,6,2,0,2363,5716.0,19703645.56884469,5862.0,20227931.85187996,5882.0,20237039.109378096,5751.0,19749101.217897583,5927.714285714285,338.11177357282185,20369459.421588726,5928.5,318.3069998504253,20374967.49240362,5961.571428571428,321.5641665787377,20472040.473021
2024-06-22,6367,22056251.17516907,6807856.762416869,0,0,5,22,25,6,2,1,2364,5643.0,19602058.41637928,6448.0,22204837.714282785,6363.0,21746351.022670176,6540.0,22296879.336361054,5896.428571428572,354.92011173540806,20280048.930802915,5911.428571428572,327.2753990343918,20329611.728617992,5957.714285714285,324.8148027486143,20466788.944395345
2024-06-23,6339,21683065.42378336,6681093.6566422,0,0,6,23,25,6,2,1,2365,6367.0,22056251.17516907,6376.0,21963673.095327698,6424.0,22316952.4056144,6420.0,21981695.736259654,5884.857142857143,334.6836459361767,20258822.282358103,5911.714285714285,327.7014186422655,20351747.45379648,5951.535714285715,314.8200523217681,20458195.081495635
2024-06-24,5655,19243857.069911987,5872761.020675619,0,0,0,24,26,6,2,0,2366,6339.0,21683065.42378336,5665.0,19331022.87101752,5716.0,19760205.870342456,5752.0,19865643.41649197,5879.571428571428,325.8086642713406,20218735.47213748,5905.642857142857,318.1276007038752,20306469.81223712,5948.642857142857,310.70114428203624,20447529.713192906
2024-06-25,5702,19610784.774367727,6015915.552782364,0,0,1,25,26,6,2,0,2367,5655.0,19243857.069911987,5760.0,19727248.3817385,5682.0,19404346.94244489,5811.0,20015302.59959001,5878.142857142857,326.92630595257856,20206283.21483669,5901.285714285715,321.326440428757,20269587.755063515,5945.178571428572,313.50303366373976,20425323.05795791
2024-06-26,5529,19141129.401173014,5851973.191214038,0,0,2,26,26,6,2,0,2368,5702.0,19610784.774367727,5667.0,19427856.46802994,5696.0,19322790.182473782,5716.0,19632092.00955268,5869.857142857143,331.12758295023684,20189645.556640863,5902.714285714285,320.3194147604256,20284333.314486574,5941.285714285715,315.89846671012396,20410875.992771395
2024-06-27,5762,19677876.5868647,6016755.333057881,0,0,3,27,26,6,2,0,2369,5529.0,19141129.401173014,5716.0,19703645.56884469,5742.0,19875643.40960577,5841.0,20194209.66250271,5850.142857142857,348.85165355845265,20148684.547089875,5890.785714285715,331.52310015140847,20271357.544393662,5934.607142857143,322.7403886494141,20393341.613900695
2024-06-28,5617,19247636.83671404,5932095.16108826,0,0,4,28,26,6,2,0,2370,5762.0,19677876.5868647,5643.0,19602058.41637928,5862.0,20227931.85187996,5807.0,19801511.008219827,5856.714285714285,346.3277418311952,20145003.263949875,5892.214285714285,330.8751050846376,20257231.342769302,5931.785714285715,323.93213248301413,20374901.14691362
2024-06-29,6202,21336842.48609204,6541701.58465489,0,0,5,29,26,6,2,1,2371,5617.0,19247636.83671404,6367.0,22056251.17516907,6448.0,22204837.714282785,6561.0,22542173.828520805,5853.0,349.12987077398157,20094371.609711986,5874.714285714285,338.97593029390333,20187210.27025745,5925.0,328.5993845939497,20355119.9265027
2024-06-30,6372,21906021.699792832,6715634.580863666,0,0,6,30,26,6,2,1,2372,6202.0,21336842.48609204,6339.0,21683065.42378336,6376.0,21963673.095327698,6466.0,22114227.730986483,5829.428571428572,312.26743727283457,19991598.939843837,5857.142857142857,312.2988847346888,20125210.611100968,5912.178571428572,309.30172893758146,20312072.37855882
2024-07-01,5608,19050178.843331084,5810412.51061272,0,0,0,1,27,7,3,0,2373,6372.0,21906021.699792832,5655.0,19243857.069911987,5665.0,19331022.87101752,5784.0,19844564.876487263,5834.142857142857,321.3593152902226,20023449.83641662,5856.857142857143,311.78909467840055,20121092.65427705,5908.821428571428,303.52412236445167,20304636.44887333
2024-07-02,5513,18859212.702665947,5775329.432308351,0,0,1,2,27,7,3,0,2374,5608.0,19050178.843331084,5702.0,19610784.774367727,5760.0,19727248.3817385,5858.0,20077433.63992501,5827.428571428572,326.1808583913897,19995781.518333636,5852.785714285715,314.8443274848506,20101032.36658516,5902.535714285715,307.99428591890836,20276265.51911775
2024-07-03,5532,18813273.39033267,5767130.703827756,0,0,2,3,27,7,3,0,2375,5513.0,18859212.702665947,5529.0,19141129.401173014,5667.0,19427856.46802994,5774.0,19769501.19475043,5800.428571428572,345.541534957731,19888414.079519093,5835.142857142857,327.12473676952624,20039029.81807998,5890.214285714285,316.62202692876036,20232757.628501356
2024-07-04,5695,19342018.188784413,5932535.021045642,0,0,3,4,27,7,3,0,2376,5532.0,18813273.39033267,5762.0,19677876.5868647,5716.0,19703645.56884469,5844.0,20083252.09339184,5800.857142857143,345.1504157954934,19841577.5065419,5825.5,334.37191407625124,19995131.02681589,5881.571428571428,323.14753293549563,20198606.635486435
2024-07-05,5595,19446097.172509257,6033476.299422869,0,0,4,5,27,7,3,0,2377,5695.0,19342018.188784413,5617.0,19247636.83671404,5643.0,19602058.41637928,5882.0,20237039.109378096,5791.285714285715,347.32967734113595,19793597.735387575,5824.0,334.9475274633107,19969300.499668725,5876.25,325.01061236230055,20172133.996036172
2024-07-06,6153,21193778.495222334,6538558.039878586,0,0,5,6,27,7,3,1,2378,5595.0,19446097.172509257,6202.0,21336842.48609204,6367.0,22056251.17516907,6363.0,21746351.022670176,5788.142857142857,349.2637153457768,19821949.211929746,5820.571428571428,337.1810092027312,19958160.410820868,5866.0,329.3196128495498,20143886.069719426
2024-07-07,6172,20937294.904097494,6363874.181287527,0,0,6,7,27,7,3,1,2379,6153.0,21193778.495222334,6372.0,21906021.699792832,6339.0,21683065.42378336,6424.0,22316952.4056144,5781.142857142857,339.9536382956791,19801511.49894836,5805.285714285715,314.59826117447983,19896555.219396096,5858.5,319.8363586215092,20124151.336596288
2024-07-08,5526,19015804.708499946,5844263.465547035,0,0,0,8,28,7,3,0,2380,6172.0,20937294.904097494,5608.0,19050178.843331084,5655.0,19243857.069911987,5716.0,19760205.870342456,5752.571428571428,286.1682821597812,19663121.95670617,5793.357142857143,295.3841324685988,19843285.89656139,5849.5,306.60609305143805,20074877.85439926
2024-07-09,5490,18622409.227334112,5661664.40926442,0,0,1,9,28,7,3,0,2381,5526.0,19015804.708499946,5513.0,18859212.702665947,5702.0,19610784.774367727,5682.0,19404346.94244489,5740.857142857143,294.6259937454112,19658211.366016008,5784.142857142857,301.9706702880717,19826996.442174822,5842.714285714285,311.7298043168828,20048292.098619167
2024-07-10,5431,18759800.186363947,5759434.801538471,0,0,2,10,28,7,3,0,2382,5490.0,18622409.227334112,5532.0,18813273.39033267,5529.0,19141129.401173014,5696.0,19322790.182473782,5737.571428571428,297.70279202746394,19624382.29811146,5769.0,311.5697230278239,19756398.188815277,5835.857142857143,317.45512535432164,20020365.75165093
2024-07-11,5513,18647760.84551096,5670960.89477365,0,0,3,11,28,7,3,0,2383,5431.0,18759800.186363947,5695.0,19342018.188784413,5762.0,19677876.5868647,5742.0,19875643.40960577,5723.142857142857,311.4564862980678,19616743.26897307,5762.0,318.40250288918406,19729160.387757488,5826.392857142857,325.6242255167115,20000258.966075577
2024-07-12,5443,18579497.387503613,5717098.302997743,0,0,4,12,28,7,3,0,2384,5513.0,18647760.84551096,5595.0,19446097.172509257,5617.0,19247636.83671404,5862.0,20227931.85187996,5697.142857142857,321.6278535675554,19517563.64850543,5744.214285714285,325.2826412571702,19655580.691946507,5818.214285714285,330.65931411432274,19956406.017357904
2024-07-13,6032,20643673.978750445,6355741.242798748,0,0,5,13,28,7,3,1,2385,5443.0,18579497.387503613,6153.0,21193778.495222334,6202.0,21336842.48609204,6448.0,22204837.714282785,5675.428571428572,334.54489342132126,19393763.679218914,5731.785714285715,333.731623768623,19607856.445574336,5803.25,338.00390365920623,19897533.35791589
2024-07-14,6120,21098015.51623458,6460563.367333282,0,0,6,14,28,7,3,1,2386,6032.0,20643673.978750445,6172.0,20937294.904097494,6372.0,21906021.699792832,6376.0,21963673.095327698,5658.142857142857,307.8145700317119,19315177.319722928,5719.642857142857,318.0301405993089,19558344.409335647,5788.392857142857,317.1109560793861,19841777.51021831
2024-07-15,5415,18501563.25061019,5651476.417980556,0,0,0,15,29,7,3,0,2387,6120.0,21098015.51623458,5526.0,19015804.708499946,5608.0,19050178.843331084,5665.0,19331022.87101752,5650.714285714285,293.64815357028306,19338137.40717109,5701.642857142857,283.52739852478584,19500629.681938626,5779.25,302.91443908698335,19810861.168107837
2024-07-16,5408,18349572.867426395,5604740.781674827,0,0,1,16,29,7,3,0,2388,5415.0,18501563.25061019,5490.0,18622409.227334112,5513.0,18859212.702665947,5760.0,19727248.3817385,5634.857142857143,304.30874046567993,19264674.341758262,5687.857142857143,292.9656995261545,19461442.853887137,5770.321428571428,310.00813054703224,19781237.610236146
2024-07-17,5349,18209050.29537884,5586671.602200125,0,0,2,17,29,7,3,0,2389,5408.0,18349572.867426395,5431.0,18759800.186363947,5532.0,18813273.39033267,5667.0,19427856.46802994,5623.142857142857,312.2880233435297,19225697.718914304,5680.357142857143,299.0669097099593,19425040.008512884,5757.75,317.48906367862656,19732034.91329643
2024-07-18,5394,18304875.225197803,5595432.886740725,0,0,3,18,29,7,3,0,2390,5349.0,18209050.29537884,5513.0,18647760.84551096,5695.0,19342018.188784413,5716.0,19703645.56884469,5611.428571428572,322.0811787644313,19147019.16305929,5667.285714285715,309.8546628467311,19381881.21601618,5746.392857142857,326.4177440807556,19688506.121416036
2024-07-19,5348,18233985.380114444,5579406.795511397,0,0,4,19,29,7,3,0,2391,5394.0,18304875.225197803,5443.0,18579497.387503613,5595.0,19446097.172509257,5643.0,19602058.41637928,5594.428571428572,331.15497738614687,19098035.503014553,5645.785714285715,318.11637410306037,19307799.575759996,5734.892857142857,333.1313098114559,19638550.037714362
2024-07-20,6010,20536611.362264395,6321952.074912065,0,0,5,20,29,7,3,1,2392,5348.0,18233985.380114444,6032.0,20643673.978750445,6153.0,21193778.495222334,6367.0,22056251.17516907,5580.857142857143,340.21778739087665,19048676.6448161,5628.142857142857,327.8500729443602,19221220.162017506,5724.357142857143,340.7235454022976,19589690.286419187
2024-07-21,6066,20767698.07513657,6367412.237437552,0,0,6,21,29,7,3,1,2393,6010.0,20536611.362264395,6120.0,21098015.51623458,6172.0,20937294.904097494,6339.0,21683065.42378336,5577.714285714285,335.423470797596,19033381.98531809,5617.928571428572,312.08885921145713,19174279.65252051,5711.607142857143,321.94712463101587,19535417.435958304
2024-07-22,5420,18508183.478683077,5704678.216382048,0,0,0,22,30,7,3,0,2394,6066.0,20767698.07513657,5415.0,18501563.25061019,5526.0,19015804.708499946,5655.0,19243857.069911987,5570.0,321.1920505450509,18986193.77944695,5610.357142857143,298.60743644265506,19162165.59330902,5701.857142857143,305.9810832067917,19502725.744935207
2024-07-23,5381,18353768.989987608,5648607.088136816,0,0,1,23,30,7,3,0,2395,5420.0,18508183.478683077,5408.0,18349572.867426395,5490.0,18622409.227334112,5702.0,19610784.774367727,5570.714285714285,320.79521727820793,18987139.526314504,5602.785714285715,302.2327627129404,19125906.934036385,5693.464285714285,310.50347193652254,19476451.688105606
2024-07-24,5342,18101002.85057007,5541045.857245166,0,0,2,24,30,7,3,0,2396,5381.0,18353768.989987608,5349.0,18209050.29537884,5431.0,18759800.186363947,5529.0,19141129.401173014,5566.857142857143,323.2307888446647,18987738.97239468,5595.0,306.7321557720508,19106718.34565449,5682.0,316.05297258760413,19431558.267234884
2024-07-25,5442,18584408.44197191,5673735.918492767,0,0,3,25,30,7,3,0,2397,5342.0,18101002.85057007,5394.0,18304875.225197803,5513.0,18647760.84551096,5762.0,19677876.5868647,5565.857142857143,324.02696830738887,18972303.62313628,5588.642857142857,311.2811262514872,19059661.393097784,5675.321428571428,321.33737359967546,19394410.890427638
2024-07-26,5291,18053882.215575345,5525629.151423014,0,0,4,26,30,7,3,0,2398,5442.0,18584408.44197191,5348.0,18233985.380114444,5443.0,18579497.387503613,5617.0,19247636.83671404,5572.714285714285,320.2700497422541,19012236.939818297,5583.571428571428,313.18088022134884,19055136.22141642,5663.892857142857,323.82132010489624,19355358.456681464
2024-07-27,5953,20482922.62380014,6294797.974471191,0,0,5,27,30,7,3,1,2399,5291.0,18053882.215575345,6010.0,20536611.362264395,6032.0,20643673.978750445,6202.0,21336842.48609204,5564.571428571428,327.5768902832135,18986507.916312713,5572.714285714285,320.96691144370965,19017592.280564405,5652.25,331.3430162904077,19312724.363069367
2024-07-28,5995,20293390.850362357,6210520.399831031,0,0,6,28,30,7,3,1,2400,5953.0,20482922.62380014,6066.0,20767698.07513657,6120.0,21098015.51623458,6372.0,21906021.699792832,5556.428571428572,315.1311140582929,18978838.096532103,5567.071428571428,312.863318469763,19006110.040925097,5643.357142857143,319.15933722776145,19282227.225130375
2024-07-29,5446,18689610.189272903,5761457.250880576,0,0,0,29,31,7,3,0,2401,5995.0,20293390.850362357,5420.0,18508183.478683077,5415.0,18501563.25061019,5608.0,19050178.843331084,5546.285714285715,296.59383803765525,18911079.92156436,5558.142857142857,297.2646728325494,18948636.850505654,5629.892857142857,294.2629636888134,19224633.26622214
2024-07-30,5208,17819639.613762982,5485768.527049582,0,0,1,30,31,7,3,0,2402,5446.0,18689610.189272903,5381.0,18353768.989987608,5408.0,18349572.867426395,5513.0,18859212.702665947,5550.0,294.90676492749697,18936998.02307719,5560.357142857143,296.2300579831561,18962068.774695847,5624.107142857143,296.29494055573105,19211755.81429149
2024-07-31,5319,18161487.12244592,5538255.959215945,0,0,2,31,31,7,3,0,2403,5208.0,17819639.613762982,5342.0,18101002.85057007,5349.0,18209050.29537884,5532.0,18813273.39033267,5525.285714285715,317.791186308307,18860693.826473672,5546.071428571428,308.70261125840835,18924216.399434175,5613.214285714285,305.97910327372784,19174628.203973528
2024-08-01,6437,19667159.896239545,4473619.895406131,400,0,3,1,31,8,3,0,2404,5319.0,18161487.12244592,5442.0,18584408.44197191,5394.0,18304875.225197803,5695.0,19342018.188784413,5522.0,320.11248023156344,18869334.43674165,5543.928571428572,310.2759229324865,18920819.029938966,5605.607142857143,310.68458928815147,19151350.122977573
2024-08-02,6348,19296200.19463784,4333406.173364392,400,0,4,2,31,8,3,0,2405,6437.0,19667159.896239545,5291.0,18053882.215575345,5348.0,18233985.380114444,5595.0,19446097.172509257,5664.142857142857,466.2304253518927,19024013.21592274,5618.428571428572,387.1910111570669,19018125.077870518,5632.107142857143,347.995991812323,19162962.32681526
2024-08-03,7122,21881935.19428244,4927934.624738491,400,0,5,3,31,8,3,1,2406,6348.0,19296200.19463784,5953.0,20482922.62380014,6010.0,20536611.362264395,6153.0,21193778.495222334,5815.142857142857,495.48677364500236,19201487.212931667,5689.857142857143,423.9587892059826,19093997.56462219,5659.0,373.2047397578955,19157608.86331985
2024-08-04,6986,21389367.143990967,4757059.13810946,400,0,6,4,31,8,3,1,2407,7122.0,21881935.19428244,5995.0,20293390.850362357,6066.0,20767698.07513657,6172.0,20937294.904097494,5982.142857142857,703.170303831483,19401346.151571997,5769.285714285715,568.1854286398268,19190092.12405205,5693.607142857143,456.37081570642795,19182185.88828628
2024-08-05,6201,18948870.171543155,4270790.08177424,400,0,0,5,32,8,3,0,2408,6986.0,21389367.143990967,5446.0,18689610.189272903,5420.0,18508183.478683077,5526.0,19015804.708499946,6123.714285714285,799.3703176637739,19557914.19351894,5835.0,652.1413249382724,19234497.05754165,5722.678571428572,510.6699342491286,19198331.325425334
2024-08-06,6334,19322590.5840961,4307692.12447612,400,0,1,6,32,8,3,0,2409,6201.0,18948870.171543155,5208.0,17819639.613762982,5381.0,18353768.989987608,5490.0,18622409.227334112,6231.571428571428,741.5301425976734,19594951.33384326,5890.785714285715,647.2967668662791,19265974.67846023,5746.785714285715,516.9353679166777,19195940.806248307
2024-08-07,6271,19379030.966672827,4385490.654784391,400,0,2,7,32,8,3,0,2410,6334.0,19322590.5840961,5319.0,18161487.12244592,5342.0,18101002.85057007,5431.0,18759800.186363947,6392.428571428572,588.9071395793957,19809658.615319423,5958.857142857143,639.6270376185454,19335176.220896546,5776.928571428572,525.936197269078,19220947.28327552
2024-08-08,5232,17846337.46024026,5478747.8463668525,0,0,3,8,32,8,3,0,2411,6271.0,19379030.966672827,6437.0,19667159.896239545,5442.0,18584408.44197191,5513.0,18647760.84551096,6528.428571428572,368.3055150020337,19983593.450208984,6025.214285714285,618.5510585940632,19426463.943475313,5806.928571428572,529.4189637266619,19243062.66828655
2024-08-09,5270,18060438.3737387,5531101.973809266,0,0,4,9,32,8,3,0,2412,5232.0,17846337.46024026,6348.0,19296200.19463784,5291.0,18053882.215575345,5443.0,18579497.387503613,6356.285714285715,616.2831368469148,19723475.95935194,6010.214285714285,636.079963353779,19373744.587637343,5796.892857142857,537.794146166326,19214440.404526882
2024-08-10,5842,19814080.124347378,6059943.748095135,0,0,5,10,32,8,3,1,2413,5270.0,18060438.3737387,7122.0,21881935.19428244,5953.0,20482922.62380014,6032.0,20643673.978750445,6202.285714285715,740.8064781676878,19546938.55636635,6008.714285714285,637.9285502035165,19374212.88464901,5790.714285714285,542.9792886809607,19195902.582606707
2024-08-11,5730,19532223.253431927,5924040.923131079,0,0,6,11,32,8,3,1,2414,5842.0,19814080.124347378,6986.0,21389367.143990967,5995.0,20293390.850362357,6120.0,21098015.51623458,6019.428571428572,624.8519443683721,19251530.68923277,6000.785714285715,639.362444287089,19326438.42040238,5783.928571428572,541.0359698161436,19166274.23066374
2024-08-12,5137,17402817.462980818,5296830.625258196,0,0,0,12,33,8,3,0,2415,5730.0,19532223.253431927,6201.0,18948870.171543155,5446.0,18689610.189272903,5415.0,18501563.25061019,5840.0,459.489934601391,18986224.419152908,5981.857142857143,643.4565142371416,19272069.306335926,5770.0,537.0692072101215,19110353.07842079
2024-08-13,5121,17407486.972173978,5344958.649850337,0,0,1,13,33,8,3,0,2416,5137.0,17402817.462980818,6334.0,19322590.5840961,5208.0,17819639.613762982,5408.0,18349572.867426395,5688.0,494.7972648806078,18765359.746501144,5959.785714285715,668.0794723074569,19180155.5401722,5760.071428571428,546.364206881108,19071112.157434024
2024-08-14,5119,17280651.951850753,5295057.984094095,0,0,2,14,33,8,3,0,2417,5121.0,17407486.972173978,6271.0,19379030.966672827,5319.0,18161487.12244592,5349.0,18209050.29537884,5514.714285714285,440.25057799913895,18491773.516226552,5953.571428571428,675.9683326999246,19150716.065772988,5749.821428571428,555.8240498022736,19037466.232603583
2024-08-15,5612,19266205.384892046,5914455.327010677,0,1,3,15,33,8,3,0,2418,5119.0,17280651.951850753,5232.0,17846337.46024026,6437.0,19667159.896239545,5394.0,18304875.225197803,5350.142857142857,304.9477707036971,18192005.085537687,5939.285714285715,692.326226858072,19087799.267873336,5741.607142857143,563.6119849477085,19004309.14890615
2024-08-16,5142,17380006.071428888,5298978.636791785,0,0,4,16,33,8,3,0,2419,5612.0,19266205.384892046,5270.0,18060438.3737387,6348.0,19296200.19463784,5348.0,18233985.380114444,5404.428571428572,314.0970429357171,18394843.36048794,5880.357142857143,681.7332669399974,19059159.659919944,5749.392857142857,560.1272566576007,19038642.36889523
2024-08-17,5685,19365643.272475585,5953352.289219743,0,0,5,17,33,8,3,1,2420,5142.0,17380006.071428888,5842.0,19814080.124347378,7122.0,21881935.19428244,6010.0,20536611.362264395,5386.142857142857,326.7003869865369,18297638.745872255,5794.214285714285,694.1777846511925,18922288.651119303,5742.035714285715,566.9065820320833,19008143.107870746
2024-08-18,5785,19627701.910179,5969690.285849185,0,0,6,18,33,8,3,1,2421,5685.0,19365643.272475585,5730.0,19532223.253431927,6986.0,21389367.143990967,6066.0,20767698.07513657,5363.714285714285,293.9352050400154,18233576.338462,5691.571428571428,579.5151440624743,18742553.513847385,5730.428571428572,564.5391059230344,18966322.818949718
2024-08-19,5100,17191980.91121089,5241992.375758656,0,0,0,19,34,8,3,0,2422,5785.0,19627701.910179,5137.0,17402817.462980818,6201.0,18948870.171543155,5420.0,18508183.478683077,5371.571428571428,305.851738125348,18247216.146568723,5605.785714285715,446.8734425162543,18616720.282860816,5720.392857142857,560.8382838999207,18925608.670201235
2024-08-20,5137,17220200.338704783,5273850.392070009,0,0,1,20,34,8,3,0,2423,5100.0,17191980.91121089,5121.0,17407486.972173978,6334.0,19322590.5840961,5381.0,18353768.989987608,5366.285714285715,310.8599439649884,18217096.63917302,5527.142857142857,430.6524311825914,18491228.19283708,5708.964285714285,570.365800890424,18878601.435648654
2024-08-21,5173,17714539.54008491,5426210.101062517,0,0,2,21,34,8,3,0,2424,5137.0,17220200.338704783,5119.0,17280651.951850753,6271.0,19379030.966672827,5342.0,18101002.85057007,5368.571428571428,308.80784594031377,18190341.405820277,5441.642857142857,373.1208521774636,18341057.461023416,5700.25,577.382960723047,18838116.840959985
2024-08-22,5054,17240487.36261451,5278136.219939246,0,0,3,22,34,8,3,0,2425,5173.0,17714539.54008491,5612.0,19266205.384892046,5232.0,17846337.46024026,5442.0,18584408.44197191,5376.285714285715,302.13667673518546,18252325.346996587,5363.214285714285,291.9523613856433,18222165.216267135,5694.214285714285,582.130465022109,18824314.579871226
2024-08-23,5089,17366739.40178268,5302222.826155165,0,0,4,23,34,8,3,0,2426,5054.0,17240487.36261451,5142.0,17380006.071428888,5270.0,18060438.3737387,5291.0,18053882.215575345,5296.571428571428,303.1901807682758,17962937.058099795,5350.5,301.81546832965626,18178890.20929387,5680.357142857143,592.8754296918149,18776317.398465607
2024-08-24,5614,19261980.646039996,5940669.289284909,0,0,5,24,34,8,3,1,2427,5089.0,17366739.40178268,5685.0,19365643.272475585,5842.0,19814080.124347378,5953.0,20482922.62380014,5289.0,308.312071339005,17961041.81957891,5337.571428571428,309.312566405307,18129340.28272558,5673.142857142857,598.986224678395,18751776.583687298
2024-08-25,5560,19052976.851706386,5789059.679488787,0,0,6,25,34,8,3,1,2428,5614.0,19261980.646039996,5785.0,19627701.910179,5730.0,19532223.253431927,5995.0,20293390.850362357,5278.857142857143,293.94638319001484,17946232.872945253,5321.285714285715,285.8209306464089,18089904.605703626,5661.035714285715,596.5411092066706,18708171.513053004
2024-08-26,5061,17290440.107117422,5298893.373478972,0,0,0,26,35,8,3,0,2429,5560.0,19052976.851706386,5100.0,17191980.91121089,5137.0,17402817.462980818,5446.0,18689610.189272903,5246.714285714285,235.9574215021028,17864129.293163452,5309.142857142857,270.31174513959854,18055672.71986609,5645.5,593.1764149553148,18663871.013101004
2024-08-27,5084,17321915.953283533,5299587.375863998,0,0,1,27,35,8,3,0,2430,5061.0,17290440.107117422,5137.0,17220200.338704783,5121.0,17407486.972173978,5208.0,17819639.613762982,5241.142857142857,240.41729594705262,17878194.89257867,5303.714285714285,274.7612750038374,18047645.765875846,5631.75,602.3632240630939,18613900.653024025
2024-08-28,4996,17114591.722359166,5265370.824874645,0,0,2,28,35,8,3,0,2431,5084.0,17321915.953283533,5173.0,17714539.54008491,5119.0,17280651.951850753,5319.0,18161487.12244592,5233.571428571428,245.03391407647203,17892725.69466135,5301.071428571428,276.8241497595291,18041533.55024081,5627.321428571428,606.0386281278201,18596124.8080069
2024-08-29,4960,16914263.625278495,5169251.786710794,0,0,3,29,35,8,3,0,2432,4996.0,17114591.722359166,5054.0,17240487.36261451,5612.0,19266205.384892046,6437.0,19667159.896239545,5208.285714285715,260.94233991807977,17807018.86355767,5292.285714285715,284.88173756066107,18029672.10527713,5615.785714285715,615.1306610458562,18558735.68657523
2024-08-30,5002,17059193.706873413,5263766.605755517,0,0,4,30,35,8,3,0,2433,4960.0,16914263.625278495,5089.0,17366739.40178268,5142.0,17380006.071428888,6348.0,19296200.19463784,5194.857142857143,272.3737802918899,17760415.472509667,5245.714285714285,281.8729742745018,17861676.265304733,5563.035714285715,605.3515955482305,18460417.962612335
2024-08-31,5609,18904509.795641497,5781214.117654799,0,0,5,31,35,8,3,1,2434,5002.0,17059193.706873413,5614.0,19261980.646039996,5685.0,19365643.272475585,7122.0,21881935.19428244,5182.428571428572,279.89036969434676,17716480.373236917,5235.714285714285,288.24680359060505,17838761.096407913,5514.964285714285,594.0461686847975,18380524.873763606
2024-09-01,5531,18931612.505117875,5770004.026525633,0,0,6,1,35,9,3,1,2435,5609.0,18904509.795641497,5560.0,19052976.851706386,5785.0,19627701.910179,6986.0,21389367.143990967,5181.714285714285,278.6088741621914,17665413.108894274,5230.285714285715,279.724157690368,17805822.99091976,5460.928571428572,504.51942139112475,18274188.25238357
2024-09-02,4929,16976753.478026323,5185920.9263467,0,0,0,2,36,9,3,0,2436,5531.0,18931612.505117875,5061.0,17290440.107117422,5100.0,17191980.91121089,6201.0,18948870.171543155,5177.571428571428,272.18796026699073,17648075.345095914,5212.142857142857,247.34058024785455,17756102.319129683,5408.964285714285,407.15976317818274,18186411.30099525
2024-09-03,4956,16949073.247361746,5173179.873248648,0,0,1,3,36,9,3,0,2437,4929.0,16976753.478026323,5084.0,17321915.953283533,5137.0,17220200.338704783,6334.0,19322590.5840961,5158.714285714285,285.84011514934616,17603262.96951147,5199.928571428572,257.3251353340923,17740728.93104507,5363.535714285715,385.9233739087252,18115978.561941076
2024-09-04,4993,16896270.20490574,5166191.885941777,0,0,2,4,36,9,3,0,2438,4956.0,16949073.247361746,4996.0,17114591.722359166,5173.0,17714539.54008491,6271.0,19379030.966672827,5140.428571428572,295.3522513558568,17549999.72580836,5187.0,265.1577179427368,17721362.710234854,5314.321428571428,343.06689268587013,18031210.085629135
2024-09-05,4963,16734390.090316936,5100703.713646521,0,0,3,5,36,9,3,0,2439,4993.0,16896270.20490574,4960.0,16914263.625278495,5054.0,17240487.36261451,5232.0,17846337.46024026,5140.0,295.59882724173235,17518810.937600728,5174.142857142857,270.20472498936596,17662914.9005792,5268.678571428572,292.3369508925282,17942540.05842317
2024-09-06,4871,16561977.714338576,5064286.148929886,0,0,4,6,36,9,3,0,2440,4963.0,16734390.090316936,5002.0,17059193.706873413,5089.0,17366739.40178268,5270.0,18060438.3737387,5140.428571428572,295.29638057547066,17493114.718320508,5167.642857142857,274.37946972501305,17626765.095415086,5259.071428571428,297.9531318564496,17902827.652354475
2024-09-07,5557,19086129.33932521,5847783.33831309,0,0,5,7,36,9,3,1,2441,4871.0,16561977.714338576,5609.0,18904509.795641497,5614.0,19261980.646039996,5842.0,19814080.124347378,5121.714285714285,309.34808564990306,17422083.8622441,5152.071428571428,285.1599994296401,17569282.117740504,5244.821428571428,306.82049928755987,17849311.200233046
2024-09-08,5442,18304219.82866944,5525084.099092688,0,0,6,8,36,9,3,1,2442,5557.0,19086129.33932521,5531.0,18931612.505117875,5560.0,19052976.851706386,5730.0,19532223.253431927,5114.285714285715,296.0341839978284,17448029.511341773,5148.0,278.38379705278436,17556721.310118023,5234.642857142857,290.57289699076836,17823312.957910825
2024-09-09,4871,16549229.633119322,5051332.336373491,0,0,0,9,37,9,3,0,2443,5442.0,18304219.82866944,4929.0,16976753.478026323,5061.0,17290440.107117422,5137.0,17402817.462980818,5101.571428571428,276.41506057794373,17358401.986134853,5139.571428571428,266.4821293721462,17503238.665615384,5224.357142857143,277.1773351705995,17779455.692740735
2024-09-10,4882,16451206.88501597,5010591.553285365,0,0,1,10,37,9,3,0,2444,4871.0,16549229.633119322,4956.0,16949073.247361746,5084.0,17321915.953283533,5121.0,17407486.972173978,5093.285714285715,283.23530517091444,17297327.151148137,5126.0,275.4777667979559,17450295.060329806,5214.857142857143,284.7376588924173,17748970.413102824
2024-09-11,4851,16496838.512597105,5051523.87386712,0,0,2,11,37,9,3,0,2445,4882.0,16451206.88501597,4993.0,16896270.20490574,4996.0,17114591.722359166,5119.0,17280651.951850753,5082.714285714285,290.50112695466106,17226203.385098744,5111.571428571428,283.0332174812565,17388101.55545355,5206.321428571428,291.1652265526221,17714817.55284718
2024-09-12,4910,16706875.648120811,5098505.42923317,0,0,3,12,37,9,3,0,2446,4851.0,16496838.512597105,4963.0,16734390.090316936,4960.0,16914263.625278495,5612.0,19266205.384892046,5062.428571428572,302.519342160095,17169141.714768935,5101.214285714285,290.1512015832617,17343976.32618483,5196.75,298.45573218498436,17686824.21573098
2024-09-13,4883,16630002.999830231,5074580.843135123,0,0,4,13,37,9,3,0,2447,4910.0,16706875.648120811,4871.0,16561977.714338576,5002.0,17059193.706873413,5142.0,17380006.071428888,5054.857142857143,306.06504132918235,17165211.080169488,5097.642857142857,292.3226897540559,17329162.899244998,5171.678571428572,291.6898471514208,17595419.582274865
2024-09-14,5408,18485459.629815333,5619813.125095322,0,0,5,14,37,9,3,1,2448,4883.0,16630002.999830231,5557.0,19086129.33932521,5609.0,18904509.795641497,5685.0,19365643.272475585,5056.571428571428,304.8949858245899,17174928.97809687,5089.142857142857,297.0101933352568,17298506.420170486,5162.428571428572,296.72901074904786,17568633.7582892
2024-09-15,5351,18175718.352862857,5555208.492047809,0,0,6,15,37,9,3,1,2449,5408.0,18485459.629815333,5442.0,18304219.82866944,5531.0,18931612.505117875,5785.0,19627701.910179,5035.285714285715,266.97922159211237,17089119.01959546,5074.785714285715,273.90738989985465,17268574.265468616,5152.535714285715,282.95942414821417,17537198.62819419
2024-09-16,4821,16284252.898512874,4994468.570633113,0,0,0,16,38,9,3,0,2450,5351.0,18175718.352862857,4871.0,16549229.633119322,4929.0,16976753.478026323,5100.0,17191980.91121089,5022.285714285715,245.20176337443172,17070761.665908806,5061.928571428572,254.37357878209616,17214581.826021828,5137.035714285715,257.7993020912472,17485342.072575755
2024-09-17,4856,16486922.93057876,5055376.680965412,0,0,1,17,38,9,3,0,2451,4821.0,16284252.898512874,4882.0,16451206.88501597,4956.0,16949073.247361746,5137.0,17220200.338704783,5015.142857142857,251.0029406013056,17032907.84667931,5054.214285714285,260.2839214784771,17165117.498913724,5127.071428571428,264.5863198181741,17452923.2149794
2024-09-18,4827,16615872.333853278,5095408.780846726,0,0,2,18,38,9,3,0,2452,4856.0,16486922.93057876,4851.0,16496838.512597105,4993.0,16896270.20490574,5173.0,17714539.54008491,5011.428571428572,253.48166083758193,17038010.138902567,5047.071428571428,264.5240905957135,17132106.762000654,5117.035714285715,269.4796745091361,17426734.736117754
2024-09-19,4852,16453849.740401866,5062915.825890793,0,0,3,19,38,9,3,0,2453,4827.0,16615872.333853278,4910.0,16706875.648120811,4963.0,16734390.090316936,5054.0,17240487.36261451,5008.0,256.16140744986035,17055014.970510595,5035.214285714285,270.7806885999756,17112078.342639763,5104.678571428572,274.70078719723034,17387496.621609483
2024-09-20,4738,16303442.113194987,4986235.90638562,0,0,4,20,38,9,3,0,2454,4852.0,16453849.740401866,4883.0,16630002.999830231,4871.0,16561977.714338576,5089.0,17366739.40178268,4999.714285714285,260.7564088607063,17018868.41226503,5027.285714285715,274.65514841241685,17092039.74621726,5097.464285714285,278.7043411724433,17359402.420816172
2024-09-21,5456,18661161.62708672,5692281.38224727,0,0,5,21,38,9,3,1,2455,4738.0,16303442.113194987,5408.0,18485459.629815333,5557.0,19086129.33932521,5614.0,19261980.646039996,4979.0,276.83689542164484,16972216.857031424,5017.785714285715,282.6602142207027,17073572.917564146,5084.928571428572,286.87317220545987,17321427.517652325
2024-09-22,5406,18523705.73931403,5642725.87929863,0,0,6,22,38,9,3,1,2456,5456.0,18661161.62708672,5351.0,18175718.352862857,5442.0,18304219.82866944,5560.0,19052976.851706386,4985.857142857143,289.53723339811967,16997317.142355908,5010.571428571428,268.7877957067182,17043218.08097568,5079.285714285715,277.4809779456961,17299969.695546854
2024-09-23,4747,16234321.083540631,4948208.378303704,0,0,0,23,39,9,3,0,2457,5406.0,18523705.73931403,4821.0,16284252.898512874,4871.0,16549229.633119322,5061.0,17290440.107117422,4993.714285714285,301.59283495346074,17047029.626134645,5008.0,264.48062310875923,17058895.646021727,5073.785714285715,268.99626283276956,17281067.155818556
2024-09-24,4810,16310667.468723215,4958496.206080808,0,0,1,24,39,9,3,0,2458,4747.0,16234321.083540631,4856.0,16486922.93057876,4882.0,16451206.88501597,5084.0,17321915.953283533,4983.142857142857,309.8399740573145,17039896.50971004,4999.142857142857,271.40711887462044,17036402.178194676,5062.571428571428,276.00300972212045,17243348.61926224
2024-09-25,4692,15979280.028591,4834474.17057294,0,0,2,25,39,9,3,0,2459,4810.0,16310667.468723215,4827.0,16615872.333853278,4851.0,16496838.512597105,4996.0,17114591.722359166,4976.571428571428,313.45273814029315,17014717.15801639,4994.0,274.46255174010685,17026363.64845948,5052.785714285715,280.0429010973755,17207232.601956513
2024-09-26,4805,16267023.816079369,4961177.355075533,0,0,3,26,39,9,3,0,2460,4692.0,15979280.028591,4852.0,16453849.740401866,4910.0,16706875.648120811,4960.0,16914263.625278495,4957.285714285715,328.0044279608644,16923775.40012178,4982.642857142857,283.96034586184277,16989395.185316183,5041.928571428572,288.102981661656,17166685.75575051
2024-09-27,4726,16070654.046620907,4883747.732340298,0,0,4,27,39,9,3,0,2461,4805.0,16267023.816079369,4738.0,16303442.113194987,4883.0,16630002.999830231,5002.0,17059193.706873413,4950.571428571428,330.98633261961413,16897085.98236142,4975.142857142857,287.39248347936905,16957977.197313227,5036.392857142857,291.2078727168684,17143570.04827911
2024-09-28,5319,18197291.551624592,5536967.273450902,0,0,5,28,39,9,3,1,2462,4726.0,16070654.046620907,5456.0,18661161.62708672,5408.0,18485459.629815333,5609.0,18904509.795641497,4948.857142857143,332.29927704381043,16863830.544279408,4963.928571428572,294.24596312131024,16918023.700655416,5026.535714285715,297.0281795015391,17108265.06041295
2024-09-29,5295,18269489.24010539,5588352.462425585,0,0,6,29,39,9,3,1,2463,5319.0,18197291.551624592,5406.0,18523705.73931403,5351.0,18175718.352862857,5531.0,18931612.505117875,4929.285714285715,299.90760481955436,16797563.390641965,4957.571428571428,284.7211089647393,16897440.266498934,5016.178571428572,280.5657054584089,17083007.26598377
2024-09-30,4799,16415764.179114478,5026718.47105622,0,0,0,30,40,9,3,0,2464,5295.0,18269489.24010539,4747.0,16234321.083540631,4821.0,16284252.898512874,4929.0,16976753.478026323,4913.428571428572,272.15121846928616,16761246.747897873,4953.571428571428,279.1067384148451,16904138.18701626,5007.75,267.7805382522722,17059360.006519046
2024-10-01,4691,16097234.901013011,4881266.600981886,0,0,1,1,40,10,4,0,2465,4799.0,16415764.179114478,4810.0,16310667.468723215,4856.0,16486922.93057876,4956.0,16949073.247361746,4920.857142857143,267.52160571408166,16787167.190122705,4952.0,279.97115236010944,16913531.849916376,5003.107142857143,270.3115266291499,17039324.67441505
2024-10-02,5242,17593824.200656455,5325406.230031701,0,1,2,2,40,10,4,0,2466,4691.0,16097234.901013011,4692.0,15979280.028591,4827.0,16615872.333853278,4993.0,16896270.20490574,4903.857142857143,279.2635723777356,16756676.823306965,4940.214285714285,287.6897844691646,16885696.990661677,4993.642857142857,276.58823711442164,17008901.87633117
2024-10-03,4740,16098854.947053395,4852013.376431195,0,0,3,3,40,10,4,0,2467,5242.0,17593824.200656455,4805.0,16267023.816079369,4852.0,16453849.740401866,4963.0,16734390.090316936,4982.428571428572,286.98772165543994,16987325.990744885,4969.857142857143,296.3762829561457,16955550.695433334,5002.535714285715,280.54147143653717,17033814.51903655
2024-10-04,4792,16250281.810998475,4940911.025143407,0,0,4,4,40,10,4,0,2468,4740.0,16098854.947053395,4726.0,16070654.046620907,4738.0,16303442.113194987,4871.0,16561977.714338576,4973.142857142857,294.63504462951767,16963301.86659832,4961.857142857143,301.27341457498557,16930193.924479872,4994.571428571428,284.8378913323066,17011116.835348565
2024-10-05,5153,17570829.304723985,5390503.262096232,0,0,5,5,40,10,4,1,2469,4792.0,16250281.810998475,5319.0,18197291.551624592,5456.0,18661161.62708672,5557.0,19086129.33932521,4982.571428571428,286.34760760477855,16988962.975795113,4965.714285714285,298.5200492097981,16926396.760037262,4991.75,286.4936978170717,16999984.838800702
2024-10-06,5305,17911794.65089811,5437087.841148626,0,0,6,6,40,10,4,1,2470,5153.0,17570829.304723985,5295.0,18269489.24010539,5406.0,18523705.73931403,5442.0,18304219.82866944,4958.857142857143,259.4529042501521,16899468.369095027,4944.071428571428,269.8465274033563,16848515.879868496,4977.321428571428,266.4435251913874,16945866.980422087
2024-10-07,4721,16141677.071726304,4912033.873546935,0,0,0,7,41,10,4,0,2471,5305.0,17911794.65089811,4799.0,16415764.179114478,4747.0,16234321.083540631,4871.0,16549229.633119322,4960.285714285715,261.63060109360373,16848369.142065417,4936.857142857143,257.6201309450299,16804807.944981642,4972.428571428572,258.7408869136421,16931851.795501687
2024-10-08,4661,15744544.438777588,4819961.265867868,0,0,1,8,41,10,4,0,2472,4721.0,16141677.071726304,4691.0,16097234.901013011,4810.0,16310667.468723215,4882.0,16451206.88501597,4949.142857142857,271.13307223054215,16809213.841009963,4935.0,259.18303600708276,16798190.515566338,4967.071428571428,262.4450458980202,16917296.346880503
2024-10-09,4732,16203409.285591312,4972143.639685488,0,0,2,9,41,10,4,0,2473,4661.0,15744544.438777588,5242.0,17593824.200656455,4692.0,15979280.028591,4851.0,16496838.512597105,4944.857142857143,276.08539051744964,16758829.489262044,4924.357142857143,267.6322411136591,16757753.156284502,4959.178571428572,268.3549409618472,16892058.40237199
2024-10-10,4700,15818777.819894426,4815130.357671117,0,0,3,10,41,10,4,0,2474,4732.0,16203409.285591312,4740.0,16098854.947053395,4805.0,16267023.816079369,4910.0,16706875.648120811,4872.0,250.73093147841513,16560198.787109882,4927.214285714285,265.1629915503202,16773762.388927385,4954.928571428572,271.06032246109123,16881578.787121784
2024-10-11,4678,15729814.356729858,4775635.006725499,0,0,4,11,41,10,4,0,2475,4700.0,15818777.819894426,4792.0,16250281.810998475,4726.0,16070654.046620907,4883.0,16630002.999830231,4866.285714285715,254.66560707839096,16520187.768944314,4919.714285714285,270.3204447635185,16741744.817771316,4947.428571428572,275.22279575209603,16849861.00754227
2024-10-12,5155,17652776.609899,5362903.039839115,0,0,5,12,41,10,4,1,2476,4678.0,15729814.356729858,5153.0,17570829.304723985,5319.0,18197291.551624592,5408.0,18485459.629815333,4850.0,263.6930033202148,16445835.27547737,4916.285714285715,273.2548623176239,16717399.12563624,4940.107142857143,279.6906146925616,16817711.41314583
2024-10-13,5193,17675606.435839728,5381229.650906762,0,0,6,13,41,10,4,1,2477,5155.0,17652776.609899,5305.0,17911794.65089811,5295.0,18269489.24010539,5351.0,18175718.352862857,4850.285714285715,264.0768286476612,16457542.033359515,4904.571428571428,257.73740789527625,16678505.201227272,4931.071428571428,267.8511096322551,16787972.733863104
2024-10-14,4776,16125696.51105668,4929949.155220812,0,0,0,14,42,10,4,0,2478,5193.0,17675606.435839728,4721.0,16141677.071726304,4799.0,16415764.179114478,4821.0,16284252.898512874,4834.285714285715,233.56491908804932,16423800.859779745,4897.285714285715,247.0728415083173,16636085.00092258,4925.428571428572,260.232720431314,16770111.59396942
2024-10-15,4679,15990577.290956736,4873408.423868999,0,0,1,15,42,10,4,0,2479,4776.0,16125696.51105668,4661.0,15744544.438777588,4691.0,16097234.901013011,4856.0,16486922.93057876,4842.142857142857,230.01697659921695,16421517.922541229,4895.642857142857,247.85188106016088,16615365.881775593,4923.821428571428,261.0392412066607,16764448.865845982
2024-10-16,4649,15838925.413349656,4846806.733613295,0,0,2,16,42,10,4,0,2480,4679.0,15990577.290956736,4732.0,16203409.285591312,5242.0,17593824.200656455,4827.0,16615872.333853278,4844.714285714285,227.74379924659453,16456665.472852534,4894.785714285715,248.6335513504726,16607747.48105729,4917.5,264.85768365785924,16746722.235859482
2024-10-17,4696,15963405.750270275,4889047.195501896,0,0,3,17,42,10,4,0,2481,4649.0,15838925.413349656,4700.0,15818777.819894426,4740.0,16098854.947053395,4852.0,16453849.740401866,4832.857142857143,236.57939370081502,16404596.348246584,4852.428571428572,235.074035567117,16482397.567678232,4911.142857142857,269.21074139127063,16718974.131555783
2024-10-18,4626,15609108.532815512,4726442.534708974,0,0,4,18,42,10,4,0,2482,4696.0,15963405.750270275,4678.0,15729814.356729858,4792.0,16250281.810998475,4738.0,16303442.113194987,4832.285714285715,236.95830455013353,16425257.481157418,4849.285714285715,236.9792034275393,16472722.625050867,4905.571428571428,272.0790229124791,16701458.274765369
2024-10-19,5299,18133133.265841708,5526011.248486028,0,0,5,19,42,10,4,1,2483,4626.0,15609108.532815512,5155.0,17652776.609899,5153.0,17570829.304723985,5456.0,18661161.62708672,4824.857142857143,243.33065882425433,16408013.792026797,4837.428571428572,244.11148596988744,16426924.533752084,4901.571428571428,275.43641177453594,16676660.646894673
2024-10-20,5248,17827986.234227248,5432766.857560276,0,0,6,20,42,10,4,1,2484,5299.0,18133133.265841708,5193.0,17675606.435839728,5305.0,17911794.65089811,5406.0,18523705.73931403,4845.428571428572,279.3187290193542,16476636.171447186,4847.857142857143,261.1536114841552,16467089.102403348,4895.964285714285,265.13720866374916,16657802.491135923
2024-10-21,4680,15777975.407903958,4791008.233371031,0,0,0,21,43,10,4,0,2485,5248.0,17827986.234227248,4776.0,16125696.51105668,4721.0,16141677.071726304,4747.0,16234321.083540631,4853.285714285715,291.2442928115035,16498404.714073975,4843.785714285715,253.81979633392973,16461102.78692686,4890.321428571428,255.38207448501413,16632955.365954252
2024-10-22,4691,15921928.611334594,4804671.539428206,0,0,1,22,43,10,4,0,2486,4680.0,15777975.407903958,4679.0,15990577.290956736,4661.0,15744544.438777588,4810.0,16310667.468723215,4839.571428571428,297.67927771510693,16448730.27076644,4840.857142857143,255.57592794522665,16435124.096653834,4887.928571428572,257.08291335411576,16616657.306110084
2024-10-23,4648,15653698.818133833,4782817.439932931,0,0,2,23,43,10,4,0,2487,4691.0,15921928.611334594,4649.0,15838925.413349656,4732.0,16203409.285591312,4692.0,15979280.028591,4841.285714285715,296.6331709287978,16438923.316534707,4843.0,254.0732783455186,16447794.394693619,4883.678571428572,259.3921746401883,16602773.775489064
2024-10-24,4629,15786647.68188814,4804873.735176467,0,0,3,24,43,10,4,0,2488,4648.0,15653698.818133833,4696.0,15963405.750270275,4700.0,15818777.819894426,4805.0,16267023.816079369,4841.142857142857,296.74142985183494,16412462.374361018,4837.0,257.8598307369748,16408529.3613038,4882.107142857143,260.7262420249236,16591145.875115592
2024-10-25,4656,15717122.369876187,4781271.141648497,0,0,4,25,43,10,4,0,2489,4629.0,15786647.68188814,4626.0,15609108.532815512,4678.0,15729814.356729858,4726.0,16070654.046620907,4831.571428571428,303.2132677082609,16387211.221734999,4831.928571428572,261.434935069387,16406234.35144621,4875.821428571428,264.7446083907541,16573989.584608763
2024-10-26,5123,17246785.16454786,5224143.205768091,0,0,5,26,43,10,4,1,2490,4656.0,15717122.369876187,5299.0,18133133.265841708,5155.0,17652776.609899,5319.0,18197291.551624592,4835.857142857143,300.0185708538363,16402641.769886523,4830.357142857143,262.4953060804995,16405327.780956661,4873.321428571428,266.53622553759124,16561363.45329645
2024-10-27,5197,17604150.092105504,5372010.068811076,0,0,6,27,43,10,4,1,2491,5123.0,17246785.16454786,5248.0,17827986.234227248,5193.0,17675606.435839728,5295.0,18269489.24010539,4810.714285714285,259.3554281199352,16276020.612558832,4828.071428571428,259.5740488053388,16376328.39200301,4866.321428571428,256.79362712348114,16527416.796615139
2024-10-28,4660,15827112.02502971,4820312.969749622,0,0,0,28,44,10,4,0,2492,5197.0,17604150.092105504,4680.0,15777975.407903958,4776.0,16125696.51105668,4799.0,16415764.179114478,4803.428571428572,245.36289935723673,16244044.020827154,4828.357142857143,260.0084635139993,16371224.367450565,4862.821428571428,251.34454050634312,16503654.684186574
2024-10-29,4683,15745385.684014453,4782859.045963751,0,0,1,29,44,10,4,0,2493,4660.0,15827112.02502971,4691.0,15921928.611334594,4679.0,15990577.290956736,4691.0,16097234.901013011,4800.571428571428,247.14965583829894,16251063.537559405,4820.071428571428,263.62837021539946,16349896.904162923,4857.857142857143,254.01031100184707,16482631.39296926
2024-10-30,4613,15770549.664762368,4800279.894718483,0,0,2,30,44,10,4,0,2494,4683.0,15745385.684014453,4648.0,15653698.818133833,4649.0,15838925.413349656,5242.0,17593824.200656455,4799.428571428572,247.7585229902758,16225843.119370814,4820.357142857143,263.46583697465854,16332383.21795276,4857.571428571428,254.20936669686094,16470065.349505024
2024-10-31,4616,15575991.070047962,4738920.8611021,0,0,3,31,44,10,4,0,2495,4613.0,15770549.664762368,4629.0,15786647.68188814,4696.0,15963405.750270275,4740.0,16098854.947053395,4794.428571428572,251.6464829497721,16242536.097460603,4817.785714285715,265.4352531718119,16327499.235910809,4835.107142857143,246.6595102994859,16404948.401794523
2024-11-01,5143,17399046.081291687,5301327.868396504,0,1,4,1,44,11,4,0,2496,4616.0,15575991.070047962,4656.0,15717122.369876187,4626.0,15609108.532815512,4792.0,16250281.810998475,4792.571428571428,253.11450448559842,16212442.29576915,4812.071428571428,269.0946257033539,16299826.758752074,4830.678571428572,249.52681939603605,16386274.691901471
2024-11-02,5189,17664456.769435912,5356716.828818506,0,0,5,2,44,11,4,1,2497,5143.0,17399046.081291687,5123.0,17246785.16454786,5299.0,18133133.265841708,5153.0,17570829.304723985,4862.142857142857,275.27830073795684,16452717.111685649,4849.0,276.9551477155863,16427679.440786084,4843.214285714285,256.2382220806338,16427301.987269087
2024-11-03,5208,17711960.722905345,5369320.810669852,0,0,6,3,44,11,4,1,2498,5189.0,17664456.769435912,5197.0,17604150.092105504,5248.0,17827986.234227248,5305.0,17911794.65089811,4871.571428571428,286.5995214830607,16512384.483812515,4841.142857142857,264.48639841221285,16394202.548185673,4844.5,257.9348898606489,16430645.825294511
2024-11-04,4637,15925452.542820107,4871387.57943322,0,0,0,4,45,11,4,0,2499,5208.0,17711960.722905345,4660.0,15827112.02502971,4680.0,15777975.407903958,4721.0,16141677.071726304,4873.142857142857,288.7036707834577,16527786.002498206,4838.285714285715,259.92999902976453,16385915.01166268,4841.035714285715,252.10645637098074,16423508.899294768
2024-11-05,4736,15966496.394429017,4838881.77975535,0,0,1,5,45,11,4,0,2500,4637.0,15925452.542820107,4683.0,15745385.684014453,4691.0,15921928.611334594,4661.0,15744544.438777588,4869.857142857143,291.64957773072456,16541834.647896832,4835.214285714285,262.1884755348829,16396449.09272812,4838.035714285715,254.0798186256088,16415786.594690979
2024-11-06,4608,15817283.127168296,4848115.812952409,0,0,2,6,45,11,4,0,2501,4736.0,15966496.394429017,4613.0,15770549.664762368,4648.0,15653698.818133833,4732.0,16203409.285591312,4877.428571428572,286.6349927131236,16573421.89224177,4838.428571428572,260.555239761249,16399632.505806293,4840.714285714285,252.53497845631847,16423713.450249955
2024-11-07,4705,16073408.977420514,4870119.072093288,0,0,3,7,45,11,4,0,2502,4608.0,15817283.127168296,4616.0,15575991.070047962,4629.0,15786647.68188814,4700.0,15818777.819894426,4876.714285714285,287.40895038592345,16580098.101156903,4835.571428571428,263.01176173927274,16411317.099308755,4836.285714285715,255.58094421853355,16409923.230306277
2024-11-08,4729,16090828.537018731,4879964.834963572,0,0,4,8,45,11,4,0,2503,4705.0,16073408.977420514,5143.0,17399046.081291687,4656.0,15717122.369876187,4678.0,15729814.356729858,4889.428571428572,275.68270236085755,16651157.802210126,4841.0,259.1765065326531,16431800.048989639,4836.464285714285,255.48392457120235,16419017.200217921
2024-11-09,5158,17630911.386444695,5337399.957336296,0,0,5,9,45,11,4,1,2504,4729.0,16090828.537018731,5189.0,17664456.769435912,5123.0,17246785.16454786,5155.0,17652776.609899,4830.285714285715,255.91646702639872,16464269.581599703,4846.214285714285,255.88163687127022,16458493.346642675,4838.285714285715,254.49221150028092,16431910.563799668
2024-11-10,5197,17574740.001038082,5344938.519066912,0,0,6,10,45,11,4,1,2505,5158.0,17630911.386444695,5208.0,17711960.722905345,5197.0,17604150.092105504,5193.0,17675606.435839728,4825.857142857143,248.84495077024462,16459477.384029528,4848.714285714285,258.94651320939823,16485930.933921022,4838.392857142857,254.6310823431737,16431129.662962016
2024-11-11,4698,15955003.325696718,4864622.794650153,0,0,0,11,46,11,4,0,2506,5197.0,17574740.001038082,4637.0,15925452.542820107,4660.0,15827112.02502971,4776.0,16125696.51105668,4824.285714285715,246.04858211731434,16439874.423762778,4848.714285714285,258.94651320939823,16483830.21313049,4838.535714285715,254.83843569386528,16427527.290290529
2024-11-12,4694,15977002.352999868,4844025.858639793,0,0,1,12,46,11,4,0,2507,4698.0,15955003.325696718,4736.0,15966496.394429017,4683.0,15745385.684014453,4679.0,15990577.290956736,4833.0,239.29758321673228,16444095.964173721,4851.428571428572,257.0081454218816,16492965.306035278,4835.75,255.97115361208108,16421431.1050991
2024-11-13,4725,15850502.252765851,4828127.247215464,0,0,2,13,46,11,4,0,2508,4694.0,15977002.352999868,4608.0,15817283.127168296,4613.0,15770549.664762368,4649.0,15838925.413349656,4827.0,242.6382767276614,16445596.815398129,4852.214285714285,256.4698748455749,16509509.35381995,4836.285714285715,255.6464365664396,16420946.285886357
2024-11-14,4731,15928068.116604296,4806549.741900687,0,0,3,14,46,11,4,0,2509,4725.0,15850502.252765851,4705.0,16073408.977420514,4616.0,15575991.070047962,4696.0,15963405.750270275,4843.714285714285,228.6654865998361,16450342.404769208,4860.214285714285,250.10188033970917,16515220.252963057,4839.0,253.9823557593224,16421359.744436933
2024-11-15,4682,15965060.267210966,4840046.335029057,0,0,4,15,46,11,4,0,2510,4731.0,15928068.116604296,4729.0,16090828.537018731,5143.0,17399046.081291687,4626.0,15609108.532815512,4847.428571428572,226.23502318235478,16429579.424652606,4868.428571428572,243.25887264576036,16540368.613431366,4840.25,253.33781063298508,16420097.686091721
2024-11-16,5266,17958850.60176021,5472124.877806032,0,0,5,16,46,11,4,1,2511,4682.0,15965060.267210966,5158.0,17630911.386444695,5189.0,17664456.769435912,5299.0,18133133.265841708,4840.714285714285,230.98319872941698,16411612.528965782,4835.5,234.26800891288832,16437941.055282744,4842.25,251.80013017386105,16432810.248034416
2024-11-17,5208,17850506.336935394,5431368.138051242,0,0,6,17,46,11,4,1,2512,5266.0,17958850.60176021,5197.0,17574740.001038082,5208.0,17711960.722905345,5248.0,17827986.234227248,4856.142857142857,257.7630879777862,16458460.98829657,4841.0,243.91108089757665,16458969.186163051,4841.071428571428,249.65115343758436,16426585.86717436
2024-11-18,4702,16008533.463336414,4904175.930400631,0,0,0,18,47,11,4,0,2513,5208.0,17850506.336935394,4698.0,15955003.325696718,4637.0,15925452.542820107,4680.0,15777975.407903958,4857.714285714285,260.209347952642,16497856.179139042,4841.0,243.91108089757665,16468865.30145091,4839.642857142857,247.34010387348212,16427390.156556796
2024-11-19,4726,16024640.42107697,4844332.165412733,0,0,1,19,47,11,4,0,2514,4702.0,16008533.463336414,4694.0,15977002.352999868,4736.0,15966496.394429017,4691.0,15921928.611334594,4858.285714285715,259.80423032597525,16505503.341659,4845.642857142857,240.32145368008577,16474799.65291636,4840.428571428572,246.84864587084908,16435624.37282224
2024-11-20,5655,17336226.89211849,3921184.234362816,400,0,2,20,47,11,4,0,2515,4726.0,16024640.42107697,4725.0,15850502.252765851,4608.0,15817283.127168296,4648.0,15653698.818133833,4862.857142857143,256.6946490622213,16512308.77995573,4844.928571428572,240.6869860934193,16478952.797676926,4841.678571428572,246.15157233067677,16439292.651741609
2024-11-21,5692,17323719.83373934,3781656.394013086,400,0,3,21,47,11,4,0,2516,5655.0,17336226.89211849,4731.0,15928068.116604296,4705.0,16073408.977420514,4629.0,15786647.68188814,4995.714285714285,383.0320762398348,16724555.157006105,4919.714285714285,313.15673848273957,16587448.780887658,4877.642857142857,286.9837025035769,16499382.940098206
2024-11-22,5736,17362394.380017564,3885474.327631231,400,0,4,22,47,11,4,0,2517,5692.0,17323719.83373934,4682.0,15965060.267210966,4729.0,16090828.537018731,4656.0,15717122.369876187,5133.0,440.2821065332468,16923933.973739684,4990.214285714285,367.4875567901643,16676756.699196145,4915.607142857143,321.15005599504826,16554278.374092892
2024-11-23,6343,19571912.116671145,4455609.540519184,400,0,5,23,47,11,4,1,2518,5736.0,17362394.380017564,5266.0,17958850.60176021,5158.0,17630911.386444695,5123.0,17246785.16454786,5283.571428571428,440.5670047952952,17123553.132712055,5062.142857142857,408.66986057825505,16767582.830838919,4954.178571428572,352.17315328427884,16613038.088740798
2024-11-24,6474,19585014.22891041,4405280.305569191,400,0,6,24,47,11,4,1,2519,6343.0,19571912.116671145,5208.0,17850506.336935394,5197.0,17574740.001038082,5197.0,17604150.092105504,5437.428571428572,594.5546953092621,17353990.491985045,5146.785714285715,533.6556334986315,16906225.740140807,4997.75,438.67929946350085,16696078.337030916
2024-11-25,5681,17206734.904772367,3798601.212455145,400,0,0,25,48,11,4,0,2520,6474.0,19585014.22891041,4702.0,16008533.463336414,4698.0,15955003.325696718,4660.0,15827112.02502971,5618.285714285715,696.8798830706519,17601777.33369576,5238.0,641.1974374918686,17049816.7564174,5043.357142857143,519.1603059560998,16766823.484773947
2024-11-26,5673,17118399.242802892,3756430.394452613,400,0,1,26,48,11,4,0,2521,5681.0,17206734.904772367,4726.0,16024640.42107697,4694.0,15977002.352999868,4683.0,15745385.684014453,5758.142857142857,568.8120452813296,17772948.968186613,5308.214285714285,631.2607870909313,17139226.154922806,5079.821428571428,527.0334906479438,16816095.73047904
2024-11-27,5655,17344981.63403315,3845022.963232887,400,0,2,27,48,11,4,0,2522,5673.0,17118399.242802892,5655.0,17336226.89211849,4725.0,15850502.252765851,4613.0,15770549.664762368,5893.428571428572,354.7528985753296,17929200.228433173,5378.142857142857,611.9151345310136,17220754.50419445,5115.178571428572,532.6045752693906,16865131.9290072
2024-11-28,5711,17403527.74042337,3890587.876822959,400,0,3,28,48,11,4,0,2523,5655.0,17344981.63403315,5692.0,17323719.83373934,4731.0,15928068.116604296,4616.0,15575991.070047962,5893.428571428572,354.7528985753296,17930450.905849554,5444.571428571428,585.4648007925033,17327503.031427827,5152.392857142857,532.620102212098,16921361.64219544
2024-11-29,5742,17483442.338037338,4003641.619501181,400,0,4,29,48,11,4,0,2524,5711.0,17403527.74042337,5736.0,17362394.380017564,4682.0,15965060.267210966,5143.0,17399046.081291687,5896.142857142857,353.0233366088637,17941852.03537584,5514.571428571428,551.1664155065927,17432893.004557762,5191.5,531.9765728620712,16986630.808994565
2024-11-30,6382,19284364.250051368,4337141.549736504,400,0,5,30,48,11,4,1,2525,5742.0,17483442.338037338,6343.0,19571912.116671145,5266.0,17958850.60176021,5189.0,17664456.769435912,5897.0,352.5767056022167,17959144.60080724,5590.285714285715,498.2653646665975,17541348.866759647,5212.892857142857,541.905372311146,16989644.961021192
2024-12-01,5414,18306184.51695561,5570719.898430004,0,0,6,1,48,12,4,1,2526,6382.0,19284364.250051368,6474.0,19585014.22891041,5208.0,17850506.336935394,5208.0,17711960.722905345,5902.571428571428,361.00639751616256,17918066.33414727,5670.0,530.6148827974135,17636028.413066156,5255.5,585.1327484710888,17047498.799614605
2024-12-02,4684,15979436.611219965,4894262.780480855,0,0,0,2,49,12,4,0,2527,5414.0,18306184.51695561,5681.0,17206734.904772367,4702.0,16008533.463336414,4637.0,15925452.542820107,5751.142857142857,298.2199571744476,17735376.375296585,5684.714285714285,519.5588999809443,17668576.854496174,5262.857142857143,585.8080657921045,17068721.07797354
2024-12-03,4667,15893990.7413338,4864328.676142232,0,0,1,3,49,12,4,0,2528,4684.0,15979436.611219965,5673.0,17118399.242802892,4726.0,16024640.42107697,4736.0,15966496.394429017,5608.714285714285,504.22935068798995,17560048.047646243,5683.428571428572,522.1934086561361,17666498.50791643,5264.535714285715,584.0129046102658,17070649.080416393
2024-12-04,4913,16830704.583424006,5103935.687303316,0,0,2,4,49,12,4,0,2529,4667.0,15893990.7413338,5655.0,17344981.63403315,5655.0,17336226.89211849,4608.0,15817283.127168296,5465.0,614.2203730475472,17385132.54743637,5679.214285714285,530.6836198673961,17657166.38793477,5262.071428571428,586.4661228302193,17068059.59280585
2024-12-05,4872,16570642.930894127,5050761.052704753,0,0,3,5,49,12,4,0,2530,4913.0,16830704.583424006,5711.0,17403527.74042337,5692.0,17323719.83373934,4705.0,16073408.977420514,5359.0,639.4726994433307,17311664.39734935,5626.214285714285,568.9598037135138,17621057.65159945,5272.964285714285,576.6174341310809,17104253.216243554
2024-12-06,4816,16302952.59698524,4925100.119625503,0,0,4,6,49,12,4,0,2531,4872.0,16570642.930894127,5742.0,17483442.338037338,5736.0,17362394.380017564,4729.0,16090828.537018731,5239.142857142857,641.1262040533227,17192680.85313089,5567.642857142857,602.8637564086717,17567266.444253363,5278.928571428572,571.3648330854536,17122011.571724754
2024-12-07,5455,18305854.208733708,5564381.017192073,0,0,5,7,49,12,4,1,2532,4816.0,16302952.59698524,6382.0,19284364.250051368,6343.0,19571912.116671145,5158.0,17630911.386444695,5106.857142857143,615.0805986674941,17024039.461552016,5501.928571428572,632.5131150097286,17491592.03117963,5282.035714285715,568.4928405779226,17129587.43100927
2024-12-08,5337,18226569.740363963,5550116.379938786,0,0,6,8,49,12,4,1,2533,5455.0,18305854.208733708,5414.0,18306184.51695561,6474.0,19585014.22891041,5197.0,17574740.001038082,4974.428571428572,327.2098496596836,16884252.312792353,5438.5,584.3749784039256,17401159.32346981,5292.642857142857,568.8634682440422,17153692.53180531
2024-12-09,4820,16391487.831155164,5009725.627220345,0,0,0,9,50,12,4,0,2534,5337.0,18226569.740363963,4684.0,15979436.611219965,5681.0,17206734.904772367,4698.0,15955003.325696718,4963.428571428572,310.8551951970241,16872878.773279257,5357.285714285715,502.69465094417905,17304127.57428792,5297.642857142857,568.6068885009997,17176972.16535266
2024-12-10,4864,16637289.899327071,5039528.294673497,0,0,1,10,50,12,4,0,2535,4820.0,16391487.831155164,4667.0,15893990.7413338,5673.0,17118399.242802892,4694.0,15977002.352999868,4982.857142857143,294.2886500085182,16931743.23327,5295.785714285715,512.6145918525939,17245895.64045812,5302.0,564.2928055277374,17192560.897690464
2024-12-11,4836,16503758.733229376,5009819.253621808,0,0,2,11,50,12,4,0,2536,4864.0,16637289.899327071,4913.0,16830704.583424006,5655.0,17344981.63403315,4725.0,15850502.252765851,5011.0,267.22400091812824,17037928.82726904,5238.0,512.4194495798118,17211530.687352706,5308.071428571428,558.3925294371435,17216142.595773578
2024-12-12,4907,16587411.791439382,5016001.843766755,0,0,3,12,50,12,4,0,2537,4836.0,16503758.733229376,4872.0,16570642.930894127,5711.0,17403527.74042337,4731.0,15928068.116604296,5000.0,273.4428642331441,16991222.277241234,5179.5,507.88108087197025,17151443.337295294,5312.035714285715,554.4800355182807,17239473.184361562
2024-12-13,4815,16329630.830948552,4933194.067314322,0,0,4,13,50,12,4,0,2538,4907.0,16587411.791439382,4816.0,16302952.59698524,5742.0,17483442.338037338,4682.0,15965060.267210966,5005.0,271.02152436050557,16993617.8287477,5122.071428571428,488.2348842491635,17093149.340939295,5318.321428571428,548.6159051428011,17263021.17274853
2024-12-14,5366,18240939.72912173,5528554.964120401,0,0,5,14,50,12,4,1,2539,4815.0,16329630.830948552,5455.0,18305854.208733708,6382.0,19284364.250051368,5266.0,17958850.60176021,5004.857142857143,271.1379898203772,16997429.005028173,5055.857142857143,459.7201250832827,17010734.233290095,5323.071428571428,543.4539694686297,17276041.55002487
2024-12-15,5420,18360903.857717797,5605091.181712773,0,0,6,15,50,12,4,1,2540,5366.0,18240939.72912173,5337.0,18226569.740363963,5414.0,18306184.51695561,5208.0,17850506.336935394,4992.142857142857,247.57451980599487,16988155.50794075,4983.285714285715,278.9064989648592,16936203.91036655,5326.642857142857,543.3936036296357,17286116.161716353
2024-12-16,4907,16577685.58903999,5018861.404092047,0,0,0,16,51,12,4,0,2541,5420.0,18360903.857717797,4820.0,16391487.831155164,4684.0,15979436.611219965,4702.0,16008533.463336414,5004.0,267.9894276522094,17007346.096134152,4983.714285714285,279.62294078095385,16940112.434706707,5334.214285714285,543.1561645122072,17304344.64460144
2024-12-17,4902,16813599.763673898,5130473.164148707,0,0,1,17,51,12,4,0,2542,4907.0,16577685.58903999,4864.0,16637289.899327071,4667.0,15893990.7413338,4726.0,16024640.42107697,5016.428571428572,259.9300272143329,17033945.775831986,4999.642857142857,267.3173300499873,16982844.504550993,5341.535714285715,535.648411646542,17324671.50623371
2024-12-18,4943,17002286.361192513,5222353.942971827,0,0,2,18,51,12,4,0,2543,4902.0,16813599.763673898,4836.0,16503758.733229376,4913.0,16830704.583424006,5655.0,17336226.89211849,5021.857142857143,256.5913927963433,17059132.899310105,5016.428571428572,251.7476496829256,17048530.863289572,5347.821428571428,529.1509658962995,17352848.625612173
2024-12-19,4907,16794817.75652053,5113626.334925176,0,0,3,19,51,12,4,0,2544,4943.0,17002286.361192513,4907.0,16587411.791439382,4872.0,16570642.930894127,5692.0,17323719.83373934,5037.142857142857,246.66943370396177,17130351.131876267,5018.571428571428,250.9258898515655,17060786.70455875,5322.392857142857,530.94732523039,17340922.178079102
2024-12-20,4934,16859783.857354667,5113634.59108884,0,0,4,20,51,12,4,0,2545,4907.0,16794817.75652053,4815.0,16329630.830948552,4816.0,16302952.59698524,5736.0,17362394.380017564,5037.142857142857,246.66943370396177,17159980.555459287,5021.071428571428,249.52368911301602,17076799.192103494,5294.357142857143,531.4330879651002,17322032.818178426
2024-12-21,5613,19178816.43565065,5816098.778018305,0,0,5,21,51,12,4,1,2546,4934.0,16859783.857354667,5366.0,18240939.72912173,5455.0,18305854.208733708,6343.0,19571912.116671145,5054.142857142857,232.50192011500806,17235716.702088732,5029.5,243.99550752484117,17116572.853558455,5265.714285714285,528.3520050779005,17304082.44236904
2024-12-22,5620,19090104.051512018,5745777.984093526,0,0,6,22,51,12,4,1,2547,5613.0,19178816.43565065,5420.0,18360903.857717797,5337.0,18226569.740363963,6474.0,19585014.22891041,5089.428571428572,297.4036858900258,17369699.088735722,5040.785714285715,267.693618949668,17178927.298338234,5239.642857142857,489.83135527827784,17290043.310904022
2024-12-23,4971,17063296.423956476,5232635.533595844,0,0,0,23,52,12,4,0,2548,5620.0,19090104.051512018,4907.0,16577685.58903999,4820.0,16391487.831155164,5681.0,17206734.904772367,5118.0,340.88316669110037,17473870.544992037,5061.0,300.46169601003373,17240608.320563097,5209.142857142857,433.4711502455931,17272367.947425507
2024-12-24,4974,16948966.73672961,5157517.932985647,0,0,1,24,52,12,4,0,2549,4971.0,17063296.423956476,4902.0,16813599.763673898,4864.0,16637289.899327071,5673.0,17118399.242802892,5127.142857142857,335.0897534350484,17543243.52140868,5071.785714285715,293.7809698427601,17288594.648620334,5183.785714285715,425.54038474346925,17267245.14453923
2024-12-25,5484,18623982.11232808,5649005.888655146,0,1,2,25,52,12,4,0,2550,4974.0,16948966.73672961,4943.0,17002286.361192513,4836.0,16503758.733229376,5655.0,17344981.63403315,5137.428571428572,328.0583571779628,17562581.660416637,5079.642857142857,289.2320354484688,17310857.27986337,5158.821428571428,416.1781183465539,17261193.983608037
2024-12-26,5033,17159779.229028363,5206207.265386007,0,0,3,26,52,12,4,0,2551,5484.0,18623982.11232808,4907.0,16794817.75652053,4907.0,16587411.791439382,5711.0,17403527.74042337,5214.714285714285,338.1891552990997,17794252.482007433,5125.928571428572,298.9297484451584,17462301.80694185,5152.714285714285,409.83364801785297,17306872.572118573
2024-12-27,4981,17054521.81832745,5202668.10352104,0,0,4,27,52,12,4,0,2552,5033.0,17159779.229028363,4934.0,16859783.857354667,4815.0,16329630.830948552,5742.0,17483442.338037338,5232.714285714285,322.0495377452319,17846389.835222837,5134.928571428572,293.6820531657305,17503185.19534106,5128.5,395.40176473500867,17298167.26814018
2024-12-28,5588,18877360.84613315,5706098.648377447,0,0,5,28,52,12,4,1,2553,4981.0,17054521.81832745,5613.0,19178816.43565065,5366.0,18240939.72912173,6382.0,19284364.250051368,5239.428571428572,315.2009185386861,17874209.543933235,5146.785714285715,282.92569793046454,17554963.123010986,5101.321428571428,377.4151907256531,17282848.67815054
2024-12-29,5579,19014265.897346143,5785704.118743197,0,0,6,29,52,12,4,1,2554,5588.0,18877360.84613315,5620.0,19090104.051512018,5420.0,18360903.857717797,5414.0,18306184.51695561,5235.857142857143,310.36721721828496,17831144.459716447,5162.642857142857,301.7519631298795,17600421.774226084,5072.964285714285,299.39092271339973,17268312.842296317
2024-12-30,5062,17294840.042773318,5247975.5518900845,0,0,0,30,1,12,4,0,2555,5579.0,19014265.897346143,4971.0,17063296.423956476,4907.0,16577685.58903999,4684.0,15979436.611219965,5230.0,302.18868277950605,17820310.437692754,5174.0,314.8894800011153,17647090.491342396,5078.857142857143,307.85623319573426,17293601.46302455
2024-12-31,5059,17056297.596112967,5167235.977955894,0,0,1,31,1,12,4,0,2556,5062.0,17294840.042773318,4974.0,16948966.73672961,4902.0,16813599.763673898,4667.0,15893990.7413338,5243.0,290.93756489439255,17853388.09752373,5185.071428571428,307.41589576178467,17698315.809466206,5092.357142857143,298.0309720775102,17340580.1570086
2025-01-01,5031,17287342.123627428,5240576.345002268,0,0,2,1,1,1,1,0,2557,5059.0,17056297.596112967,5484.0,18623982.11232808,4943.0,17002286.361192513,4913.0,16830704.583424006,5255.142857142857,279.3835049840173,17868721.07743564,5196.285714285715,299.0450001051663,17715651.368926138,5106.357142857143,286.28543310192,17382091.116107855
2025-01-02,5003,16963626.95753602,5168573.859796732,0,0,3,2,1,1,1,0,2558,5031.0,17287342.123627428,5033.0,17159779.229028363,4907.0,16794817.75652053,4872.0,16570642.930894127,5190.428571428572,269.8393702080942,17677772.50762126,5202.571428571428,294.1971380621206,17736012.494814347,5110.571428571428,284.19456410099536,17398399.599686548
2025-01-03,5134,17362673.423409153,5249550.610322595,0,0,4,3,1,1,1,0,2559,5003.0,16963626.95753602,4981.0,17054521.81832745,4934.0,16859783.857354667,4816.0,16302952.59698524,5186.142857142857,272.9764511036772,17649750.754550926,5209.428571428572,287.8278636978447,17748070.29488688,5115.25,281.18395520845587,17412434.74349519
2025-01-04,5747,19672731.039817963,5970856.887947662,0,0,5,4,1,1,1,1,2560,5134.0,17362673.423409153,5588.0,18877360.84613315,5613.0,19178816.43565065,5455.0,18305854.208733708,5208.0,259.6112478303169,17693772.41241974,5223.714285714285,277.89799694003153,17783990.978176486,5126.607142857143,275.00361469486506,17450281.91586747
2025-01-05,5664,19041558.00028564,5785805.662940828,0,0,6,5,1,1,1,1,2561,5747.0,19672731.039817963,5579.0,19014265.897346143,5620.0,19090104.051512018,5337.0,18226569.740363963,5230.714285714285,301.9098730227026,17807396.725803286,5233.285714285715,294.1685619795687,17819270.592759866,5137.035714285715,292.8739435753888,17499098.94554905
2025-01-06,5082,17538839.77971988,5407110.455709209,0,0,0,6,2,1,1,0,2562,5664.0,19041558.00028564,5062.0,17294840.042773318,4971.0,17063296.423956476,4820.0,16391487.831155164,5242.857142857143,319.45235877016444,17811295.597651783,5236.428571428572,298.81630948321936,17815803.017672267,5148.714285714285,307.30704360235825,17528205.66911768
2025-01-07,5134,17892129.59296482,5485109.423308399,0,0,1,7,2,1,1,0,2563,5082.0,17538839.77971988,5059.0,17056297.596112967,4974.0,16948966.73672961,4864.0,16637289.899327071,5245.714285714285,317.64955232968657,17846152.702929866,5244.357142857143,292.64065839359847,17849770.400226798,5158.071428571428,300.84829800532464,17569182.524423566
2025-01-08,5130,17526055.854030818,5360706.174714205,0,0,2,8,2,1,1,0,2564,5134.0,17892129.59296482,5031.0,17287342.123627428,5484.0,18623982.11232808,4836.0,16503758.733229376,5256.428571428572,311.50754787157877,17965557.2739087,5255.785714285715,284.27483412828593,17917139.17567217,5167.714285714285,295.35037035670535,17613998.22776777
2025-01-09,5101,17341631.419684492,5283846.663812331,0,0,3,9,2,1,1,0,2565,5130.0,17526055.854030818,5003.0,16963626.95753602,5033.0,17159779.229028363,4907.0,16587411.791439382,5270.571428571428,301.65866866536953,17999659.2353949,5230.5,278.09067419981517,17838715.87150808,5178.214285714285,288.2617582507998,17650508.839224964
2025-01-10,5136,17602060.22511686,5353820.634758302,0,0,4,10,2,1,1,0,2566,5101.0,17341631.419684492,5134.0,17362673.423409153,4981.0,17054521.81832745,4815.0,16329630.830948552,5284.571428571428,289.18728484201336,18053659.87284468,5235.357142857143,274.95191387775304,17851705.313697804,5185.142857142857,283.7984044908204,17677445.254519433
2025-01-11,5770,19677911.40965605,5946536.12886466,0,0,5,11,2,1,1,1,2567,5136.0,17602060.22511686,5747.0,19672731.039817963,5588.0,18877360.84613315,5366.0,18240939.72912173,5284.857142857143,289.01466431737725,18087857.987374354,5246.428571428572,266.9254330579433,17890815.199897047,5196.607142857143,274.62773986370337,17722889.161454014
2025-01-12,5723,19528096.126331564,5958354.977665716,0,0,6,12,2,1,1,1,2568,5770.0,19677911.40965605,5664.0,19041558.00028564,5579.0,19014265.897346143,5420.0,18360903.857717797,5288.142857142857,295.2086429242083,18088598.040208366,5259.428571428572,288.4080214092004,17947997.383005824,5211.035714285715,293.80057259138584,17774209.578615956
2025-01-13,5242,17872668.655108396,5404539.406683898,0,0,0,13,3,1,1,0,2569,5723.0,19528096.126331564,5082.0,17538839.77971988,5062.0,17294840.042773318,4907.0,16577685.58903999,5296.571428571428,308.2811796303743,18158103.486786358,5269.714285714285,302.886226055343,17984699.54221907,5221.857142857143,307.063115032978,17815895.01678073
2025-01-14,5138,17472082.618104544,5342297.765981049,0,0,1,14,3,1,1,0,2570,5242.0,17872668.655108396,5134.0,17892129.59296482,5059.0,17056297.596112967,4902.0,16813599.763673898,5319.428571428572,295.3821576324934,18205793.32612757,5282.571428571428,297.1569681771662,18025973.014528718,5233.821428571428,300.8033753715529,17862144.411997464
2025-01-15,5210,17748274.309245028,5353222.044987952,0,0,2,15,3,1,1,0,2571,5138.0,17472082.618104544,5130.0,17526055.854030818,5031.0,17287342.123627428,4943.0,17002286.361192513,5320.0,294.96722981828805,18145786.615433246,5288.214285714285,293.3100692156306,18055671.94467097,5242.25,294.3995301173758,17885661.656798556
2025-01-16,5234,17895176.995541498,5412741.604126822,0,0,3,16,3,1,1,0,2572,5210.0,17748274.309245028,5101.0,17341631.419684492,5003.0,16963626.95753602,4907.0,16794817.75652053,5331.428571428572,287.8424668361032,18177532.109035276,5301.0,285.0195674793828,18088595.672215085,5251.785714285715,288.6150014251112,17912304.083514716
2025-01-17,5220,17750017.73739022,5384842.544828209,0,0,4,17,3,1,1,0,2573,5234.0,17895176.995541498,5136.0,17602060.22511686,5134.0,17362673.423409153,4934.0,16859783.857354667,5350.428571428572,274.1616658973779,18256610.048443418,5317.5,272.86845238625864,18155134.96064405,5263.464285714285,280.6528740531319,17951602.627765466
2025-01-18,5928,20426180.15595943,6255062.1143141445,0,0,5,18,3,1,1,1,2574,5220.0,17750017.73739022,5770.0,19677911.40965605,5747.0,19672731.039817963,5613.0,19178816.43565065,5362.428571428572,264.893599484066,18277746.835911043,5323.642857142857,269.36523878947537,18182802.411642697,5273.678571428572,273.32683645007575,17983396.69490959
2025-01-19,5903,20209924.519496,6130090.22910093,0,0,6,19,3,1,1,1,2575,5928.0,20426180.15595943,5723.0,19528096.126331564,5664.0,19041558.00028564,5620.0,19090104.051512018,5385.0,308.54551258013436,18384642.37109724,5336.571428571428,294.4258334938528,18236620.205652803,5284.928571428572,293.54524272044665,18027945.399206333
2025-01-20,5226,17958217.86305323,5419219.904995116,0,0,0,20,4,1,1,0,2576,5903.0,20209924.519496,5242.0,17872668.655108396,5082.0,17538839.77971988,4971.0,17063296.423956476,5410.714285714285,346.567316349808,18482046.427263588,5353.642857142857,320.6336531938235,18320074.957024973,5295.035714285715,309.9245406537967,18067938.98734862
2025-01-21,5313,18172450.439935222,5554382.342979566,0,0,1,21,4,1,1,0,2577,5226.0,17958217.86305323,5138.0,17472082.618104544,5134.0,17892129.59296482,4974.0,16948966.73672961,5408.428571428572,347.9156301666956,18494267.74268428,5363.928571428572,313.4791035326362,18350030.534405924,5304.142857142857,303.73486419056894,18099900.46731636
2025-01-22,5275,18003272.603857726,5475681.772666927,0,0,2,22,4,1,1,0,2578,5313.0,18172450.439935222,5210.0,17748274.309245028,5130.0,17526055.854030818,5484.0,18623982.11232808,5433.428571428572,331.1272953326071,18594320.28866009,5376.714285714285,306.9623952341528,18370053.452046666,5316.25,296.76410696912166,18143596.31385942
2025-01-23,5356,18346402.114552792,5614766.466530554,0,0,3,23,4,1,1,0,2579,5275.0,18003272.603857726,5234.0,17895176.995541498,5101.0,17341631.419684492,5033.0,17159779.229028363,5442.714285714285,324.6658355323304,18630748.616461907,5387.071428571428,300.3732202253506,18404140.36274859,5308.785714285715,295.01178346118274,18121428.117128335
2025-01-24,5414,18488941.84516574,5653590.144606605,0,0,4,24,4,1,1,0,2580,5356.0,18346402.114552792,5220.0,17750017.73739022,5136.0,17602060.22511686,4981.0,17054521.81832745,5460.142857142857,314.7165012999425,18695209.347749233,5405.285714285715,289.2160301364476,18475909.698096327,5320.321428571428,290.10267065955196,18163807.505897064
2025-01-25,5935,20349445.75667817,6167717.211130936,0,0,5,25,4,1,1,1,2581,5414.0,18488941.84516574,5928.0,20426180.15595943,5770.0,19677911.40965605,5588.0,18877360.84613315,5487.857142857143,298.1506490414007,18800769.934574306,5425.142857142857,278.65580012809403,18539258.385242674,5335.785714285715,282.79351937972154,18215036.79256986
2025-01-26,6470,22185793.503888536,6743455.318786643,0,1,6,26,4,1,1,1,2582,5935.0,20349445.75667817,5903.0,20209924.519496,5723.0,19528096.126331564,5579.0,19014265.897346143,5488.857142857143,299.8796584028474,18789807.87753413,5436.928571428572,297.2335171817545,18587225.124315683,5348.178571428572,301.25626516569105,18267611.253660753
2025-01-27,5410,18625790.12921023,5697140.683365118,0,0,0,27,5,1,1,0,2583,6470.0,22185793.503888536,5226.0,17958217.86305323,5242.0,17872668.655108396,5062.0,17294840.042773318,5569.857142857143,462.7394618182071,19072074.875304487,5490.285714285715,401.34991994732945,18777060.65128404,5380.0,366.52754936626116,18380880.096751552
2025-01-28,5373,18433587.7100807,5613178.858083061,0,0,1,28,5,1,1,0,2584,5410.0,18625790.12921023,5313.0,18172450.439935222,5138.0,17472082.618104544,5059.0,17056297.596112967,5596.142857142857,444.830839972308,19167442.341898344,5502.285714285715,395.82891187038916,18830855.04229131,5392.428571428572,361.20666379269096,18428414.028410014
2025-01-29,5327,18112254.132314228,5494257.008669131,0,0,2,29,5,1,1,0,2585,5373.0,18433587.7100807,5275.0,18003272.603857726,5210.0,17748274.309245028,5031.0,17287342.123627428,5604.714285714285,439.00558625363436,19204747.666204844,5519.071428571428,383.99849043884086,18899533.977432467,5403.642857142857,355.29739387621424,18477602.96105172
2025-01-30,5379,18346545.566812173,5556322.893908024,0,0,3,30,5,1,1,0,2586,5327.0,18112254.132314228,5356.0,18346402.114552792,5234.0,17895176.995541498,5003.0,16963626.95753602,5612.142857142857,432.89391640116037,19220316.455984343,5527.428571428572,377.98060884033197,18925532.536223125,5414.214285714285,348.13049459912656,18507064.104219105
2025-01-31,5334,18396138.0685211,5617904.065346741,0,0,4,31,5,1,1,0,2587,5379.0,18346545.566812173,5414.0,18488941.84516574,5220.0,17750017.73739022,5134.0,17362673.423409153,5615.428571428572,430.70750211825214,19220336.949164253,5537.785714285715,371.2484506201728,18957773.14845674,5427.642857142857,338.8080647828435,18556454.0545504
2025-02-01,5977,20622223.350529104,6326952.003627825,0,0,5,1,5,2,1,1,2588,5334.0,18396138.0685211,5935.0,20349445.75667817,5928.0,20426180.15595943,5747.0,19672731.039817963,5604.0,437.94367978846213,19207079.26678645,5545.928571428572,364.9386596055446,19003924.600680377,5434.785714285715,334.46855104808,18593363.506161537
2025-02-02,6061,20919469.934002616,6357063.795327391,0,0,6,2,5,2,1,1,2589,5977.0,20622223.350529104,6470.0,22185793.503888536,5903.0,20209924.519496,5664.0,19041558.00028564,5610.0,443.48694080734634,19246047.49447944,5549.428571428572,369.0961338783192,19017927.68600678,5443.0,345.07637372572145,18627273.945829794
2025-02-03,5536,18814870.09991553,5710714.468813597,0,0,0,3,6,2,1,0,2590,6061.0,20919469.934002616,5410.0,18625790.12921023,5226.0,17958217.86305323,5082.0,17538839.77971988,5551.571428571428,321.45184042758376,19065144.12735288,5560.714285714285,382.89633635694383,19068609.501328684,5457.178571428572,362.22318202714894,18694342.229176827
2025-02-04,5354,18338024.34812009,5544032.733740821,0,0,1,4,6,2,1,0,2591,5536.0,18814870.09991553,5373.0,18433587.7100807,5313.0,18172450.439935222,5134.0,17892129.59296482,5569.571428571428,315.67908659630893,19092155.55173935,5582.857142857143,370.8242082261589,19129798.946818847,5473.392857142857,354.8940728020711,18739914.740612388
2025-02-05,5458,19009513.6428098,5814537.523889288,0,0,2,5,6,2,1,0,2592,5354.0,18338024.34812009,5327.0,18112254.132314228,5275.0,18003272.603857726,5130.0,17526055.854030818,5566.857142857143,317.7259975573353,19078503.642887834,5585.785714285715,368.68480984569067,19141625.65454634,5481.25,349.4961055258932,18755839.553296503
2025-02-06,5543,18979224.61587161,5785997.157161382,0,0,3,6,6,2,1,0,2593,5458.0,19009513.6428098,5379.0,18346545.566812173,5356.0,18346402.114552792,5101.0,17341631.419684492,5585.571428571428,304.8403172935175,19206683.57295863,5598.857142857143,359.9593688914217,19213500.01447149,5492.964285714285,342.71816324492846,18808820.18861004
2025-02-07,5515,18990416.233952124,5782458.392494216,0,0,4,7,6,2,1,0,2594,5543.0,18979224.61587161,5334.0,18396138.0685211,5414.0,18488941.84516574,5136.0,17602060.22511686,5609.0,292.3650685928905,19297066.29425284,5612.214285714285,353.6689409323109,19258701.621708546,5508.75,334.06559845943644,18867305.659902435
2025-02-08,6178,21358745.309850045,6532674.414592952,0,0,5,8,6,2,1,1,2595,5515.0,18990416.233952124,5977.0,20622223.350529104,5935.0,20349445.75667817,5770.0,19677911.40965605,5634.857142857143,271.23017812146287,19381963.175028693,5619.428571428572,350.3290133322957,19294521.220907573,5522.285714285715,325.9835098240944,18916889.803075124
2025-02-09,6169,21065797.11925994,6380740.180843947,0,0,6,9,6,2,1,1,2596,6178.0,21358745.309850045,6061.0,20919469.934002616,6470.0,22185793.503888536,5723.0,19528096.126331564,5663.571428571428,319.7826642908305,19487180.59778883,5636.785714285715,372.48586520857543,19366614.046134137,5536.857142857143,345.97235109883263,18976919.585224908
2025-02-10,5467,18678694.30105332,5691569.1900403565,0,0,0,10,7,2,1,0,2597,6169.0,21065797.11925994,5536.0,18814870.09991553,5410.0,18625790.12921023,5242.0,17872668.655108396,5679.0,343.8526816336547,19508084.48139702,5615.285714285715,326.54707013071095,19286614.304374952,5552.785714285715,364.62394195609886,19031837.477829494
2025-02-11,5441,19002694.51286945,5800471.707908085,0,0,1,11,7,2,1,0,2598,5467.0,18678694.30105332,5354.0,18338024.34812009,5373.0,18433587.7100807,5138.0,17472082.618104544,5669.142857142857,349.5766146695154,19488630.795845274,5619.357142857143,324.1371046907849,19290393.173792314,5560.821428571428,359.97068333008457,19060624.10804181
2025-02-12,5546,18818524.46460167,5784173.049843037,0,0,2,12,7,2,1,0,2599,5441.0,19002694.51286945,5458.0,19009513.6428098,5327.0,18112254.132314228,5210.0,17748274.309245028,5681.571428571428,337.8549280104423,19583583.676523753,5624.214285714285,320.6522627806259,19331043.659705795,5571.642857142857,351.2375174305535,19115288.81856913
2025-02-13,5591,19324971.138532188,5891045.30026062,0,0,3,13,7,2,1,0,2600,5546.0,18818524.46460167,5543.0,18979224.61587161,5379.0,18346545.566812173,5234.0,17895176.995541498,5694.142857142857,329.68794769771455,19556299.50820831,5639.857142857143,310.20932316064466,19381491.54058347,5583.642857142857,344.0914191924713,19153512.038403295
2025-02-14,5496,18707149.818512555,5678188.359467222,0,0,4,14,7,2,1,0,2601,5591.0,19324971.138532188,5515.0,18990416.233952124,5334.0,18396138.0685211,5220.0,17750017.73739022,5701.0,326.5042113051343,19605691.86858839,5655.0,301.5495877067553,19451379.08142061,5596.392857142857,337.20104337142453,19204576.11493868
2025-02-15,6235,21371703.150970846,6516018.877304007,0,0,5,15,7,2,1,1,2602,5496.0,18707149.818512555,6178.0,21358745.309850045,5977.0,20622223.350529104,5928.0,20426180.15595943,5698.285714285715,328.38174649112176,19565225.23781131,5666.571428571428,291.2154143969327,19473594.206420004,5606.25,329.74228152028894,19238759.40355019
2025-02-16,6249,21323295.895385835,6471571.321636735,0,0,6,16,7,2,1,1,2603,6235.0,21371703.150970846,6169.0,21065797.11925994,6061.0,20919469.934002616,5903.0,20209924.519496,5706.428571428572,342.6562208894991,19567076.357971426,5685.0,319.1905628062554,19527128.477880128,5617.214285714285,345.5616316517563,19272528.081943456
2025-02-17,5555,19007776.464020617,5758933.386064093,0,0,0,17,8,2,1,0,2604,6249.0,21323295.895385835,5467.0,18678694.30105332,5536.0,18814870.09991553,5226.0,17958217.86305323,5717.857142857143,361.4731103744736,19603861.89741798,5698.428571428572,339.5324192712998,19555973.1894075,5629.571428571428,361.9571724789785,19312291.34536809
2025-02-18,5620,19143533.09928125,5840671.493593987,0,0,1,18,8,2,1,0,2605,5555.0,19007776.464020617,5441.0,19002694.51286945,5354.0,18338024.34812009,5313.0,18172450.439935222,5730.428571428572,352.71889522338506,19650873.63498474,5699.785714285715,338.8705626662135,19569752.215415005,5641.321428571428,353.61498769677644,19349775.581116926
2025-02-19,5634,19337417.62308052,5889344.828697365,0,0,2,19,8,2,1,0,2606,5620.0,19143533.09928125,5546.0,18818524.46460167,5458.0,19009513.6428098,5275.0,18003272.603857726,5756.0,334.24342426837893,19670993.433043566,5718.785714285715,325.1717128796718,19627288.55478366,5652.285714285715,347.7690652592667,19384457.104665
2025-02-20,5663,19564059.205563545,5998429.546866306,0,0,3,20,8,2,1,0,2607,5634.0,19337417.62308052,5591.0,19324971.138532188,5543.0,18979224.61587161,5356.0,18346402.114552792,5768.571428571428,326.5960079072257,19745121.027111974,5731.357142857143,317.6286189253036,19650710.26766014,5665.107142857143,339.8723441491543,19432105.141065814
2025-02-21,5654,19381430.277390786,5854141.474391248,0,0,4,21,8,2,1,0,2608,5663.0,19564059.205563545,5496.0,18707149.818512555,5515.0,18990416.233952124,5414.0,18488941.84516574,5778.857142857143,321.16009952015094,19779276.46525931,5739.928571428572,313.7501368152755,19692484.16692385,5676.071428571428,334.43971151001347,19475592.894316196
2025-02-22,6461,22067303.398700874,6736207.911939628,0,0,5,22,8,2,1,1,2609,5654.0,19381430.277390786,6235.0,21371703.150970846,6178.0,21358745.309850045,5935.0,20349445.75667817,5801.428571428572,303.0065220105584,19875602.24509906,5749.857142857143,308.23563841834385,19720413.741455186,5684.642857142857,330.5268761734754,19507467.48118138
2025-02-23,6417,22149010.87016246,6725455.119251193,0,0,6,23,8,2,1,1,2610,6461.0,22067303.398700874,6249.0,21323295.895385835,6169.0,21065797.11925994,6470.0,22185793.503888536,5833.714285714285,363.0040010273795,19974973.70906049,5770.071428571428,345.50040950335665,19771025.03351596,5703.428571428572,359.00411929661334,19568819.53982505
2025-02-24,5682,19623644.717568077,6036197.851948008,0,0,0,24,9,2,1,0,2611,6417.0,22149010.87016246,5555.0,19007776.464020617,5467.0,18678694.30105332,5410.0,18625790.12921023,5857.714285714285,398.8231497316631,20092932.99117144,5787.785714285715,372.80602887398214,19848397.44429471,5701.535714285715,354.9292555637051,19567505.87433483
2025-02-25,5661,19206381.858240623,5856527.124581751,0,0,1,25,9,2,1,0,2612,5682.0,19623644.717568077,5620.0,19143533.09928125,5441.0,19002694.51286945,5373.0,18433587.7100807,5875.857142857143,385.42073485623695,20180914.170249645,5803.142857142857,362.8712119794968,19915893.90261719,5711.25,350.3471955180839,19603143.538204752
2025-02-26,5708,19481144.8924171,5948489.388945938,0,0,2,26,9,2,1,0,2613,5661.0,19206381.858240623,5634.0,19337417.62308052,5546.0,18818524.46460167,5327.0,18112254.132314228,5881.714285714285,381.17262680910073,20189892.5643867,5818.857142857143,350.53604163262315,19930442.998715132,5721.535714285715,344.22295554142204,19630743.329210464
2025-02-27,5781,19987682.65334567,6127805.867619894,0,0,3,27,9,2,1,0,2614,5708.0,19481144.8924171,5663.0,19564059.205563545,5591.0,19324971.138532188,5379.0,18346545.566812173,5892.285714285715,374.11839226179393,20210425.03143478,5830.428571428572,343.43798326859445,19977773.02927338,5735.142857142857,335.46846341656044,19679632.284928422
2025-02-28,5729,19629946.629551757,5956637.16897865,0,0,4,28,9,2,1,0,2615,5781.0,19987682.65334567,5654.0,19381430.277390786,5496.0,18707149.818512555,5334.0,18396138.0685211,5909.142857142857,364.60271921246016,20270942.666832227,5844.0,336.9414466364872,20025109.56604577,5749.5,328.18518936493194,19738244.32373319
2025-03-01,7664,23742830.51611423,5474356.700567188,400,0,5,1,9,3,1,1,2616,5729.0,19629946.629551757,6461.0,22067303.398700874,6235.0,21371703.150970846,5977.0,20622223.350529104,5919.857142857143,356.87552852096695,20306445.002855223,5860.642857142857,323.9334231556109,20091023.623977143,5763.607142857143,317.9946819128348,19782308.915198572
2025-03-02,7544,23196571.28673129,5242196.552143819,400,0,6,2,9,3,1,1,2617,7664.0,23742830.51611423,6417.0,22149010.87016246,6249.0,21323295.895385835,6061.0,20919469.934002616,6091.714285714285,742.3628300423853,20545806.01962856,5962.714285714285,577.1428870633824,20260389.864344526,5823.857142857143,478.98702636767376,19893759.171112325
2025-03-03,6799,20814896.61648257,4698994.826639351,400,0,0,3,10,3,1,0,2618,7544.0,23196571.28673129,5682.0,19623644.717568077,5555.0,19007776.464020617,5536.0,18814870.09991553,6252.714285714285,924.5261334481202,20695457.507709824,6055.214285714285,714.0856637440457,20394195.24944063,5876.821428571428,577.9491233261043,19975084.219424065
2025-03-04,6858,21411023.197760828,4915705.706808047,400,0,1,4,10,3,1,0,2619,6799.0,20814896.61648257,5661.0,19206381.858240623,5620.0,19143533.09928125,5354.0,18338024.34812009,6412.285714285715,905.8111860436791,20865636.350411892,6144.071428571428,724.3778725207837,20523275.26033077,5921.928571428572,599.2576845454253,20046513.737872887
2025-03-05,7056,21461531.441015966,4743040.473816888,400,0,2,5,10,3,1,0,2620,6858.0,21411023.197760828,5708.0,19481144.8924171,5634.0,19337417.62308052,5458.0,19009513.6428098,6583.285714285715,851.7146850688017,21180585.113200493,6232.5,731.0146531204782,20685238.838793598,5975.642857142857,613.6974893753261,20156263.696788628
2025-03-06,6920,21135116.29668265,4645394.169788662,400,0,3,6,10,3,1,0,2621,7056.0,21461531.441015966,5781.0,19987682.65334567,5663.0,19564059.205563545,5543.0,18979224.61587161,6775.857142857143,769.2263274596604,21463497.477286045,6334.071428571428,740.191603498739,20836961.25436041,6032.714285714285,637.6136562238476,20243835.76101028
2025-03-07,6930,21384746.39110319,4746496.840030196,400,0,4,7,10,3,1,0,2622,6920.0,21135116.29668265,5729.0,19629946.629551757,5654.0,19381430.277390786,5515.0,18990416.233952124,6938.571428571428,631.9229534108923,21627416.56919133,6423.857142857143,728.676445781859,20949179.618011776,6081.892857142857,651.3978894020358,20320831.892467815
2025-03-08,6573,22566054.74642653,6894193.443084021,0,0,5,8,10,3,1,1,2623,6930.0,21384746.39110319,7664.0,23742830.51611423,6461.0,22067303.398700874,6178.0,21358745.309850045,7110.142857142857,348.069163898585,21878102.24941296,6515.0,704.3711871099528,21092273.626134094,6132.428571428572,660.6121980333402,20406343.683794636
2025-03-09,6463,22184381.688723788,6826061.908787828,0,0,6,9,10,3,1,1,2624,6573.0,22566054.74642653,7544.0,23196571.28673129,6417.0,22149010.87016246,6169.0,21065797.11925994,6954.285714285715,299.6212688742736,21709991.42517186,6523.0,704.3467240586998,21127898.72240021,6146.535714285715,665.8184316030897,20449461.877958085
2025-03-10,5884,20448397.75264935,6241599.167255661,0,0,0,10,11,3,1,0,2625,6463.0,22184381.688723788,6799.0,20814896.61648257,5682.0,19623644.717568077,5467.0,18678694.30105332,6799.857142857143,210.27714138823748,21565392.911170788,6526.285714285715,703.9213711084576,21130425.209440302,6157.035714285715,668.4986208546882,20489411.32686751
2025-03-11,5797,19983801.573248763,6164363.34172555,0,0,1,11,11,3,1,0,2626,5884.0,20448397.75264935,6858.0,21411023.197760828,5661.0,19206381.858240623,5441.0,19002694.51286945,6669.142857142857,405.0697176911836,21513035.930623185,6540.714285714285,687.1550523236946,21189336.140517537,6171.928571428572,657.1044749545193,20552615.021567367
2025-03-12,5837,19927593.923635148,6049651.812995818,0,0,2,12,11,3,1,0,2627,5797.0,19983801.573248763,7056.0,21461531.441015966,5708.0,19481144.8924171,5546.0,18818524.46460167,6517.571428571428,508.0416180926834,21309147.12712146,6550.428571428572,674.6086859215437,21244866.120160975,6184.642857142857,645.7845767565857,20587654.559438054
2025-03-13,5863,20208404.85977869,6175620.453316375,0,0,3,13,11,3,1,0,2628,5837.0,19927593.923635148,6920.0,21135116.29668265,5781.0,19987682.65334567,5591.0,19324971.138532188,6343.428571428572,501.6023847440392,21090013.19606706,6559.642857142857,662.9981560645303,21276755.33667655,6195.035714285715,637.4133191406906,20627264.182974964
2025-03-14,5857,20102059.127731577,6104634.032514766,0,0,4,14,11,3,1,0,2629,5863.0,20208404.85977869,6930.0,21384746.39110319,5729.0,19629946.629551757,5496.0,18707149.818512555,6192.428571428572,456.1432001549307,20957625.84793792,6565.5,655.9145992721717,21292521.208564628,6204.75,629.895089736407,20658815.387305196
2025-03-15,6630,23076234.73325055,7121317.404500542,0,0,5,15,11,3,1,1,2630,5857.0,20102059.127731577,6573.0,22566054.74642653,7664.0,23742830.51611423,6235.0,21371703.150970846,6039.142857142857,329.7536598590618,20774384.810313407,6574.642857142857,644.1441079976153,21326243.529863182,6217.642857142857,618.4413031991049,20708633.57692016
2025-03-16,6504,22357649.68681149,6799637.867504998,0,0,6,16,11,3,1,1,2631,6630.0,23076234.73325055,6463.0,22184381.688723788,7544.0,23196571.28673129,6249.0,21323295.895385835,6047.285714285715,345.4633189817322,20847267.66557398,6500.785714285715,563.9134110523983,21278629.545372922,6231.75,623.3376485292985,20769509.70485872
2025-03-17,5941,20417773.992750727,6250306.487389142,0,0,0,17,12,3,1,0,2632,6504.0,22357649.68681149,5884.0,20448397.75264935,6799.0,20814896.61648257,5555.0,19007776.464020617,6053.142857142857,353.93004420428224,20872020.236729365,6426.5,477.85059621979406,21218706.57395008,6240.857142857143,625.4582150998896,20806450.911695354
2025-03-18,5868,20293875.363132413,6251735.738413038,0,0,1,18,12,3,1,0,2633,5941.0,20417773.992750727,5797.0,19983801.573248763,6858.0,21411023.197760828,5620.0,19143533.09928125,6061.285714285715,350.024148826725,20867645.413886707,6365.214285714285,481.40869867998765,21190340.672254946,6254.642857142857,613.9290111143072,20856807.966292854
2025-03-19,5860,20242840.722513776,6196324.664045039,0,0,2,19,12,3,1,0,2634,5868.0,20293875.363132413,5837.0,19927593.923635148,7056.0,21461531.441015966,5634.0,19337417.62308052,6071.428571428572,342.0267324555989,20911941.66958437,6294.5,476.13697932092117,21110544.398352917,6263.5,606.1738841106056,20897891.618573256
2025-03-20,5907,20412281.32544246,6207715.518846845,0,0,3,20,12,3,1,0,2635,5860.0,20242840.722513776,5863.0,20208404.85977869,6920.0,21135116.29668265,5663.0,19564059.205563545,6074.714285714285,339.50047338485314,20956976.926567037,6209.071428571428,434.46863466242064,21023495.061317045,6271.571428571428,598.9429224380101,20930228.157838732
2025-03-21,5937,20305707.044936422,6205405.245992039,0,0,4,21,12,3,1,0,2636,5907.0,20412281.32544246,5857.0,20102059.127731577,6930.0,21384746.39110319,5654.0,19381430.277390786,6081.0,335.30881288741523,20986102.135947566,6136.714285714285,388.9283953419119,20971863.991942745,6280.285714285715,591.4892602351326,20960521.804977264
2025-03-22,6673,22892519.821437374,6985848.706393264,0,0,5,22,12,3,1,1,2637,5937.0,20305707.044936422,6630.0,23076234.73325055,6573.0,22566054.74642653,6461.0,22067303.398700874,6092.428571428572,327.67812313445563,21015194.695548262,6065.785714285715,317.02952509216203,20894789.75293083,6290.392857142857,582.7444226839682,20993531.689532463
2025-03-23,6642,22922171.572475422,7043341.610066655,0,0,6,23,12,3,1,1,2638,6673.0,22892519.821437374,6504.0,22357649.68681149,6463.0,22184381.688723788,6417.0,22149010.87016246,6098.571428571428,339.620796940135,20988949.708146382,6072.928571428572,330.1897972344751,20918108.686860178,6297.964285714285,586.4088753144669,21023003.704630196
2025-03-24,5909,20471276.792302918,6237011.477061133,0,0,0,24,13,3,1,0,2639,6642.0,22922171.572475422,5941.0,20417773.992750727,5884.0,20448397.75264935,5682.0,19623644.717568077,6118.285714285715,369.74663139579394,21069595.691812657,6085.714285714285,349.3650126842311,20970807.964271013,6306.0,589.6332193264657,21050616.586855657
2025-03-25,5995,20684855.235394128,6323498.231181213,0,0,1,25,13,3,1,0,2640,5909.0,20471276.792302918,5868.0,20293875.363132413,5797.0,19983801.573248763,5661.0,19206381.858240623,6113.714285714285,372.4914828044672,21077238.94889154,6087.5,348.3169975312309,20972442.181389123,6314.107142857143,582.2501269363697,21080889.160953335
2025-03-26,6039,20549704.51713177,6248596.691438347,0,0,2,26,13,3,1,0,2641,5995.0,20684855.235394128,5860.0,20242840.722513776,5837.0,19927593.923635148,5708.0,19481144.8924171,6131.857142857143,361.4583556332705,21133093.2163575,6101.642857142857,339.52310607730294,21022517.442970935,6326.035714285715,571.7000950474003,21133691.781565957
2025-03-27,5986,20489230.525676545,6307631.447876057,0,0,3,27,13,3,1,0,2642,6039.0,20549704.51713177,5907.0,20412281.32544246,5863.0,20208404.85977869,5781.0,19987682.65334567,6157.428571428572,344.9762586723653,21176930.901302926,6116.071428571428,331.6115578122457,21066953.91393498,6337.857142857143,561.7833847921535,21171854.625305764
2025-03-28,5945,20355047.06244689,6253519.080386036,0,0,4,28,13,3,1,0,2643,5986.0,20489230.525676545,5937.0,20305707.044936422,5857.0,20102059.127731577,5729.0,19629946.629551757,6168.714285714285,336.6089295139606,21187923.644193508,6124.857142857143,325.9723577573973,21087012.89007054,6345.178571428572,555.558714673519,21189767.049317587
2025-03-29,6560,22521303.737073194,6835771.473717304,0,0,5,29,13,3,1,1,2644,5945.0,20355047.06244689,6673.0,22892519.821437374,6630.0,23076234.73325055,7664.0,23742830.51611423,6169.857142857143,335.7034547391083,21194972.218123578,6131.142857142857,321.2238273426887,21105083.45683592,6352.892857142857,548.1358536176236,21215663.493349552
2025-03-30,6767,23191072.696130365,7092639.423384624,0,0,6,30,13,3,1,1,2645,6560.0,22521303.737073194,6642.0,22922171.572475422,6504.0,22357649.68681149,7544.0,23196571.28673129,6153.714285714285,309.14274711725324,21141941.348928694,6126.142857142857,313.3088564984688,21065445.528537538,6313.464285714285,486.5826017305147,21172037.53695523
2025-03-31,6049,20804723.688709643,6329735.048156782,0,0,0,31,14,3,1,0,2646,6767.0,23191072.696130365,5909.0,20471276.792302918,5941.0,20417773.992750727,6799.0,20814896.61648257,6171.571428571428,343.7246267691362,21180355.795165118,6144.928571428572,344.0810423958303,21124975.743488885,6285.714285714285,433.0129462731699,21171841.15871948
2025-04-01,5999,20653836.965555463,6348006.437150966,0,0,1,1,14,4,2,0,2647,6049.0,20804723.688709643,5995.0,20684855.235394128,5868.0,20293875.363132413,6858.0,21411023.197760828,6191.571428571428,329.6866477645821,21227991.06608036,6152.642857142857,340.3476971348446,21152615.007485952,6258.928571428572,423.17091622485697,21171477.83987045
2025-04-02,5956,20443286.77714509,6269368.041434451,0,0,2,2,14,4,2,0,2648,5999.0,20653836.965555463,6039.0,20549704.51713177,5860.0,20242840.722513776,7056.0,21461531.441015966,6192.142857142857,329.2923870824197,21223559.88467484,6162.0,333.65504987580925,21178326.550516166,6228.25,409.03279095206517,21144435.474434547
2025-04-03,6014,20276918.80890497,6139227.170872504,0,0,3,3,14,4,2,0,2649,5956.0,20443286.77714509,5986.0,20489230.525676545,5907.0,20412281.32544246,6920.0,21135116.29668265,6180.285714285715,337.126936670053,21208357.350391027,6168.857142857143,327.90802114252466,21192644.12584698,6188.964285714285,378.25363645578716,21108069.59358201
2025-04-04,6046,20960874.75092083,6406657.041851844,0,0,4,4,14,4,2,0,2650,6014.0,20276918.80890497,5945.0,20355047.06244689,5937.0,20305707.044936422,6930.0,21384746.39110319,6184.285714285715,334.59413936170546,21178027.105137944,6176.5,322.5381909407322,21182975.37466573,6156.607142857143,351.1848030211166,21077419.68330424
2025-04-05,6741,23112575.521610327,7039100.7799758,0,0,5,5,14,4,2,1,2651,6046.0,20960874.75092083,6560.0,22521303.737073194,6673.0,22892519.821437374,6573.0,22566054.74642653,6198.714285714285,324.58368940618845,21264573.91777708,6184.285714285715,317.58982462168376,21229773.06795033,6125.035714285715,317.17029917256514,21062281.410440583
2025-04-06,6707,23105390.1332414,7056707.86783198,0,0,6,6,14,4,2,1,2652,6741.0,23112575.521610327,6767.0,23191072.696130365,6642.0,22922171.572475422,6463.0,22184381.688723788,6224.571428571428,363.0871599413093,21349041.315568097,6189.142857142857,326.0464471731299,21245491.332248397,6131.035714285715,327.38305598164504,21081800.00955429
2025-04-07,5940,20376547.06757175,6211205.731125655,0,0,0,7,15,4,2,0,2653,6707.0,23105390.1332414,6049.0,20804723.688709643,5909.0,20471276.792302918,5884.0,20448397.75264935,6216.0,348.56563227025225,21336800.949441105,6193.785714285715,333.3716287524741,21258578.37230311,6139.75,339.5672218399671,21114693.16828706
2025-04-08,6020,20794521.61155906,6316959.707309681,0,0,1,8,15,4,2,0,2654,5940.0,20376547.06757175,5999.0,20653836.965555463,5995.0,20684855.235394128,5797.0,19983801.573248763,6200.428571428572,359.5315735521901,21275632.860707115,6196.0,331.4318586421821,21251811.96339374,6141.75,338.1671321391605,21112127.07239143
2025-04-09,6006,20706325.659515623,6320607.690248171,0,0,2,9,15,4,2,0,2655,6020.0,20794521.61155906,5956.0,20443286.77714509,6039.0,20549704.51713177,5837.0,19927593.923635148,6203.428571428572,357.6533969933932,21295730.66727906,6197.785714285715,330.3311109433642,21259645.275976952,6149.714285714285,332.32256275229133,21141081.359473944
2025-04-10,6023,20936875.728593845,6437277.242352364,0,0,3,10,15,4,2,0,2656,6006.0,20706325.659515623,6014.0,20276918.80890497,5986.0,20489230.525676545,5863.0,20208404.85977869,6210.571428571428,352.348244942765,21333307.65047485,6195.428571428572,331.6663555872164,21270832.50043294,6155.75,327.93841167483953,21168893.20718396
2025-04-11,6085,20936336.689073484,6349620.212876261,0,0,4,11,15,4,2,0,2657,6023.0,20936875.728593845,6046.0,20960874.75092083,5945.0,20355047.06244689,5857.0,20102059.127731577,6211.857142857143,351.5268735916271,21427587.210430406,6198.071428571428,330.01246230204634,21302807.15778417,6161.464285714285,324.0189160164456,21194910.023927357
2025-04-12,6779,23273968.081142217,7100641.343785798,0,0,5,12,15,4,2,1,2658,6085.0,20936336.689073484,6741.0,23112575.521610327,6560.0,22521303.737073194,6630.0,23076234.73325055,6217.428571428572,348.75820522856,21424081.77302364,6208.071428571428,323.81701012128707,21344327.84540036,6169.607142857143,318.9087108766081,21224705.651118137
2025-04-13,6833,23451380.999195304,7116396.514218064,0,0,6,13,15,4,2,1,2659,6779.0,23273968.081142217,6707.0,23105390.1332414,6767.0,23191072.696130365,6504.0,22357649.68681149,6222.857142857143,358.4277837869667,21447137.852956768,6223.714285714285,346.61293610086193,21398089.58426243,6174.928571428572,327.98937748957013,21231767.55639999
2025-04-14,5984,20652228.020328432,6336377.577311514,0,0,0,14,16,4,2,0,2660,6833.0,23451380.999195304,5940.0,20376547.06757175,6049.0,20804723.688709643,5941.0,20417773.992750727,6240.857142857143,388.68042938953806,21496565.119521614,6228.428571428572,354.9198640398172,21416683.034481358,6186.678571428572,345.6332946036708,21270829.38898512
2025-04-15,6035,20810859.53265317,6385513.842813844,0,0,1,15,16,4,2,0,2661,5984.0,20652228.020328432,6020.0,20794521.61155906,5999.0,20653836.965555463,5868.0,20293875.363132413,6247.142857142857,383.32293981763644,21535948.112772565,6223.785714285715,357.86056127857125,21405790.48673984,6188.214285714285,344.59523836936836,21279202.7471129
2025-04-16,6096,20963844.359474797,6452308.800359698,0,0,2,16,16,4,2,0,2662,6035.0,20810859.53265317,6006.0,20706325.659515623,5956.0,20443286.77714509,5860.0,20242840.722513776,6249.285714285715,381.880746780803,21538282.101500295,6226.357142857143,356.24680449685195,21417006.38438968,6194.178571428572,340.2656972263851,21297666.46745292
2025-04-17,6175,21320427.39095582,6519611.915180746,0,0,3,17,16,4,2,0,2663,6096.0,20963844.359474797,6023.0,20936875.728593845,6014.0,20276918.80890497,5907.0,20412281.32544246,6262.142857142857,373.7532290033554,21575070.48720875,6236.357142857143,349.9838693299174,21454189.068841804,6202.607142857143,334.5563496007273,21323416.59734439
2025-04-18,6139,21026596.290320247,6400196.778845735,0,0,4,18,16,4,2,0,2664,6175.0,21320427.39095582,6085.0,20936336.689073484,6046.0,20960874.75092083,5937.0,20305707.044936422,6283.857142857143,361.767157423713,21629863.58183189,6247.857142857143,344.7210370814706,21528725.396131147,6212.178571428572,329.58268265938574,21355850.38539844
2025-04-19,6879,23838562.05952893,7343922.232723475,0,0,5,19,16,4,2,1,2665,6139.0,21026596.290320247,6779.0,23273968.081142217,6741.0,23112575.521610327,6673.0,22892519.821437374,6291.571428571428,357.3690236262455,21642757.810581427,6254.5,341.4121691309495,21533419.791802533,6219.392857142857,325.52195571229305,21381596.429876428
2025-04-20,6757,23309308.341799725,7120349.641484803,0,0,6,20,16,4,2,1,2666,6879.0,23838562.05952893,6833.0,23451380.999195304,6707.0,23105390.1332414,6642.0,22922171.572475422,6305.857142857143,381.29884542674114,21723414.0932081,6264.357142857143,358.1219403719275,21585275.97308243,6226.75,338.2333869889787,21415383.652665414
2025-04-21,6144,21178830.02489835,6522256.195444331,0,0,0,21,17,4,2,0,2667,6757.0,23309308.341799725,5984.0,20652228.020328432,5940.0,20376547.06757175,5909.0,20471276.792302918,6295.0,364.4991998161636,21703117.99929444,6267.928571428572,363.09067828749147,21599841.559408028,6230.857142857143,344.1096632142467,21429209.96585557
2025-04-22,6169,21111794.336425383,6399040.013809728,0,0,1,22,17,4,2,0,2668,6144.0,21178830.02489835,6035.0,20810859.53265317,6020.0,20794521.61155906,5995.0,20684855.235394128,6317.857142857143,346.3093167344746,21778346.85709015,6282.5,352.86753888666084,21657147.484931357,6239.25,338.7935703836409,21454479.72416255
2025-04-23,6098,20818242.622505885,6360990.859934064,0,0,2,23,17,4,2,0,2669,6169.0,21111794.336425383,6096.0,20963844.359474797,6006.0,20706325.659515623,6039.0,20549704.51713177,6337.0,331.4528624102602,21821337.543343324,6293.142857142857,346.5313521485559,21679809.82242181,6245.464285714285,335.7294415693527,21469727.549199376
2025-04-24,6109,20812495.46056471,6316516.691201788,0,0,3,24,17,4,2,0,2670,6098.0,20818242.622505885,6175.0,21320427.39095582,6023.0,20936875.728593845,5986.0,20489230.525676545,6337.285714285715,331.21126907437736,21800537.295204904,6299.714285714285,341.5031092483664,21687803.891206827,6247.571428571428,334.56875820706176,21479318.195819885
2025-04-25,6053,21031461.82951749,6403285.32714953,0,0,4,25,17,4,2,0,2671,6109.0,20812495.46056471,6139.0,21026596.290320247,6085.0,20936336.689073484,5945.0,20355047.06244689,6327.857142857143,337.4810753070925,21727975.590863317,6305.857142857143,336.88501967799664,21678919.586347606,6251.964285714285,331.8032083141757,21490863.37206589
2025-04-26,6866,23566459.705656927,7224472.28362583,0,0,5,26,17,4,2,1,2672,6053.0,21031461.82951749,6879.0,23838562.05952893,6779.0,23273968.081142217,6560.0,22521303.737073194,6315.571428571428,346.9350838138285,21728670.667891495,6303.571428571428,338.6029474825697,21685714.239236463,6255.821428571428,328.71602667110295,21515021.04231841
2025-04-27,6819,23449897.07138227,7197294.7702834215,0,0,6,27,17,4,2,1,2673,6866.0,23566459.705656927,6757.0,23309308.341799725,6833.0,23451380.999195304,6767.0,23191072.696130365,6313.714285714285,343.4335036488539,21689798.903052635,6309.785714285715,348.64885984677323,21706606.498130374,6266.75,343.9376154672443,21552348.041196402
2025-04-28,6059,20775088.24770141,6376510.46697632,0,0,0,28,18,4,2,0,2674,6819.0,23449897.07138227,6144.0,21178830.02489835,5984.0,20652228.020328432,6049.0,20804723.688709643,6322.571428571428,357.2911311254562,21709883.007278714,6308.785714285715,347.04913830109405,21706500.503286578,6268.607142857143,346.8667520111351,21561591.76888397
2025-04-29,6055,20853123.902973216,6413692.072818541,0,0,1,29,18,4,2,0,2675,6059.0,20775088.24770141,6169.0,21111794.336425383,6035.0,20810859.53265317,5999.0,20653836.965555463,6310.428571428572,365.7165829540343,21652205.610536296,6314.142857142857,342.19491906995034,21715276.233813226,6268.964285714285,346.6373365949689,21560533.36027653
2025-04-30,6084,21138118.1390466,6484382.473306777,0,0,2,30,18,4,2,0,2676,6055.0,20853123.902973216,6098.0,20818242.622505885,6096.0,20963844.359474797,5956.0,20443286.77714509,6294.142857142857,375.4723374503545,21615252.6914717,6315.571428571428,340.97951986440495,21718295.11740751,6270.964285714285,345.180519829555,21567650.750898596
2025-05-01,6067,20835651.737045232,6405498.708148885,0,0,3,1,18,5,2,0,2677,6084.0,21138118.1390466,6109.0,20812495.46056471,6175.0,21320427.39095582,6014.0,20276918.80890497,6292.142857142857,376.72643857813625,21660949.193834662,6314.714285714285,341.5884677775415,21730743.24451978,6275.535714285715,341.68465883708694,21592466.156680793
2025-05-02,6108,20833807.98358049,6380521.632376401,0,0,4,2,18,5,2,0,2678,6067.0,20835651.737045232,6053.0,21031461.82951749,6139.0,21026596.290320247,6046.0,20960874.75092083,6286.142857142857,380.4455408120412,21664257.23333188,6307.0,346.1751446438037,21696116.4120976,6277.428571428572,340.32625181128475,21612420.904114373
2025-05-03,6731,23442198.024935383,7191435.468836419,0,0,5,3,18,5,2,1,2679,6108.0,20833807.98358049,6866.0,23566459.705656927,6879.0,23838562.05952893,6741.0,23112575.521610327,6294.0,375.3620474510221,21636020.969626594,6304.785714285715,347.42927970384443,21682345.818759043,6279.642857142857,338.9636945800339,21607882.805280793
2025-05-04,6854,23447326.29844092,7169170.330362731,0,0,6,4,18,5,2,1,2680,6731.0,23442198.024935383,6819.0,23449897.07138227,6757.0,23309308.341799725,6707.0,23105390.1332414,6274.714285714285,343.1621163461892,21618269.300952084,6294.214285714285,330.45008434207824,21654034.102002364,6279.285714285715,338.46449095905456,21619655.0375424
2025-05-05,6239,21295022.958909582,6531004.891682084,0,0,0,5,19,5,2,0,2681,6854.0,23447326.29844092,6059.0,20775088.24770141,6144.0,21178830.02489835,5940.0,20376547.06757175,6279.714285714285,352.5411154676789,21617902.04767475,6301.142857142857,341.7243281995656,21663892.52747673,6284.535714285715,346.3918229021942,21631867.04344238
2025-05-06,6223,21380217.126998022,6554936.773207091,0,0,1,6,19,5,2,0,2682,6239.0,21295022.958909582,6055.0,20853123.902973216,6169.0,21111794.336425383,6020.0,20794521.61155906,6305.428571428572,340.1043257309565,21692178.4349902,6307.928571428572,339.29847633592993,21672192.022763252,6295.214285714285,339.9255209429258,21664669.7538473
2025-05-07,6078,20780420.422119062,6325226.528596458,0,0,2,7,19,5,2,0,2683,6223.0,21380217.126998022,6084.0,21138118.1390466,6098.0,20818242.622505885,6006.0,20706325.659515623,6329.428571428572,325.0829930662438,21767477.466993745,6311.785714285715,337.90171046325474,21691365.079232723,6302.464285714285,335.98021129362934,21685587.450827267
2025-05-08,6109,21006638.77671201,6462288.794036752,0,0,3,8,19,5,2,0,2684,6078.0,20780420.422119062,6067.0,20835651.737045232,6109.0,20812495.46056471,6023.0,20936875.728593845,6328.571428571428,325.8449821324667,21716377.793146957,6310.357142857143,338.9158296101953,21688663.49349081,6305.035714285715,333.8962449338293,21688233.692348816
2025-05-09,6206,21281466.77131721,6503226.829503929,0,0,4,9,19,5,2,0,2685,6109.0,21006638.77671201,6108.0,20833807.98358049,6053.0,21031461.82951749,6085.0,20936336.689073484,6334.571428571428,320.56973091810664,21740804.513099354,6310.357142857143,338.9158296101953,21702530.873215616,6308.107142857143,331.593385459334,21690725.22978161
2025-05-10,6951,23694453.35120656,7220993.27585342,0,0,5,10,19,5,2,1,2686,6206.0,21281466.77131721,6731.0,23442198.024935383,6866.0,23566459.705656927,6779.0,23273968.081142217,6348.571428571428,311.0235024038752,21804755.76849031,6321.285714285715,332.38264061191063,21720388.369058453,6312.428571428572,329.35902155447957,21703051.30414746
2025-05-11,6847,23466830.878616475,7182309.263436085,0,0,6,11,19,5,2,1,2687,6951.0,23694453.35120656,6854.0,23447326.29844092,6819.0,23449897.07138227,6833.0,23451380.999195304,6380.0,362.89759804470987,21840792.243671913,6327.357142857143,343.68223407954105,21729530.772311993,6318.571428571428,339.82113253351525,21718068.635221183
2025-05-12,6070,20999173.89128801,6423592.888051259,0,0,0,12,20,5,2,0,2688,6847.0,23466830.878616475,6239.0,21295022.958909582,6059.0,20775088.24770141,5984.0,20652228.020328432,6379.0,361.3802245096151,21843578.612268418,6329.357142857143,346.83039684513017,21730740.329971585,6319.071428571428,340.6154482665788,21718620.416629083
2025-05-13,6090,20923071.28936729,6400572.232113237,0,0,1,13,20,5,2,0,2689,6070.0,20999173.89128801,6223.0,21380217.126998022,6055.0,20853123.902973216,6035.0,20810859.53265317,6354.857142857143,377.57446443109785,21801314.45975105,6330.142857142857,346.18266790867193,21746746.447370626,6322.142857142857,337.85869435972205,21731011.340591926
2025-05-14,6164,21344668.96272469,6593822.675898159,0,0,2,14,20,5,2,0,2690,6090.0,20923071.28936729,6078.0,20780420.422119062,6084.0,21138118.1390466,6096.0,20963844.359474797,6335.857142857143,388.50372309296836,21736007.91151809,6332.642857142857,344.16333491356573,21751742.68925592,6324.107142857143,336.2836478315597,21735018.903331716
2025-05-15,6172,21046152.653853305,6443771.883952773,0,0,3,15,20,5,2,0,2691,6164.0,21344668.96272469,6109.0,21006638.77671201,6067.0,20835651.737045232,6175.0,21320427.39095582,6348.142857142857,380.26281638330613,21816614.84589032,6338.357142857143,340.36057964422076,21766496.319518637,6326.535714285715,334.81763772098253,21748619.782019205
2025-05-16,6132,21124296.192935698,6472557.152426936,0,0,4,16,20,5,2,0,2692,6172.0,21046152.653853305,6206.0,21281466.77131721,6108.0,20833807.98358049,6139.0,21026596.290320247,6357.142857142857,374.35919852965225,21822259.685481932,6345.857142857143,335.0363601719789,21781532.099290643,6326.428571428572,334.8684018548259,21738824.255694117
2025-05-17,6881,23501819.22246348,7241152.424039614,0,0,5,17,20,5,2,1,2693,6132.0,21124296.192935698,6951.0,23694453.35120656,6731.0,23442198.024935383,6879.0,23838562.05952893,6346.571428571428,380.33575392571265,21799806.745713145,6347.571428571428,333.7847565965063,21802281.257101733,6326.178571428572,335.0160917717093,21742313.537930388
2025-05-18,6909,23679866.573713284,7261042.745309726,0,0,6,18,20,5,2,1,2694,6881.0,23501819.22246348,6847.0,23466830.878616475,6854.0,23447326.29844092,6757.0,23309308.341799725,6336.571428571428,362.2871131863613,21772287.584464133,6358.285714285715,349.09562907845594,21806539.91406802,6326.25,335.13851475775306,21730287.00803519
2025-05-19,6188,21091390.31344501,6412947.187437545,0,0,0,19,21,5,2,0,2695,6909.0,23679866.573713284,6070.0,20999173.89128801,6239.0,21295022.958909582,6144.0,21178830.02489835,6345.428571428572,377.2929264920122,21802721.25519225,6362.214285714285,355.3566309565077,21823149.933730334,6331.678571428572,343.5009357441421,21743521.230603535
2025-05-20,6090,20904617.9339188,6400786.643945579,0,0,1,20,21,5,2,0,2696,6188.0,21091390.31344501,6090.0,20923071.28936729,6223.0,21380217.126998022,6169.0,21111794.336425383,6362.285714285715,365.38414227840445,21815895.02978611,6358.571428571428,356.97461971518896,21808604.74476858,6333.25,342.71028959246456,21740398.383765914
2025-05-21,6193,21546373.683467988,6658760.304974707,0,0,2,21,21,5,2,0,2697,6090.0,20904617.9339188,6164.0,21344668.96272469,6078.0,20780420.422119062,6098.0,20818242.622505885,6362.285714285715,365.38414227840445,21813258.836150613,6349.071428571428,362.58568521220514,21774633.373834345,6330.428571428572,344.43345092537186,21732999.226533536
2025-05-22,6092,21059352.659323823,6430692.358665675,0,0,3,22,21,5,2,0,2698,6193.0,21546373.683467988,6172.0,21046152.653853305,6109.0,21006638.77671201,6109.0,20812495.46056471,6366.428571428572,362.91728035587676,21842073.7962568,6357.285714285715,357.23541657717476,21829344.32107356,6333.821428571428,342.5217001582869,21759003.90728218
2025-05-23,6112,20811709.6009718,6370849.792638607,0,0,4,23,21,5,2,0,2699,6092.0,21059352.659323823,6132.0,21124296.192935698,6206.0,21281466.77131721,6053.0,21031461.82951749,6355.0,371.22499915813074,21843959.511324015,6356.071428571428,358.1719536082818,21833109.598402973,6333.214285714285,342.94977033598275,21767820.235809293
2025-05-24,6875,23645815.20086373,7259524.434349623,0,0,5,24,21,5,2,1,2700,6112.0,20811709.6009718,6881.0,23501819.22246348,6951.0,23694453.35120656,6866.0,23566459.705656927,6352.142857142857,373.2985528015931,21799304.283900596,6349.357142857143,362.0615347492469,21799555.51480687,6335.321428571428,341.34180258274034,21759971.94193266
2025-05-25,6786,23133599.85838676,7027571.35767123,0,0,6,25,21,5,2,1,2701,6875.0,23645815.20086373,6909.0,23679866.573713284,6847.0,23466830.878616475,6819.0,23449897.07138227,6351.285714285715,371.88605525777973,21819875.137957778,6343.928571428572,352.79814762404646,21796081.361210953,6335.642857142857,341.8638687575261,21762806.066761475
2025-05-26,6117,21153043.61881905,6481360.300962764,0,0,0,26,22,5,2,0,2702,6786.0,23133599.85838676,6188.0,21091390.31344501,6070.0,20999173.89128801,6059.0,20775088.24770141,6333.714285714285,342.92016285892714,21741837.03576827,6339.571428571428,346.4263079113834,21772279.145480264,6334.464285714285,340.18856232458234,21751509.73772592
2025-05-27,6132,20810380.36691084,6391397.316510477,0,0,1,27,22,5,2,0,2703,6117.0,21153043.61881905,6090.0,20904617.9339188,6090.0,20923071.28936729,6055.0,20853123.902973216,6323.571428571428,348.94548625954144,21750644.65082171,6342.928571428572,343.8310104341802,21783269.84030391,6336.535714285715,338.62209703906336,21765008.14383727
2025-05-28,6066,20974946.736690957,6401284.196503934,0,0,2,28,22,5,2,0,2704,6132.0,20810380.36691084,6193.0,21546373.683467988,6164.0,21344668.96272469,6084.0,21138118.1390466,6329.571428571428,344.5938948688841,21737182.141249143,6345.928571428572,341.6305841751898,21775220.488699876,6339.285714285715,336.5573922926615,21763481.588977896
2025-05-29,6048,20574015.06566216,6284133.283830458,0,0,3,29,22,5,2,0,2705,6066.0,20974946.736690957,6092.0,21059352.659323823,6172.0,21046152.653853305,6067.0,20835651.737045232,6311.428571428572,356.13286712626643,21655549.720280997,6338.928571428572,346.61272209889376,21748811.758268893,6338.642857142857,337.0798580274248,21757654.038893767
2025-05-30,6206,21136015.049714785,6463890.425962385,0,0,4,30,22,5,2,0,2706,6048.0,20574015.06566216,6112.0,20811709.6009718,6132.0,21124296.192935698,6108.0,20833807.98358049,6305.142857142857,361.006199656505,21586215.77832933,6330.071428571428,352.73665580936546,21715087.644826673,6337.964285714285,337.6655678541179,21748309.872058656
2025-05-31,6785,23357683.21628225,7174383.141194221,0,0,5,31,22,5,2,1,2707,6206.0,21136015.049714785,6875.0,23645815.20086373,6881.0,23501819.22246348,6731.0,23442198.024935383,6318.571428571428,354.31053100480653,21632545.128149755,6335.357142857143,350.0847385644656,21715924.706025176,6341.464285714285,335.6957928599544,21759102.981563453
2025-06-01,6749,23281083.750245597,7162058.97786372,0,0,6,1,22,6,2,1,2708,6785.0,23357683.21628225,6786.0,23133599.85838676,6909.0,23679866.573713284,6854.0,23447326.29844092,6305.714285714285,331.6628379773565,21591383.416066688,6328.5,339.35068088234493,21705629.27701223,6343.392857142857,338.1626103787334,21756084.59554013
2025-06-02,5965,20275475.327950843,6199431.035913168,0,0,0,2,23,6,2,0,2709,6749.0,23281083.750245597,6117.0,21153043.61881905,6188.0,21091390.31344501,6239.0,21295022.958909582,6300.428571428572,322.9121950534573,21612452.54347509,6317.071428571428,320.4656382120436,21677144.789621685,6339.642857142857,332.8307560446755,21750147.361676008
2025-06-03,6149,21018956.62933349,6418412.379941381,0,0,1,3,23,6,2,0,2710,5965.0,20275475.327950843,6132.0,20810380.36691084,6090.0,20904617.9339188,6223.0,21380217.126998022,6278.714285714285,341.8575308933951,21487085.644779634,6301.142857142857,332.6836929582928,21618865.147800673,6329.857142857143,339.85331414042975,21713734.946284626
2025-06-04,6104,20880926.854221944,6345046.934059887,0,0,2,4,23,6,2,0,2711,6149.0,21018956.62933349,6066.0,20974946.736690957,6193.0,21546373.683467988,6078.0,20780420.422119062,6281.142857142857,340.6999797335381,21516882.253697153,6305.357142857143,330.1674650006914,21627032.19747315,6327.214285714285,341.0008533868216,21700832.785653748
2025-06-05,6013,20537743.240646724,6252073.475036475,0,0,3,5,23,6,2,0,2712,6104.0,20880926.854221944,6048.0,20574015.06566216,6092.0,21059352.659323823,6109.0,21006638.77671201,6286.571428571428,336.9831138908535,21503450.84191587,6299.0,333.33882046754985,21579500.28109843,6328.142857142857,340.3318330889944,21704422.301085997
2025-06-06,6002,20683730.97853212,6386601.846504956,0,0,4,6,23,6,2,0,2713,6013.0,20537743.240646724,6206.0,21136015.049714785,6112.0,20811709.6009718,6206.0,21281466.77131721,6281.571428571428,341.344331109965,21498269.15262795,6293.357142857143,337.7519816356814,21542242.465478636,6324.714285714285,343.0936441807212,21687676.031940807
2025-06-07,6768,23364433.18909249,7172203.672148784,0,0,5,7,23,6,2,1,2714,6002.0,20683730.97853212,6785.0,23357683.21628225,6875.0,23645815.20086373,6951.0,23694453.35120656,6252.428571428572,357.21135533589995,21433657.142458998,6285.5,343.52555609770394,21533101.13530438,6317.428571428572,347.8411119367549,21666328.32505562
2025-06-08,6825,23385490.161029957,7107437.756879163,0,0,6,8,23,6,2,1,2715,6768.0,23364433.18909249,6749.0,23281083.750245597,6786.0,23133599.85838676,6847.0,23466830.878616475,6250.0,353.02030158801296,21434621.42428903,6277.857142857143,330.33848774165864,21513002.420177855,6310.892857142857,337.0475666271325,21654541.890694406
2025-06-09,6064,20829073.11809521,6431102.975017885,0,0,0,9,24,6,2,0,2716,6825.0,23385490.161029957,5965.0,20275475.327950843,6117.0,21153043.61881905,6070.0,20999173.89128801,6260.857142857143,371.6043723151915,21449536.625829656,6280.642857142857,335.0835962613595,21530994.58465237,6310.107142857143,335.77476349318,21651636.865066316
2025-06-10,6053,20671090.46982208,6337475.682931934,0,0,1,10,24,6,2,0,2717,6064.0,20829073.11809521,6149.0,21018956.62933349,6132.0,20810380.36691084,6090.0,20923071.28936729,6275.0,360.17588296084466,21528622.024421703,6276.857142857143,337.3662372287832,21507853.834600665,6309.892857142857,335.9355470903622,21645561.83745229
2025-06-11,6046,20756935.86444002,6377081.888666345,0,0,2,11,24,6,2,0,2718,6053.0,20671090.46982208,6104.0,20880926.854221944,6066.0,20974946.736690957,6164.0,21344668.96272469,6261.285714285715,367.5258332351564,21478926.858777218,6271.214285714285,340.62051489122774,21497904.556237187,6308.571428571428,336.90392394303336,21636562.522468533
2025-06-12,6156,20869013.616950825,6362297.169914168,0,0,3,12,24,6,2,0,2719,6046.0,20756935.86444002,6013.0,20537743.240646724,6048.0,20574015.06566216,6172.0,21046152.653853305,6253.0,372.2857325585079,21461213.860236943,6269.785714285715,341.5879610945989,21482332.351076405,6304.357142857143,339.5072916126551,21615572.05467265
2025-06-13,6060,20618131.62397269,6291373.300625606,0,0,4,13,24,6,2,0,2720,6156.0,20869013.616950825,6002.0,20683730.97853212,6206.0,21136015.049714785,6132.0,21124296.192935698,6273.428571428572,360.6632118485469,21508538.19970896,6277.5,337.38764511590017,21503403.67616845,6303.785714285715,339.75169115130393,21609245.660497557
2025-06-14,6650,22678274.49618841,6942235.537000515,0,0,5,14,24,6,2,1,2721,6060.0,20618131.62397269,6768.0,23364433.18909249,6785.0,23357683.21628225,6881.0,23501819.22246348,6281.714285714285,353.9928032628092,21499166.863343325,6267.071428571428,341.9926819471795,21466412.002901163,6301.214285714285,341.3686350171972,21591168.354463167
2025-06-15,6714,22732441.88670349,6998314.747228076,0,0,6,15,24,6,2,1,2722,6650.0,22678274.49618841,6825.0,23385490.161029957,6749.0,23281083.750245597,6909.0,23679866.573713284,6264.857142857143,328.89635073038943,21401144.19292846,6257.428571428572,327.8777244610145,21417882.808608744,6292.964285714285,329.4199708513843,21561756.04281049
2025-06-16,5869,20198594.166129943,6166569.592581939,0,0,0,16,25,6,2,0,2723,6714.0,22732441.88670349,6064.0,20829073.11809521,5965.0,20275475.327950843,6188.0,21091390.31344501,6249.0,298.676525134844,21307851.58231039,6254.928571428572,323.95119867166727,21378694.10407002,6286.0,317.76919180313746,21527919.44684585
2025-06-17,6028,20573578.782148764,6248550.9713035785,0,0,1,17,25,6,2,0,2724,5869.0,20198594.166129943,6053.0,20671090.46982208,6149.0,21018956.62933349,6090.0,20904617.9339188,6221.142857142857,326.59578920091565,21217783.16060106,6248.071428571428,331.48859228202434,21373202.592511386,6274.607142857143,326.9973767348825,21496033.870156024
2025-06-18,6031,20569587.130190507,6272741.937429776,0,0,2,18,25,6,2,0,2725,6028.0,20573578.782148764,6046.0,20756935.86444002,6104.0,20880926.854221944,6193.0,21546373.683467988,6217.571428571428,328.8697093291586,21203852.919504877,6239.428571428572,335.81948316715807,21341389.88914105,6272.392857142857,328.5002214650789,21484211.0433071
2025-06-19,5965,20514445.719862662,6285161.5995999165,0,0,3,19,25,6,2,0,2726,6031.0,20569587.130190507,6156.0,20869013.616950825,6013.0,20537743.240646724,6092.0,21059352.659323823,6215.428571428572,330.2200564990644,21177088.81461209,6234.214285714285,338.6389451388711,21319151.337424517,6266.607142857143,331.36444513949596,21449325.809261475
2025-06-20,5871,20005563.30163923,6140228.395594611,0,0,4,20,25,6,2,0,2727,5965.0,20514445.719862662,6060.0,20618131.62397269,6002.0,20683730.97853212,6112.0,20811709.6009718,6188.142857142857,343.57019106790494,21126436.25788521,6230.785714285715,341.2835903041947,21317487.22879708,6262.071428571428,334.69543131927037,21429864.847137865
2025-06-21,6666,22908923.36851761,7017356.708004845,0,0,5,21,25,6,2,1,2728,5871.0,20005563.30163923,6650.0,22678274.49618841,6768.0,23364433.18909249,6875.0,23645815.20086373,6161.142857142857,362.238148447175,21038926.49755186,6221.428571428572,349.73016285862417,21269046.68044759,6253.464285714285,341.7227034960029,21401073.907875985
2025-06-22,6579,22542287.102614537,6923347.992148308,0,0,6,22,25,6,2,1,2729,6666.0,22908923.36851761,6714.0,22732441.88670349,6825.0,23385490.161029957,6786.0,23133599.85838676,6163.428571428572,365.86921941350437,21071876.33645603,6214.142857142857,338.3450348938137,21236510.264692243,6246.0,329.71525313231933,21374756.342435054
2025-06-23,5849,20096659.748209,6131086.563469498,0,0,0,23,26,6,2,0,2730,6579.0,22542287.102614537,5869.0,20198594.166129943,6064.0,20829073.11809521,6117.0,21153043.61881905,6144.142857142857,334.1977601018666,21044711.367300462,6196.571428571428,309.32400595374935,21176281.474805422,6238.607142857143,319.31562689082585,21353638.0297289
2025-06-24,6014,20399065.54113601,6225802.341705972,0,0,1,24,26,6,2,0,2731,5849.0,20096659.748209,6028.0,20573578.782148764,6053.0,20671090.46982208,6132.0,20810380.36691084,6141.285714285715,337.0156842470888,21030149.30759747,6181.214285714285,321.5092243134196,21123966.23409927,6229.035714285715,327.01947865219176,21315910.03434997
2025-06-25,6035,20777959.99364901,6386188.367860431,0,0,2,25,26,6,2,0,2732,6014.0,20399065.54113601,6031.0,20569587.130190507,6046.0,20756935.86444002,6066.0,20974946.736690957,6139.285714285715,337.8405512889183,21005218.84459565,6178.428571428572,322.87166163980004,21104535.882050265,6224.821428571428,329.0701887947329,21301220.219143726
2025-06-26,6021,20459084.3151186,6267502.82792677,0,0,3,26,26,6,2,0,2733,6035.0,20777959.99364901,5965.0,20514445.719862662,6156.0,20869013.616950825,6048.0,20574015.06566216,6139.857142857143,337.6301865312179,21034986.396518294,6177.642857142857,323.2319022579583,21106037.60556519,6223.714285714285,329.6759191087116,21294184.9783208
2025-06-27,5886,20090022.559800677,6136811.273119235,0,0,4,27,26,6,2,0,2734,6021.0,20459084.3151186,5871.0,20005563.30163923,6060.0,20618131.62397269,6206.0,21136015.049714785,6147.857142857143,333.4338657921608,21027077.624412,6168.0,325.9296762280018,21076756.941148605,6222.75,330.24790071382444,21290080.30865853
2025-06-28,6551,22592300.143645626,6917335.239327337,0,0,5,28,26,6,2,1,2735,5886.0,20090022.559800677,6666.0,22908923.36851761,6650.0,22678274.49618841,6785.0,23357683.21628225,6150.0,331.40006034996696,21039143.232720774,6155.571428571428,333.59226939145225,21039034.865136318,6211.321428571428,336.3299805549133,21252723.434018735
2025-06-29,6518,22434675.21985244,6893458.151986783,0,0,6,29,26,6,2,1,2736,6551.0,22592300.143645626,6579.0,22542287.102614537,6714.0,22732441.88670349,6749.0,23281083.750245597,6133.571428571428,303.20832065470773,20993911.34345335,6148.5,323.1924289858654,21032893.839954693,6202.964285714285,324.23705115837424,21225388.324281715
2025-06-30,5810,19912466.697529927,6107454.6361998925,0,0,0,30,27,6,2,0,2737,6518.0,22434675.21985244,5849.0,20096659.748209,5869.0,20198594.166129943,5965.0,20275475.327950843,6124.857142857143,288.80756486590195,20978538.21734448,6134.5,300.2421458652741,21011624.792322475,6194.714285714285,312.55741483142054,21195159.448196243
2025-07-01,5873,20151088.227600355,6165877.088249991,0,0,1,1,27,7,3,0,2738,5810.0,19912466.697529927,6014.0,20399065.54113601,6028.0,20573578.782148764,6149.0,21018956.62933349,6119.285714285715,295.31887527755646,20952224.924390323,6130.285714285715,304.6373451956452,20991187.1159939,6189.178571428572,318.1000370918667,21182194.85425264
2025-07-02,5874,20194933.500484165,6221985.049006807,0,0,2,2,27,7,3,0,2739,5873.0,20151088.227600355,6035.0,20777959.99364901,6031.0,20569587.130190507,6104.0,20880926.854221944,6099.142857142857,308.2236355696512,20916799.593885235,6119.214285714285,311.3825691902867,20961009.219240446,6179.321428571428,323.6195816044625,21151199.554190747
2025-07-03,5811,20025097.988475997,6105164.262840314,0,0,3,3,27,7,3,0,2740,5874.0,20194933.500484165,6021.0,20459084.3151186,5965.0,20514445.719862662,6013.0,20537743.240646724,6076.142857142857,319.60466651334633,20833510.094861686,6108.0,317.56961683763376,20934248.245689988,6171.107142857143,328.4846621691603,21126699.791557252
2025-07-04,5882,19865467.36381293,6052287.870015971,0,0,4,4,27,7,3,0,2741,5811.0,20025097.988475997,5886.0,20090022.559800677,5871.0,20005563.30163923,6002.0,20683730.97853212,6046.142857142857,335.12257885303467,20771512.048198458,6097.0,325.47267402717887,20899294.836305227,6163.892857142857,334.2532128752462,21108391.03255116
2025-07-05,6442,21946315.74156657,6735797.631596136,0,0,5,5,27,7,3,1,2742,5882.0,19865467.36381293,6551.0,22592300.143645626,6666.0,22908923.36851761,6768.0,23364433.18909249,6045.571428571428,335.44441026929934,20739432.73448592,6097.785714285715,324.8978960490257,20889287.983603347,6159.607142857143,337.16248849888115,21079167.332025472
2025-07-06,6416,21817746.141711745,6689184.084277239,0,0,6,6,27,7,3,1,2743,6442.0,21946315.74156657,6518.0,22434675.21985244,6579.0,22542287.102614537,6825.0,23385490.161029957,6030.0,309.606739805999,20647149.248474628,6081.785714285715,299.2676133422159,20820530.29596399,6147.964285714285,320.59718375676533,21028520.280328117
2025-07-07,5719,19560746.105093677,6004123.830350841,0,0,0,7,28,7,3,0,2744,6416.0,21817746.141711745,5810.0,19912466.697529927,5849.0,20096659.748209,6064.0,20829073.11809521,6015.428571428572,284.1665340035413,20559016.523025956,6070.142857142857,281.0521049809592,20768777.370185222,6133.357142857143,297.060938290726,20972529.422495324
2025-07-08,5740,19621847.265603017,6009683.994916466,0,0,1,8,28,7,3,0,2745,5719.0,19560746.105093677,5873.0,20151088.227600355,6014.0,20399065.54113601,6053.0,20671090.46982208,6002.428571428572,296.92583649948625,20508770.72410649,6060.857142857143,290.8956612158881,20730497.82424841,6121.035714285715,307.0318456329412,20927232.02917384
2025-07-09,5768,19913498.336941827,6124780.765599704,0,0,2,9,28,7,3,0,2746,5740.0,19621847.265603017,5874.0,20194933.500484165,6035.0,20777959.99364901,6046.0,20756935.86444002,5983.428571428572,310.53172524062717,20433164.872392587,6041.285714285715,303.245883622532,20674982.23313891,6109.857142857143,315.19020880229476,20889759.05759459
2025-07-10,5830,19868214.003145013,6115791.566104585,0,0,3,10,28,7,3,0,2747,5768.0,19913498.336941827,5811.0,20025097.988475997,6021.0,20459084.3151186,6156.0,20869013.616950825,5968.285714285715,319.22025535441827,20392959.849029396,6022.214285714285,311.94283957927405,20613234.971945543,6099.928571428572,321.58979260691956,20859636.288755365
2025-07-11,5732,19615708.493545443,6010659.370380827,0,0,4,11,28,7,3,0,2748,5830.0,19868214.003145013,5882.0,19865467.36381293,5886.0,20090022.559800677,6060.0,20618131.62397269,5971.0,317.73731288592546,20370547.85112497,6008.571428571428,316.1483863595521,20571029.94966171,6088.285714285715,325.3637118264916,20823893.44540516
2025-07-12,6307,21601947.52811932,6577082.687747858,0,0,5,12,28,7,3,1,2749,5732.0,19615708.493545443,6442.0,21946315.74156657,6551.0,22592300.143645626,6650.0,22678274.49618841,5949.571428571428,329.5774350805211,20334868.01251533,5997.571428571428,323.33852569365956,20537150.373500623,6076.571428571428,332.25151434272885,20788092.619318474
2025-07-13,6398,21723200.284331717,6656801.541178082,0,0,6,13,28,7,3,1,2750,6307.0,21601947.52811932,6416.0,21817746.141711745,6518.0,22434675.21985244,6714.0,22732441.88670349,5930.285714285715,298.4385555328629,20285672.553451438,5980.142857142857,296.6909443907327,20466410.90096303,6064.321428571428,316.2648975933051,20749652.370458864
2025-07-14,5724,19612372.068389613,6016551.93034109,0,0,0,14,29,7,3,0,2751,6398.0,21723200.284331717,5719.0,19560746.105093677,5810.0,19912466.697529927,5869.0,20198594.166129943,5927.714285714285,293.59422921532666,20272166.002397146,5971.571428571428,281.2906283230326,20415591.26271155,6053.035714285715,297.29191068493424,20713608.027517013
2025-07-15,5651,19276338.88821294,5938689.592806246,0,0,1,15,29,7,3,0,2752,5724.0,19612372.068389613,5740.0,19621847.265603017,5873.0,20151088.227600355,6028.0,20573578.782148764,5928.428571428572,293.0073134142833,20279541.140010852,5965.428571428572,285.99024036209147,20394155.93205867,6047.857142857143,301.84441838473987,20692671.524026286
2025-07-16,5655,19248219.44649005,5875150.349453948,0,0,2,16,29,7,3,0,2753,5651.0,19276338.88821294,5768.0,19913498.336941827,5874.0,20194933.500484165,6031.0,20569587.130190507,5915.714285714285,304.2612442653117,20230182.800383694,5949.571428571428,297.4348575830426,20331673.83638814,6034.392857142857,311.03153815141843,20646341.52781429
2025-07-17,5741,19680350.04513568,5980440.252035476,0,0,3,17,29,7,3,0,2754,5655.0,19248219.44649005,5830.0,19868214.003145013,5811.0,20025097.988475997,5965.0,20514445.719862662,5899.571428571428,316.1691831613637,20135142.958890587,5933.928571428572,307.3100324491659,20264051.40395999,6020.964285714285,319.1931357916051,20599149.82482499
2025-07-18,5633,19340387.396612428,5897549.07574311,0,0,4,18,29,7,3,0,2755,5741.0,19680350.04513568,5732.0,19615708.493545443,5882.0,19865467.36381293,5871.0,20005563.30163923,5886.857142857143,321.18293259519305,20108305.250603538,5928.928571428572,310.0214544152612,20239426.550864253,6012.964285714285,323.42673131494706,20569360.69358474
2025-07-19,6356,21487834.80578439,6528172.1774942605,0,0,5,19,29,7,3,1,2756,5633.0,19340387.396612428,6307.0,21601947.52811932,6442.0,21946315.74156657,6666.0,22908923.36851761,5872.714285714285,331.16295801595544,20068973.665327396,5911.142857142857,319.9057210017088,20201920.83892136,6004.464285714285,330.34925201496844,20545604.411262356
2025-07-20,6413,21838386.14878453,6693783.276663365,0,0,6,20,29,7,3,1,2757,6356.0,21487834.80578439,6398.0,21723200.284331717,6416.0,21817746.141711745,6579.0,22542287.102614537,5879.714285714285,342.206426145405,20052671.847850975,5905.0,309.58731836472384,20169172.200651202,5993.392857142857,312.04479014746,20494851.248307593
2025-07-21,5570,18871006.70971169,5758615.646727137,0,0,0,21,30,7,3,0,2758,6413.0,21838386.14878453,5724.0,19612372.068389613,5719.0,19560746.105093677,5849.0,20096659.748209,5881.857142857143,346.01851037738123,20069126.971344233,5904.785714285715,309.2072191840895,20170646.486870687,5987.464285714285,301.919351770496,20469711.92852795
2025-07-22,5579,19118259.33835512,5830506.8458516,0,0,1,22,30,7,3,0,2759,5570.0,18871006.70971169,5651.0,19276338.88821294,5740.0,19621847.265603017,6014.0,20399065.54113601,5859.857142857143,362.24320953900036,19963217.634390242,5894.142857142857,318.5179277994007,20121379.387200546,5977.5,311.12204345866894,20425938.605724476
2025-07-23,5604,19240147.30906209,5935727.431223961,0,0,2,23,30,7,3,0,2760,5579.0,19118259.33835512,5655.0,19248219.44649005,5768.0,19913498.336941827,6035.0,20777959.99364901,5849.571428571428,370.0990214986516,19940634.841553412,5882.642857142857,327.29676186852964,20085408.820968557,5961.964285714285,319.96695224518606,20380195.527053732
2025-07-24,5561,18861011.16891647,5742426.575412679,0,0,3,24,30,7,3,0,2761,5604.0,19240147.30906209,5741.0,19680350.04513568,5830.0,19868214.003145013,6021.0,20459084.3151186,5842.285714285715,375.03676010298693,19939481.679063704,5870.928571428572,334.5696349929206,20037312.318977144,5946.571428571428,326.6212472473468,20325273.645461343
2025-07-25,5534,19179348.34511809,5890807.005155786,0,0,4,25,30,7,3,0,2762,5561.0,18861011.16891647,5633.0,19340387.396612428,5732.0,19615708.493545443,5886.0,20090022.559800677,5816.571428571428,389.04792213075837,19822433.268175244,5851.714285714285,344.6727385553628,19965369.259389393,5930.142857142857,334.2192354644947,20268199.604525555
2025-07-26,6183,21101460.842470154,6413799.145008064,0,0,5,26,30,7,3,1,2763,5534.0,19179348.34511809,6356.0,21487834.80578439,6307.0,21601947.52811932,6551.0,22592300.143645626,5802.428571428572,398.517610293775,19799427.68939034,5837.571428571428,353.9014887454155,19934200.677358866,5917.571428571428,342.4596681926193,20235675.525429748
2025-07-27,6145,20952822.35430572,6415894.89840792,0,0,6,27,30,7,3,1,2764,6183.0,21101460.842470154,6413.0,21838386.14878453,6398.0,21723200.284331717,6518.0,22434675.21985244,5777.714285714285,362.1729394850124,19744231.40891688,5828.714285714285,342.6212146135365,19898451.628383927,5904.428571428572,323.8030298134612,20182431.26467348
2025-07-28,5522,18851679.98142177,5780955.001823663,0,0,0,28,31,7,3,0,2765,6145.0,20952822.35430572,5570.0,18871006.70971169,5724.0,19612372.068389613,5810.0,19912466.697529927,5739.428571428572,290.99419074544596,19617722.295419905,5810.642857142857,315.9161541983506,19843424.63338207,5891.107142857143,304.73684327755535,20129507.94804681
2025-07-29,5458,18577971.277050048,5745072.585087366,0,0,1,29,31,7,3,0,2766,5522.0,18851679.98142177,5579.0,19118259.33835512,5651.0,19276338.88821294,5873.0,20151088.227600355,5732.571428571428,296.1716040534562,19614961.33423563,5796.214285714285,324.66934151324153,19789089.48431294,5880.821428571428,312.34134385210865,20091622.708185803
2025-07-30,5561,18950839.27222644,5759395.567710177,0,0,2,30,31,7,3,0,2767,5458.0,18577971.277050048,5604.0,19240147.30906209,5655.0,19248219.44649005,5874.0,20194933.500484165,5715.285714285715,309.8438931062172,19537777.32547776,5782.428571428572,335.2350987419618,19739206.08351559,5866.0,322.41036652753763,20035439.95995186
2025-07-31,5622,19346560.16113015,5909435.612270393,0,0,3,31,31,7,3,0,2768,5561.0,18950839.27222644,5561.0,18861011.16891647,5741.0,19680350.04513568,5811.0,20025097.988475997,5709.142857142857,312.82978788864614,19496447.605929814,5775.714285714285,338.9048944357242,19717964.64249676,5854.821428571428,327.50855839211744,19991008.023228373
2025-08-01,6614,20266041.42915956,4591317.550940564,400,0,4,1,31,8,3,0,2769,5622.0,19346560.16113015,5534.0,19179348.34511809,5633.0,19340387.396612428,5882.0,19865467.36381293,5717.857142857143,308.83945590514867,19565811.747674625,5767.214285714285,341.32618700303146,19694122.507924937,5848.071428571428,330.38024429448456,19966774.529394593
2025-08-02,7391,22821308.824602246,5196391.595955469,400,0,5,2,31,8,3,1,2770,6614.0,20266041.42915956,6183.0,21101460.842470154,6356.0,21487834.80578439,6442.0,21946315.74156657,5872.142857142857,442.51758103354763,19721053.616823405,5837.285714285715,406.18666201090633,19760240.653106872,5874.214285714285,360.7317005592053,19981080.746014114
2025-08-03,7337,22387974.36373776,5077356.813184264,400,0,6,3,31,8,3,1,2771,7391.0,22821308.824602246,6145.0,20952822.35430572,6413.0,21838386.14878453,6416.0,21817746.141711745,6044.714285714285,727.6399554462847,19966746.185699422,5911.214285714285,569.2968913927104,19855488.797308147,5908.107142857143,449.6720071575937,20012330.498979677
2025-08-04,6591,20120359.28718649,4594562.620566291,400,0,0,4,32,8,3,0,2772,7337.0,22387974.36373776,5522.0,18851679.98142177,5570.0,18871006.70971169,5719.0,19560746.105093677,6215.0,878.7988013950028,20171767.90133257,5977.214285714285,675.583984253748,19894745.098376237,5941.0,516.8644066046611,20032695.792623464
2025-08-05,6621,20475469.239107598,4720163.881071261,400,0,1,5,32,8,3,0,2773,6591.0,20120359.28718649,5458.0,18577971.277050048,5579.0,19118259.33835512,5740.0,19621847.265603017,6367.714285714285,829.8192000441177,20353007.8021561,6050.142857142857,683.3080009598658,19983984.56819587,5972.142857142857,529.1179742626431,20052681.977698207
2025-08-06,6519,20192506.280890737,4673822.752139136,400,0,2,6,32,8,3,0,2774,6621.0,20475469.239107598,5561.0,18950839.27222644,5604.0,19240147.30906209,5768.0,19913498.336941827,6533.857142857143,727.432569285354,20624078.939592894,6124.571428571428,684.7894358330234,20080928.13253533,6003.607142857143,540.8663379270488,20083168.476751942
2025-08-07,6385,19889044.76195434,4554438.090549705,400,0,3,7,32,8,3,0,2775,6519.0,20192506.280890737,5622.0,19346560.16113015,5561.0,18861011.16891647,5830.0,19868214.003145013,6670.714285714285,591.2711488213465,20801459.940830648,6189.928571428572,674.876223897651,20148953.77338023,6030.428571428572,547.332211974154,20093133.04617869
2025-08-08,5468,18486070.89411697,5642855.51013374,0,0,4,8,32,8,3,0,2776,6385.0,19889044.76195434,6614.0,20266041.42915956,5534.0,19179348.34511809,5732.0,19615708.493545443,6779.714285714285,407.4868972476427,20878957.740948386,6248.785714285715,651.3274231044192,20222384.744311508,6050.25,549.848708147815,20093877.00185045
2025-08-09,5937,20321784.316626936,6164561.157021698,0,0,5,9,32,8,3,1,2777,5468.0,18486070.89411697,7391.0,22821308.824602246,6183.0,21101460.842470154,6307.0,21601947.52811932,6616.0,645.7282710242333,20624676.235942308,6244.071428571428,657.1121510981292,20172864.92638286,6040.821428571428,557.7152501631274,20053532.80187086
2025-08-10,5964,20448337.25272528,6299362.069115208,0,0,6,10,32,8,3,1,2778,5937.0,20321784.316626936,7337.0,22387974.36373776,6145.0,20952822.35430572,6398.0,21723200.284331717,6408.285714285715,585.9734676261872,20267601.30623155,6226.5,662.1406717841019,20117173.74596548,6027.607142857143,555.5540670614711,20007812.687174704
2025-08-11,5477,18521164.8325071,5655015.04188347,0,0,0,11,33,8,3,0,2779,5964.0,20448337.25272528,6591.0,20120359.28718649,5522.0,18851679.98142177,5724.0,19612372.068389613,6212.142857142857,433.15987370766106,19990510.29037262,6213.571428571428,665.6123512959592,20081139.09585259,6012.107142857143,550.8719243019177,19962281.86461733
2025-08-12,5431,18604669.23895696,5690796.696699787,0,0,1,12,33,8,3,0,2780,5477.0,18521164.8325071,6621.0,20475469.239107598,5458.0,18577971.277050048,5651.0,19276338.88821294,6053.0,473.5296541224211,19762053.93970414,6210.357142857143,669.3072891076869,20057530.870930117,6003.285714285715,557.5930984974927,19923310.177621525
2025-08-13,5276,17989581.18361207,5552392.053507369,0,0,2,13,33,8,3,0,2781,5431.0,18604669.23895696,6519.0,20192506.280890737,5561.0,18950839.27222644,5655.0,19248219.44649005,5883.0,448.5796101771002,19494796.796825472,6208.428571428572,671.6766294173322,20059437.868209183,5995.428571428572,564.2513511738885,19899321.975862384
2025-08-14,5397,18412125.209528103,5668347.064502612,0,0,3,14,33,8,3,0,2782,5276.0,17989581.18361207,6385.0,19889044.76195434,5622.0,19346560.16113015,5741.0,19680350.04513568,5705.428571428572,398.0313459778405,19180093.21149995,6188.071428571428,696.6624239665636,19990776.5761653,5981.892857142857,577.1194330007108,19854370.60933103
2025-08-15,5874,19807713.319227945,6069195.791913849,0,1,4,15,33,8,3,0,2783,5397.0,18412125.209528103,5468.0,18486070.89411697,6614.0,20266041.42915956,5633.0,19340387.396612428,5564.285714285715,272.1627664258202,18969104.70401049,6172.0,713.1264857059515,19924031.22247944,5969.607142857143,586.030231762539,19809076.86520219
2025-08-16,5955,20080671.474826336,6097952.911041102,0,0,5,16,33,8,3,1,2784,5874.0,19807713.319227945,5937.0,20321784.316626936,7391.0,22821308.824602246,6356.0,21487834.80578439,5622.285714285715,290.8434368554442,19157910.764740627,6119.142857142857,705.2259711111112,19891293.500341468,5978.214285714285,582.6634475592796,19825767.07672417
2025-08-17,5881,19921365.557150222,6068223.078177232,0,0,6,17,33,8,3,1,2785,5955.0,20080671.474826336,5964.0,20448337.25272528,7337.0,22387974.36373776,6413.0,21838386.14878453,5624.857142857143,294.15043122602776,19123466.073054828,6016.571428571428,603.0370207139815,19695533.689643186,5963.892857142857,577.9428614129375,19775511.243475668
2025-08-18,5304,18123941.47501372,5541203.338411182,0,0,0,18,34,8,3,0,2786,5881.0,19921365.557150222,5477.0,18521164.8325071,6591.0,20120359.28718649,5570.0,18871006.70971169,5613.0,279.5096897544859,19048184.402258392,5912.571428571428,468.29653890628117,19519347.346315507,5944.892857142857,571.3386061785311,19707046.22234587
2025-08-19,5329,18182407.28858743,5579329.599327928,0,0,1,19,34,8,3,0,2787,5304.0,18123941.47501372,5431.0,18604669.23895696,6621.0,20475469.239107598,5579.0,19118259.33835512,5588.285714285715,300.4062328945391,18991438.208330765,5820.642857142857,450.8712262246535,19376746.074017454,5935.392857142857,579.9496363373331,19680365.32110666
2025-08-20,5321,18162570.59990762,5520592.026501593,0,0,2,20,34,8,3,0,2788,5329.0,18182407.28858743,5276.0,17989581.18361207,6519.0,20192506.280890737,5604.0,19240147.30906209,5573.714285714285,311.5732735038239,18931115.07256369,5728.357142857143,404.2667830382534,19212955.934694584,5926.464285714285,587.5147583421337,19646942.033614956
2025-08-21,5341,18089202.637272768,5521539.406375983,0,0,3,21,34,8,3,0,2789,5321.0,18162570.59990762,5397.0,18412125.209528103,6385.0,19889044.76195434,5561.0,18861011.16891647,5580.142857142857,304.7974346848408,18955827.846320197,5642.785714285715,346.7342539425766,19067960.528910074,5916.357142857143,595.6456325506757,19608457.151145153
2025-08-22,5323,18129565.67053445,5513439.221486358,0,0,4,22,34,8,3,0,2790,5341.0,18089202.637272768,5874.0,19807713.319227945,5468.0,18486070.89411697,5534.0,19179348.34511809,5572.142857142857,311.07578314154705,18909696.050283723,5568.214285714285,280.8312328047911,18939400.377147105,5908.5,601.9246599835162,19580892.560729306
2025-08-23,5911,20250954.789849557,6173797.695568707,0,0,5,23,34,8,3,1,2791,5323.0,18129565.67053445,5955.0,20080671.474826336,5937.0,20321784.316626936,6183.0,21101460.842470154,5493.428571428572,291.0302717031445,18669960.671898935,5557.857142857143,287.4082749043504,18913935.71831978,5900.964285714285,608.0761698232008,19543400.322351318
2025-08-24,5796,19805885.987337574,6038758.157012222,0,0,6,24,34,8,3,1,2792,5911.0,20250954.789849557,5881.0,19921365.557150222,5964.0,20448337.25272528,6145.0,20952822.35430572,5487.142857142857,279.6524203193377,18694286.859759394,5556.0,284.8424665832135,18908876.466407113,5891.25,605.571149136617,19513025.106186297
2025-08-25,5215,17573523.243644413,5340386.46862636,0,0,0,25,35,8,3,0,2793,5796.0,19805885.987337574,5304.0,18123941.47501372,5477.0,18521164.8325071,5522.0,18851679.98142177,5475.0,260.9182502879419,18677789.77835759,5544.0,269.4550055203635,18862987.09030799,5878.785714285715,603.7437742730949,19472063.093080293
2025-08-26,5236,17819684.68960806,5430448.749474801,0,0,1,26,35,8,3,0,2794,5215.0,17573523.243644413,5329.0,18182407.28858743,5431.0,18604669.23895696,5458.0,18577971.277050048,5462.285714285715,272.54890343183007,18599158.602447685,5525.285714285715,283.2132734208244,18795298.405389227,5867.821428571428,613.1770968622192,19426414.638159674
2025-08-27,5237,17853250.383818466,5441514.080801373,0,0,2,27,35,8,3,0,2795,5236.0,17819684.68960806,5321.0,18162570.59990762,5276.0,17989581.18361207,5561.0,18950839.27222644,5449.0,282.2239063816567,18547341.08830778,5511.357142857143,292.8385239323584,18739228.080435734,5859.892857142857,620.0690128427708,19399332.97432246
2025-08-28,5239,17816515.879954603,5414171.178317206,0,0,3,28,35,8,3,0,2796,5237.0,17853250.383818466,5341.0,18089202.637272768,5397.0,18412125.209528103,5622.0,19346560.16113015,5437.0,290.2452985550716,18503152.486009326,5508.571428571428,295.423741112945,18729490.16616476,5848.321428571428,628.8148790513629,19360133.37116503
2025-08-29,5278,17884142.691607002,5450720.647501888,0,0,4,29,35,8,3,0,2797,5239.0,17816515.879954603,5323.0,18129565.67053445,5874.0,19807713.319227945,6614.0,20266041.42915956,5422.428571428572,298.31630704272425,18464197.234963875,5497.285714285715,302.9362534038405,18686946.642623797,5834.642857142857,638.0187048393225,19305488.93255162
2025-08-30,5807,19808000.44354686,6058683.713278783,0,0,5,30,35,8,3,1,2798,5278.0,17884142.691607002,5911.0,20250954.789849557,5955.0,20080671.474826336,7391.0,22821308.824602246,5416.0,301.2861319963524,18429136.809402812,5454.714285714285,287.40414551138247,18549548.74065087,5786.928571428572,627.4445484468267,19220421.120496172
2025-08-31,5845,19682257.332200453,5992595.591939861,0,0,6,31,35,8,3,1,2799,5807.0,19808000.44354686,5796.0,19805885.987337574,5881.0,19921365.557150222,7337.0,22387974.36373776,5401.142857142857,274.15046268512293,18365857.617073856,5444.142857142857,269.76766560612697,18530072.238416623,5730.357142857143,543.2170437437876,19112802.964029904
2025-09-01,5149,17624729.100776926,5351594.586056342,0,0,0,1,36,9,3,0,2800,5845.0,19682257.332200453,5215.0,17573523.243644413,5304.0,18123941.47501372,6591.0,20120359.28718649,5408.142857142857,286.2705180835079,18348196.38062569,5441.571428571428,265.4197587815087,18512993.07949164,5677.071428571428,443.8730155891884,19016170.21290357
2025-09-02,5194,17921112.33092225,5477303.3616212085,0,0,1,2,36,9,3,0,2801,5149.0,17624729.100776926,5236.0,17819684.68960806,5329.0,18182407.28858743,6621.0,20475469.239107598,5398.714285714285,294.6561353429264,18355511.503073197,5430.5,274.67120204119664,18477335.052760445,5625.571428571428,416.7314997179013,18927040.563388947
2025-09-03,5138,17523408.267374314,5361289.677308144,0,0,2,3,36,9,3,0,2802,5194.0,17921112.33092225,5237.0,17853250.383818466,5321.0,18162570.59990762,6519.0,20192506.280890737,5392.714285714285,298.91844723139656,18370001.166118078,5420.857142857143,280.8097787971764,18458671.12721293,5574.607142857143,375.7268845836461,18835813.530953757
2025-09-04,5089,17190051.816243544,5212410.916301855,0,0,3,4,36,9,3,0,2803,5138.0,17523408.267374314,5239.0,17816515.879954603,5341.0,18089202.637272768,6385.0,19889044.76195434,5378.571428571428,309.66264285661583,18322880.863768917,5407.785714285715,289.92682858620395,18413016.67488912,5525.285714285715,335.6720022904594,18740488.601899598
2025-09-05,5191,17684772.592957925,5408150.097939997,0,0,4,5,36,9,3,0,2804,5089.0,17190051.816243544,5278.0,17884142.691607002,5323.0,18129565.67053445,5468.0,18486070.89411697,5357.142857142857,325.7050959438645,18233385.997524478,5389.785714285715,301.96489316356974,18348791.616244175,5479.0,300.2156015389651,18644095.99669564
2025-09-06,5714,19206982.349635817,5853996.916011333,0,0,5,6,36,9,3,1,2805,5191.0,17684772.592957925,5807.0,19808000.44354686,5911.0,20250954.789849557,5937.0,20321784.316626936,5344.714285714285,330.8477566725079,18204904.554860324,5380.357142857143,306.24113353389004,18317020.68213157,5469.107142857143,305.11544133274907,18615478.200225674
2025-09-07,5795,19570555.51282759,5983094.064231417,0,0,6,7,36,9,3,1,2806,5714.0,19206982.349635817,5845.0,19682257.332200453,5796.0,19805885.987337574,5964.0,20448337.25272528,5331.428571428572,310.4270484042036,18119044.827158745,5366.285714285715,283.67788573862043,18242451.2221163,5461.142857142857,295.1992063481328,18575663.844261706
2025-09-08,5023,17085427.450710155,5167367.938036664,0,0,0,8,37,9,3,0,2807,5795.0,19570555.51282759,5149.0,17624729.100776926,5215.0,17573523.243644413,5477.0,18521164.8325071,5324.285714285715,296.9218271339531,18103087.424391195,5366.214285714285,283.5614649341397,18225641.902508445,5455.107142857143,286.12511369648604,18544314.496408217
2025-09-09,5111,17461250.31578027,5318936.367381528,0,0,1,9,37,9,3,0,2808,5023.0,17085427.450710155,5194.0,17921112.33092225,5236.0,17819684.68960806,5431.0,18604669.23895696,5306.285714285715,312.7180382206402,18026044.331524514,5352.5,295.815626050039,18190777.917298857,5438.892857142857,297.4770877309122,18493038.16134404
2025-09-10,5110,17270117.464717284,5256077.8936779285,0,0,2,10,37,9,3,0,2809,5111.0,17461250.31578027,5138.0,17523408.267374314,5237.0,17853250.383818466,5276.0,17989581.18361207,5294.428571428572,319.19161285077723,17960349.757932805,5343.571428571428,301.43546682388444,18165175.46202544,5427.464285714285,303.86979206413093,18452201.771230586
2025-09-11,5154,17522652.32310039,5312128.541963132,0,0,3,11,37,9,3,0,2810,5110.0,17270117.464717284,5089.0,17190051.816243544,5239.0,17816515.879954603,5397.0,18412125.209528103,5290.428571428572,321.644657524854,17924165.357553225,5334.5,306.75340885823414,18123523.11066107,5421.535714285715,308.51814066873123,18426506.638412915
2025-09-12,5055,17014952.91628277,5188829.5798511645,0,0,4,12,37,9,3,0,2811,5154.0,17522652.32310039,5191.0,17684772.592957925,5278.0,17884142.691607002,5874.0,19807713.319227945,5299.714285714285,315.7444717308064,17971679.715675633,5328.428571428572,309.61681386605113,18102532.856600057,5412.857142857143,312.62434140030933,18394739.749611925
2025-09-13,5770,19557473.228791405,5920950.366374798,0,0,5,13,37,9,3,1,2812,5055.0,17014952.91628277,5714.0,19206982.349635817,5807.0,19808000.44354686,5955.0,20080671.474826336,5280.285714285715,327.5137219953285,17875991.190436326,5312.5,318.0325938787177,18040447.872648325,5383.607142857143,306.12698155500533,18294998.3066496
2025-09-14,5721,19303922.476229373,5912162.759320193,0,0,6,14,37,9,3,1,2813,5770.0,19557473.228791405,5795.0,19570555.51282759,5845.0,19682257.332200453,5881.0,19921365.557150222,5288.285714285715,340.307563970055,17926061.31602998,5309.857142857143,313.7318446215894,18022553.071594365,5377.0,295.1370052227472,18276312.655005492
2025-09-15,5054,17012209.354993217,5184587.592675968,0,0,0,15,38,9,3,0,2814,5721.0,19303922.476229373,5023.0,17085427.450710155,5149.0,17624729.100776926,5304.0,18123941.47501372,5277.714285714285,322.63380391485146,17887970.882230233,5301.0,298.8596274558883,17995529.153310716,5371.285714285715,286.43813334262,18254261.116401177
2025-09-16,5121,17342317.893419784,5276204.571287316,0,0,1,16,38,9,3,0,2815,5054.0,17012209.354993217,5111.0,17461250.31578027,5194.0,17921112.33092225,5329.0,18182407.28858743,5282.142857142857,318.7441129241524,17877511.154270675,5294.214285714285,303.61695973998906,17951777.742897592,5362.357142857143,292.44654013337134,18214556.39782902
2025-09-17,4999,17169968.42906568,5212129.734469452,0,0,2,17,38,9,3,0,2816,5121.0,17342317.893419784,5110.0,17270117.464717284,5138.0,17523408.267374314,5321.0,18162570.59990762,5283.571428571428,317.8704438094462,17860520.808219172,5289.0,306.0872173341789,17910435.28307599,5354.928571428572,295.94605721832124,18184553.205144458
2025-09-18,5016,17058382.26721346,5184506.569782316,0,0,3,18,38,9,3,0,2817,4999.0,17169968.42906568,5154.0,17522652.32310039,5089.0,17190051.816243544,5341.0,18089202.637272768,5267.714285714285,330.4904004080913,17846213.80312609,5279.071428571428,313.5259685688411,17885189.58033966,5343.428571428572,303.47376829361986,18149103.127614386
2025-09-19,5041,17061204.127019387,5186957.557985118,0,0,4,19,38,9,3,0,2818,5016.0,17058382.26721346,5055.0,17014952.91628277,5191.0,17684772.592957925,5323.0,18129565.67053445,5248.0,342.3088274253671,17779889.509427957,5273.857142857143,317.5119276118955,17875784.612551797,5331.821428571428,309.7210278288628,18112288.114397984
2025-09-20,5594,18902394.52440388,5774712.434393166,0,0,5,20,38,9,3,1,2819,5041.0,17061204.127019387,5770.0,19557473.228791405,5714.0,19206982.349635817,5911.0,20250954.789849557,5246.0,343.66262525912896,17786496.82524747,5263.142857142857,323.00627694373543,17831244.007841896,5321.75,314.56561760271956,18074132.344986733
2025-09-21,5587,19087366.878104623,5819706.33269704,0,0,6,21,38,9,3,1,2820,5594.0,18902394.52440388,5721.0,19303922.476229373,5795.0,19570555.51282759,5796.0,19805885.987337574,5220.857142857143,302.9650301995379,17692914.15319211,5254.571428571428,311.5094057811235,17809487.734611046,5310.428571428572,297.8320964435512,18025969.478363674
2025-09-22,5020,17059230.410553955,5217472.690867767,0,0,0,22,39,9,3,0,2821,5587.0,19087366.878104623,5054.0,17012209.354993217,5023.0,17085427.450710155,5215.0,17573523.243644413,5201.714285714285,268.35282390024537,17661977.63917429,5239.714285714285,287.81014804673094,17774974.260702264,5302.964285714285,287.6571367216217,18000308.081605352
2025-09-23,4973,16915388.82572012,5177951.730045211,0,0,1,23,39,9,3,0,2822,5020.0,17059230.410553955,5121.0,17342317.893419784,5111.0,17461250.31578027,5236.0,17819684.68960806,5196.857142857143,271.7581207443015,17668694.932825822,5239.5,287.9849755696398,17773103.04354825,5296.0,292.1904503218116,17981940.48042355
2025-09-24,4972,16741215.643590366,5095740.716358393,0,0,2,24,39,9,3,0,2823,4973.0,16915388.82572012,4999.0,17169968.42906568,5110.0,17270117.464717284,5237.0,17853250.383818466,5175.714285714285,284.1195254851445,17607705.066011585,5229.642857142857,294.99794188144153,17734112.937115382,5286.607142857143,298.352927883612,17949644.19957041
2025-09-25,4935,16656620.096199645,5060321.524458223,0,0,3,25,39,9,3,0,2824,4972.0,16741215.643590366,5016.0,17058382.26721346,5154.0,17522652.32310039,5239.0,17816515.879954603,5171.857142857143,287.08618251402356,17546454.66808654,5219.785714285715,301.5363681526371,17696334.235606316,5277.142857142857,304.1320028084512,17909928.673133694
2025-09-26,5050,17301486.12908861,5228538.4583487725,0,0,4,26,39,9,3,0,2825,4935.0,16656620.096199645,5041.0,17061204.127019387,5055.0,17014952.91628277,5278.0,17884142.691607002,5160.285714285715,295.91198820241164,17489060.072227426,5204.142857142857,310.7514111962199,17634474.790827688,5266.285714285715,310.89510641978956,17868503.823713873
2025-09-27,5590,18967534.78466061,5795019.310042473,0,0,5,27,39,9,3,1,2826,5050.0,17301486.12908861,5594.0,18902394.52440388,5770.0,19557473.228791405,5807.0,19808000.44354686,5161.571428571428,295.32629250985843,17523386.07252303,5203.785714285715,310.9388212324945,17654941.44888525,5258.142857142857,313.5514269693295,17847694.660766788
2025-09-28,5607,18819312.31826484,5756280.938350208,0,0,6,28,39,9,3,1,2827,5590.0,18967534.78466061,5587.0,19087366.878104623,5721.0,19303922.476229373,5845.0,19682257.332200453,5161.0,294.35239651365634,17532691.823988277,5190.928571428572,288.6476330129171,17612802.988590192,5250.392857142857,301.95012333849564,17817678.030092277
2025-09-29,4991,16872639.27246277,5111171.862147508,0,0,0,29,40,9,3,0,2828,5607.0,18819312.31826484,5020.0,17059230.410553955,5054.0,17012209.354993217,5149.0,17624729.100776926,5163.857142857143,299.2331468779411,17494398.315439735,5182.785714285715,273.76834074744403,17578187.97730701,5241.892857142857,287.6007184977628,17786858.565308865
2025-09-30,4938,16847170.774037916,5157417.343022194,0,0,1,30,40,9,3,0,2829,4991.0,16872639.27246277,4973.0,16915388.82572012,5121.0,17342317.893419784,5194.0,17921112.33092225,5159.714285714285,301.746976944654,17467742.438569568,5178.285714285715,276.5516862447954,17568218.685697697,5236.25,291.02050646851603,17759998.214297645
2025-10-01,4947,16946775.70811513,5126137.08281513,0,0,2,1,40,10,4,0,2830,4938.0,16847170.774037916,4972.0,16741215.643590366,4999.0,17169968.42906568,5138.0,17523408.267374314,5154.714285714285,305.62161479282037,17457997.002614964,5165.214285714285,283.7000524854118,17532851.034313273,5227.107142857143,296.3691815944239,17721643.158694632
2025-10-02,5361,18016558.97047196,5474210.902520329,0,1,3,2,40,10,4,0,2831,4947.0,16946775.70811513,4935.0,16656620.096199645,5016.0,17058382.26721346,5089.0,17190051.816243544,5151.142857142857,308.24742690000835,17487362.7261185,5161.5,286.37139683125275,17516908.69710252,5220.285714285715,300.66307673921784,17701049.13872109
2025-10-03,4950,16679109.557060812,5127319.81921946,0,0,4,3,40,10,4,0,2832,5361.0,18016558.97047196,5050.0,17301486.12908861,5041.0,17061204.127019387,5191.0,17684772.592957925,5212.0,300.415268142834,17681639.708157405,5186.142857142857,287.7284663179407,17585349.890192416,5230.0,300.6582901025915,17730567.251372103
2025-10-04,5563,18897490.76116877,5765011.115638752,0,0,5,4,40,10,4,1,2833,4950.0,16679109.557060812,5590.0,18967534.78466061,5594.0,18902394.52440388,5714.0,19206982.349635817,5197.714285714285,311.5732735038466,17592728.769296292,5179.642857142857,292.25189533974765,17558057.42090966,5221.392857142857,305.23097984675167,17694650.71437578
2025-10-05,5542,18752500.186809536,5672668.658256608,0,0,6,5,40,10,4,1,2834,5563.0,18897490.76116877,5607.0,18819312.31826484,5587.0,19087366.878104623,5795.0,19570555.51282759,5193.857142857143,306.02528684812046,17582722.48022603,5177.428571428572,288.96997828780246,17557707.152107153,5216.0,297.43969198877556,17683597.4433591
2025-10-06,4913,16713005.48538924,5101316.432510866,0,0,0,6,41,10,4,0,2835,5542.0,18752500.186809536,4991.0,16872639.27246277,5020.0,17059230.410553955,5023.0,17085427.450710155,5184.571428571428,292.0678329560064,17573177.890018128,5174.214285714285,284.27591650243886,17533788.102728933,5206.964285714285,282.67563955136796,17654381.181715596
2025-10-07,4890,16557430.24703797,5026087.123116936,0,0,1,7,41,10,4,0,2836,4913.0,16713005.48538924,4938.0,16847170.774037916,4973.0,16915388.82572012,5111.0,17461250.31578027,5173.428571428572,302.0026805305179,17550373.063293338,5166.571428571428,290.11926308536,17509057.750931453,5203.035714285715,286.0710196907163,17641080.397239853
2025-10-08,4898,16510194.71637174,5020424.198564209,0,0,2,8,41,10,4,0,2837,4890.0,16557430.24703797,4947.0,16946775.70811513,4972.0,16741215.643590366,5110.0,17270117.464717284,5166.571428571428,308.7096031023628,17508981.559436202,5160.642857142857,295.18302201095923,17483489.281025585,5195.142857142857,291.6978033266907,17608801.109070484
2025-10-09,4836,16375164.991617216,4968741.510112502,0,0,3,9,41,10,4,0,2838,4898.0,16510194.71637174,5361.0,18016558.97047196,4935.0,16656620.096199645,5154.0,17522652.32310039,5159.571428571428,315.0094480820408,17446612.846330006,5155.357142857143,299.4524765539469,17466987.786224253,5187.571428571428,296.69817917172685,17581661.010915287
2025-10-10,4863,16441210.557245266,4993877.367460134,0,0,4,10,41,10,4,0,2839,4836.0,16375164.991617216,4950.0,16679109.557060812,5050.0,17301486.12908861,5055.0,17014952.91628277,5084.571428571428,321.49020573099085,17212127.992207896,5148.285714285715,306.15039757294596,17446883.850182652,5176.214285714285,304.02660180185507,17540679.320505172
2025-10-11,5414,18274723.24296836,5535441.71916599,0,0,5,11,41,10,4,1,2840,4863.0,16441210.557245266,5563.0,18897490.76116877,5590.0,18967534.78466061,5770.0,19557473.228791405,5072.142857142857,329.1501321947364,17178142.420805674,5134.928571428572,314.72759021726074,17385435.595050983,5169.357142857143,308.9865410332495,17520188.52196812
2025-10-12,5562,18854216.660389166,5708411.330203613,0,0,6,12,41,10,4,1,2841,5414.0,18274723.24296836,5542.0,18752500.186809536,5607.0,18819312.31826484,5721.0,19303922.476229373,5050.857142857143,295.1815422026699,17089175.63249133,5122.357142857143,298.234963420794,17335949.056358684,5156.642857142857,290.1030741836489,17474376.022474438
2025-10-13,4925,16639689.70664044,5073448.502692689,0,0,0,13,42,10,4,0,2842,5562.0,18854216.660389166,4913.0,16713005.48538924,4991.0,16872639.27246277,5054.0,17012209.354993217,5053.714285714285,300.771626701348,17103706.557288423,5119.142857142857,292.80286283355497,17338442.223653276,5150.964285714285,280.02823695490747,17458315.100480143
2025-10-14,4887,16485168.910375526,5004382.339950731,0,0,1,14,42,10,4,0,2843,4925.0,16639689.70664044,4890.0,16557430.24703797,4938.0,16847170.774037916,5121.0,17342317.893419784,5055.428571428572,299.86878082636287,17093232.87461002,5114.428571428572,295.54323236679215,17321802.96895168,5146.357142857143,282.7307598046118,17445010.82732469
2025-10-15,4900,16644400.840773871,5054305.810546093,0,0,2,15,42,10,4,0,2844,4887.0,16485168.910375526,4898.0,16510194.71637174,4947.0,16946775.70811513,4999.0,17169968.42906568,5055.0,300.1466308323376,17082909.826515388,5110.785714285715,298.1876483464454,17295945.692975797,5138.0,286.9351455952873,17414398.363644537
2025-10-16,4903,16670043.847295308,5060728.725448527,0,0,3,16,42,10,4,0,2845,4900.0,16644400.840773871,4836.0,16375164.991617216,5361.0,18016558.97047196,5016.0,17058382.26721346,5055.285714285715,299.9731734037367,17102082.130001407,5107.428571428572,300.4296191189646,17274347.488165706,5134.464285714285,289.3115048272501,17395628.092634115
2025-10-17,4816,16485203.355108395,5000250.380804697,0,0,4,17,42,10,4,0,2846,4903.0,16670043.847295308,4863.0,16441210.557245266,4950.0,16679109.557060812,5041.0,17061204.127019387,5064.857142857143,292.7931172753429,17144207.680812564,5074.714285714285,295.5910450843844,17178167.83651023,5130.428571428572,291.8026259079651,17381758.863351323
2025-10-18,5549,18859528.51494731,5706794.299130346,0,0,5,18,42,10,4,1,2847,4816.0,16485203.355108395,5414.0,18274723.24296836,5563.0,18897490.76116877,5594.0,18902394.52440388,5058.142857142857,298.6734161652372,17150492.36622158,5065.142857142857,302.0391867451701,17164317.393513627,5122.392857142857,297.4008816253679,17361187.407211643
2025-10-19,5461,18426435.09873561,5613826.526214751,0,0,6,19,42,10,4,1,2848,5549.0,18859528.51494731,5562.0,18854216.660389166,5542.0,18752500.186809536,5587.0,19087366.878104623,5077.428571428572,328.3640546420316,17234035.97650429,5064.142857142857,300.28213839217295,17161605.804497812,5120.785714285715,294.8687538729626,17359656.478302483
2025-10-20,4797,16250858.678909674,4944874.153414415,0,0,0,20,43,10,4,0,2849,5461.0,18426435.09873561,4925.0,16639689.70664044,4913.0,16713005.48538924,5020.0,17059230.410553955,5063.0,304.9038099685483,17172924.324839495,5058.357142857143,291.0037290649113,17138315.44106396,5116.285714285715,288.3803888569066,17336051.771896444
2025-10-21,4918,16703217.374417186,5103629.404864492,0,0,1,21,43,10,4,0,2850,4797.0,16250858.678909674,4887.0,16485168.910375526,4890.0,16557430.24703797,4973.0,16915388.82572012,5044.714285714285,318.1114659390773,17117377.03516367,5050.071428571428,297.0494556818674,17105304.954886846,5108.321428571428,294.159449527028,17307181.352909148
2025-10-22,4892,16363305.938567633,4949037.061656697,0,0,2,22,43,10,4,0,2851,4918.0,16703217.374417186,4900.0,16644400.840773871,4898.0,16510194.71637174,4972.0,16741215.643590366,5049.142857142857,315.7569891395596,17148526.81574105,5052.071428571428,295.9811491621639,17115718.32112822,5106.357142857143,295.2780502918215,17299603.8010769
2025-10-23,4871,16506941.675361222,5073814.020232236,0,0,3,23,43,10,4,0,2852,4892.0,16363305.938567633,4903.0,16670043.847295308,4836.0,16375164.991617216,4935.0,16656620.096199645,5048.0,316.4005899699575,17108370.40114016,5051.642857142857,296.22564350195336,17105226.265570782,5103.5,297.0082303386583,17286107.025897518
2025-10-24,4871,16260494.3604579,4884227.266436596,0,0,4,24,43,10,4,0,2853,4871.0,16506941.675361222,4816.0,16485203.355108395,4863.0,16441210.557245266,5050.0,17301486.12908861,5043.428571428572,319.0647045887239,17085070.09086386,5054.142857142857,294.4078430035319,17114638.88583821,5101.214285714285,298.59502577571874,17280761.36801043
2025-10-25,5397,18240461.53819848,5530860.066994906,0,0,5,25,43,10,4,1,2854,4871.0,16260494.3604579,5549.0,18859528.51494731,5414.0,18274723.24296836,5590.0,18967534.78466061,5051.285714285715,313.1531650197846,17052968.805913787,5054.714285714285,294.0158102948053,17101730.586067688,5094.821428571428,301.63284691597727,17243583.090559334
2025-10-26,5412,18218822.500857808,5558727.821872136,0,0,6,26,43,10,4,1,2855,5397.0,18240461.53819848,5461.0,18426435.09873561,5562.0,18854216.660389166,5607.0,18819312.31826484,5029.571428571428,275.9491844179954,16964530.666378245,5053.5,292.44874633135896,17099283.321441267,5087.928571428572,291.9477285242849,17217616.18889997
2025-10-27,4954,16857696.827113263,5126535.855732805,0,0,0,27,44,10,4,0,2856,5412.0,18218822.500857808,4797.0,16250858.678909674,4925.0,16639689.70664044,4991.0,16872639.27246277,5022.571428571428,263.5228371779008,16934871.72382427,5042.785714285715,274.5884132721406,17053898.024331883,5080.964285714285,281.2362236485144,17196170.12399258
2025-10-28,4918,16928656.979844023,5147031.9894475,0,0,1,28,44,10,4,0,2857,4954.0,16857696.827113263,4918.0,16703217.374417186,4887.0,16485168.910375526,4938.0,16847170.774037916,5045.0,247.30682697141745,17021562.887853358,5044.857142857143,273.7395890940469,17069469.961508512,5079.642857142857,281.7610248637822,17195636.465230096
2025-10-29,4963,16591919.564855313,5000233.518658218,0,0,2,29,44,10,4,0,2858,4918.0,16928656.979844023,4892.0,16363305.938567633,4900.0,16644400.840773871,4947.0,16946775.70811513,5045.0,247.30682697141745,17053768.545771476,5047.071428571428,272.4869691410273,17101147.680756263,5078.928571428572,282.15846986474804,17198546.68686603
2025-10-30,4926,16704548.860725785,5044810.3704830855,0,0,3,30,44,10,4,0,2859,4963.0,16591919.564855313,4871.0,16506941.675361222,4903.0,16670043.847295308,5361.0,18016558.97047196,5055.142857142857,241.37068903206358,17086427.635241143,5051.571428571428,270.3834070596813,17097399.018190652,5079.5,281.8974728251372,17185873.253178176
2025-10-31,4870,16459637.455670932,4952325.229563009,0,0,4,31,44,10,4,0,2860,4926.0,16704548.860725785,4871.0,16260494.3604579,4816.0,16485203.355108395,4950.0,16679109.557060812,5063.0,235.1935373261845,17114657.233150367,5053.214285714285,269.4796063559775,17099863.662007116,5063.964285714285,277.7654862360151,17139015.749258675
2025-11-01,6061,20518335.01959733,6259848.551002454,0,1,5,1,44,11,4,1,2861,4870.0,16459637.455670932,5397.0,18240461.53819848,5549.0,18859528.51494731,5563.0,18897490.76116877,5062.857142857143,235.3298596802926,17143106.24675223,5057.071428571428,266.18948262347766,17098037.52633301,5061.107142857143,279.3878678250818,17131177.45992332
2025-11-02,5435,18500175.20325681,5585222.29705364,0,0,6,2,44,11,4,1,2862,6061.0,20518335.01959733,5412.0,18218822.500857808,5461.0,18426435.09873561,5542.0,18752500.186809536,5157.714285714285,438.545594089415,17468516.74409492,5093.642857142857,358.23211365364557,17216523.70523658,5078.892857142857,324.6985313231337,17189064.754867196
2025-11-03,4940,16714817.87518144,5032534.910385159,0,0,0,3,45,11,4,0,2863,5435.0,18500175.20325681,4954.0,16857696.827113263,4797.0,16250858.678909674,4913.0,16713005.48538924,5161.0,440.8484244423848,17508709.987294782,5091.785714285715,356.24304118903956,17221790.855559524,5075.071428571428,319.63647506267205,17180053.14831174
2025-11-04,4848,16590025.091474704,5061019.262270175,0,0,1,4,45,11,4,0,2864,4940.0,16714817.87518144,4918.0,16928656.979844023,4918.0,16703217.374417186,4890.0,16557430.24703797,5159.0,441.97435823058004,17488298.708447374,5102.0,349.11955192809256,17254930.798150364,5076.035714285715,319.16981224362837,17180117.876518603
2025-11-05,4922,16655258.533712454,5042125.841506851,0,0,2,5,45,11,4,0,2865,4848.0,16590025.091474704,4963.0,16591919.564855313,4892.0,16363305.938567633,4898.0,16510194.71637174,5149.0,449.0708926958714,17439922.724394616,5097.0,352.4429031772536,17246845.635083046,5074.535714285715,320.1736198149542,17181281.97810563
2025-11-06,4960,16753812.73849269,5104654.03211913,0,0,3,6,45,11,4,0,2866,4922.0,16655258.533712454,4926.0,16704548.860725785,4871.0,16506941.675361222,4836.0,16375164.991617216,5143.142857142857,452.1579475402482,17448971.148517065,5099.142857142857,351.1895953301331,17267699.391879104,5075.392857142857,319.71530614617274,17186462.828724943
2025-11-07,4834,16295392.125900812,4952137.209850145,0,0,4,7,45,11,4,0,2867,4960.0,16753812.73849269,4870.0,16459637.455670932,4871.0,16260494.3604579,4863.0,16441210.557245266,5148.0,449.6120549985289,17456008.845340908,5105.5,347.5285821117821,17285333.03924564,5079.821428571428,317.1248210348977,17199985.962541927
2025-11-08,5465,18650403.608674724,5698902.874808335,0,0,5,8,45,11,4,1,2868,4834.0,16295392.125900812,6061.0,20518335.01959733,5397.0,18240461.53819848,5414.0,18274723.24296836,5142.857142857143,453.5109070983223,17432545.22680232,5102.857142857143,349.58367703992957,17287825.736777272,5078.785714285715,317.9055714846253,17194778.16142248
2025-11-09,5463,18593142.7065955,5619614.727753175,0,0,6,9,45,11,4,1,2869,5465.0,18650403.608674724,5435.0,18500175.20325681,5412.0,18218822.500857808,5562.0,18854216.660389166,5057.714285714285,272.05312856482317,17165697.882384803,5107.714285714285,354.4237855734712,17317107.313239865,5080.607142857143,320.03626406623675,17208195.317340564
2025-11-10,4940,16773666.982281966,5080306.484566771,0,0,0,10,46,11,4,0,2870,5463.0,18593142.7065955,4940.0,16714817.87518144,4954.0,16857696.827113263,4925.0,16639689.70664044,5061.714285714285,278.6507457288449,17178978.954290334,5111.357142857143,358.0355820613195,17343844.470792554,5077.071428571428,315.02862051890713,17198871.247562222
2025-11-11,4916,16744973.856284682,5088369.786648894,0,0,1,11,46,11,4,0,2871,4940.0,16773666.982281966,4848.0,16590025.091474704,4918.0,16928656.979844023,4887.0,16485168.910375526,5061.714285714285,278.6507457288449,17187385.969590407,5110.357142857143,358.5281036389072,17337842.339018892,5077.607142857143,314.77309161737924,17203656.1502637
2025-11-12,4924,16614348.71761932,5043215.274165466,0,0,2,12,46,11,4,0,2872,4916.0,16744973.856284682,4922.0,16655258.533712454,4963.0,16591919.564855313,4900.0,16644400.840773871,5071.428571428572,271.0398846067161,17209521.507420402,5110.214285714285,358.6110338882276,17324722.115907513,5078.642857142857,314.16983072805755,17212934.898331884
2025-11-13,4906,16645332.940868016,5060487.975145299,0,0,3,13,46,11,4,0,2873,4924.0,16614348.71761932,4960.0,16753812.73849269,4926.0,16704548.860725785,4903.0,16670043.847295308,5071.714285714285,270.85710518384843,17203677.247978527,5107.428571428572,359.9913918384887,17326324.198247794,5079.5,313.69677503391773,17211861.608219225
2025-11-14,4967,16685676.828185998,5082490.596286833,0,0,4,14,46,11,4,0,2874,4906.0,16645332.940868016,4834.0,16295392.125900812,4870.0,16459637.455670932,4816.0,16485203.355108395,5064.0,275.3016527375076,17188180.13403215,5106.0,360.8055090829762,17322094.489686526,5079.607142857143,313.6347650899524,17210979.07584682
2025-11-15,5499,18760378.291568626,5745499.044873347,0,0,5,15,46,11,4,1,2875,4967.0,16685676.828185998,5465.0,18650403.608674724,6061.0,20518335.01959733,5549.0,18859528.51494731,5083.0,261.00063856882775,17243935.091501456,5112.928571428572,356.83447235286883,17338240.15915189,5085.0,310.2137853039514,17218138.84274245
2025-11-16,5603,19163150.85218712,5806214.227764809,0,0,6,16,46,11,4,1,2876,5499.0,18760378.291568626,5463.0,18593142.7065955,5435.0,18500175.20325681,5461.0,18426435.09873561,5087.857142857143,269.47320743222673,17259645.7604863,5072.785714285715,260.6135301321192,17212671.821435552,5083.214285714285,307.5765917432166,17214597.76333607
2025-11-17,4982,16930488.375245873,5177780.468336054,0,0,0,17,47,11,4,0,2877,5603.0,19163150.85218712,4940.0,16773666.982281966,4940.0,16714817.87518144,4797.0,16250858.678909674,5107.857142857143,304.83188184715493,17341075.49557082,5084.785714285715,281.59768863002085,17260027.224930573,5088.285714285715,315.11465957213414,17240909.04024505
2025-11-18,4923,16808414.055666067,5121658.694218196,0,0,1,18,47,11,4,0,2878,4982.0,16930488.375245873,4916.0,16744973.856284682,4848.0,16590025.091474704,4918.0,16703217.374417186,5113.857142857143,301.3709942752912,17363478.55170852,5087.785714285715,280.1565986733697,17275432.260649465,5094.892857142857,310.6893576937259,17265181.529399913
2025-11-19,4930,16820213.223930288,5060152.674531299,0,0,2,19,47,11,4,0,2879,4923.0,16808414.055666067,4924.0,16614348.71761932,4922.0,16655258.533712454,4892.0,16363305.938567633,5114.857142857143,300.615717359906,17372541.43733443,5093.142857142857,275.9035107655547,17291031.472377416,5095.071428571428,310.58534087794123,17268938.55373023
2025-11-20,6006,18028343.8838469,3990445.0193555937,400,0,3,20,47,11,4,0,2880,4930.0,16820213.223930288,4906.0,16645332.940868016,4960.0,16753812.73849269,4871.0,16506941.675361222,5115.714285714285,299.9887299470422,17401950.65252171,5093.714285714285,275.529819291293,17302813.95025012,5096.428571428572,309.7470208593294,17285256.67106461
2025-11-21,5953,18175168.44864649,4087269.065363347,400,0,4,21,47,11,4,0,2881,6006.0,18028343.8838469,4967.0,16685676.828185998,4834.0,16295392.125900812,4871.0,16260494.3604579,5272.857142857143,431.22516491635594,17599523.64437584,5168.428571428572,364.0743191851291,17393851.88920399,5136.964285714285,350.71149714945915,17339592.464224815
2025-11-22,6701,20371771.187279705,4545990.16337089,400,0,5,22,47,11,4,1,2882,5953.0,18175168.44864649,5499.0,18760378.291568626,5465.0,18650403.608674724,5397.0,18240461.53819848,5413.714285714285,473.6192965824222,17812308.161584478,5248.357142857143,405.48368214209995,17528121.626542967,5175.607142857143,378.8054654936219,17407973.681660123
2025-11-23,6595,20015505.564560995,4509122.89119161,400,0,6,23,47,11,4,1,2883,6701.0,20371771.187279705,5603.0,19163150.85218712,5463.0,18593142.7065955,5412.0,18218822.500857808,5585.428571428572,681.8261892747568,18042507.146686066,5336.642857142857,561.0112582365207,17651076.453586183,5222.178571428572,474.98171922495095,17484091.883413024
2025-11-24,6013,18465631.739915416,4187374.669422085,400,0,0,24,48,11,4,0,2884,6595.0,20015505.564560995,4982.0,16930488.375245873,4940.0,16773666.982281966,4954.0,16857696.827113263,5727.142857142857,781.8425733635822,18164272.105596617,5417.5,654.4230283234125,17752673.800583716,5264.428571428572,540.5768817470549,17548259.135688137
2025-11-25,5906,18054125.55060216,4172552.908441541,400,0,1,25,48,11,4,0,2885,6013.0,18465631.739915416,4923.0,16808414.055666067,4916.0,16744973.856284682,4918.0,16928656.979844023,5874.428571428572,712.0734646422326,18383578.30054941,5494.142857142857,657.0259164941934,17873528.42612896,5302.25,554.909777451356,17605685.38257393
2025-11-26,6038,18498069.43155537,4204068.150197634,400,0,2,26,48,11,4,0,2886,5906.0,18054125.55060216,4930.0,16820213.223930288,4924.0,16614348.71761932,4963.0,16591919.564855313,6014.857142857143,577.3547230173534,18561537.08554028,5564.857142857143,643.1443021644269,17967039.261437353,5337.535714285715,560.950745982203,17645880.68867243
2025-11-27,6079,18406713.959244464,4108852.538134312,400,0,3,27,48,11,4,0,2887,6038.0,18498069.43155537,6006.0,18028343.8838469,4906.0,16645332.940868016,4926.0,16704548.860725785,6173.142857142857,328.70220999729474,18801230.82948672,5644.428571428572,626.4535975553799,18101590.741004217,5375.928571428572,571.0638498757554,17713957.469626006
2025-11-28,5989,17987085.705909353,3983326.873235256,400,0,4,28,48,11,4,0,2888,6079.0,18406713.959244464,5953.0,18175168.44864649,4967.0,16685676.828185998,4870.0,16459637.455670932,6183.571428571428,323.6344940117603,18855283.697400656,5728.214285714285,597.8852705187327,18227403.67088825,5417.107142857143,578.9348673968663,17774749.080287386
2025-11-29,6773,20782632.06271655,4649841.579101926,400,0,5,29,48,11,4,1,2889,5989.0,17987085.705909353,6701.0,20371771.187279705,5499.0,18760378.291568626,6061.0,20518335.01959733,6188.714285714285,319.6209808953937,18828414.734152492,5801.214285714285,558.9154578386114,18320361.44786849,5457.071428571428,578.3913149654891,17829300.80351019
2025-11-30,6552,19985903.123871718,4524958.88095307,400,0,6,30,48,11,4,1,2890,6773.0,20782632.06271655,6595.0,20015505.564560995,5603.0,19163150.85218712,5435.0,18500175.20325681,6199.0,339.4009428389405,18887109.14492919,5892.214285714285,607.5248875650589,18464808.145807624,5482.5,620.0752343839329,17838739.98362159
2025-12-01,4950,16821163.698257074,5070764.58473907,0,0,0,1,49,12,4,0,2891,6552.0,19985903.123871718,6013.0,18465631.739915416,4982.0,16930488.375245873,4940.0,16714817.87518144,6192.857142857143,331.3323752021599,18882880.22483072,5960.0,625.4517136868275,18523576.165213667,5522.392857142857,652.0149020840502,17891801.695072122
2025-12-02,5035,17137477.55012441,5218118.184589178,0,0,1,2,49,12,4,0,2892,4950.0,16821163.698257074,5906.0,18054125.55060216,4923.0,16808414.055666067,4848.0,16590025.091474704,6041.0,578.7354029836387,18647956.21887953,5957.714285714285,629.3470888481978,18515767.259714466,5522.75,651.6867359796752,17895599.760181967
2025-12-03,4956,16912343.266794093,5175908.677956134,0,0,2,3,49,12,4,0,2893,5035.0,17137477.55012441,6038.0,18498069.43155537,4930.0,16820213.223930288,4922.0,16655258.533712454,5916.571428571428,694.6272038877584,18517006.504525565,5965.714285714285,615.7473793405683,18539271.795032922,5529.428571428572,645.444000415178,17915151.63370517
2025-12-04,5004,16992791.728332393,5168503.170599146,0,0,3,4,49,12,4,0,2894,4956.0,16912343.266794093,6079.0,18406713.959244464,6006.0,18028343.8838469,4960.0,16753812.73849269,5762.0,778.4330414364354,18290474.195273954,5967.571428571428,612.4134744894222,18545852.512380335,5530.642857142857,644.289859675297,17924333.23131523
2025-12-05,4923,16641562.625147508,5060641.858924304,0,0,4,5,49,12,4,0,2895,5004.0,16992791.728332393,5989.0,17987085.705909353,5953.0,18175168.44864649,4834.0,16295392.125900812,5608.428571428572,810.8363700819077,18088485.305143658,5896.0,663.958525118001,18471884.501272157,5532.214285714285,642.8986647378292,17932868.195238076
2025-12-06,5617,19282662.077599168,5860760.055021218,0,0,5,6,49,12,4,1,2896,4923.0,16641562.625147508,6773.0,20782632.06271655,6701.0,20371771.187279705,5465.0,18650403.608674724,5456.142857142857,827.3829078428365,17896267.722177677,5822.428571428572,712.4515329572538,18362341.228165086,5535.392857142857,639.5299396046944,17945231.427354027
2025-12-07,5671,19190552.07395059,5815972.891029936,0,0,6,7,49,12,4,1,2897,5617.0,19282662.077599168,6552.0,19985903.123871718,6595.0,20015505.564560995,5463.0,18593142.7065955,5291.0,606.6619047432142,17681986.295732338,5745.0,667.0840103937713,18284547.720330764,5540.821428571428,639.5554042296533,17967812.08695847
2025-12-08,5040,17289695.46851184,5232258.120802594,0,0,0,8,50,12,4,0,2898,5671.0,19190552.07395059,4950.0,16821163.698257074,6013.0,18465631.739915416,4940.0,16773666.982281966,5165.142857142857,329.55294393639656,17568364.717172176,5679.0,620.6080145246864,18225622.471001446,5548.25,639.8259384250307,17989148.13579258
2025-12-09,5064,17209932.21890799,5192284.21542084,0,0,1,9,50,12,4,0,2899,5040.0,17289695.46851184,5035.0,17137477.55012441,5906.0,18054125.55060216,4916.0,16744973.856284682,5178.0,321.4156187866458,17635297.82720857,5609.5,634.649964092844,18141627.02304405,5551.821428571428,636.5758546968761,18007577.72458651
2025-12-10,5020,16980635.787286937,5123233.641726999,0,0,2,10,50,12,4,0,2900,5064.0,17209932.21890799,4956.0,16912343.266794093,6038.0,18498069.43155537,4924.0,16614348.71761932,5182.142857142857,319.4460979943435,17645648.494177654,5549.357142857143,644.2148001956994,18081327.49935161,5557.107142857143,631.6966184212616,18024183.38039448
2025-12-11,5062,17197151.510254305,5189512.611436563,0,0,3,11,50,12,4,0,2901,5020.0,16980635.787286937,5004.0,16992791.728332393,6079.0,18406713.959244464,4906.0,16645332.940868016,5191.285714285715,312.74042180148905,17655404.568533774,5476.642857142857,642.2669714669629,17972939.38190386,5560.535714285715,628.384965879917,18037265.06145404
2025-12-12,5014,17243907.764897015,5279393.185682538,0,0,4,12,50,12,4,0,2902,5062.0,17197151.510254305,4923.0,16641562.625147508,5989.0,17987085.705909353,4967.0,16685676.828185998,5199.571428571428,307.67886783834746,17684598.823094048,5404.0,626.2099672449416,17886542.06411885,5566.107142857143,623.0355402314727,18056972.86750355
2025-12-13,5771,19663506.21703936,5944275.441050268,0,0,5,13,50,12,4,1,2903,5014.0,17243907.764897015,5617.0,19282662.077599168,6773.0,20782632.06271655,5499.0,18760378.291568626,5212.571428571428,295.7362885764165,17770648.12877255,5334.357142857143,610.156298657321,17833457.925475113,5567.785714285715,621.4228808350924,18076909.6866718
2025-12-14,5605,19010939.651453167,5769338.762814428,0,0,6,14,50,12,4,1,2904,5771.0,19663506.21703936,5671.0,19190552.07395059,6552.0,19985903.123871718,5603.0,19163150.85218712,5234.571428571428,334.0787617428252,17825054.43440686,5262.785714285715,471.4158997630962,17753520.3650696,5577.5,622.4329504274062,18109164.255438615
2025-12-15,5084,17252365.22427385,5186983.338531754,0,0,0,15,51,12,4,0,2905,5605.0,19010939.651453167,5040.0,17289695.46851184,4950.0,16821163.698257074,4982.0,16930488.375245873,5225.142857142857,320.3583558930169,17799395.51690723,5195.142857142857,313.7867617796142,17683880.117039703,5577.571428571428,622.4360998630193,18103728.141126685
2025-12-16,5050,17196446.83264357,5254918.620454734,0,0,1,16,51,12,4,0,2906,5084.0,17252365.22427385,5064.0,17209932.21890799,5035.0,17137477.55012441,4923.0,16808414.055666067,5231.428571428572,316.52901770235775,17794062.624873232,5204.714285714285,307.71900983038523,17714680.226040903,5581.214285714285,619.1109729486183,18115223.742877685
2025-12-17,5218,17681280.878503446,5382607.510261099,0,0,2,17,51,12,4,0,2907,5050.0,17196446.83264357,5020.0,16980635.787286937,4956.0,16912343.266794093,4930.0,16820213.223930288,5229.428571428572,317.8048967227423,17792136.14112117,5205.785714285715,307.1081439622136,17718892.317649413,5585.75,614.5586567550573,18129082.056341168
2025-12-18,5177,17725923.022836912,5372287.644224232,0,0,3,18,51,12,4,0,2908,5218.0,17681280.878503446,5062.0,17197151.510254305,5004.0,16992791.728332393,6006.0,18028343.8838469,5257.714285714285,304.5952036642035,17892228.297009245,5224.5,298.5804233883584,17773816.43277151,5596.035714285715,605.5206808801266,18159834.47257592
2025-12-19,5175,17552183.06346734,5362945.150332869,0,0,4,19,51,12,4,0,2909,5177.0,17725923.022836912,5014.0,17243907.764897015,4923.0,16641562.625147508,5953.0,18175168.44864649,5274.142857142857,295.2374347150811,17967767.084521044,5236.857142857143,292.26591083697014,17826182.953807544,5566.428571428572,604.9998119725008,18149033.727539852
2025-12-20,5666,19350937.070586137,5876079.741690317,0,0,5,20,51,12,4,1,2910,5175.0,17552183.06346734,5771.0,19663506.21703936,5617.0,19282662.077599168,6701.0,20371771.187279705,5297.142857142857,277.3213710790082,18011806.412888236,5254.857142857143,278.9038591295616,17891227.27083039,5538.642857142857,604.4535465584433,18126784.249497738
2025-12-21,5765,19469875.798903257,5907359.694219474,0,0,6,21,51,12,4,1,2911,5666.0,19350937.070586137,5605.0,19010939.651453167,5671.0,19190552.07395059,6595.0,20015505.564560995,5282.142857142857,248.79136411286763,17967153.677680634,5258.357142857143,284.0578508638021,17896104.056043748,5501.678571428572,560.8101978765367,18090325.888187256
2025-12-22,5075,17216584.121532023,5258448.751316784,0,0,0,22,52,12,4,0,2912,5765.0,19469875.798903257,5084.0,17252365.22427385,5040.0,17289695.46851184,6013.0,18465631.739915416,5305.0,287.70355113090125,18032715.984459218,5265.071428571428,295.4445058618537,17916055.750683226,5472.035714285715,521.4332443437721,18070839.110842336
2025-12-23,5200,17553735.46958055,5331200.424028409,0,0,1,23,52,12,4,0,2913,5075.0,17216584.121532023,5050.0,17196446.83264357,5064.0,17209932.21890799,5906.0,18054125.55060216,5303.714285714285,288.87350996916035,18027604.39835324,5267.571428571428,293.5354032600355,17910833.51161324,5438.535714285715,515.4887276234793,18026230.267328642
2025-12-24,5158,17515948.403358,5291543.91485277,0,0,2,24,52,12,4,0,2914,5200.0,17553735.46958055,5218.0,17681280.878503446,5020.0,16980635.787286937,6038.0,18498069.43155537,5325.142857142857,271.98616911613954,18078645.63220138,5277.285714285715,288.48714904624967,17935390.886661276,5413.321428571428,509.00222320487944,18008359.193006445
2025-12-25,5721,19275667.28475153,5863697.928035208,0,1,3,25,52,12,4,0,2915,5158.0,17515948.403358,5177.0,17725923.022836912,5062.0,17197151.510254305,6079.0,18406713.959244464,5316.571428571428,276.8277786776761,18055026.7071806,5287.142857142857,281.28765926137675,17973627.502094924,5381.892857142857,496.00465494273953,17973283.441999394
2025-12-26,5181,17502604.928590097,5310149.726649936,0,0,4,26,52,12,4,0,2916,5721.0,19275667.28475153,5175.0,17552183.06346734,5014.0,17243907.764897015,5989.0,17987085.705909353,5394.285714285715,305.9431942293091,18276418.744596977,5334.214285714285,295.4941568005872,18122092.91455901,5369.107142857143,481.7796745005997,18004317.48933893
2025-12-27,5822,19876440.51700651,6016490.464730513,0,0,5,27,52,12,4,1,2917,5181.0,17502604.928590097,5666.0,19350937.070586137,5771.0,19663506.21703936,6773.0,20782632.06271655,5395.142857142857,305.23402419095436,18269336.15390023,5346.142857142857,284.74870355423303,18140571.28339423,5340.25,467.25420355598874,17987014.604434673
2025-12-28,5839,20106613.65656448,6159384.72930189,0,0,6,28,52,12,4,1,2918,5822.0,19876440.51700651,5765.0,19469875.798903257,5605.0,19010939.651453167,6552.0,19985903.123871718,5417.428571428572,332.75960148573665,18344408.074817423,5349.785714285715,290.8626899339213,18155780.876249027,5306.285714285715,386.9072869270507,17954650.620659314
2025-12-29,5255,17939707.655917738,5403398.477026158,0,0,0,29,1,12,4,0,2919,5839.0,20106613.65656448,5075.0,17216584.121532023,5084.0,17252365.22427385,4950.0,16821163.698257074,5428.0,346.5323457725992,18435370.625911884,5366.5,312.5699306370532,18234043.30518555,5280.821428571428,319.4700534938587,17958961.711112626
2025-12-30,5293,17984233.436434012,5453212.36680784,0,0,1,30,1,12,4,0,2920,5255.0,17939707.655917738,5200.0,17553735.46958055,5050.0,17196446.83264357,5035.0,17137477.55012441,5453.714285714285,321.7658125022465,18538673.987966985,5378.714285714285,303.90242071867584,18283139.193160113,5291.714285714285,312.90465440981535,17998909.70960051
2025-12-31,5189,17666223.45630794,5370733.006001117,0,0,2,31,1,12,4,0,2921,5293.0,17984233.436434012,5158.0,17515948.403358,5218.0,17681280.878503446,4956.0,16912343.266794093,5467.0,311.29353778493214,18600173.69751748,5396.071428571428,290.3198406759314,18339409.664859433,5300.928571428572,308.83735724085574,18029150.991254423
