Date,Quantity,Sales_Amount,Profit,Products_Sold,Promotions,Holiday_Flag
2018-01-01,3606,12392453.759557804,3804958.7200873643,400,0,0
2018-01-02,3665,12710713.89474338,3938511.2286806214,400,0,0
2018-01-03,3638,12590143.349677587,3888805.0021559685,400,0,0
2018-01-04,3692,12768579.230606643,3917845.5008263686,400,0,0
2018-01-05,3648,12750682.531055043,3965116.607656621,400,0,0
2018-01-06,4135,14263844.353987982,4379250.992474797,400,0,0
2018-01-07,4111,14077165.87874873,4356760.3924912,400,0,0
2018-01-08,3733,12988393.838422047,3983564.197760016,400,0,0
2018-01-09,3649,12669904.616661027,3909384.761228603,400,0,0
2018-01-10,3742,12877382.03761595,3966895.343210835,400,0,0
2018-01-11,3774,13015413.803795794,4035985.92751183,400,0,0
2018-01-12,3776,13059437.76743006,4030464.223164438,400,0,0
2018-01-13,4148,14384801.458706185,4429270.986649117,400,0,0
2018-01-14,4265,14645750.870036764,4481546.810113217,400,0,0
2018-01-15,3820,13291218.535010157,4113460.535026861,400,0,0
2018-01-16,3720,12871015.327580035,3951395.2094408064,400,0,0
2018-01-17,3772,13133564.588394046,4041386.2863268103,400,0,0
2018-01-18,3744,12848821.04239858,3958981.2846385115,400,0,0
2018-01-19,3760,13160231.547014399,4092687.2521046135,400,0,0
2018-01-20,4223,14586221.52390412,4507039.800791903,400,0,0
2018-01-21,4281,14786278.463082382,4567304.130098225,400,0,0
2018-01-22,3848,13293880.089958796,4074656.411136638,400,0,0
2018-01-23,3797,13137415.329064159,4039348.9015927943,400,0,0
2018-01-24,3858,13216478.123907406,4070750.6022108416,400,0,0
2018-01-25,3853,13232073.863373736,4019461.5890150797,400,0,0
2018-01-26,4170,14378319.447684644,4418739.996390149,400,0,1
2018-01-27,4339,15009414.505384663,4643204.708835653,400,0,0
2018-01-28,4305,15086694.056611033,4634922.207126247,400,0,0
2018-01-29,3842,13282797.838378416,4081518.1421411503,400,0,0
2018-01-30,3870,13572393.927710831,4183851.498659709,400,0,0
2018-01-31,3868,13507746.677592,4159411.2782775033,400,0,0
2018-02-01,3885,13500956.129349625,4145452.2872938644,400,0,0
2018-02-02,3953,13578073.345313266,4172883.790846835,400,0,0
2018-02-03,4332,15166607.52801594,4679635.622379266,400,0,0
2018-02-04,4347,14898173.02552449,4586719.633122808,400,0,0
2018-02-05,3966,13778431.637215909,4214137.400553084,400,0,0
2018-02-06,3893,13530574.34155219,4168401.5834861225,400,0,0
2018-02-07,3934,13709643.321474515,4240733.133154775,400,0,0
2018-02-08,3959,13804839.452153591,4256259.080689131,400,0,0
2018-02-09,4014,13899691.207478834,4272636.800845021,400,0,0
2018-02-10,4491,15706402.937414838,4824075.062423763,400,0,0
2018-02-11,4428,15185297.689541327,4688845.080499825,400,0,0
2018-02-12,4008,13792393.396193968,4220995.800289279,400,0,0
2018-02-13,4057,14066046.760257587,4343145.8501403425,400,0,0
2018-02-14,4013,13921291.491929654,4307997.166236442,400,0,0
2018-02-15,3968,13785295.21652099,4233876.468884087,400,0,0
2018-02-16,4029,14072226.397183534,4359154.073654495,400,0,0
2018-02-17,4573,15872627.695428457,4905682.857992417,400,0,0
2018-02-18,4478,15372263.70230137,4711321.017870474,400,0,0
2018-02-19,4007,13839240.42269961,4260824.937560332,400,0,0
2018-02-20,4123,14272944.81007823,4420725.246108765,400,0,0
2018-02-21,4071,14077550.955040943,4331369.9686080115,400,0,0
2018-02-22,4108,14221806.105267867,4403508.92760674,400,0,0
2018-02-23,4110,14387273.515266636,4420798.742080661,400,0,0
2018-02-24,4514,15638020.99496383,4830374.234194505,400,0,0
2018-02-25,4605,15907642.821486872,4925365.895787097,400,0,0
2018-02-26,4063,14096946.579778416,4342454.648906004,400,0,0
2018-02-27,4111,14261014.84990203,4380497.4883272275,400,0,0
2018-02-28,4096,14210378.873187551,4366377.663011953,400,0,0
2018-03-01,5072,15745586.32068467,3657091.1707971194,400,400,0
2018-03-02,4895,15305886.151749063,3512378.266349911,400,400,0
2018-03-03,5475,17211956.37817594,4123950.9853336955,400,400,0
2018-03-04,5572,17397158.975664664,4024242.0159139736,400,400,0
2018-03-05,4987,15520449.495160319,3624651.4951595776,400,400,0
2018-03-06,4965,15625239.658179339,3610794.309556027,400,400,0
2018-03-07,5018,15651063.61507092,3595964.1931188647,400,400,0
2018-03-08,4143,14295402.829118434,4401832.839806273,400,0,0
2018-03-09,4205,14705994.324125115,4559222.152561568,400,0,0
2018-03-10,4731,16407377.300573813,5061787.025993824,400,0,0
2018-03-11,4809,16584292.899976492,5117935.010608246,400,0,0
2018-03-12,4138,14427900.697934536,4444115.164354714,400,0,0
2018-03-13,4289,14924357.009314336,4627953.660532661,400,0,0
2018-03-14,4270,14785723.767400004,4629366.373836528,400,0,0
2018-03-15,4182,14596726.346351845,4464407.045642392,400,0,0
2018-03-16,4223,14658047.75366111,4547446.094530037,400,0,0
2018-03-17,4748,16534802.0369076,5115877.235291632,400,0,0
2018-03-18,4791,16683956.879988873,5138450.089084986,400,0,0
2018-03-19,4212,14635221.497431789,4536711.884659277,400,0,0
2018-03-20,4251,14789576.101462519,4587328.296963008,400,0,0
2018-03-21,4210,14700800.282065287,4588975.9902349245,400,0,0
2018-03-22,4326,14817376.38341744,4552100.873650147,400,0,0
2018-03-23,4323,14993028.226300796,4602819.39994217,400,0,0
2018-03-24,4868,16894935.711607605,5231817.234741801,400,0,0
2018-03-25,4873,16946022.866490215,5244822.484111451,400,0,0
2018-03-26,4240,14875512.725009413,4600224.3108292855,400,0,0
2018-03-27,4351,15111584.181534313,4681357.215206058,400,0,0
2018-03-28,4288,14899175.488340734,4572652.368638623,400,0,0
2018-03-29,4259,14628640.290196028,4498012.786075493,400,0,0
2018-03-30,4343,15060781.84386492,4666450.527206538,400,0,0
2018-03-31,4790,16665938.60856475,5133668.009886155,400,0,0
2018-04-01,4851,16932753.278014034,5206314.558873836,400,0,0
2018-04-02,4359,15005456.089196084,4641654.714902093,400,0,0
2018-04-03,4326,15017257.231113696,4655613.559098447,400,0,0
2018-04-04,4335,15067945.775102735,4683485.880037629,400,0,0
2018-04-05,4351,15044136.334235992,4644863.622734717,400,0,0
2018-04-06,4331,15073805.335191285,4722380.440612064,400,0,0
2018-04-07,4898,16854280.606334377,5163374.729221103,400,0,0
2018-04-08,4854,16842495.478723064,5164251.0999464765,400,0,0
2018-04-09,4434,15532134.482222341,4786882.51318993,400,0,0
2018-04-10,4413,15465465.217149174,4798207.280486064,400,0,0
2018-04-11,4397,15374507.404044116,4745464.3729155725,400,0,0
2018-04-12,4325,14976471.553099507,4615404.13163559,400,0,0
2018-04-13,4398,15487000.964692932,4784386.374556245,400,0,0
2018-04-14,4980,17505938.145457696,5437515.7900356315,400,0,0
2018-04-15,4819,16676565.841734018,5123689.428141477,400,0,0
2018-04-16,4385,15233075.86359377,4695219.387745768,400,0,0
2018-04-17,4374,15257018.295836682,4724486.218185531,400,0,0
2018-04-18,4406,15328912.227248313,4708471.39483165,400,0,0
2018-04-19,4407,15295808.060043471,4757044.181107171,400,0,0
2018-04-20,4361,15225185.089585386,4691313.186582605,400,0,0
2018-04-21,4931,16972993.264816646,5240247.395950713,400,0,0
2018-04-22,4900,17053330.97157968,5289737.958735177,400,0,0
2018-04-23,4393,15328626.225442497,4756346.949250531,400,0,0
2018-04-24,4473,15652590.296037668,4881759.75334626,400,0,0
2018-04-25,4389,15178264.64889962,4694994.164669632,400,0,0
2018-04-26,4372,15064485.159616498,4643427.533268534,400,0,0
2018-04-27,4354,15210923.028646842,4728850.972955239,400,0,0
2018-04-28,4896,16899808.815259337,5213182.738146758,400,0,0
2018-04-29,4909,17156476.92527789,5309255.556146089,400,0,0
2018-04-30,4404,15398709.048872951,4777168.984220977,400,0,0
2018-05-01,4404,15401641.19291897,4772012.903580407,400,0,0
2018-05-02,4427,15344854.110766524,4717113.477989818,400,0,0
2018-05-03,4370,15154442.940411745,4711043.328516495,400,0,0
2018-05-04,4459,15490507.86585246,4784344.663487733,400,0,0
2018-05-05,4924,16908416.735244785,5226503.490154128,400,0,0
2018-05-06,4970,17242916.08602079,5344267.597081994,400,0,0
2018-05-07,4419,15460585.131349418,4766389.785040616,400,0,0
2018-05-08,4524,15596517.59496744,4842710.976062349,400,0,0
2018-05-09,4402,15485921.75473252,4783151.922696328,400,0,0
2018-05-10,4483,15350945.156752551,4750436.087978308,400,0,0
2018-05-11,4445,15467290.509690069,4773474.888783654,400,0,0
2018-05-12,4805,16611785.10360454,5169507.762140795,400,0,0
2018-05-13,4902,17013873.77662859,5300652.103718902,400,0,0
2018-05-14,4375,15135410.836458469,4696470.727649255,400,0,0
2018-05-15,4385,15129276.584603047,4678223.769050033,400,0,0
2018-05-16,4380,15235060.504621023,4701039.788408667,400,0,0
2018-05-17,4391,15241992.596957287,4723248.444552226,400,0,0
2018-05-18,4341,15128913.72275773,4700365.4302066555,400,0,0
2018-05-19,5022,17263147.391878948,5361847.497384075,400,0,0
2018-05-20,4908,16918847.73066017,5250746.321442272,400,0,0
2018-05-21,4365,15311956.459876003,4760303.440025092,400,0,0
2018-05-22,4353,15114782.860926667,4659888.580251033,400,0,0
2018-05-23,4445,15560757.786639143,4831067.775026926,400,0,0
2018-05-24,4379,15172198.368235068,4703663.310521859,400,0,0
2018-05-25,4425,15300092.946631437,4731715.135196899,400,0,0
2018-05-26,5029,17449258.02248951,5397244.014179652,400,0,0
2018-05-27,4928,17080784.61807332,5282119.001619589,400,0,0
2018-05-28,4356,15068740.822548164,4665333.820401034,400,0,0
2018-05-29,4316,14897553.897020165,4634546.418721806,400,0,0
2018-05-30,4343,15017081.964541882,4622571.053805119,400,0,0
2018-05-31,4345,15001203.42833244,4679890.853246924,400,0,0
2018-06-01,4349,15036195.553276356,4667643.992206683,400,0,0
2018-06-02,4912,17136290.56556147,5303571.950225839,400,0,0
2018-06-03,4939,17238975.61495407,5307047.434236468,400,0,0
2018-06-04,4400,15310488.124150917,4744378.563921652,400,0,0
2018-06-05,4337,15026708.531573912,4632350.006597447,400,0,0
2018-06-06,4349,15127999.339363387,4667587.521634667,400,0,0
2018-06-07,4417,15229797.570736507,4695433.733188374,400,0,0
2018-06-08,4314,14958549.38922344,4665846.844789054,400,0,0
2018-06-09,4948,17231634.84363412,5361328.589127172,400,0,0
2018-06-10,4844,16631798.888302097,5122943.702570897,400,0,0
2018-06-11,4373,15069888.953402974,4620863.312552378,400,0,0
2018-06-12,4306,15159505.976974472,4703376.862559698,400,0,0
2018-06-13,4300,14922743.971905075,4655566.271219758,400,0,0
2018-06-14,4316,14973828.938776815,4621940.0181624405,400,0,0
2018-06-15,4352,15044828.003652396,4661112.325673279,400,0,0
2018-06-16,4828,16474185.348978847,5091051.807349268,400,0,0
2018-06-17,4755,16342526.782448305,5076498.94340931,400,0,0
2018-06-18,4280,14772807.285741176,4583112.845623731,400,0,0
2018-06-19,4265,14707974.600009298,4558228.707109314,400,0,0
2018-06-20,4306,14897300.48675808,4614655.369901593,400,0,0
2018-06-21,4229,14569380.628451744,4508374.804438559,400,0,0
2018-06-22,4272,14720297.344806114,4544697.238915244,400,0,0
2018-06-23,4718,16368937.746814257,5078497.156040873,400,0,0
2018-06-24,4771,16421293.92833049,5077907.173921265,400,0,0
2018-06-25,4283,14849627.290781789,4582613.811235181,400,0,0
2018-06-26,4218,14707926.817248868,4615891.340632856,400,0,0
2018-06-27,4189,14344838.16029349,4442798.051359305,400,0,0
2018-06-28,4209,14692320.667457782,4561216.981998165,400,0,0
2018-06-29,4192,14616761.050234169,4514229.670924236,400,0,0
2018-06-30,4620,16111627.648488374,4991266.067221578,400,0,0
2018-07-01,4711,16287629.48686782,5038555.050042841,400,0,0
2018-07-02,4198,14459506.771246001,4446408.980307858,400,0,0
2018-07-03,4222,14663550.01683596,4544840.546428908,400,0,0
2018-07-04,4109,14301867.197534017,4450444.980945874,400,0,0
2018-07-05,4234,14482421.444119377,4498766.521063912,400,0,0
2018-07-06,4198,14520293.397407528,4491426.440198829,400,0,0
2018-07-07,4687,16260658.333636412,5073003.374150839,400,0,0
2018-07-08,4701,16327263.053708408,5022526.218168449,400,0,0
2018-07-09,4181,14561386.10533662,4529496.202385192,400,0,0
2018-07-10,4176,14285546.847138057,4414857.292219932,400,0,0
2018-07-11,4074,14129001.978401281,4365438.285031449,400,0,0
2018-07-12,4089,14269858.899937501,4455179.80168816,400,0,0
2018-07-13,4182,14446200.42139952,4455255.570401071,400,0,0
2018-07-14,4613,15922714.983535003,4897701.865951292,400,0,0
2018-07-15,4610,16032250.774161985,4968293.807462661,400,0,0
2018-07-16,4055,13985337.704916254,4349996.064179232,400,0,0
2018-07-17,4072,14016900.889847646,4348021.446942772,400,0,0
2018-07-18,4084,14221390.238236511,4426457.856252235,400,0,0
2018-07-19,4128,14206774.553811006,4407800.745330954,400,0,0
2018-07-20,4058,14040987.21175594,4357120.9650237,400,0,0
2018-07-21,4508,15643726.199212775,4878152.186818387,400,0,0
2018-07-22,4489,15544413.451167414,4825131.149938303,400,0,0
2018-07-23,4081,14255174.111453287,4465384.281313372,400,0,0
2018-07-24,4028,13768737.155274278,4251034.8457066845,400,0,0
2018-07-25,3991,13732436.639444653,4254421.806248675,400,0,0
2018-07-26,4081,13997748.491268491,4313787.418952509,400,0,0
2018-07-27,4015,13828779.862527743,4257237.712010168,400,0,0
2018-07-28,4416,15231965.24336007,4694228.308662265,400,0,0
2018-07-29,4370,15113219.863899821,4670836.97418854,400,0,0
2018-07-30,3967,13635565.220116777,4176328.3578904453,400,0,0
2018-07-31,4018,13795585.648493728,4304181.060928542,400,0,0
2018-08-01,4808,14884855.04529788,3385598.63494034,400,400,0
2018-08-02,4689,14547354.220494386,3317130.342238069,400,400,0
2018-08-03,4746,14482563.523397012,3286469.8187342365,400,400,0
2018-08-04,5244,16138628.804864181,3697466.336959481,400,400,0
2018-08-05,5338,16185718.769345703,3708212.6017788183,400,400,0
2018-08-06,4674,14358126.64194847,3263007.7906587054,400,400,0
2018-08-07,4649,14330677.594173376,3299652.064267005,400,400,0
2018-08-08,3861,13214085.319086218,4074063.9333430133,400,0,0
2018-08-09,3845,13425366.505616488,4209728.5299613625,400,0,0
2018-08-10,3868,13309568.73873942,4117262.4270510804,400,0,0
2018-08-11,4354,14959300.824014591,4611077.227483267,400,0,0
2018-08-12,4319,14893894.192551164,4585070.451459371,400,0,0
2018-08-13,3871,13284143.230071798,4146667.8046468613,400,0,0
2018-08-14,3843,13251479.781907324,4095210.9788042526,400,0,0
2018-08-15,4145,14344321.189897198,4376076.5922230715,400,0,1
2018-08-16,3818,13116047.908834927,4033383.1860317965,400,0,0
2018-08-17,3797,13001097.681279425,3991307.020097063,400,0,0
2018-08-18,4363,14903338.598073326,4578976.684716549,400,0,0
2018-08-19,4312,14910823.64431127,4582382.546524731,400,0,0
2018-08-20,3796,13051531.060569681,4002885.8308842005,400,0,0
2018-08-21,3820,13243668.86816521,4093505.1415306875,400,0,0
2018-08-22,3789,12923341.82626156,4000172.1949154185,400,0,0
2018-08-23,3795,13090236.140766677,4031681.662286784,400,0,0
2018-08-24,3800,13018709.462806497,4009012.307823884,400,0,0
2018-08-25,4255,14461274.520216629,4462401.530637193,400,0,0
2018-08-26,4223,14660015.08616468,4509094.829472613,400,0,0
2018-08-27,3770,12939019.92082052,4003159.7552349954,400,0,0
2018-08-28,3761,12918239.516541088,4032754.1562976125,400,0,0
2018-08-29,3741,12880349.393122146,3943373.5973556344,400,0,0
2018-08-30,3723,12906033.065388143,3977470.121870114,400,0,0
2018-08-31,3712,12750713.86878056,3963891.50950153,400,0,0
2018-09-01,4107,13785461.69840109,4254678.414211259,400,0,0
2018-09-02,4163,14219691.370980768,4394572.434211196,400,0,0
2018-09-03,3696,12700129.82468637,3922218.955078111,400,0,0
2018-09-04,3765,12924037.896670518,3982433.267838703,400,0,0
2018-09-05,3656,12564334.825341348,3878984.1068119747,400,0,0
2018-09-06,3747,12967235.709459553,4005507.343128594,400,0,0
2018-09-07,3687,12752638.902152188,3932278.718715655,400,0,0
2018-09-08,4126,14196600.921440344,4412180.078818478,400,0,0
2018-09-09,4145,14117976.388846502,4327750.282804658,400,0,0
2018-09-10,3675,12627048.728757553,3887938.408148993,400,0,0
2018-09-11,3697,12661219.755938016,3907769.8388738856,400,0,0
2018-09-12,3634,12567740.312551439,3885817.8762295214,400,0,0
2018-09-13,3653,12510210.43363619,3877437.0734186484,400,0,0
2018-09-14,3712,12777367.789809117,3942056.2336022165,400,0,0
2018-09-15,4059,13772442.952530783,4231755.28561271,400,0,0
2018-09-16,4103,14013317.158417322,4333828.595149338,400,0,0
2018-09-17,3680,12602185.778709332,3864576.2941883155,400,0,0
2018-09-18,3630,12461757.954316335,3834283.7158292127,400,0,0
2018-09-19,3652,12535821.135955019,3875435.5743999057,400,0,0
2018-09-20,3654,12476312.709214177,3837519.2003671923,400,0,0
2018-09-21,3629,12303071.123165809,3751206.3654841515,400,0,0
2018-09-22,4088,13934551.34950366,4290593.121507001,400,0,0
2018-09-23,4002,13774758.860245224,4237013.288603886,400,0,0
2018-09-24,3583,12295675.023219941,3789550.311816927,400,0,0
2018-09-25,3612,12422820.04146555,3821835.4767773226,400,0,0
2018-09-26,3581,12236072.344992293,3750712.4270494576,400,0,0
2018-09-27,3678,12665729.969678236,3901230.2882474875,400,0,0
2018-09-28,3580,12252768.124528721,3777658.4157901113,400,0,0
2018-09-29,4022,13844486.500494972,4261179.470392672,400,0,0
2018-09-30,4074,13979635.590125198,4319423.810094697,400,0,0
2018-10-01,3573,12302692.921380758,3798341.4933537617,400,0,0
2018-10-02,3951,13616347.960069781,4150644.9306771345,400,0,1
2018-10-03,3629,12373414.751036895,3835468.380609088,400,0,0
2018-10-04,3583,12303832.784374263,3789119.463100072,400,0,0
2018-10-05,3580,12345109.183481587,3802546.0640983735,400,0,0
2018-10-06,4054,13817142.325014371,4251248.589746008,400,0,0
2018-10-07,3957,13601087.435355082,4206599.445814895,400,0,0
2018-10-08,3634,12361740.232578676,3799108.820187915,400,0,0
2018-10-09,3583,12198336.30163324,3749044.544712928,400,0,0
2018-10-10,3558,12173772.144057432,3730200.4737111083,400,0,0
2018-10-11,3523,12066670.34807594,3706251.367322604,400,0,0
2018-10-12,3636,12458745.641383473,3806397.8214772562,400,0,0
2018-10-13,3852,13394256.329640884,4153600.5654087514,400,0,0
2018-10-14,4000,13704452.24851131,4195144.438328321,400,0,0
2018-10-15,3565,12312270.5497249,3811913.449034469,400,0,0
2018-10-16,3516,12152733.55126539,3776860.4848104757,400,0,0
2018-10-17,3555,12124810.389142798,3710184.285275271,400,0,0
2018-10-18,3526,11948655.017838567,3667198.7688630465,400,0,0
2018-10-19,3538,12213256.186702693,3760967.3763056253,400,0,0
2018-10-20,3959,13587444.274018804,4144731.2466482664,400,0,0
2018-10-21,3915,13282453.244233472,4079109.8794615786,400,0,0
2018-10-22,3588,12329583.607175678,3810329.522382632,400,0,0
2018-10-23,3590,12414170.701574484,3826932.885388929,400,0,0
2018-10-24,3546,12098133.565347424,3718768.238140506,400,0,0
2018-10-25,3481,11912502.52539497,3664720.5423330986,400,0,0
2018-10-26,3537,12246662.378619751,3756514.4131989083,400,0,0
2018-10-27,4037,13849104.103986086,4242192.832310649,400,0,0
2018-10-28,3889,13262585.634032458,4057933.5681352494,400,0,0
2018-10-29,3557,12148888.27582593,3730240.1596278613,400,0,0
2018-10-30,3522,11996870.230674855,3686187.0419237185,400,0,0
2018-10-31,3484,11864826.724289628,3625974.2535882727,400,0,0
2018-11-01,3804,12976466.077647945,3954860.864578492,400,0,1
2018-11-02,3564,12142147.554418502,3718644.8015588154,400,0,0
2018-11-03,3981,13626831.100387678,4186830.296451464,400,0,0
2018-11-04,3931,13405100.92876346,4137939.9581703423,400,0,0
2018-11-05,3541,12237895.522276213,3750330.7842089375,400,0,0
2018-11-06,3589,12291897.388460027,3747727.9954475374,400,0,0
2018-11-07,3600,12324935.268236483,3819509.166902352,400,0,0
2018-11-08,3594,12333877.151279321,3806258.836984286,400,0,0
2018-11-09,3605,12347217.367201513,3792854.359582297,400,0,0
2018-11-10,3988,13718044.423849558,4193417.502964277,400,0,0
2018-11-11,3974,13699188.526641762,4211139.854924327,400,0,0
2018-11-12,3543,12083887.150790684,3697841.488828258,400,0,0
2018-11-13,3534,12149090.588672936,3729729.390685617,400,0,0
2018-11-14,3601,12540724.980820863,3869985.822995264,400,0,0
2018-11-15,3522,12058051.976225909,3690057.0393087515,400,0,0
2018-11-16,3539,12038180.870595304,3700360.151662231,400,0,0
2018-11-17,3966,13689697.9007144,4177989.057456456,400,0,0
2018-11-18,4032,13859896.15212741,4247335.801169855,400,0,0
2018-11-19,3620,12631462.39708337,3918986.618823924,400,0,0
2018-11-20,4306,13342345.014985202,3128149.217258577,400,400,0
2018-11-21,4217,12860395.976864945,2970650.5013607075,400,400,0
2018-11-22,4332,13460318.501259878,3102559.265885927,400,400,0
2018-11-23,4266,13168437.98662208,2997036.794973872,400,400,0
2018-11-24,4824,14870424.008304501,3437047.655229146,400,400,0
2018-11-25,4831,14924035.272223009,3424086.4367412976,400,400,0
2018-11-26,4335,13251643.492069019,2975927.210374398,400,400,0
2018-11-27,4264,13142903.560537541,3118809.415617368,400,400,0
2018-11-28,4292,13104256.110650001,2886161.125095729,400,400,0
2018-11-29,4269,13116383.40192176,2979724.074476214,400,400,0
2018-11-30,4318,13130853.851136014,3007741.0633653654,400,400,0
2018-12-01,4021,13789046.595112246,4239278.133867542,400,0,0
2018-12-02,4013,13644389.859257864,4203008.8342004195,400,0,0
2018-12-03,3641,12455364.716570487,3812739.720133148,400,0,0
2018-12-04,3608,12329405.81637746,3779394.4521798175,400,0,0
2018-12-05,3584,12328037.805118244,3779317.878389067,400,0,0
2018-12-06,3654,12454464.954286013,3810954.566653304,400,0,0
2018-12-07,3642,12472923.299878445,3822087.5053351833,400,0,0
2018-12-08,4106,13939263.002444781,4282620.137368137,400,0,0
2018-12-09,4113,14014260.879664384,4301494.5543074785,400,0,0
2018-12-10,3647,12519811.146928312,3834410.397471602,400,0,0
2018-12-11,3660,12666918.952750487,3890535.9640337788,400,0,0
2018-12-12,3672,12538482.685421702,3859093.83641656,400,0,0
2018-12-13,3704,12651682.917337181,3880402.5311538666,400,0,0
2018-12-14,3679,12675430.740849359,3902678.26590423,400,0,0
2018-12-15,4130,14319272.429007689,4379733.970996876,400,0,0
2018-12-16,4099,14098970.241204208,4300156.499024468,400,0,0
2018-12-17,3722,12834013.88123024,3929659.561111517,400,0,0
2018-12-18,3680,12647065.122136481,3876442.6548165577,400,0,0
2018-12-19,3659,12654175.661444806,3908017.532719875,400,0,0
2018-12-20,3656,12739943.83491398,3907213.3725254782,400,0,0
2018-12-21,3867,13349791.97124028,4096314.469854043,400,0,0
2018-12-22,4204,14438010.013067357,4434996.292181118,400,0,0
2018-12-23,4247,14451890.715498315,4445213.145196376,400,0,0
2018-12-24,3783,13103308.382565893,4025918.0732697533,400,0,0
2018-12-25,4043,13859313.086696496,4228021.647483312,400,0,1
2018-12-26,3763,13058042.139806759,4042292.2907746774,400,0,0
2018-12-27,3821,13205899.32666653,4042816.1948806155,400,0,0
2018-12-28,3792,13176721.989256324,4019951.1487096273,400,0,0
2018-12-29,4301,14650189.97201895,4474139.788914539,400,0,0
2018-12-30,4324,14846800.830878265,4549078.866782828,400,0,0
2018-12-31,3788,13146582.030400114,4032820.981713754,400,0,0
2019-01-01,3824,13145346.38256304,4007153.3946427885,400,0,0
2019-01-02,3845,13119665.040020589,4003217.9285082375,400,0,0
2019-01-03,3874,13320184.357810616,4105423.097893406,400,0,0
2019-01-04,3857,13260228.179986564,4097750.154331345,400,0,0
2019-01-05,4267,14757860.472397724,4512535.792784931,400,0,0
2019-01-06,4364,15002686.283573942,4581533.477527719,400,0,0
2019-01-07,3799,12893963.664032066,3949854.357819837,400,0,0
2019-01-08,3889,13319984.102701604,4090450.7440866474,400,0,0
2019-01-09,3841,13286022.68875435,4085161.038720857,400,0,0
2019-01-10,3906,13532828.952334903,4181621.944673427,400,0,0
2019-01-11,3882,13330599.339945761,4113977.8783363025,400,0,0
2019-01-12,4337,14973837.17607426,4596902.9895019345,400,0,0
2019-01-13,4361,15094936.882129336,4647588.854697808,400,0,0
2019-01-14,3961,13613971.093782026,4205019.8676264305,400,0,0
2019-01-15,3945,13552149.266516536,4187729.3072424554,400,0,0
2019-01-16,3860,13330146.465248648,4072284.2862922912,400,0,0
2019-01-17,3983,13682781.897051148,4193891.083426012,400,0,0
2019-01-18,3963,13842220.660526752,4215695.602450613,400,0,0
2019-01-19,4538,15584907.562479317,4770467.222666128,400,0,0
2019-01-20,4455,15618656.711661339,4807023.096380613,400,0,0
2019-01-21,3954,13714142.400525376,4218582.539975382,400,0,0
2019-01-22,4066,14138650.547157595,4340481.444571115,400,0,0
2019-01-23,4023,13878522.846893005,4244749.327146257,400,0,0
2019-01-24,4036,13862350.512915106,4234714.246618693,400,0,0
2019-01-25,4061,14058622.27604317,4335347.4766847575,400,0,0
2019-01-26,5007,17298069.475527354,5315268.304395772,400,0,1
2019-01-27,4601,15950399.709341843,4932234.226354348,400,0,0
2019-01-28,4059,14007517.427196417,4302648.202890038,400,0,0
2019-01-29,4127,14165385.612984406,4364297.308363594,400,0,0
2019-01-30,4120,14289415.446944112,4392999.014174929,400,0,0
2019-01-31,4077,14155699.088438822,4357608.778450769,400,0,0
2019-02-01,4103,13996256.238424845,4310139.781936756,400,0,0
2019-02-02,4657,16030751.868423145,4944957.10368791,400,0,0
2019-02-03,4594,15910437.12736288,4928792.7964312965,400,0,0
2019-02-04,4130,14273605.572250413,4394433.11695822,400,0,0
2019-02-05,4122,14420638.095018646,4459026.36473988,400,0,0
2019-02-06,4216,14653173.810262011,4529537.7416213155,400,0,0
2019-02-07,4129,14254651.273341887,4380530.424914634,400,0,0
2019-02-08,4178,14319710.355519177,4416611.851130222,400,0,0
2019-02-09,4738,16218877.734880527,4961563.305409637,400,0,0
2019-02-10,4640,15846574.645224739,4844312.145794065,400,0,0
2019-02-11,4098,14018414.018217718,4331570.103148849,400,0,0
2019-02-12,4250,14672113.050778639,4512477.748074909,400,0,0
2019-02-13,4246,14639245.350267855,4500671.742093621,400,0,0
2019-02-14,4192,14380821.348727325,4426808.918447616,400,0,0
2019-02-15,4145,14240167.76457974,4385647.849755629,400,0,0
2019-02-16,4791,16705338.06558928,5104884.308474406,400,0,0
2019-02-17,4738,16473088.78237303,5092280.839691416,400,0,0
2019-02-18,4387,15171615.703750692,4689652.908514098,400,0,0
2019-02-19,4237,14804191.917312765,4551742.576924793,400,0,0
2019-02-20,4294,14916106.412002241,4575879.769868142,400,0,0
2019-02-21,4256,14837409.455703031,4571901.613713911,400,0,0
2019-02-22,4449,15261226.851931475,4693057.392343784,400,0,0
2019-02-23,4777,16610530.44973126,5137673.306554925,400,0,0
2019-02-24,4788,16656546.89990263,5149886.819919462,400,0,0
2019-02-25,4296,14826675.478875482,4529401.085006659,400,0,0
2019-02-26,4334,14981413.859692315,4600198.060878308,400,0,0
2019-02-27,4490,15461484.918789597,4768269.899219295,400,0,0
2019-02-28,4417,15250055.843022032,4685163.044812377,400,0,0
2019-03-01,5204,16193309.026497168,3674343.969237759,400,400,0
2019-03-02,5829,18012043.81581896,4075966.867473421,400,400,0
2019-03-03,5880,18123768.62796876,4131352.1188614727,400,400,0
2019-03-04,5194,16120582.232053846,3670637.899531842,400,400,0
2019-03-05,5194,16166449.480232634,3756717.7282800223,400,400,0
2019-03-06,5369,16638419.697786342,3736602.021916487,400,400,0
2019-03-07,5257,16249047.990107555,3635750.2212012154,400,400,0
2019-03-08,4395,15156260.140561668,4675105.848705676,400,0,0
2019-03-09,5044,17572243.091510624,5379736.26256102,400,0,0
2019-03-10,4980,17312170.531167895,5360627.536468667,400,0,0
2019-03-11,4417,15216480.157921728,4687618.706609419,400,0,0
2019-03-12,4405,15297927.2411468,4721472.269582618,400,0,0
2019-03-13,4363,15258668.192016793,4732835.96063082,400,0,0
2019-03-14,4355,15127810.67230909,4642443.516467262,400,0,0
2019-03-15,4465,15425233.29321403,4764706.235142162,400,0,0
2019-03-16,4999,17213409.60380401,5277524.499276674,400,0,0
2019-03-17,5022,17383843.45157082,5354021.603088919,400,0,0
2019-03-18,4466,15524840.835827006,4802411.365624923,400,0,0
2019-03-19,4496,15823081.231104674,4893216.396852816,400,0,0
2019-03-20,4480,15675188.245922366,4856474.322186123,400,0,0
2019-03-21,4442,15303304.822728807,4734792.514726504,400,0,0
2019-03-22,4472,15479558.103984538,4753814.79946666,400,0,0
2019-03-23,5058,17494363.106065046,5392508.07822986,400,0,0
2019-03-24,5036,17436517.93246423,5328728.770169564,400,0,0
2019-03-25,4603,15971664.88028729,4943818.1545291785,400,0,0
2019-03-26,4541,15865126.81345336,4907647.680368796,400,0,0
2019-03-27,4508,15568521.290314246,4781867.349185877,400,0,0
2019-03-28,4397,15359157.459745806,4736156.028929942,400,0,0
2019-03-29,4561,15787635.376893425,4853105.57764598,400,0,0
2019-03-30,5003,17293397.39974322,5352350.852765022,400,0,0
2019-03-31,5164,17883963.506598055,5508327.392467635,400,0,0
2019-04-01,4551,15873791.319626877,4872682.083394872,400,0,0
2019-04-02,4568,15849261.872783534,4879765.210650864,400,0,0
2019-04-03,4558,15816463.554111319,4867171.069455119,400,0,0
2019-04-04,4578,15816442.583046207,4888019.232539005,400,0,0
2019-04-05,4607,15872991.255237244,4896103.327575566,400,0,0
2019-04-06,5062,17713754.966213178,5476509.678874483,400,0,0
2019-04-07,5125,17895560.893241692,5496189.71523088,400,0,0
2019-04-08,4631,16212171.73629091,5013002.883952463,400,0,0
2019-04-09,4613,16070434.20335419,4992168.821563696,400,0,0
2019-04-10,4644,16200272.466414029,5015204.227155304,400,0,0
2019-04-11,4586,16010139.302480701,4939163.305510115,400,0,0
2019-04-12,4550,15797326.837771999,4927975.865968851,400,0,0
2019-04-13,5118,17769909.79585722,5521827.148669617,400,0,0
2019-04-14,5277,18388903.50452767,5675143.70138234,400,0,0
2019-04-15,4629,16132478.722406382,4949529.448396529,400,0,0
2019-04-16,4628,16113685.768792363,4943682.547041005,400,0,0
2019-04-17,4625,16100605.44028275,4975021.601711044,400,0,0
2019-04-18,4654,16239824.366191551,5037925.116759667,400,0,0
2019-04-19,4605,15954038.021261562,4933404.271193682,400,0,0
2019-04-20,5219,18223448.34436525,5635768.281088629,400,0,0
2019-04-21,5150,17876659.50350421,5530735.228022113,400,0,0
2019-04-22,4615,15882192.895440307,4918834.611132167,400,0,0
2019-04-23,4620,15841931.799195632,4895691.567975303,400,0,0
2019-04-24,4654,16146948.996728376,4985476.275985479,400,0,0
2019-04-25,4583,16141016.659344846,4983607.79347464,400,0,0
2019-04-26,4663,16208044.832306698,5000282.674373141,400,0,0
2019-04-27,5237,18348149.21254321,5699070.874631042,400,0,0
2019-04-28,5181,17990468.130916554,5541264.052713393,400,0,0
2019-04-29,4709,16420858.737078134,5078025.295733623,400,0,0
2019-04-30,4602,16001840.039093982,4928373.683427088,400,0,0
2019-05-01,4650,16155395.5703809,4987559.201080719,400,0,0
2019-05-02,4666,16235265.393878197,4984553.768803614,400,0,0
2019-05-03,4634,15996268.92479238,4930233.930539971,400,0,0
2019-05-04,5240,18240848.639830623,5633311.407665803,400,0,0
2019-05-05,5174,17895021.03896489,5571429.086924983,400,0,0
2019-05-06,4636,16064279.159624407,4961301.514698968,400,0,0
2019-05-07,4709,16316990.758203292,5005216.460100326,400,0,0
2019-05-08,4613,15997206.51850757,4947652.86348181,400,0,0
2019-05-09,4609,16222994.944017492,5031219.138460222,400,0,0
2019-05-10,4641,16146205.810710609,4984454.682206443,400,0,0
2019-05-11,5144,17877329.546479225,5515065.707826334,400,0,0
2019-05-12,5232,18085792.88358275,5568083.023874078,400,0,0
2019-05-13,4657,16079103.20962331,4984626.052539506,400,0,0
2019-05-14,4623,16248528.36452223,5033456.527836313,400,0,0
2019-05-15,4686,16266448.340417482,5012535.748516946,400,0,0
2019-05-16,4578,15855955.881756822,4894979.57467298,400,0,0
2019-05-17,4716,16362141.801019939,5088555.562858134,400,0,0
2019-05-18,5228,18230393.957104817,5639060.269300043,400,0,0
2019-05-19,5145,17628314.945465725,5428681.616632075,400,0,0
2019-05-20,4571,15921474.359914327,4928642.37325617,400,0,0
2019-05-21,4585,15851360.199983729,4892101.929505481,400,0,0
2019-05-22,4617,16118627.92317368,4983187.6232809555,400,0,0
2019-05-23,4596,15993192.441758072,4981321.15119029,400,0,0
2019-05-24,4661,16064736.026230367,4949402.075163879,400,0,0
2019-05-25,5199,18004983.37903417,5548368.634426389,400,0,0
2019-05-26,5110,17697105.568857994,5464336.096326223,400,0,0
2019-05-27,4559,15765426.460654847,4878674.392847305,400,0,0
2019-05-28,4680,16032979.97720641,4962854.835931404,400,0,0
2019-05-29,4644,15967532.761054892,4921489.008310289,400,0,0
2019-05-30,4660,16099829.197989695,4963640.49106815,400,0,0
2019-05-31,4627,16067098.201293712,4979225.0373284845,400,0,0
2019-06-01,5066,17493930.29465876,5411547.3860758245,400,0,0
2019-06-02,5092,17497701.348530684,5398268.151151788,400,0,0
2019-06-03,4539,15763946.43982156,4859652.623077709,400,0,0
2019-06-04,4547,15706946.2262164,4848096.191119949,400,0,0
2019-06-05,4548,15649558.57435979,4810395.736541483,400,0,0
2019-06-06,4546,15743200.017078454,4868552.708615098,400,0,0
2019-06-07,4576,15815147.732714051,4910564.8925954485,400,0,0
2019-06-08,5047,17435403.350613642,5328079.332714732,400,0,0
2019-06-09,5096,17514063.082602143,5431611.394920334,400,0,0
2019-06-10,4596,15896118.44898294,4888041.15463292,400,0,0
2019-06-11,4560,15739537.28245603,4812437.047004858,400,0,0
2019-06-12,4512,15691638.209801208,4856441.314513489,400,0,0
2019-06-13,4571,15886035.243734777,4924224.009040822,400,0,0
2019-06-14,4604,16000459.699553214,4935358.063399935,400,0,0
2019-06-15,5090,17709818.23054184,5480530.879347059,400,0,0
2019-06-16,5077,17541577.495131377,5404851.853123761,400,0,0
2019-06-17,4524,15685655.857321396,4849785.980896241,400,0,0
2019-06-18,4542,15685147.63116211,4827142.585644711,400,0,0
2019-06-19,4434,15447077.386999663,4777278.8018816095,400,0,0
2019-06-20,4511,15367687.666721035,4714949.926666727,400,0,0
2019-06-21,4461,15460489.128153538,4758872.5660590455,400,0,0
2019-06-22,5102,17686279.66120232,5472451.744626299,400,0,0
2019-06-23,5054,17269790.59610354,5311398.852037615,400,0,0
2019-06-24,4402,15247407.12520954,4708147.219550663,400,0,0
2019-06-25,4404,15183221.280277986,4699952.493626494,400,0,0
2019-06-26,4486,15598171.264798775,4850768.369607342,400,0,0
2019-06-27,4453,15346361.870631784,4747179.444175997,400,0,0
2019-06-28,4403,15186166.329883846,4693446.7181700235,400,0,0
2019-06-29,4927,16971131.875203684,5212486.802888373,400,0,0
2019-06-30,4907,16811880.90227815,5213806.765743446,400,0,0
2019-07-01,4407,15397794.987639468,4765556.394567568,400,0,0
2019-07-02,4340,14972640.847440345,4612200.578509599,400,0,0
2019-07-03,4373,15120872.750615101,4648783.933784357,400,0,0
2019-07-04,4431,15364511.496002655,4753465.084870445,400,0,0
2019-07-05,4386,15039095.340048669,4642145.428353355,400,0,0
2019-07-06,4889,16858527.8509235,5234810.402830768,400,0,0
2019-07-07,4842,16760910.50123886,5168745.471679498,400,0,0
2019-07-08,4325,14874479.896177048,4569282.67961326,400,0,0
2019-07-09,4372,15007725.363563621,4628544.335729498,400,0,0
2019-07-10,4346,15108141.105272545,4658511.9471332235,400,0,0
2019-07-11,4314,14913889.845286664,4620881.381914243,400,0,0
2019-07-12,4317,14886770.391289039,4583916.815909174,400,0,0
2019-07-13,4860,16689625.382499656,5163224.76766409,400,0,0
2019-07-14,4909,17159806.29200271,5327107.15787882,400,0,0
2019-07-15,4301,14870691.147993075,4593077.6998134805,400,0,0
2019-07-16,4301,14686262.070850438,4546661.881226461,400,0,0
2019-07-17,4258,14598330.352474349,4526626.535874015,400,0,0
2019-07-18,4277,14588097.05008195,4470310.871900008,400,0,0
2019-07-19,4226,14521343.309488205,4486086.294242346,400,0,0
2019-07-20,4761,16383858.337476484,5068407.034086063,400,0,0
2019-07-21,4735,16194790.866234712,4976425.276666636,400,0,0
2019-07-22,4296,14910270.822408242,4626248.093019315,400,0,0
2019-07-23,4219,14628082.811602732,4490459.244132021,400,0,0
2019-07-24,4357,15098260.530630307,4686535.252903386,400,0,0
2019-07-25,4248,14658753.039236585,4524697.254577326,400,0,0
2019-07-26,4281,14673731.283985868,4515040.998688106,400,0,0
2019-07-27,4683,16130902.640810648,5007743.437035263,400,0,0
2019-07-28,4588,15856344.848357141,4885919.869816056,400,0,0
2019-07-29,4234,14544622.768975416,4472293.111284147,400,0,0
2019-07-30,4103,13953093.093425713,4310865.775340118,400,0,0
2019-07-31,4238,14582323.856970279,4516264.323452188,400,0,0
2019-08-01,4944,15101550.677984543,3362516.06053502,400,400,0
2019-08-02,4949,15258409.055914778,3574708.2988670785,400,400,0
2019-08-03,5555,16936611.605814766,3766239.747224635,400,400,0
2019-08-04,5534,17047395.865322273,3884420.900251025,400,400,0
2019-08-05,5038,15629493.144756407,3628438.435534849,400,400,0
2019-08-06,4960,15293740.628399683,3529485.344318731,400,400,0
2019-08-07,4983,15470050.304980401,3512230.439010042,400,400,0
2019-08-08,4041,13848651.47866405,4272514.931953721,400,0,0
2019-08-09,4125,14201826.654871581,4341158.445816194,400,0,0
2019-08-10,4615,15861294.998073788,4913016.9899335345,400,0,0
2019-08-11,4521,15511181.81506423,4765638.4191856915,400,0,0
2019-08-12,4054,13995402.891773164,4324493.586924631,400,0,0
2019-08-13,4137,14065939.55046927,4302583.81214977,400,0,0
2019-08-14,4112,14125701.956907583,4330238.039959177,400,0,0
2019-08-15,4360,15044071.535890944,4645350.538054287,400,0,1
2019-08-16,4052,13958248.577009372,4312255.568398959,400,0,0
2019-08-17,4452,15288834.2781804,4717989.53222519,400,0,0
2019-08-18,4491,15289409.348502025,4718197.940072609,400,0,0
2019-08-19,4017,13824938.144088652,4238928.6532543395,400,0,0
2019-08-20,3997,13722069.418228328,4247610.0949666705,400,0,0
2019-08-21,4021,13802709.5008567,4235883.925985162,400,0,0
2019-08-22,4003,13715859.977084553,4224922.9347111415,400,0,0
2019-08-23,4021,13858785.573688554,4265529.601455053,400,0,0
2019-08-24,4510,15407152.723216256,4747010.347660717,400,0,0
2019-08-25,4461,15318237.777643457,4688164.966273608,400,0,0
2019-08-26,4000,13747210.745860761,4216477.381989722,400,0,0
2019-08-27,3977,13805231.954428595,4277600.376199778,400,0,0
2019-08-28,3940,13522528.037401753,4126729.6123570013,400,0,0
2019-08-29,4006,13512997.066536654,4141811.1858990197,400,0,0
2019-08-30,3997,13737920.5094565,4222216.280454524,400,0,0
2019-08-31,4452,15082584.575474702,4630331.121740228,400,0,0
2019-09-01,4302,14594013.497082084,4508563.502627534,400,0,0
2019-09-02,3913,13454411.334424965,4167830.2543652602,400,0,0
2019-09-03,3919,13509722.87759765,4161342.9444646724,400,0,0
2019-09-04,3916,13508409.33241308,4186235.978616204,400,0,0
2019-09-05,3997,13628113.639157804,4172976.4651480485,400,0,0
2019-09-06,3897,13341898.449848803,4122417.953360684,400,0,0
2019-09-07,4333,14926582.648261545,4589494.338635588,400,0,0
2019-09-08,4384,14878077.315562595,4592111.52558379,400,0,0
2019-09-09,3896,13433437.041984906,4091190.8883177377,400,0,0
2019-09-10,3852,13255234.614700094,4089657.888328867,400,0,0
2019-09-11,3903,13452400.667819817,4124030.0720241857,400,0,0
2019-09-12,3849,13234513.25748579,4085407.521312595,400,0,0
2019-09-13,3869,13120499.891100064,4015119.7860097885,400,0,0
2019-09-14,4266,14527497.119141057,4478530.205080441,400,0,0
2019-09-15,4416,15172246.615460832,4678730.919075018,400,0,0
2019-09-16,3857,13123420.145791974,4024545.505408192,400,0,0
2019-09-17,3800,13033555.02526472,3974699.89538762,400,0,0
2019-09-18,3820,13192819.262118062,4076385.5698911515,400,0,0
2019-09-19,3930,13472813.2147218,4164302.236877662,400,0,0
2019-09-20,3802,12999836.27902107,3945741.4110727343,400,0,0
2019-09-21,4265,14691740.304703696,4538004.997385199,400,0,0
2019-09-22,4236,14471521.12258779,4409973.431314657,400,0,0
2019-09-23,3758,12773362.249100232,3925797.4351918343,400,0,0
2019-09-24,3819,13135777.417806774,4026125.21276613,400,0,0
2019-09-25,3779,12962496.361612307,3977956.587963859,400,0,0
2019-09-26,3761,12894752.865192806,3971317.5699657584,400,0,0
2019-09-27,3822,12990410.650887646,3939087.552343147,400,0,0
2019-09-28,4154,14208836.146517,4340632.741710758,400,0,0
2019-09-29,4248,14482350.32869215,4445107.530333893,400,0,0
2019-09-30,3785,13072081.869141513,4039123.64847679,400,0,0
2019-10-01,3688,12673283.748617738,3881162.6925057126,400,0,0
2019-10-02,4066,13835646.513595803,4227060.436838214,400,0,1
2019-10-03,3788,12919240.993307246,3993295.2769992435,400,0,0
2019-10-04,3766,12940340.255281385,3985407.1354517695,400,0,0
2019-10-05,4205,14573242.178774405,4497056.310166255,400,0,0
2019-10-06,4156,14271514.530262848,4405921.990279059,400,0,0
2019-10-07,3701,12635647.285778541,3891128.796634977,400,0,0
2019-10-08,3699,12814575.258177312,3950337.507901853,400,0,0
2019-10-09,3742,12926067.734556336,3969397.4237964833,400,0,0
2019-10-10,3747,12892536.017662847,3944417.9209647225,400,0,0
2019-10-11,3784,12911400.83247907,3947717.701309572,400,0,0
2019-10-12,4181,14298703.338144448,4365436.935075457,400,0,0
2019-10-13,4159,14285974.097204769,4401861.302833972,400,0,0
2019-10-14,3714,12690672.701089777,3894685.3685293132,400,0,0
2019-10-15,3706,12447060.3005034,3783791.3004955794,400,0,0
2019-10-16,3696,12593732.025724888,3899736.249468956,400,0,0
2019-10-17,3705,12636274.475421598,3866671.2147485353,400,0,0
2019-10-18,3747,12760444.314023275,3924700.0103061474,400,0,0
2019-10-19,4091,13968577.797477318,4272028.758237977,400,0,0
2019-10-20,4196,14444149.035656482,4443799.092564097,400,0,0
2019-10-21,3762,12886652.25343043,3933361.9856201815,400,0,0
2019-10-22,3693,12617943.916018862,3878282.941147969,400,0,0
2019-10-23,3746,12583893.088306896,3846165.378245821,400,0,0
2019-10-24,3621,12533511.22034059,3840993.140845479,400,0,0
2019-10-25,3769,12847857.44742276,3945371.3730843905,400,0,0
2019-10-26,4155,14024001.77516177,4285456.614748179,400,0,0
2019-10-27,4160,14349032.097403428,4409269.9736305615,400,0,0
2019-10-28,3754,12750021.81341368,3898894.731969957,400,0,0
2019-10-29,3642,12473995.688469142,3813268.6159968963,400,0,0
2019-10-30,3716,12675713.376413416,3899892.620136387,400,0,0
2019-10-31,3711,12739928.201106803,3908961.088603364,400,0,0
2019-11-01,4027,13843722.383059526,4268813.860273467,400,0,1
2019-11-02,4171,14192118.050950198,4311925.647809404,400,0,0
2019-11-03,4143,14226380.412785716,4392228.81081972,400,0,0
2019-11-04,3761,12905080.992151042,3942652.7896131575,400,0,0
2019-11-05,3670,12596993.474436605,3858735.114974312,400,0,0
2019-11-06,3753,12722545.965426415,3905296.8819246734,400,0,0
2019-11-07,3703,12740146.905392032,3902833.9166010693,400,0,0
2019-11-08,3716,12687182.769591805,3891925.3524588,400,0,0
2019-11-09,4214,14563421.141196772,4487601.38028941,400,0,0
2019-11-10,4162,14254016.878599921,4387239.604986399,400,0,0
2019-11-11,3731,12700548.653355032,3901293.294967937,400,0,0
2019-11-12,3734,12818650.211235901,3925168.828877271,400,0,0
2019-11-13,3691,12586916.737235608,3847121.0411326163,400,0,0
2019-11-14,3723,12695357.998276692,3897494.3360235617,400,0,0
2019-11-15,3822,13016386.650029507,3962466.4186120005,400,0,0
2019-11-16,4103,14015743.745096752,4298975.070511834,400,0,0
2019-11-17,4187,14332448.636371417,4406651.0192167405,400,0,0
2019-11-18,3723,12709657.477906788,3908787.178616184,400,0,0
2019-11-19,3765,12692237.38085783,3849321.154228932,400,0,0
2019-11-20,4431,13695408.097765755,3125702.9212057344,400,400,0
2019-11-21,4524,13986721.511401841,3186837.2701172265,400,400,0
2019-11-22,4474,13735417.01147976,3131902.5127228373,400,400,0
2019-11-23,5047,15452233.56765048,3457741.779258446,400,400,0
2019-11-24,5011,15497236.819085874,3502547.0076931487,400,400,0
2019-11-25,4513,13835362.80580716,3142309.1831862554,400,400,0
2019-11-26,4582,13958910.671289992,3114231.075541623,400,400,0
2019-11-27,4521,13927838.556525867,3209625.124912317,400,400,0
2019-11-28,4498,13729773.404506957,3113845.3495304314,400,400,0
2019-11-29,4609,14164503.147003453,3214998.0623502913,400,400,0
2019-11-30,4929,15165216.918269077,3380287.817404092,400,400,0
2019-12-01,4275,14666051.38461709,4473374.922120521,400,0,0
2019-12-02,3810,13191183.558269996,4047738.7205752577,400,0,0
2019-12-03,3789,13026103.594757821,3988409.6325733336,400,0,0
2019-12-04,3838,13196148.83051863,4064744.38263048,400,0,0
2019-12-05,3787,12904096.993983943,3967956.587367838,400,0,0
2019-12-06,3837,13194007.949134976,4040856.754875896,400,0,0
2019-12-07,4366,14936848.228152286,4567867.141873514,400,0,0
2019-12-08,4282,14721499.799861053,4534551.895035918,400,0,0
2019-12-09,3835,13184597.32817393,4042826.8981038257,400,0,0
2019-12-10,3848,13047463.881535387,3993084.3108062954,400,0,0
2019-12-11,3827,13018023.766326696,3962081.7354174163,400,0,0
2019-12-12,3887,13362792.841266677,4133819.7413121923,400,0,0
2019-12-13,3870,13194339.752206158,4025406.0456530494,400,0,0
2019-12-14,4346,14937905.699810669,4611159.801570721,400,0,0
2019-12-15,4356,15173340.739477467,4676019.09596846,400,0,0
2019-12-16,3916,13447032.396016149,4129677.321305546,400,0,0
2019-12-17,3853,13181996.754408615,4068760.5119754686,400,0,0
2019-12-18,3906,13304147.314410524,4090910.871836789,400,0,0
2019-12-19,3940,13536779.496570883,4138757.03208418,400,0,0
2019-12-20,3871,13303737.076768784,4058069.2059823712,400,0,0
2019-12-21,4408,15183288.732089477,4672613.446849531,400,0,0
2019-12-22,4413,15117655.847940134,4631739.311059047,400,0,0
2019-12-23,3918,13446749.352617925,4119089.2244459703,400,0,0
2019-12-24,3916,13527338.892392883,4169889.8857461126,400,0,0
2019-12-25,4290,14957669.524836618,4597936.814481225,400,0,1
2019-12-26,3994,13790774.161505595,4221017.705418262,400,0,0
2019-12-27,3995,13790827.936750444,4245095.244860703,400,0,0
2019-12-28,4471,15228182.84638429,4631687.921070927,400,0,0
2019-12-29,4460,15471861.277973387,4779130.938970296,400,0,0
2019-12-30,3998,13846105.773763813,4229060.322082093,400,0,0
2019-12-31,4004,13893976.587946646,4276153.2257385375,400,0,0
2020-01-01,4025,13972309.598490095,4271445.818184834,400,0,0
2020-01-02,4010,13845118.523217183,4269956.87396538,400,0,0
2020-01-03,4036,14005889.672183735,4323476.664546936,400,0,0
2020-01-04,4558,15662610.108356353,4812712.587710169,400,0,0
2020-01-05,4471,15499894.71671629,4752893.401387943,400,0,0
2020-01-06,4041,13953295.510490991,4273426.636632645,400,0,0
2020-01-07,4107,14182129.29701009,4375341.294843017,400,0,0
2020-01-08,4062,13877062.10113312,4235610.493526909,400,0,0
2020-01-09,4121,14139509.909441633,4335175.406333992,400,0,0
2020-01-10,4105,14180119.018592317,4332163.012323335,400,0,0
2020-01-11,4591,15979378.503499663,4919528.937221897,400,0,0
2020-01-12,4543,15457176.393514695,4752818.228040961,400,0,0
2020-01-13,4090,13894588.240848042,4249259.289251714,400,0,0
2020-01-14,4154,14305649.216197876,4386592.696685127,400,0,0
2020-01-15,4138,14392432.006422102,4441542.858057191,400,0,0
2020-01-16,4248,14533756.590094134,4445834.817684192,400,0,0
2020-01-17,4118,14235087.639652649,4392068.923787681,400,0,0
2020-01-18,4672,16281764.252164716,5031448.990227667,400,0,0
2020-01-19,4682,16030089.787333937,4912988.033936447,400,0,0
2020-01-20,4233,14639907.949219977,4522819.5865759915,400,0,0
2020-01-21,4164,14415018.09874221,4425992.725130056,400,0,0
2020-01-22,4196,14359047.878424956,4410572.287706494,400,0,0
2020-01-23,4198,14512140.620761493,4512623.869717813,400,0,0
2020-01-24,4361,15116726.988711866,4651021.629083167,400,0,0
2020-01-25,4772,16393931.836447598,4988466.577746927,400,0,0
2020-01-26,5189,17802612.69243277,5463427.995837817,400,0,1
2020-01-27,4256,14769876.37435062,4531994.067098497,400,0,0
2020-01-28,4288,14913902.630275946,4568384.2074743025,400,0,0
2020-01-29,4273,14747241.501345001,4521041.942954602,400,0,0
2020-01-30,4293,15049339.590365518,4643976.30425216,400,0,0
2020-01-31,4359,14901868.943479346,4547907.733001515,400,0,0
2020-02-01,4752,16433041.08177019,4999402.240676323,400,0,0
2020-02-02,4822,16578294.630859537,5089616.40076115,400,0,0
2020-02-03,4285,14899049.811955865,4583876.702663175,400,0,0
2020-02-04,4360,15033638.70305334,4616613.341955902,400,0,0
2020-02-05,4362,15131871.911725873,4679956.564071846,400,0,0
2020-02-06,4402,15252192.082813311,4680655.681138222,400,0,0
2020-02-07,4438,15124766.94920754,4676193.101589023,400,0,0
2020-02-08,4967,17161813.162865818,5283251.587024013,400,0,0
2020-02-09,4879,16874172.80663936,5187940.700458252,400,0,0
2020-02-10,4475,15380989.081633233,4715578.000412104,400,0,0
2020-02-11,4396,15064916.645832399,4632780.932599349,400,0,0
2020-02-12,4314,14896937.86489625,4553545.267166841,400,0,0
2020-02-13,4382,15211973.713736385,4674978.752915639,400,0,0
2020-02-14,4412,15158343.085119972,4654194.834270835,400,0,0
2020-02-15,5013,17289481.06983087,5270326.800388494,400,0,0
2020-02-16,5010,17278703.31736702,5309170.132309279,400,0,0
2020-02-17,4486,15508449.104555469,4749959.207211307,400,0,0
2020-02-18,4525,15486945.16665078,4742946.78708285,400,0,0
2020-02-19,4459,15275562.720680255,4677810.997893586,400,0,0
2020-02-20,4598,16009677.279407678,4917373.202638222,400,0,0
2020-02-21,4390,15227194.224577287,4683706.450406701,400,0,0
2020-02-22,4979,17138327.95588728,5280976.4709470775,400,0,0
2020-02-23,5001,17318365.176067483,5288096.554785152,400,0,0
2020-02-24,4554,15728404.88130739,4784559.0168352835,400,0,0
2020-02-25,4526,15654637.429004526,4811474.900644801,400,0,0
2020-02-26,4530,15538638.631973494,4765235.627208516,400,0,0
2020-02-27,4526,15589052.736417385,4776071.505997278,400,0,0
2020-02-28,4604,15965252.859946594,4906417.746117463,400,0,0
2020-02-29,5016,17404864.719055224,5354734.645039418,400,0,0
2020-03-01,6101,19015938.71988379,4398075.60783343,400,400,0
2020-03-02,5536,17088620.729540337,3829120.9402338583,400,400,0
2020-03-03,5522,17223231.717530143,3954830.1460237685,400,400,0
2020-03-04,5484,16844727.57152008,3774141.2070759027,400,400,0
2020-03-05,5538,17187338.2832686,3888564.179974885,400,400,0
2020-03-06,5599,17369994.143664956,3868834.6279295865,400,400,0
2020-03-07,6078,18945675.95084766,4299237.675079846,400,400,0
2020-03-08,5199,17765226.10096185,5477486.561656079,400,0,0
2020-03-09,4630,15961046.017954307,4883563.0403584875,400,0,0
2020-03-10,4728,16416344.000328159,5028149.529269924,400,0,0
2020-03-11,4678,16271432.735785693,5030934.903381025,400,0,0
2020-03-12,4651,16104035.77640623,4968721.275244456,400,0,0
2020-03-13,4711,16355862.803933848,5045819.221251349,400,0,0
2020-03-14,5357,18645840.313369263,5765837.005259961,400,0,0
2020-03-15,5153,17841343.230353672,5490819.2665785365,400,0,0
2020-03-16,4654,16158256.523384688,4983553.2065330595,400,0,0
2020-03-17,4731,16267270.521370277,5046577.177566126,400,0,0
2020-03-18,4721,16149052.893591888,4962988.168838423,400,0,0
2020-03-19,4618,15908092.823032608,4902558.986816365,400,0,0
2020-03-20,4809,16727339.223467672,5231482.147455944,400,0,0
2020-03-21,5318,18407142.284506522,5648776.265790914,400,0,0
2020-03-22,5380,18665459.661171608,5770977.936019904,400,0,0
2020-03-23,4709,16099764.63883905,4944302.223037807,400,0,0
2020-03-24,4717,16291436.187038304,4998019.021322159,400,0,0
2020-03-25,4681,16188395.400496747,4967822.523645624,400,0,0
2020-03-26,4693,16145396.046902182,4973898.631352096,400,0,0
2020-03-27,4724,16385838.245968468,5042607.5320024695,400,0,0
2020-03-28,5290,18371568.190039825,5661441.960584489,400,0,0
2020-03-29,5456,18839954.257247612,5820914.647295613,400,0,0
2020-03-30,4756,16490360.686513139,5065270.92248721,400,0,0
2020-03-31,4781,16674852.832262224,5136448.851082656,400,0,0
2020-04-01,4799,16672680.487209244,5078600.800990887,400,0,0
2020-04-02,4786,16608576.311356133,5129763.643193225,400,0,0
2020-04-03,4678,16192641.574513506,5030675.669865183,400,0,0
2020-04-04,5389,18659703.250046354,5737834.9053154485,400,0,0
2020-04-05,5363,18551049.037652932,5701331.703788888,400,0,0
2020-04-06,4793,16414339.368779726,5050040.240532349,400,0,0
2020-04-07,4872,16831771.94191058,5167912.717115922,400,0,0
2020-04-08,4867,16901512.97559888,5222195.8804441765,400,0,0
2020-04-09,4805,16788692.726115417,5132416.824627756,400,0,0
2020-04-10,4837,16700133.576351676,5160991.631836654,400,0,0
2020-04-11,5381,18673587.02046094,5773154.304345872,400,0,0
2020-04-12,5425,18654512.379667833,5709580.819091085,400,0,0
2020-04-13,4802,16521081.211541405,5033938.297382901,400,0,0
2020-04-14,4757,16521112.767932659,5077346.4194617765,400,0,0
2020-04-15,4835,16686613.700703394,5132145.123147688,400,0,0
2020-04-16,4795,16662093.089176299,5123122.813225459,400,0,0
2020-04-17,4848,16667478.226307372,5122494.770344957,400,0,0
2020-04-18,5545,19354147.78519245,5983859.073406039,400,0,0
2020-04-19,5486,19094123.345025625,5907832.767687043,400,0,0
2020-04-20,4915,16957944.67674581,5206510.385875839,400,0,0
2020-04-21,4891,16995700.081640717,5300341.058040126,400,0,0
2020-04-22,4877,17007700.14381661,5249356.257511745,400,0,0
2020-04-23,4824,16701626.521187592,5137030.082737999,400,0,0
2020-04-24,4884,17033268.07296298,5260460.834240017,400,0,0
2020-04-25,5412,18915346.86190125,5819232.580184259,400,0,0
2020-04-26,5474,18879528.05001777,5850037.157731197,400,0,0
2020-04-27,4946,17035823.43306329,5227672.94448983,400,0,0
2020-04-28,4930,17169740.54027093,5340019.90221616,400,0,0
2020-04-29,4900,17058183.002371646,5273778.751266005,400,0,0
2020-04-30,4920,17053392.515115846,5257502.1310589565,400,0,0
2020-05-01,4842,16861629.71154803,5180650.008011664,400,0,0
2020-05-02,5594,19240170.633118104,5926302.710346698,400,0,0
2020-05-03,5431,18863647.560163446,5774924.548880969,400,0,0
2020-05-04,4875,16795703.575382847,5184597.825252531,400,0,0
2020-05-05,4838,16804208.571823798,5171126.157687066,400,0,0
2020-05-06,4952,16903353.295525614,5222772.689778414,400,0,0
2020-05-07,4938,17157884.839201007,5291845.285705138,400,0,0
2020-05-08,4793,16615569.541820925,5163996.942478875,400,0,0
2020-05-09,5450,18746123.87998296,5753844.485023138,400,0,0
2020-05-10,5385,18749040.30361702,5783600.931686799,400,0,0
2020-05-11,4868,16650546.677361704,5128857.610840434,400,0,0
2020-05-12,4967,17071074.190680265,5253034.248806324,400,0,0
2020-05-13,4892,16807212.300788917,5187157.460950424,400,0,0
2020-05-14,4870,16861007.698605783,5227498.467573748,400,0,0
2020-05-15,4866,16660900.645778378,5124690.860251018,400,0,0
2020-05-16,5546,19173639.659581225,5895286.871465567,400,0,0
2020-05-17,5456,18653054.894873098,5762279.315700701,400,0,0
2020-05-18,4836,16772462.096239949,5169194.241055823,400,0,0
2020-05-19,4855,16660255.525189886,5147747.234488124,400,0,0
2020-05-20,4862,16943079.251378287,5223450.75640276,400,0,0
2020-05-21,4896,16682896.05089937,5129555.874871865,400,0,0
2020-05-22,4861,16807325.886145536,5203532.474308222,400,0,0
2020-05-23,5497,19026683.799791347,5881190.551167905,400,0,0
2020-05-24,5427,18917295.002166227,5812336.958371622,400,0,0
2020-05-25,4851,16607668.996622311,5139106.707141775,400,0,0
2020-05-26,4826,16713219.085122041,5142194.455308275,400,0,0
2020-05-27,4746,16644885.629581066,5168486.97212725,400,0,0
2020-05-28,4823,16506983.029951097,5091890.244892562,400,0,0
2020-05-29,4907,16855637.334950194,5163066.145992032,400,0,0
2020-05-30,5401,18736801.42444341,5791032.768262735,400,0,0
2020-05-31,5340,18596885.379729833,5772587.610175307,400,0,0
2020-06-01,4864,16968573.941201564,5209135.048299757,400,0,0
2020-06-02,4855,16812802.707371306,5179491.083512934,400,0,0
2020-06-03,4776,16383889.962717904,5095212.855750218,400,0,0
2020-06-04,4882,16796220.020601034,5226794.695329604,400,0,0
2020-06-05,4836,16729982.622363009,5176063.755711408,400,0,0
2020-06-06,5318,18188996.232578162,5567926.098028919,400,0,0
2020-06-07,5413,18865561.117901865,5822897.472235323,400,0,0
2020-06-08,4762,16317657.471384456,5027720.500722821,400,0,0
2020-06-09,4879,16934234.53510084,5224827.92055501,400,0,0
2020-06-10,4760,16487627.647031242,5097871.7575432155,400,0,0
2020-06-11,4793,16469508.213322202,5083897.275040006,400,0,0
2020-06-12,4776,16473069.595519517,5044188.01399273,400,0,0
2020-06-13,5289,18431763.28312143,5681882.894011582,400,0,0
2020-06-14,5315,18300955.48801647,5644265.695720936,400,0,0
2020-06-15,4715,16202020.221517416,4986841.03816145,400,0,0
2020-06-16,4717,16398946.272598134,5037642.947758138,400,0,0
2020-06-17,4780,16373873.258399196,5048567.922513834,400,0,0
2020-06-18,4687,16308940.705614593,5032884.221636619,400,0,0
2020-06-19,4717,16180321.67827244,4972967.220287842,400,0,0
2020-06-20,5251,18207765.562553346,5585131.742365997,400,0,0
2020-06-21,5334,18470036.2574067,5654774.752987029,400,0,0
2020-06-22,4732,16320041.815925179,5054750.665256181,400,0,0
2020-06-23,4706,16336769.903112413,5035367.584226788,400,0,0
2020-06-24,4684,16076251.687737506,4964900.470837489,400,0,0
2020-06-25,4656,16026206.595116777,4970067.036417722,400,0,0
2020-06-26,4633,15868178.913868325,4904387.879128619,400,0,0
2020-06-27,5159,17647666.93422546,5446483.958886815,400,0,0
2020-06-28,5208,17875240.82002252,5516551.463685483,400,0,0
2020-06-29,4724,16252575.49212909,5024036.175991688,400,0,0
2020-06-30,4641,16068529.719137754,4969441.030466162,400,0,0
2020-07-01,4774,16293290.005866237,4998592.276219163,400,0,0
2020-07-02,4624,15863723.476290286,4885187.516966259,400,0,0
2020-07-03,4623,15994797.380302086,4907277.554702022,400,0,0
2020-07-04,5156,17771404.99669058,5500808.20166406,400,0,0
2020-07-05,5137,17791003.36217596,5520255.907446823,400,0,0
2020-07-06,4560,15889271.268701024,4929621.1891114395,400,0,0
2020-07-07,4559,15594660.118859578,4801108.9562871745,400,0,0
2020-07-08,4688,16399085.632247953,5073362.122914931,400,0,0
2020-07-09,4578,15827886.691261558,4867333.2614469705,400,0,0
2020-07-10,4655,15859621.109700946,4892428.879058214,400,0,0
2020-07-11,5133,17762991.594738875,5472928.930916078,400,0,0
2020-07-12,5185,17846859.92448773,5508204.499705104,400,0,0
2020-07-13,4542,15614253.092477972,4816556.822750703,400,0,0
2020-07-14,4531,15738094.82419557,4868094.526781091,400,0,0
2020-07-15,4513,15588023.14802566,4788824.197096209,400,0,0
2020-07-16,4505,15498058.472273875,4762032.73754448,400,0,0
2020-07-17,4476,15519585.965021059,4781570.576880864,400,0,0
2020-07-18,5006,17114620.82809901,5284330.315858041,400,0,0
2020-07-19,5015,17203842.876062095,5291811.727295301,400,0,0
2020-07-20,4514,15458300.101014506,4732918.41514189,400,0,0
2020-07-21,4491,15419073.046518262,4741328.1869403925,400,0,0
2020-07-22,4476,15399884.068743624,4731254.637833568,400,0,0
2020-07-23,4507,15461255.522466136,4745663.747162911,400,0,0
2020-07-24,4465,15397982.547522737,4745822.773036158,400,0,0
2020-07-25,4921,17146646.37870565,5264411.556248201,400,0,0
2020-07-26,4931,16991985.311168388,5222938.40763479,400,0,0
2020-07-27,4356,15030697.75142712,4679973.441097616,400,0,0
2020-07-28,4318,14699028.04151586,4516793.98820708,400,0,0
2020-07-29,4370,15022456.63367047,4581086.605882007,400,0,0
2020-07-30,4356,14913174.29971561,4577882.170971263,400,0,0
2020-07-31,4400,15018284.039361924,4653097.921661731,400,0,0
2020-08-01,6005,18504318.948682,4308726.362001172,400,400,0
2020-08-02,5937,18416817.424687006,4311272.082204648,400,400,0
2020-08-03,5276,16029023.042583581,3603049.1258239876,400,400,0
2020-08-04,5262,16218729.671262413,3691727.2337941425,400,400,0
2020-08-05,5210,15849598.8828971,3590827.516501174,400,400,0
2020-08-06,5189,16065785.237247817,3710771.0871183267,400,400,0
2020-08-07,5188,15952855.66548934,3570869.0082358522,400,400,0
2020-08-08,4812,16521785.34718272,5098065.511259884,400,0,0
2020-08-09,4758,16401337.546681741,5024374.273356677,400,0,0
2020-08-10,4333,14937444.40667292,4575150.363558516,400,0,0
2020-08-11,4277,14650113.676235126,4494732.288753305,400,0,0
2020-08-12,4298,14768379.240120444,4528581.7807008345,400,0,0
2020-08-13,4295,14647588.281422954,4524719.473743915,400,0,0
2020-08-14,4272,14596592.580103848,4491250.299481972,400,0,0
2020-08-15,5183,17611670.302470375,5396744.922743159,400,0,1
2020-08-16,4753,16340006.632391693,5031811.999190059,400,0,0
2020-08-17,4243,14426039.73156369,4405951.846442989,400,0,0
2020-08-18,4211,14585741.661991267,4496733.237970832,400,0,0
2020-08-19,4284,14582726.312483497,4482223.058357856,400,0,0
2020-08-20,4240,14356442.602599531,4442932.490025109,400,0,0
2020-08-21,4142,14183158.063990572,4333646.622601692,400,0,0
2020-08-22,4692,16059808.450537238,4935185.854989269,400,0,0
2020-08-23,4602,15654125.11700812,4800952.064633152,400,0,0
2020-08-24,4076,13978347.375001006,4296707.454276195,400,0,0
2020-08-25,4063,14093837.098220304,4314425.505058253,400,0,0
2020-08-26,4194,14389878.718019871,4443688.047690619,400,0,0
2020-08-27,4172,14299231.715327494,4393988.079518298,400,0,0
2020-08-28,4180,14400643.139779888,4422137.9496462,400,0,0
2020-08-29,4661,15874662.137408102,4864598.147233782,400,0,0
2020-08-30,4562,15712889.85500209,4856822.27387899,400,0,0
2020-08-31,4135,14102032.109125216,4318380.475610024,400,0,0
2020-09-01,4136,14124020.172177233,4345553.384852048,400,0,0
2020-09-02,4117,14135079.13853368,4326993.677611174,400,0,0
2020-09-03,4095,14094352.63199352,4318057.15893299,400,0,0
2020-09-04,4164,14233983.63344948,4378891.48752746,400,0,0
2020-09-05,4537,15530023.013227256,4761876.799258807,400,0,0
2020-09-06,4528,15632224.661751265,4821605.7292082,400,0,0
2020-09-07,4135,14142011.010629807,4336135.495037757,400,0,0
2020-09-08,4051,13718893.255929433,4166010.12244736,400,0,0
2020-09-09,4046,13825720.422872812,4218968.458641269,400,0,0
2020-09-10,4082,14044432.492307426,4323107.340544315,400,0,0
2020-09-11,4187,14333180.93033192,4409862.917411685,400,0,0
2020-09-12,4618,15777077.19807454,4843467.932145197,400,0,0
2020-09-13,4515,15477437.339402262,4790180.042288092,400,0,0
2020-09-14,4012,13688509.365397817,4214232.17716986,400,0,0
2020-09-15,4036,13917935.421073262,4277622.0523545,400,0,0
2020-09-16,4086,13822361.503736148,4238573.541343081,400,0,0
2020-09-17,4091,14145851.747086713,4320359.637916587,400,0,0
2020-09-18,4079,13790839.106444111,4212471.7377863,400,0,0
2020-09-19,4443,15160016.2884686,4666875.612128959,400,0,0
2020-09-20,4477,15422345.348408476,4707917.773581429,400,0,0
2020-09-21,3973,13626912.68932082,4159173.3927479745,400,0,0
2020-09-22,3997,13744722.110342082,4217503.18502615,400,0,0
2020-09-23,3963,13633638.528162291,4209093.26444624,400,0,0
2020-09-24,4045,13743896.169560296,4195838.743824659,400,0,0
2020-09-25,4007,13730736.744057402,4229956.388919313,400,0,0
2020-09-26,4390,15000289.333560493,4589325.587830468,400,0,0
2020-09-27,4402,15079507.59446537,4625812.84247546,400,0,0
2020-09-28,3899,13296368.619610375,4086694.6088985987,400,0,0
2020-09-29,3858,13149667.980115233,4029980.811164945,400,0,0
2020-09-30,3902,13346282.068170572,4077366.812088831,400,0,0
2020-10-01,3897,13311254.561339974,4068432.16401981,400,0,0
2020-10-02,4240,14320174.8511965,4345356.550880273,400,0,1
2020-10-03,4457,15233806.902591478,4676957.113236412,400,0,0
2020-10-04,4391,15180922.97442183,4640359.159700236,400,0,0
2020-10-05,3931,13415007.422044678,4130410.383149801,400,0,0
2020-10-06,3962,13439608.11423327,4115642.572899937,400,0,0
2020-10-07,3922,13422189.083474988,4079914.571951092,400,0,0
2020-10-08,3873,13326516.603665525,4085581.525664171,400,0,0
2020-10-09,3872,13217858.970901772,4041300.037348121,400,0,0
2020-10-10,4351,14865415.960822003,4544851.277871469,400,0,0
2020-10-11,4436,15146863.022407636,4664693.695836877,400,0,0
2020-10-12,3909,13375913.481284097,4139842.5431438135,400,0,0
2020-10-13,3967,13518649.070139864,4137488.4490357526,400,0,0
2020-10-14,3931,13360835.806229874,4099445.6535137766,400,0,0
2020-10-15,3881,13183998.894810868,4018052.6749631637,400,0,0
2020-10-16,3879,13168393.909337614,4022854.439591093,400,0,0
2020-10-17,4430,15185887.652521849,4636310.571538528,400,0,0
2020-10-18,4367,14804382.228041198,4518535.035608588,400,0,0
2020-10-19,3904,13518762.999379013,4143473.883484745,400,0,0
2020-10-20,3899,13205101.638816103,4046952.6663076268,400,0,0
2020-10-21,3809,13026164.567882149,4015206.43866961,400,0,0
2020-10-22,3943,13451108.552591609,4089325.953385418,400,0,0
2020-10-23,3891,13245402.857933547,4057144.7329945993,400,0,0
2020-10-24,4311,14814490.841651067,4533553.277046137,400,0,0
2020-10-25,4329,14728860.061793046,4509052.5204361845,400,0,0
2020-10-26,3958,13550355.519850573,4112752.10573708,400,0,0
2020-10-27,3894,13313692.483367452,4068902.603848013,400,0,0
2020-10-28,3873,13077906.752822189,3986847.1962917657,400,0,0
2020-10-29,3852,13098088.66847521,3984691.650760659,400,0,0
2020-10-30,3898,13232166.807338804,4085372.5288579995,400,0,0
2020-10-31,4371,14889819.60937065,4552251.446096126,400,0,0
2020-11-01,4812,16382516.874803102,5001062.1662167525,400,0,1
2020-11-02,3876,13104882.162552508,4003097.375893157,400,0,0
2020-11-03,3961,13533256.124874601,4148431.407933248,400,0,0
2020-11-04,3901,13341844.38054218,4098001.8226520848,400,0,0
2020-11-05,3863,13197203.403949194,4018552.3043428254,400,0,0
2020-11-06,3919,13329831.695009094,4078338.0325178923,400,0,0
2020-11-07,4383,15011702.536679856,4592525.626536253,400,0,0
2020-11-08,4357,14915641.933544328,4537543.833809228,400,0,0
2020-11-09,3910,13480291.068517175,4134053.4257419,400,0,0
2020-11-10,3885,13300199.576039895,4069994.8477953756,400,0,0
2020-11-11,3939,13426045.2054761,4095671.135989901,400,0,0
2020-11-12,3902,13270225.216571411,4049567.9136819495,400,0,0
2020-11-13,3878,13294831.81389691,4042445.8038352816,400,0,0
2020-11-14,4385,14953228.636119397,4629258.766440605,400,0,0
2020-11-15,4412,15121835.032944875,4636447.60283463,400,0,0
2020-11-16,3907,13513575.175487205,4144508.8549825526,400,0,0
2020-11-17,3876,13288016.8983823,4087477.7987990906,400,0,0
2020-11-18,3936,13496850.603052633,4145969.9155019512,400,0,0
2020-11-19,3981,13491247.07044687,4145513.7494883165,400,0,0
2020-11-20,4798,14708584.829354992,3336577.0600805297,400,400,0
2020-11-21,5386,16449426.162066769,3718935.102853415,400,400,0
2020-11-22,5257,16172580.095346695,3671624.9116501724,400,400,0
2020-11-23,4716,14447918.146076392,3270588.743433985,400,400,0
2020-11-24,4759,14467984.530435106,3250500.5755449147,400,400,0
2020-11-25,4799,14610482.119452078,3264895.4521687613,400,400,0
2020-11-26,4712,14554652.024790214,3296978.0856937193,400,400,0
2020-11-27,4807,14673074.187112167,3291990.1859471602,400,400,0
2020-11-28,5409,16497661.139722543,3666235.4464838384,400,400,0
2020-11-29,5326,16524839.497931356,3860093.2516583675,400,400,0
2020-11-30,4768,14601010.743810372,3366506.0753985615,400,400,0
2020-12-01,3967,13565120.77446414,4133399.586273575,400,0,0
2020-12-02,4032,13671682.61333137,4187654.22617869,400,0,0
2020-12-03,3949,13373688.481529849,4142661.455532337,400,0,0
2020-12-04,4034,13842363.790988754,4233949.829472176,400,0,0
2020-12-05,4419,15069631.301708663,4612867.30645703,400,0,0
2020-12-06,4523,15557944.415228078,4796533.39224575,400,0,0
2020-12-07,4071,13945174.893109154,4274201.567738317,400,0,0
2020-12-08,3987,13635182.42992057,4174364.1411752244,400,0,0
2020-12-09,4070,13642900.749959975,4138565.354961247,400,0,0
2020-12-10,4046,13719946.963337135,4151042.9791082293,400,0,0
2020-12-11,4034,13830008.00460299,4227171.3568524495,400,0,0
2020-12-12,4551,15509733.245469792,4749856.109731894,400,0,0
2020-12-13,4549,15662690.022423787,4775435.081886473,400,0,0
2020-12-14,4065,13949388.12692047,4258163.295081351,400,0,0
2020-12-15,3961,13582759.567109322,4183346.009005991,400,0,0
2020-12-16,4078,13956245.605687434,4243325.6963374745,400,0,0
2020-12-17,4034,13775830.530204058,4213870.267610029,400,0,0
2020-12-18,4101,14094102.54208596,4354638.021118793,400,0,0
2020-12-19,4568,15690875.925122434,4809369.313791672,400,0,0
2020-12-20,4619,15876266.982286079,4896870.482559462,400,0,0
2020-12-21,4102,14006835.156595558,4276500.304801164,400,0,0
2020-12-22,4081,13945887.14581309,4256700.417372743,400,0,0
2020-12-23,4153,14202759.514182635,4334866.728605524,400,0,0
2020-12-24,4168,14394345.98382041,4406045.815846995,400,0,0
2020-12-25,4581,15557541.956841417,4707061.599655132,400,0,1
2020-12-26,4695,16022469.156694476,4910028.706045503,400,0,0
2020-12-27,4718,16122205.430499837,4933081.6340613235,400,0,0
2020-12-28,4189,14535078.84622621,4463549.8766871,400,0,0
2020-12-29,4182,14478477.492182206,4429592.514203124,400,0,0
2020-12-30,4261,14580628.494392842,4481097.851705411,400,0,0
2020-12-31,4259,14663313.331382893,4463930.028399467,400,0,0
2021-01-01,4147,14279083.47591367,4375442.5506242355,400,0,0
2021-01-02,4759,16359491.066773433,5001190.339675637,400,0,0
2021-01-03,4760,16272362.382916272,5019316.177594784,400,0,0
2021-01-04,4217,14486241.70087419,4445090.215082836,400,0,0
2021-01-05,4250,14493538.415749429,4406062.634952226,400,0,0
2021-01-06,4361,14910434.502909953,4568538.647135143,400,0,0
2021-01-07,4372,14892068.117266655,4529725.586156115,400,0,0
2021-01-08,4292,14838945.4230616,4572333.937214509,400,0,0
2021-01-09,4814,16384311.260070493,5000898.54488121,400,0,0
2021-01-10,4880,16585925.94550812,5030992.732581696,400,0,0
2021-01-11,4216,14583832.575927109,4480936.99508256,400,0,0
2021-01-12,4294,14687880.717046233,4497975.264844041,400,0,0
2021-01-13,4355,14961791.908814697,4577159.131554891,400,0,0
2021-01-14,4398,15032052.172835836,4595189.663582449,400,0,0
2021-01-15,4353,14947853.576993898,4566325.750735283,400,0,0
2021-01-16,4855,16711078.096782036,5124296.383350136,400,0,0
2021-01-17,4800,16378595.016809044,5000464.934802658,400,0,0
2021-01-18,4316,14781782.39623004,4534415.888921896,400,0,0
2021-01-19,4419,15158420.31942233,4634519.858577067,400,0,0
2021-01-20,4364,14965688.195141252,4574611.102062945,400,0,0
2021-01-21,4337,14867672.093962176,4566323.316800003,400,0,0
2021-01-22,4484,15382468.957102953,4692671.545154368,400,0,0
2021-01-23,4935,16886382.90712246,5160476.290725005,400,0,0
2021-01-24,4914,16857840.838023737,5186757.862366068,400,0,0
2021-01-25,4444,15233514.532556672,4674379.960067053,400,0,0
2021-01-26,4817,16568225.298971817,5137185.747478989,400,0,1
2021-01-27,4466,15222008.359997028,4639524.489219034,400,0,0
2021-01-28,4481,15369326.323896943,4753645.388132275,400,0,0
2021-01-29,4409,15247596.576251332,4697125.644561453,400,0,0
2021-01-30,5082,17338764.48384993,5287002.252393065,400,0,0
2021-01-31,5121,17558414.855318174,5384873.407702199,400,0,0
2021-02-01,4512,15497996.567420999,4729397.1625421075,400,0,0
2021-02-02,4543,15546167.972030805,4761736.59273898,400,0,0
2021-02-03,4527,15813184.586572792,4845499.253736052,400,0,0
2021-02-04,4600,15838884.919306882,4832547.312698664,400,0,0
2021-02-05,4515,15415651.052795237,4716684.634680441,400,0,0
2021-02-06,5132,17769431.75002052,5427541.088215008,400,0,0
2021-02-07,5071,17373789.421915665,5302309.133830833,400,0,0
2021-02-08,4583,15905796.108384587,4903656.461964441,400,0,0
2021-02-09,4565,15734447.927897014,4834618.995045919,400,0,0
2021-02-10,4559,15817682.61728155,4882588.078450766,400,0,0
2021-02-11,4594,15875816.043374004,4854905.522717663,400,0,0
2021-02-12,4631,16101938.775965597,4920286.983117838,400,0,0
2021-02-13,5236,18171927.322271235,5523915.980837226,400,0,0
2021-02-14,5201,17816459.037420366,5417910.346885666,400,0,0
2021-02-15,4609,15866431.636717137,4862784.110440656,400,0,0
2021-02-16,4723,16315469.19477489,5017225.190626578,400,0,0
2021-02-17,4592,15943513.086470388,4896077.562414803,400,0,0
2021-02-18,4752,16459975.41766121,5044964.263900501,400,0,0
2021-02-19,4685,16235359.083709951,4990325.586561688,400,0,0
2021-02-20,5237,17824858.090544816,5470167.228349057,400,0,0
2021-02-21,5266,18380241.396021042,5700040.268845365,400,0,0
2021-02-22,4679,16196966.836307462,4970435.68517822,400,0,0
2021-02-23,4707,16117968.932612315,4922604.045322079,400,0,0
2021-02-24,4836,16696144.89928947,5137693.981767049,400,0,0
2021-02-25,4789,16401732.544050353,5005395.503818343,400,0,0
2021-02-26,4729,16267609.281742627,5025639.937380283,400,0,0
2021-02-27,5330,18119835.07016224,5538597.258122582,400,0,0
2021-02-28,5418,18777108.936507285,5753735.623977568,400,0,0
2021-03-01,5714,17753047.660948038,4063431.1223219004,400,400,0
2021-03-02,5689,17639576.061776973,3989695.3738300405,400,400,0
2021-03-03,5733,17676908.19445575,4048470.80833045,400,400,0
2021-03-04,5826,18027581.514612973,4115126.4832896735,400,400,0
2021-03-05,5773,17809363.703340523,4018151.1464668824,400,400,0
2021-03-06,6497,20184728.930073276,4584289.999722241,400,400,0
2021-03-07,6565,20176762.48460156,4544406.218081064,400,400,0
2021-03-08,4915,16922155.582969647,5195133.886561853,400,0,0
2021-03-09,4785,16589510.998640172,5082094.703419268,400,0,0
2021-03-10,4830,16697064.58176777,5106960.147310773,400,0,0
2021-03-11,4836,16631394.78038636,5057654.1817345815,400,0,0
2021-03-12,4936,17149454.578209214,5256628.838612945,400,0,0
2021-03-13,5494,19100870.184325047,5844459.145007915,400,0,0
2021-03-14,5539,18980685.230008848,5847892.302775433,400,0,0
2021-03-15,4870,16732416.937210293,5128155.367041768,400,0,0
2021-03-16,4897,16997398.366297845,5248540.320900647,400,0,0
2021-03-17,4894,16946220.557377968,5187155.310718091,400,0,0
2021-03-18,4898,16929899.14773641,5211719.334809386,400,0,0
2021-03-19,4938,16894986.240146644,5233209.598818528,400,0,0
2021-03-20,5578,19372589.27627651,5954476.733748879,400,0,0
2021-03-21,5560,19156664.40200199,5866672.576754055,400,0,0
2021-03-22,4854,16736903.412295256,5164990.996964207,400,0,0
2021-03-23,4950,16840413.135823917,5143329.598053533,400,0,0
2021-03-24,4986,17126372.36461188,5239995.504143663,400,0,0
2021-03-25,4989,17413732.53662077,5363002.059112838,400,0,0
2021-03-26,4932,16862854.029131997,5187478.874092196,400,0,0
2021-03-27,5629,19395676.599186096,5963974.178515529,400,0,0
2021-03-28,5436,18760554.1480593,5760065.7216434935,400,0,0
2021-03-29,4962,17057168.40575305,5216345.190606459,400,0,0
2021-03-30,5040,17434884.164256077,5327839.839505522,400,0,0
2021-03-31,5015,17423148.45674103,5350564.061658962,400,0,0
2021-04-01,5011,17344066.781174373,5319967.580769312,400,0,0
2021-04-02,5053,17580100.36614997,5400340.877379942,400,0,0
2021-04-03,5660,19527414.871520296,5994043.011096147,400,0,0
2021-04-04,5756,19849305.93778563,6075626.596791826,400,0,0
2021-04-05,5011,17409329.078698903,5340923.930523963,400,0,0
2021-04-06,5005,17232391.64113876,5305034.529110118,400,0,0
2021-04-07,5067,17520930.7272027,5400553.129598944,400,0,0
2021-04-08,5039,17509655.112324215,5395586.707518943,400,0,0
2021-04-09,5057,17429010.37734096,5347015.097107325,400,0,0
2021-04-10,5690,19587841.847458612,6050191.717349948,400,0,0
2021-04-11,5699,20010811.080532614,6174100.322839773,400,0,0
2021-04-12,5020,17373609.235506155,5397007.242966348,400,0,0
2021-04-13,5012,17485701.94549074,5397188.636258353,400,0,0
2021-04-14,5112,17577535.325491834,5405326.069942465,400,0,0
2021-04-15,5187,17762748.423988502,5440093.983796131,400,0,0
2021-04-16,5183,17980565.24040556,5503030.69141847,400,0,0
2021-04-17,5753,19617441.366783645,6048389.565752708,400,0,0
2021-04-18,5662,19531618.97579508,6076024.666279227,400,0,0
2021-04-19,5130,17760823.33445434,5443565.112311521,400,0,0
2021-04-20,5102,17710691.938597713,5435107.282676479,400,0,0
2021-04-21,5078,17706462.635227595,5461288.5858370485,400,0,0
2021-04-22,5041,17491138.92884258,5400076.090959312,400,0,0
2021-04-23,5101,17653838.954218578,5459421.353590131,400,0,0
2021-04-24,5707,19684776.12185757,6037958.185749127,400,0,0
2021-04-25,5587,19159604.978014152,5822947.136239804,400,0,0
2021-04-26,5137,17857563.156150162,5468027.428510491,400,0,0
2021-04-27,5135,17639765.72528045,5386166.619016517,400,0,0
2021-04-28,5093,17928762.284505114,5565094.928762176,400,0,0
2021-04-29,5012,17315231.69102643,5359264.5149698835,400,0,0
2021-04-30,5148,17782396.544922978,5492926.549138731,400,0,0
2021-05-01,5756,19930961.077329338,6147682.328899588,400,0,0
2021-05-02,5654,19424214.882759083,5988183.650060679,400,0,0
2021-05-03,5200,18096233.804137934,5584710.324781787,400,0,0
2021-05-04,5056,17476657.128730245,5403917.587138037,400,0,0
2021-05-05,5118,17676405.44196524,5447977.371001296,400,0,0
2021-05-06,5184,17787859.364185788,5481427.954335714,400,0,0
2021-05-07,5060,17569859.24533609,5381623.07327921,400,0,0
2021-05-08,5712,19736735.27579957,6081651.76472303,400,0,0
2021-05-09,5660,19491035.731695436,6010166.262237087,400,0,0
2021-05-10,5138,17822801.873273995,5507389.782311339,400,0,0
2021-05-11,5105,17751281.572854046,5501025.616782884,400,0,0
2021-05-12,5074,17515717.62824366,5397436.531416625,400,0,0
2021-05-13,5003,17326345.264407933,5355881.859256027,400,0,0
2021-05-14,5113,17520954.057539724,5425484.6659625415,400,0,0
2021-05-15,5677,19779276.023486234,6099781.51893402,400,0,0
2021-05-16,5671,19430794.193697143,5968953.924412867,400,0,0
2021-05-17,5098,17688608.011076417,5435576.795985819,400,0,0
2021-05-18,5173,17974381.6115857,5536694.896766167,400,0,0
2021-05-19,5087,17453926.086860836,5328039.017858772,400,0,0
2021-05-20,5055,17353882.115199838,5350652.312846603,400,0,0
2021-05-21,5148,17789795.82899005,5475920.108928628,400,0,0
2021-05-22,5620,19484448.127248384,5961483.634242317,400,0,0
2021-05-23,5658,19475886.28338293,5989528.384566469,400,0,0
2021-05-24,5091,17541682.014851507,5392715.458788393,400,0,0
2021-05-25,5122,17765013.696096525,5452444.2054135315,400,0,0
2021-05-26,5014,17219842.48216649,5290609.0383793125,400,0,0
2021-05-27,5045,17300675.40165837,5303679.464940035,400,0,0
2021-05-28,5097,17538354.494346157,5390360.867170836,400,0,0
2021-05-29,5654,19596597.087008536,6007765.254251355,400,0,0
2021-05-30,5595,19424673.90386903,5977328.278393492,400,0,0
2021-05-31,5104,17732500.39176392,5467945.56769547,400,0,0
2021-06-01,5101,17490919.806089606,5381512.913547847,400,0,0
2021-06-02,5092,17525738.30109079,5438441.214542768,400,0,0
2021-06-03,4949,17355368.730098337,5359804.089218777,400,0,0
2021-06-04,4967,17015617.21792906,5270152.012066667,400,0,0
2021-06-05,5695,19662633.409251034,6014357.3412817195,400,0,0
2021-06-06,5622,19312648.528661232,5898890.607531089,400,0,0
2021-06-07,4944,17102135.159267757,5279097.066681559,400,0,0
2021-06-08,5020,17223434.34106537,5315716.060772095,400,0,0
2021-06-09,5128,17693945.204987824,5466812.189232368,400,0,0
2021-06-10,5045,17534087.280049708,5391621.690053519,400,0,0
2021-06-11,5042,17598285.23226113,5438864.784890949,400,0,0
2021-06-12,5652,19392181.932702,5944271.117834497,400,0,0
2021-06-13,5578,19127480.10358803,5906372.369048047,400,0,0
2021-06-14,5056,17349480.958424363,5339755.812925568,400,0,0
2021-06-15,5041,17166114.795836978,5263817.589791793,400,0,0
2021-06-16,4944,17117462.90861148,5271152.216850198,400,0,0
2021-06-17,4972,17205027.531783916,5339533.874408911,400,0,0
2021-06-18,4894,16930501.80995531,5189966.669024147,400,0,0
2021-06-19,5518,19156512.906905048,5897151.351014978,400,0,0
2021-06-20,5606,19434992.505659,6023587.024584145,400,0,0
2021-06-21,4901,16755556.972500807,5148441.643070575,400,0,0
2021-06-22,4982,17112745.34217386,5276249.365920087,400,0,0
2021-06-23,4971,17314689.74035888,5408408.869379966,400,0,0
2021-06-24,4982,17303702.085900668,5370389.140806769,400,0,0
2021-06-25,4888,16756477.293074314,5109448.481921152,400,0,0
2021-06-26,5434,18746860.412911233,5820961.08010946,400,0,0
2021-06-27,5496,18950028.319209874,5823460.762297373,400,0,0
2021-06-28,4916,16741337.234428747,5168403.372149298,400,0,0
2021-06-29,4894,16917951.77481327,5213059.455628187,400,0,0
2021-06-30,4966,17172748.739567157,5296168.329293325,400,0,0
2021-07-01,4825,16721327.55048409,5169555.179585028,400,0,0
2021-07-02,4855,16735584.372078918,5164580.887456994,400,0,0
2021-07-03,5375,18580330.788663164,5762833.485674666,400,0,0
2021-07-04,5420,18385150.758588035,5666739.369626392,400,0,0
2021-07-05,4881,16772398.356168298,5164373.581860019,400,0,0
2021-07-06,4859,16620613.527225193,5128473.865620418,400,0,0
2021-07-07,4902,16795173.82028292,5155010.959568891,400,0,0
2021-07-08,4774,16508828.390878163,5067746.4273618935,400,0,0
2021-07-09,4769,16347506.663818011,5016838.645549506,400,0,0
2021-07-10,5388,18418051.64776607,5617451.5361176,400,0,0
2021-07-11,5250,18073212.369511787,5580548.466939949,400,0,0
2021-07-12,4774,16234673.19107059,5009507.987176839,400,0,0
2021-07-13,4772,16247731.782148886,4955879.707535844,400,0,0
2021-07-14,4841,16668335.058601588,5149793.300227812,400,0,0
2021-07-15,4709,16268498.660997514,5024099.5578574715,400,0,0
2021-07-16,4806,16494327.885737639,5098377.926543032,400,0,0
2021-07-17,5382,18346690.439897526,5648424.824044917,400,0,0
2021-07-18,5215,17858654.37704949,5461295.724839986,400,0,0
2021-07-19,4696,16347010.790280687,5060885.793578333,400,0,0
2021-07-20,4699,15851749.16158679,4879425.025522003,400,0,0
2021-07-21,4800,16429125.46890368,5101270.586433457,400,0,0
2021-07-22,4705,16254698.963241365,5032573.881511639,400,0,0
2021-07-23,4645,15952160.266255215,4908211.322698623,400,0,0
2021-07-24,5261,17946682.600853257,5511700.4548182,400,0,0
2021-07-25,5218,17857722.78202077,5482934.300662235,400,0,0
2021-07-26,4662,16054640.21911117,4908929.506339624,400,0,0
2021-07-27,4575,15711928.078724692,4849445.832369376,400,0,0
2021-07-28,4614,15848121.28181173,4875591.2149666995,400,0,0
2021-07-29,4650,16002473.490483966,4882442.197990632,400,0,0
2021-07-30,4627,15879161.475150751,4876659.741468373,400,0,0
2021-07-31,5177,17807659.463823378,5506527.456848898,400,0,0
2021-08-01,6171,18842634.97017893,4222142.620654376,400,400,0
2021-08-02,5562,17323598.402041696,4032491.6056062393,400,400,0
2021-08-03,5478,16984899.14233296,3826710.595215839,400,400,0
2021-08-04,5514,16885216.513543732,3831522.8303206256,400,400,0
2021-08-05,5495,16916677.606560726,3933235.4364465913,400,400,0
2021-08-06,5429,16793700.325735923,3900173.8449365143,400,400,0
2021-08-07,6092,18885287.378027648,4436211.575087476,400,400,0
2021-08-08,5106,17467515.06333669,5393077.564925504,400,0,0
2021-08-09,4466,15289841.871248871,4644606.40468711,400,0,0
2021-08-10,4525,15631083.724493561,4815859.7014169125,400,0,0
2021-08-11,4550,15642912.882939966,4803836.490315251,400,0,0
2021-08-12,4535,15521648.339095255,4777014.698141829,400,0,0
2021-08-13,4550,15507456.826986313,4711050.513637691,400,0,0
2021-08-14,5082,17441161.741180673,5375012.362957295,400,0,0
2021-08-15,5446,18595508.495940063,5694418.316602628,400,0,1
2021-08-16,4463,15247210.983878983,4700538.368053408,400,0,0
2021-08-17,4441,15007220.013850994,4598312.898201211,400,0,0
2021-08-18,4492,15304285.134650609,4718475.5505103115,400,0,0
2021-08-19,4470,15305535.950389504,4674877.495784446,400,0,0
2021-08-20,4497,15192508.176443025,4648830.382545051,400,0,0
2021-08-21,4984,17015690.378291775,5186873.659666619,400,0,0
2021-08-22,4923,16904883.002071515,5201328.528777202,400,0,0
2021-08-23,4376,15074522.36525391,4638118.480890094,400,0,0
2021-08-24,4356,14859207.178859517,4593333.55755006,400,0,0
2021-08-25,4421,15149182.921829082,4626526.968660915,400,0,0
2021-08-26,4358,15068036.603985924,4633383.925624049,400,0,0
2021-08-27,4439,15363462.574412454,4740609.05189677,400,0,0
2021-08-28,4913,16838769.729969583,5165656.252891699,400,0,0
2021-08-29,4924,16701438.912753984,5115405.292448036,400,0,0
2021-08-30,4325,14686860.589326035,4490106.029111327,400,0,0
2021-08-31,4390,15019845.29456296,4616386.35402436,400,0,0
2021-09-01,4288,14622974.18443734,4463369.933858708,400,0,0
2021-09-02,4320,14791882.203616977,4546118.8852089485,400,0,0
2021-09-03,4363,14887528.084844284,4595341.64399499,400,0,0
2021-09-04,4905,16739102.476603266,5113223.817550887,400,0,0
2021-09-05,4900,16705812.294128975,5116699.883786789,400,0,0
2021-09-06,4250,14494926.233471863,4448577.949579794,400,0,0
2021-09-07,4305,14557272.295133296,4418423.716303511,400,0,0
2021-09-08,4305,14730554.274816032,4543265.564863179,400,0,0
2021-09-09,4251,14611954.046215594,4515924.15103738,400,0,0
2021-09-10,4204,14419059.786563192,4411748.9385266155,400,0,0
2021-09-11,4703,16085405.279154638,4942597.838502863,400,0,0
2021-09-12,4717,15947441.242237816,4878245.434123992,400,0,0
2021-09-13,4207,14068091.734741572,4276880.671968886,400,0,0
2021-09-14,4258,14374280.945779596,4400588.837527803,400,0,0
2021-09-15,4254,14572580.256240154,4502401.262375374,400,0,0
2021-09-16,4292,14862561.550835192,4551697.867667609,400,0,0
2021-09-17,4242,14480717.048089948,4432023.094762315,400,0,0
2021-09-18,4750,16023631.508428302,4890787.617884786,400,0,0
2021-09-19,4700,16206632.917176178,4966776.741702061,400,0,0
2021-09-20,4235,14399943.71186694,4406552.384498187,400,0,0
2021-09-21,4238,14611505.561890725,4487236.280221997,400,0,0
2021-09-22,4182,14095070.120297084,4307852.439167487,400,0,0
2021-09-23,4176,14292918.569582049,4371261.05550908,400,0,0
2021-09-24,4147,14103700.223107284,4329010.159836252,400,0,0
2021-09-25,4638,15947349.769934127,4897591.608916972,400,0,0
2021-09-26,4691,16038990.57342281,4907353.028193748,400,0,0
2021-09-27,4205,14333245.166203065,4364308.908242126,400,0,0
2021-09-28,4093,13939390.801320652,4232141.820751422,400,0,0
2021-09-29,4105,13997921.720676625,4269458.372631374,400,0,0
2021-09-30,4119,14133081.41780131,4328026.044149858,400,0,0
2021-10-01,4078,13896346.837334976,4263571.424842026,400,0,0
2021-10-02,5075,17218492.140133828,5234735.865740198,400,0,1
2021-10-03,4568,15662263.225868681,4808258.933013058,400,0,0
2021-10-04,4104,14116608.946249545,4320615.6935524065,400,0,0
2021-10-05,4166,14225864.24702818,4399359.90302353,400,0,0
2021-10-06,4112,14001712.829721503,4283922.2192379525,400,0,0
2021-10-07,4112,14170280.396634784,4330655.970677571,400,0,0
2021-10-08,4103,13944129.24864155,4261353.593499039,400,0,0
2021-10-09,4677,16020040.659513388,4891022.966874348,400,0,0
2021-10-10,4663,15963989.395901525,4866811.486036398,400,0,0
2021-10-11,4104,13878213.31203127,4239862.750763938,400,0,0
2021-10-12,4121,13970150.64028768,4295744.68265053,400,0,0
2021-10-13,4097,13969851.545373728,4316229.020412433,400,0,0
2021-10-14,4084,13834920.956489637,4233932.453233637,400,0,0
2021-10-15,4172,14227211.746204596,4326725.83850404,400,0,0
2021-10-16,4614,15655227.47642734,4728257.224619222,400,0,0
2021-10-17,4616,15625514.079485418,4738838.086888729,400,0,0
2021-10-18,4035,13821517.259123618,4217769.131513778,400,0,0
2021-10-19,4109,14114981.09195154,4331583.795565303,400,0,0
2021-10-20,4122,14037264.40935651,4270347.883908479,400,0,0
2021-10-21,4081,13910871.130467758,4206818.96540539,400,0,0
2021-10-22,4086,14016220.099094657,4274815.271623389,400,0,0
2021-10-23,4503,15261735.083924042,4666278.899112725,400,0,0
2021-10-24,4550,15662006.43384639,4759242.087160097,400,0,0
2021-10-25,4007,13554560.708924502,4133221.510037133,400,0,0
2021-10-26,4090,13871026.01196042,4247845.379595202,400,0,0
2021-10-27,4116,14161482.16236822,4332897.990966061,400,0,0
2021-10-28,4101,13995552.972909432,4249769.776481631,400,0,0
2021-10-29,4073,13879856.924626507,4192821.7933755335,400,0,0
2021-10-30,4574,15542854.14938313,4776009.162658411,400,0,0
2021-10-31,4496,15264135.212492114,4634835.753411011,400,0,0
2021-11-01,4422,15100761.126157396,4620877.736727513,400,0,1
2021-11-02,4024,13675952.99855077,4183834.6211330667,400,0,0
2021-11-03,4094,13919905.997627504,4226179.493594211,400,0,0
2021-11-04,4071,13976465.549051791,4287046.982189173,400,0,0
2021-11-05,4065,14005819.073595785,4319721.226835515,400,0,0
2021-11-06,4617,15865555.343114687,4869736.369312116,400,0,0
2021-11-07,4591,15634368.748976292,4789639.797834767,400,0,0
2021-11-08,4097,13977885.351523396,4270349.288263127,400,0,0
2021-11-09,4086,13897704.33477462,4256321.11216437,400,0,0
2021-11-10,4089,13897956.336722003,4195572.821397454,400,0,0
2021-11-11,4092,13819035.856559165,4234487.10997013,400,0,0
2021-11-12,4101,14049537.177212061,4261786.496068757,400,0,0
2021-11-13,4643,15737996.580155632,4795895.345850878,400,0,0
2021-11-14,4616,15751091.11072329,4794000.154189037,400,0,0
2021-11-15,4118,13983111.495886773,4252848.549470262,400,0,0
2021-11-16,4118,14160465.757523509,4314735.675474376,400,0,0
2021-11-17,4148,13988323.130962752,4272205.743392885,400,0,0
2021-11-18,4103,13930321.863668423,4235471.138711536,400,0,0
2021-11-19,4148,14408122.139622051,4411997.2266259985,400,0,0
2021-11-20,5574,17145444.77387976,3931999.889914345,400,400,0
2021-11-21,5562,16999171.446677722,3871989.0020810077,400,400,0
2021-11-22,4970,15320716.079500642,3424213.364261088,400,400,0
2021-11-23,4937,15141729.330538217,3484075.6324571604,400,400,0
2021-11-24,4988,15116579.47963327,3388888.2699665553,400,400,0
2021-11-25,4982,15148082.543540224,3398884.0981259183,400,400,0
2021-11-26,4921,15195633.962657835,3562052.862786753,400,400,0
2021-11-27,5763,17721922.611185037,3987965.8607698483,400,400,0
2021-11-28,5614,17061065.502598293,3827972.3159180703,400,400,0
2021-11-29,4938,15140203.617534624,3416549.29616822,400,400,0
2021-11-30,5129,15729176.7399434,3686347.3671553303,400,400,0
2021-12-01,4210,14307575.683910403,4368096.04363232,400,0,0
2021-12-02,4223,14493133.495832644,4453841.955990661,400,0,0
2021-12-03,4209,14483392.223369217,4397643.866197026,400,0,0
2021-12-04,4781,16341593.74124336,4981827.068166916,400,0,0
2021-12-05,4750,16218397.346982189,4949060.521836368,400,0,0
2021-12-06,4217,14253083.799831182,4363686.084303802,400,0,0
2021-12-07,4200,14417360.586359639,4423399.087036922,400,0,0
2021-12-08,4308,14767523.917072041,4535807.551076259,400,0,0
2021-12-09,4274,14664853.23486809,4502329.757970643,400,0,0
2021-12-10,4215,14377963.749249056,4371978.202001755,400,0,0
2021-12-11,4673,16187763.439791908,4973256.901210182,400,0,0
2021-12-12,4760,16119938.145902954,4889905.272641632,400,0,0
2021-12-13,4318,14731599.871140813,4506294.2165598,400,0,0
2021-12-14,4277,14518793.228769673,4457601.41534827,400,0,0
2021-12-15,4300,14767683.816611674,4537199.144265773,400,0,0
2021-12-16,4239,14393244.3646624,4408426.6668309495,400,0,0
2021-12-17,4227,14506784.053140204,4466990.612795799,400,0,0
2021-12-18,4798,16503954.166147955,5071247.144679681,400,0,0
2021-12-19,4788,16491414.022499818,5042809.0281590605,400,0,0
2021-12-20,4306,14615154.094293714,4447743.8868458215,400,0,0
2021-12-21,4293,14580259.429822152,4439403.852719603,400,0,0
2021-12-22,4298,14736695.259135952,4504781.388045434,400,0,0
2021-12-23,4346,14842675.877746534,4558651.484937531,400,0,0
2021-12-24,4352,14887687.784803852,4568025.3525957735,400,0,0
2021-12-25,5375,18140440.10061105,5541669.724271075,400,0,1
2021-12-26,4907,16701320.133554598,5122140.816182142,400,0,0
2021-12-27,4368,15059299.21801331,4612974.592875838,400,0,0
2021-12-28,4420,15222727.838691238,4642176.692013196,400,0,0
2021-12-29,4408,15223476.376593435,4624322.989965722,400,0,0
2021-12-30,4361,14984795.074397065,4593540.049160962,400,0,0
2021-12-31,4364,14932047.960203096,4535035.011916057,400,0,0
2022-01-01,4978,17192784.21343999,5232796.914550304,400,0,0
2022-01-02,4905,16769760.066458657,5134364.739299161,400,0,0
2022-01-03,4449,15303520.180878416,4723824.107711101,400,0,0
2022-01-04,4494,15380403.656440098,4664815.534314425,400,0,0
2022-01-05,4453,15296437.869181804,4663416.24104351,400,0,0
2022-01-06,4425,15143197.897278477,4581943.308586951,400,0,0
2022-01-07,4464,15516044.92298904,4775795.564694767,400,0,0
2022-01-08,5048,17427624.174274325,5358788.744273847,400,0,0
2022-01-09,4952,16935439.86246726,5170719.01101949,400,0,0
2022-01-10,4552,15586715.957408875,4783614.190310616,400,0,0
2022-01-11,4569,15639315.021058133,4764930.030774663,400,0,0
2022-01-12,4445,15242424.722582081,4635356.885263287,400,0,0
2022-01-13,4491,15450779.639101783,4738398.943505821,400,0,0
2022-01-14,4545,15538371.330070257,4762545.769213922,400,0,0
2022-01-15,5105,17715096.232652783,5447567.2660802035,400,0,0
2022-01-16,5168,17746473.441364247,5412194.090710562,400,0,0
2022-01-17,4606,15801006.001028268,4854989.070018329,400,0,0
2022-01-18,4600,15707673.471701462,4810861.263928901,400,0,0
2022-01-19,4555,15588683.907811387,4771711.361314765,400,0,0
2022-01-20,4617,15918197.24436174,4910629.908007227,400,0,0
2022-01-21,4622,15801285.513148827,4864479.014912784,400,0,0
2022-01-22,5147,17623952.081316486,5366161.453620211,400,0,0
2022-01-23,5176,17749615.296544537,5405247.140017516,400,0,0
2022-01-24,4627,15989922.999457873,4842182.919022747,400,0,0
2022-01-25,4705,16185751.929175746,4955353.5680030435,400,0,0
2022-01-26,5140,17709675.423060786,5403616.210458514,400,0,1
2022-01-27,4677,16086753.010167351,4897214.214643683,400,0,0
2022-01-28,4683,16206592.356029253,4957588.794126471,400,0,0
2022-01-29,5207,18062431.778914362,5583607.123001443,400,0,0
2022-01-30,5239,17948599.305773202,5469079.044702215,400,0,0
2022-01-31,4655,15939797.724950315,4885094.879475013,400,0,0
2022-02-01,4723,16305955.869589008,5024394.694528027,400,0,0
2022-02-02,4744,16383573.255176874,5039017.538695033,400,0,0
2022-02-03,4803,16491202.786428725,5054733.580200006,400,0,0
2022-02-04,4817,16562654.037837945,5068004.179433418,400,0,0
2022-02-05,5335,18403851.17629094,5615498.659657303,400,0,0
2022-02-06,5254,18138827.12505448,5526167.07335834,400,0,0
2022-02-07,4831,16580144.91003943,5036256.973772471,400,0,0
2022-02-08,4806,16727854.469235808,5163071.582431837,400,0,0
2022-02-09,4847,16505716.539245524,5057971.969004269,400,0,0
2022-02-10,4788,16579682.134600872,5093803.32051987,400,0,0
2022-02-11,4859,16879660.149455775,5190925.662100966,400,0,0
2022-02-12,5411,18829671.767197557,5703440.802510249,400,0,0
2022-02-13,5455,18851683.710256092,5782065.868929427,400,0,0
2022-02-14,4765,16526011.705092989,5062757.969757174,400,0,0
2022-02-15,4918,16930736.376074247,5207524.152581486,400,0,0
2022-02-16,4930,17199141.5559221,5300917.45222251,400,0,0
2022-02-17,4849,16858953.626895685,5162031.662645077,400,0,0
2022-02-18,4988,17355277.014226045,5369161.735242408,400,0,0
2022-02-19,5533,19169886.92563091,5900231.395622884,400,0,0
2022-02-20,5561,19009054.0291293,5811845.884995368,400,0,0
2022-02-21,4954,17102705.226701695,5216432.074774908,400,0,0
2022-02-22,4950,17008610.219631538,5192166.048429076,400,0,0
2022-02-23,5010,17322288.248010695,5289262.643348631,400,0,0
2022-02-24,5016,17421219.872233383,5319495.3434456205,400,0,0
2022-02-25,5066,17526816.170367423,5403076.228609413,400,0,0
2022-02-26,5621,19174459.855611093,5864999.526860627,400,0,0
2022-02-27,5621,19256239.530056585,5955819.98005898,400,0,0
2022-02-28,5027,17305062.222419195,5291309.6015276555,400,0,0
2022-03-01,6052,18639050.682098795,4253050.864193553,400,400,0
2022-03-02,6023,18638434.548132397,4297844.311081165,400,400,0
2022-03-03,6045,18383553.078303043,4049312.4442916815,400,400,0
2022-03-04,6044,18625586.748817787,4309255.357387432,400,400,0
2022-03-05,6775,20897192.455781896,4763358.427380374,400,400,0
2022-03-06,6773,20917611.872988917,4736875.130738088,400,400,0
2022-03-07,5948,18365557.713282894,4181258.6152035,400,400,0
2022-03-08,5079,17542991.677838527,5390351.580117902,400,0,0
2022-03-09,5152,17745301.191148482,5420692.010202091,400,0,0
2022-03-10,5010,17446555.05713589,5334565.708380555,400,0,0
2022-03-11,5043,17360262.700481176,5306264.427910531,400,0,0
2022-03-12,5753,19906574.161087308,6106653.353322794,400,0,0
2022-03-13,5842,20173281.609881323,6194744.192805154,400,0,0
2022-03-14,5096,17673056.452044494,5415881.802282891,400,0,0
2022-03-15,5235,18045517.126957275,5533717.479367971,400,0,0
2022-03-16,5083,17423555.223530743,5352546.6684172,400,0,0
2022-03-17,5184,17937092.52680637,5465257.634127012,400,0,0
2022-03-18,5221,18093698.646319393,5530626.803257631,400,0,0
2022-03-19,5871,20158213.926404342,6165097.942686964,400,0,0
2022-03-20,5778,19796323.246292725,6058862.999902115,400,0,0
2022-03-21,5137,17817124.341082063,5434585.076544552,400,0,0
2022-03-22,5282,18225748.764817804,5580460.224998213,400,0,0
2022-03-23,5202,17872770.7230614,5527797.876551557,400,0,0
2022-03-24,5215,17922743.377595242,5520065.692330044,400,0,0
2022-03-25,5209,17907653.737429023,5476066.292224993,400,0,0
2022-03-26,5900,20240936.314474523,6221249.728046041,400,0,0
2022-03-27,5774,20061896.296948224,6121276.177168825,400,0,0
2022-03-28,5367,18592382.490021985,5706467.30996348,400,0,0
2022-03-29,5209,17945717.53752433,5507264.10156973,400,0,0
2022-03-30,5240,18142548.432115525,5558193.48653028,400,0,0
2022-03-31,5303,18341557.5363256,5618890.001321689,400,0,0
2022-04-01,5266,18400421.710539985,5634043.347356085,400,0,0
2022-04-02,5880,20367685.390991397,6219544.711928231,400,0,0
2022-04-03,5932,20447089.02586605,6264919.371329457,400,0,0
2022-04-04,5335,18239923.15678282,5601560.498797298,400,0,0
2022-04-05,5237,18305162.71394069,5614315.732918693,400,0,0
2022-04-06,5311,18491080.18251689,5720525.932929479,400,0,0
2022-04-07,5232,18225855.639340848,5599325.388972167,400,0,0
2022-04-08,5325,18413953.793232355,5622965.099079566,400,0,0
2022-04-09,5862,20323588.205325782,6219712.395313607,400,0,0
2022-04-10,5934,20403090.090809964,6285446.454905242,400,0,0
2022-04-11,5281,18289790.879472677,5642364.636381422,400,0,0
2022-04-12,5299,18276946.573420122,5645580.856939374,400,0,0
2022-04-13,5236,18167071.830130164,5622258.340979042,400,0,0
2022-04-14,5420,18950344.849734545,5851777.854174328,400,0,0
2022-04-15,5288,18062013.465253096,5573954.297270644,400,0,0
2022-04-16,6059,21000291.785521492,6494486.00425395,400,0,0
2022-04-17,5962,20197125.430283953,6215823.255571956,400,0,0
2022-04-18,5329,18415785.666376013,5689137.594042697,400,0,0
2022-04-19,5335,18340191.98235463,5679967.850480501,400,0,0
2022-04-20,5354,18564651.004146244,5748683.628554554,400,0,0
2022-04-21,5291,18474988.29475437,5705973.00319787,400,0,0
2022-04-22,5334,18293407.74295899,5608360.371454234,400,0,0
2022-04-23,5962,20522661.865943626,6313103.534104545,400,0,0
2022-04-24,6056,20874327.7589869,6372382.693959287,400,0,0
2022-04-25,5421,18783012.473039437,5798005.625664711,400,0,0
2022-04-26,5285,18344787.7890113,5636448.15715689,400,0,0
2022-04-27,5390,18488225.616483726,5676858.47810723,400,0,0
2022-04-28,5394,18937513.38741958,5795632.961479983,400,0,0
2022-04-29,5337,18535538.507660616,5682697.066926037,400,0,0
2022-04-30,5955,20377464.770765558,6284379.0444918685,400,0,0
2022-05-01,5793,19990880.64291657,6181438.674507813,400,0,0
2022-05-02,5352,18425038.833907098,5665663.613792717,400,0,0
2022-05-03,5407,18723158.79037383,5770089.800340087,400,0,0
2022-05-04,5276,18160003.58369785,5583387.377250135,400,0,0
2022-05-05,5385,18673900.68672535,5738323.912797827,400,0,0
2022-05-06,5331,18383865.987759113,5640388.851560139,400,0,0
2022-05-07,5982,20658391.84634098,6316404.297483414,400,0,0
2022-05-08,6043,20916633.359944027,6461838.383635756,400,0,0
2022-05-09,5419,18946653.677948017,5852023.689364906,400,0,0
2022-05-10,5347,18487774.047911745,5664556.410392097,400,0,0
2022-05-11,5294,18219200.026076898,5632447.124608194,400,0,0
2022-05-12,5368,18717193.420787495,5774719.635651784,400,0,0
2022-05-13,5382,18549648.39249172,5700806.886072877,400,0,0
2022-05-14,6051,20690904.2531272,6404454.361293628,400,0,0
2022-05-15,6123,21055626.65133316,6429868.372215752,400,0,0
2022-05-16,5329,18332074.32674217,5681472.214761189,400,0,0
2022-05-17,5363,18264760.439223494,5600871.487140179,400,0,0
2022-05-18,5462,18703128.30878829,5742914.975549143,400,0,0
2022-05-19,5383,18690412.730407495,5769994.935204594,400,0,0
2022-05-20,5320,18221545.741388842,5586213.480143384,400,0,0
2022-05-21,5964,20743354.332564715,6398575.185934755,400,0,0
2022-05-22,5984,20453607.380568016,6320969.788965935,400,0,0
2022-05-23,5378,18380082.931225892,5630385.575003243,400,0,0
2022-05-24,5330,18224366.76048446,5641593.629982429,400,0,0
2022-05-25,5304,18313910.14974848,5648073.924057324,400,0,0
2022-05-26,5350,18461706.73609288,5702333.413154372,400,0,0
2022-05-27,5299,18325475.742911737,5633332.761874746,400,0,0
2022-05-28,5875,20116963.922575425,6185055.198378614,400,0,0
2022-05-29,5848,20161950.574045252,6175699.323300394,400,0,0
2022-05-30,5237,18260739.44756972,5633019.348874136,400,0,0
2022-05-31,5286,18329795.84107328,5629475.392512248,400,0,0
2022-06-01,5377,18519166.360537484,5669821.036800904,400,0,0
2022-06-02,5294,18140265.60251487,5540772.918470135,400,0,0
2022-06-03,5301,18280042.401014645,5623173.82795624,400,0,0
2022-06-04,5866,20219428.81713613,6211013.175844897,400,0,0
2022-06-05,5890,20295547.1372853,6252099.311220737,400,0,0
2022-06-06,5286,18225655.40878224,5620583.126217425,400,0,0
2022-06-07,5335,18434925.82388751,5680718.055903735,400,0,0
2022-06-08,5222,18081478.255896248,5565997.845752543,400,0,0
2022-06-09,5278,18164679.046545774,5582282.8113576155,400,0,0
2022-06-10,5267,18021076.92291122,5534067.684554873,400,0,0
2022-06-11,5841,20215615.339918643,6180233.831306654,400,0,0
2022-06-12,5890,20340883.137994785,6226767.4900538055,400,0,0
2022-06-13,5254,18016510.08686319,5470698.068590433,400,0,0
2022-06-14,5213,18136642.161158513,5617755.242364721,400,0,0
2022-06-15,5253,18083423.416201144,5573630.842750074,400,0,0
2022-06-16,5285,18131705.915828563,5570710.683440784,400,0,0
2022-06-17,5231,17919041.157056462,5469890.124300456,400,0,0
2022-06-18,5843,20145022.774129372,6179820.394314831,400,0,0
2022-06-19,5830,20202525.530357175,6231433.9480346795,400,0,0
2022-06-20,5180,17798515.364372447,5451570.832934067,400,0,0
2022-06-21,5134,17555576.46108302,5380633.415798133,400,0,0
2022-06-22,5205,17987841.71266836,5511626.577135573,400,0,0
2022-06-23,5145,17736385.695246127,5461109.319349802,400,0,0
2022-06-24,5153,17879036.743185926,5516183.423252787,400,0,0
2022-06-25,5792,19818369.904727772,6062247.50442958,400,0,0
2022-06-26,5717,19592734.186860498,6021494.807398779,400,0,0
2022-06-27,5078,17697479.01182577,5422283.1119860355,400,0,0
2022-06-28,5125,17510233.118090402,5402238.100543881,400,0,0
2022-06-29,5129,17411878.515057012,5297697.807679194,400,0,0
2022-06-30,5130,17583359.783141352,5361454.978839795,400,0,0
2022-07-01,5067,17256173.956385102,5259121.542196437,400,0,0
2022-07-02,5777,19690407.405720185,6077524.871349192,400,0,0
2022-07-03,5801,19971788.847399376,6133333.48813298,400,0,0
2022-07-04,5082,17468196.293236982,5333207.05360712,400,0,0
2022-07-05,5086,17440182.66066931,5313103.298688246,400,0,0
2022-07-06,4976,17159214.97952937,5247459.396515122,400,0,0
2022-07-07,5050,17230845.86172952,5257330.538252388,400,0,0
2022-07-08,4994,17124730.438364252,5236163.058770348,400,0,0
2022-07-09,5731,19664420.812083628,6053100.739243091,400,0,0
2022-07-10,5591,19419683.77449367,5968289.738164072,400,0,0
2022-07-11,5016,17188047.881122213,5277750.839066665,400,0,0
2022-07-12,4932,17079413.420314465,5242537.621231639,400,0,0
2022-07-13,4958,16874659.691586375,5183712.073470487,400,0,0
2022-07-14,4948,16940071.49552935,5186955.7468850985,400,0,0
2022-07-15,5005,17143237.190227374,5289262.118131295,400,0,0
2022-07-16,5755,19619382.10138691,6001580.814579787,400,0,0
2022-07-17,5588,19315349.974464357,5979432.011292946,400,0,0
2022-07-18,5033,17427870.89275726,5348633.29540717,400,0,0
2022-07-19,4949,16769913.473339789,5155535.334611638,400,0,0
2022-07-20,4930,16825002.34019052,5177335.286941254,400,0,0
2022-07-21,4973,16937690.94461805,5183131.236907048,400,0,0
2022-07-22,4870,16886088.727855586,5187303.429496758,400,0,0
2022-07-23,5465,18595138.434699632,5712443.929309755,400,0,0
2022-07-24,5509,18906272.410962056,5804792.07035417,400,0,0
2022-07-25,4942,16880319.324502423,5139458.832131124,400,0,0
2022-07-26,4878,16834050.08165233,5150630.850898768,400,0,0
2022-07-27,4927,16954006.67842408,5236266.441702878,400,0,0
2022-07-28,4870,16735048.333530925,5158109.791768894,400,0,0
2022-07-29,4843,16670701.3906502,5096904.327275356,400,0,0
2022-07-30,5432,18553153.770048443,5678018.160700092,400,0,0
2022-07-31,5457,18615969.452066805,5754321.646159986,400,0,0
2022-08-01,5798,18004981.70389262,4187023.477134973,400,400,0
2022-08-02,5738,17800442.537690934,4165984.5025713043,400,400,0
2022-08-03,5695,17571703.486433998,4026117.253138282,400,400,0
2022-08-04,5640,17181677.531183448,3838432.7007560083,400,400,0
2022-08-05,5776,17716784.08205445,4077145.4895518483,400,400,0
2022-08-06,6422,19932158.621033482,4658091.537456443,400,400,0
2022-08-07,6367,19733318.07358763,4505918.797319772,400,400,0
2022-08-08,4778,16262123.951809509,4989063.844079431,400,0,0
2022-08-09,4798,16551455.074647732,5112573.463680602,400,0,0
2022-08-10,4652,15788440.936295079,4810706.248327254,400,0,0
2022-08-11,4757,16197395.483529586,4956503.106146202,400,0,0
2022-08-12,4689,15953596.053917332,4887659.158616948,400,0,0
2022-08-13,5188,17786946.75026186,5468319.370875197,400,0,0
2022-08-14,5248,17891641.334319454,5469751.492127067,400,0,0
2022-08-15,5112,17456100.872836698,5349436.429973505,400,0,1
2022-08-16,4642,15880466.189509945,4877820.572989509,400,0,0
2022-08-17,4736,16346277.47460486,5031793.979318026,400,0,0
2022-08-18,4637,15935314.720306871,4916220.090169457,400,0,0
2022-08-19,4696,15935201.566778395,4879046.613005723,400,0,0
2022-08-20,5244,18022045.41380775,5551863.553662554,400,0,0
2022-08-21,5267,17972583.321368113,5464869.687208208,400,0,0
2022-08-22,4629,15918512.891872134,4871702.500689115,400,0,0
2022-08-23,4536,15371680.474486845,4696624.061512786,400,0,0
2022-08-24,4614,15787838.042007595,4817442.176886753,400,0,0
2022-08-25,4643,15870148.228201112,4871791.258768006,400,0,0
2022-08-26,4549,15388621.4756835,4709115.315878111,400,0,0
2022-08-27,5190,17593519.117596537,5428992.040924144,400,0,0
2022-08-28,5037,17412664.236413557,5381706.895207144,400,0,0
2022-08-29,4599,15516332.717788799,4720610.783302982,400,0,0
2022-08-30,4598,15673371.410540301,4801071.179369714,400,0,0
2022-08-31,4463,15315523.141099656,4725302.261648732,400,0,0
2022-09-01,4546,15475168.286193226,4735724.952642935,400,0,0
2022-09-02,4543,15506994.13223793,4749530.68483249,400,0,0
2022-09-03,5141,17476241.511855718,5345777.34051899,400,0,0
2022-09-04,4985,16936056.895499665,5187389.4555633,400,0,0
2022-09-05,4443,15141398.900776781,4621624.2876467835,400,0,0
2022-09-06,4511,15278786.642277014,4675084.459918162,400,0,0
2022-09-07,4403,15151127.676728839,4700365.793256047,400,0,0
2022-09-08,4562,15402420.155431023,4686415.919597895,400,0,0
2022-09-09,4443,15013637.909822883,4575327.774974959,400,0,0
2022-09-10,5044,17265188.197686713,5276828.066518875,400,0,0
2022-09-11,4997,17146479.440202482,5264004.39850573,400,0,0
2022-09-12,4424,15028898.135079008,4589113.821732755,400,0,0
2022-09-13,4469,15230152.948720278,4688904.288530202,400,0,0
2022-09-14,4336,14751160.253689714,4541856.021383795,400,0,0
2022-09-15,4461,15323474.774442898,4672739.221970645,400,0,0
2022-09-16,4446,15016219.70310046,4569578.5532218935,400,0,0
2022-09-17,5009,17110458.810485695,5228518.24796315,400,0,0
2022-09-18,4906,16929190.92751679,5165357.879818931,400,0,0
2022-09-19,4393,14848015.405002417,4514903.16682411,400,0,0
2022-09-20,4394,14995083.74558865,4612153.084036508,400,0,0
2022-09-21,4383,14921399.670484131,4545145.76013613,400,0,0
2022-09-22,4461,15186142.39643442,4641268.543465988,400,0,0
2022-09-23,4355,14896492.654373884,4577778.418650019,400,0,0
2022-09-24,4953,16825930.39965145,5144118.504017063,400,0,0
2022-09-25,4876,16608444.281672116,5088169.612431319,400,0,0
2022-09-26,4401,14857940.774093462,4523006.058481484,400,0,0
2022-09-27,4381,14935462.536961986,4543353.498152674,400,0,0
2022-09-28,4438,15116928.493232641,4636100.443443695,400,0,0
2022-09-29,4323,14628991.066345077,4452660.265600964,400,0,0
2022-09-30,4371,14978378.583127616,4559151.6764663225,400,0,0
2022-10-01,4834,16440095.320121469,4984032.494473336,400,0,0
2022-10-02,5358,18113081.83631769,5517992.801380402,400,0,1
2022-10-03,4333,14844063.37726911,4554368.039219685,400,0,0
2022-10-04,4272,14642667.885509528,4452345.207082684,400,0,0
2022-10-05,4277,14571077.598139975,4455508.153632195,400,0,0
2022-10-06,4323,14759954.642759316,4494046.402534771,400,0,0
2022-10-07,4299,14672684.74048059,4490980.550227903,400,0,0
2022-10-08,4909,16591523.190630937,5037017.79605206,400,0,0
2022-10-09,4863,16549299.318507051,5079293.3929090705,400,0,0
2022-10-10,4316,14609475.356856236,4494187.95474796,400,0,0
2022-10-11,4267,14676218.252771113,4539748.057774977,400,0,0
2022-10-12,4363,14534814.842640826,4427507.170504383,400,0,0
2022-10-13,4268,14461462.654764645,4376657.401584959,400,0,0
2022-10-14,4275,14531032.088507527,4412305.54533456,400,0,0
2022-10-15,4699,16077377.90726608,4897041.214967167,400,0,0
2022-10-16,4782,16135525.084566584,4870353.7453044085,400,0,0
2022-10-17,4317,14681291.114828948,4506332.609676657,400,0,0
2022-10-18,4303,14765823.069276055,4527353.145910712,400,0,0
2022-10-19,4240,14533869.735257547,4456440.422035726,400,0,0
2022-10-20,4319,14749031.422146907,4504451.024869395,400,0,0
2022-10-21,4316,14630650.209471036,4445400.617190152,400,0,0
2022-10-22,4805,16425847.226184655,5007157.556362687,400,0,0
2022-10-23,4832,16686015.89344843,5137460.355890262,400,0,0
2022-10-24,4239,14493314.186607128,4442967.561947162,400,0,0
2022-10-25,4246,14423896.256215919,4419029.575756206,400,0,0
2022-10-26,4258,14607218.386711204,4500306.353632367,400,0,0
2022-10-27,4223,14344605.887984106,4354602.958837954,400,0,0
2022-10-28,4310,14755941.021092618,4480380.776172252,400,0,0
2022-10-29,4825,16347036.856828395,4990666.3498443,400,0,0
2022-10-30,4764,16278182.178445768,4996797.390835178,400,0,0
2022-10-31,4204,14346845.726494389,4363589.3525811415,400,0,0
2022-11-01,4664,15808436.54858056,4846131.532181842,400,0,1
2022-11-02,4408,15001818.313533809,4539493.936595413,400,0,0
2022-11-03,4293,14574509.478614034,4480797.9749941155,400,0,0
2022-11-04,4356,14884912.671291221,4555308.584505481,400,0,0
2022-11-05,4836,16642209.619614074,5080274.818815892,400,0,0
2022-11-06,4852,16667982.056325119,5112642.118435134,400,0,0
2022-11-07,4240,14421642.379064893,4391458.951544339,400,0,0
2022-11-08,4299,14634747.713226357,4473770.682707356,400,0,0
2022-11-09,4395,14952538.392095622,4559122.337857071,400,0,0
2022-11-10,4300,14690853.554674061,4478296.920040876,400,0,0
2022-11-11,4231,14432934.59065704,4424018.901304493,400,0,0
2022-11-12,4789,16561732.868031872,5107219.728468936,400,0,0
2022-11-13,4828,16558228.799718367,5063794.205783519,400,0,0
2022-11-14,4327,14757635.700582705,4522119.665965639,400,0,0
2022-11-15,4315,14714908.815424573,4455433.934802363,400,0,0
2022-11-16,4279,14638471.731607372,4485774.496483718,400,0,0
2022-11-17,4332,14645130.800358374,4483553.691170808,400,0,0
2022-11-18,4344,14914181.732047852,4565056.3231482385,400,0,0
2022-11-19,4826,16459000.695202846,4978633.289882018,400,0,0
2022-11-20,5772,17730838.158094842,4051795.9066474834,400,400,0
2022-11-21,5213,15914333.678605841,3598126.8725485373,400,400,0
2022-11-22,5161,15694917.110008663,3551070.9765362428,400,400,0
2022-11-23,5215,16088044.35727692,3639044.659352725,400,400,0
2022-11-24,5192,15971204.584176807,3677295.079929592,400,400,0
2022-11-25,5147,15596408.544736372,3437319.2885953765,400,400,0
2022-11-26,5879,18012885.557317868,4097651.3401551303,400,400,0
2022-11-27,5982,18157875.367399182,3977485.672081809,400,400,0
2022-11-28,5291,16052031.087885808,3584783.564986512,400,400,0
2022-11-29,5214,16043301.51538068,3635707.9190403535,400,400,0
2022-11-30,5181,15815584.20857198,3583977.925827764,400,400,0
2022-12-01,4393,15009431.140318237,4554320.238889326,400,0,0
2022-12-02,4466,15129463.413323598,4628547.7583716,400,0,0
2022-12-03,4858,16382465.486634146,4998256.340320428,400,0,0
2022-12-04,4976,16776569.582610575,5080390.552456562,400,0,0
2022-12-05,4391,15161572.899725515,4589723.869409095,400,0,0
2022-12-06,4480,15171676.591493014,4641579.317654429,400,0,0
2022-12-07,4429,15020004.52841509,4562262.452702756,400,0,0
2022-12-08,4470,15347315.717310337,4676948.016843277,400,0,0
2022-12-09,4455,15115885.784176184,4627368.355300329,400,0,0
2022-12-10,5162,17719409.63983918,5409843.441084596,400,0,0
2022-12-11,4963,16826532.616588358,5136305.711572618,400,0,0
2022-12-12,4424,15130415.833597414,4634031.953520294,400,0,0
2022-12-13,4443,15164162.361233924,4621051.781690856,400,0,0
2022-12-14,4400,15225649.090699533,4675275.078541525,400,0,0
2022-12-15,4521,15475635.87238148,4714853.812197235,400,0,0
2022-12-16,4416,14964366.866802927,4531488.219441753,400,0,0
2022-12-17,5030,17159084.394246247,5215403.02965213,400,0,0
2022-12-18,5094,17602995.339645598,5387742.262689714,400,0,0
2022-12-19,4525,15532502.071973315,4729739.757453603,400,0,0
2022-12-20,4564,15644614.084536497,4777920.449816871,400,0,0
2022-12-21,4504,15515389.314506367,4736857.914149396,400,0,0
2022-12-22,4509,15416460.567598796,4721220.170696532,400,0,0
2022-12-23,4561,15664358.77453223,4794628.356542662,400,0,0
2022-12-24,5046,17337729.667535905,5320239.889709741,400,0,0
2022-12-25,5513,18794833.753972914,5770672.128769043,400,0,1
2022-12-26,4539,15717263.884339567,4799987.447877715,400,0,0
2022-12-27,4609,15854491.79475625,4812330.783269287,400,0,0
2022-12-28,4552,15591968.782548573,4763136.945976794,400,0,0
2022-12-29,4573,15636255.276656447,4791987.106519432,400,0,0
2022-12-30,4588,15749868.706945756,4772225.963682321,400,0,0
2022-12-31,5233,18169350.038584292,5566854.596180989,400,0,0
2023-01-01,5144,17553412.7940172,5396906.514192987,400,0,0
2023-01-02,4582,15654147.569345143,4766420.868468196,400,0,0
2023-01-03,4618,15774121.119414138,4778663.025238786,400,0,0
2023-01-04,4710,16005280.627053022,4845811.118828717,400,0,0
2023-01-05,4703,16259413.132543188,5014378.78211006,400,0,0
2023-01-06,4668,16085156.720032366,4898255.420989006,400,0,0
2023-01-07,5281,18221094.848486375,5579724.912500427,400,0,0
2023-01-08,5175,17696421.132111356,5391685.126957725,400,0,0
2023-01-09,4699,16007678.659769194,4872673.395288874,400,0,0
2023-01-10,4760,16090285.788933545,4845582.029941629,400,0,0
2023-01-11,4822,16522612.120429289,5002752.965167406,400,0,0
2023-01-12,4757,16233204.246594071,4958228.814248635,400,0,0
2023-01-13,4777,16340669.676692694,4985821.957274524,400,0,0
2023-01-14,5293,18097818.060343143,5527036.33524983,400,0,0
2023-01-15,5391,18454567.165387046,5684664.122920095,400,0,0
2023-01-16,4775,16444795.583545769,5057634.168207223,400,0,0
2023-01-17,4850,16603710.654383255,5068809.880852305,400,0,0
2023-01-18,4705,16292173.388832182,4942188.404918452,400,0,0
2023-01-19,4790,16279725.014445396,4993388.837422291,400,0,0
2023-01-20,4865,16571916.723564936,5026667.4532207865,400,0,0
2023-01-21,5294,18073321.574410144,5529694.920470387,400,0,0
2023-01-22,5337,18130531.494109273,5500218.559260911,400,0,0
2023-01-23,4840,16511139.578264927,5032792.309190699,400,0,0
2023-01-24,4839,16575375.418736063,5061308.643650617,400,0,0
2023-01-25,4849,16488650.282063957,5037047.724989775,400,0,0
2023-01-26,5345,18331840.157558218,5571914.736948268,400,0,1
2023-01-27,4861,16719798.07074313,5096962.725459488,400,0,0
2023-01-28,5476,18597692.89967187,5636679.703111603,400,0,0
2023-01-29,5506,19041135.539794326,5831582.116371409,400,0,0
2023-01-30,5017,17212518.0693703,5252569.935683482,400,0,0
2023-01-31,4818,16548152.205683613,5123706.704265143,400,0,0
2023-02-01,4838,16505085.547991486,5040421.917800539,400,0,0
2023-02-02,4935,16896510.744833138,5186799.611240957,400,0,0
2023-02-03,5029,17288093.160383947,5283795.549680376,400,0,0
2023-02-04,5641,19538769.323545005,5995447.049113697,400,0,0
2023-02-05,5606,19440934.084897738,5911771.676560401,400,0,0
2023-02-06,5052,17229402.82658868,5254010.5175811965,400,0,0
2023-02-07,4986,16934056.13336626,5139493.375265896,400,0,0
2023-02-08,5058,17629832.391956627,5439149.157713904,400,0,0
2023-02-09,5127,17405726.40885867,5264912.249646074,400,0,0
2023-02-10,5055,17217913.31134313,5283248.704151527,400,0,0
2023-02-11,5814,19939893.776654862,6079076.76474744,400,0,0
2023-02-12,5621,19358287.530558154,5894686.655515588,400,0,0
2023-02-13,5113,17476813.29981484,5318953.135422289,400,0,0
2023-02-14,5103,17618645.304611277,5365870.103662308,400,0,0
2023-02-15,5130,17398598.37878614,5328915.983733812,400,0,0
2023-02-16,5138,17499899.788118824,5266900.4201919,400,0,0
2023-02-17,5094,17491259.80008028,5338615.991091786,400,0,0
2023-02-18,5798,19848391.005913075,6079639.345371014,400,0,0
2023-02-19,5718,19776475.29153909,6063542.6718411865,400,0,0
2023-02-20,5243,17943537.16162992,5457074.528855605,400,0,0
2023-02-21,5230,18064801.941617496,5515147.6406222265,400,0,0
2023-02-22,5131,17767327.775895383,5418721.520458457,400,0,0
2023-02-23,5162,17895991.540576294,5457057.0909209,400,0,0
2023-02-24,5163,17826797.466836516,5479231.701325056,400,0,0
2023-02-25,5816,19919893.657100245,6101777.952859272,400,0,0
2023-02-26,5796,19995371.865177266,6103761.857873686,400,0,0
2023-02-27,5284,18004077.4966562,5474517.929812453,400,0,0
2023-02-28,5217,18004524.705158696,5494213.24475464,400,0,0
2023-03-01,6302,19479883.81781378,4398662.695365864,400,400,0
2023-03-02,6382,19864707.37067477,4472710.176994033,400,400,0
2023-03-03,6212,19422679.730410762,4462653.83582088,400,400,0
2023-03-04,7069,21933394.30366823,4977299.570612071,400,400,0
2023-03-05,7119,21928711.917955544,4893243.163610378,400,400,0
2023-03-06,6319,19465362.103904612,4489917.830045255,400,400,0
2023-03-07,6377,19679046.005156744,4419400.573337381,400,400,0
2023-03-08,5274,18219137.485725563,5553377.764709608,400,0,0
2023-03-09,5409,18543996.897422243,5675135.6354396865,400,0,0
2023-03-10,5403,18605938.462796465,5681141.86164633,400,0,0
2023-03-11,5996,20704976.520604715,6364850.823031992,400,0,0
2023-03-12,5945,20581611.515918408,6317838.783929015,400,0,0
2023-03-13,5465,18873501.170623522,5804745.382255963,400,0,0
2023-03-14,5407,18656619.602106825,5672880.863299144,400,0,0
2023-03-15,5441,18674740.13734929,5710732.711070312,400,0,0
2023-03-16,5436,18555645.269061312,5685290.445507811,400,0,0
2023-03-17,5420,18677547.406696912,5713534.560452515,400,0,0
2023-03-18,6008,20798785.702863686,6321753.757176543,400,0,0
2023-03-19,6047,20797000.40442685,6354512.872954263,400,0,0
2023-03-20,5535,18955609.59991538,5815358.895809643,400,0,0
2023-03-21,5407,18932029.792573243,5819283.476690057,400,0,0
2023-03-22,5548,18883216.84561942,5763299.557074149,400,0,0
2023-03-23,5383,18559260.626313183,5738451.648059658,400,0,0
2023-03-24,5474,18943652.9994284,5833370.279698985,400,0,0
2023-03-25,6161,21246737.015847307,6479076.436228427,400,0,0
2023-03-26,6106,21267553.879397232,6518349.8652832005,400,0,0
2023-03-27,5480,18902536.260112736,5784301.081459503,400,0,0
2023-03-28,5352,18543643.168838162,5656381.459123479,400,0,0
2023-03-29,5451,18735340.496641386,5754500.114035896,400,0,0
2023-03-30,5519,19152154.74657218,5862421.18082348,400,0,0
2023-03-31,5506,18998751.869878374,5820648.5827659005,400,0,0
2023-04-01,6237,21466541.21069299,6586353.92565966,400,0,0
2023-04-02,6209,21539260.4687736,6642990.27435388,400,0,0
2023-04-03,5541,18865743.711336862,5751909.752362823,400,0,0
2023-04-04,5580,19271040.186583187,5927988.961122409,400,0,0
2023-04-05,5538,19180036.825278178,5888721.986518461,400,0,0
2023-04-06,5458,18788180.771477435,5791982.119326469,400,0,0
2023-04-07,5523,19068632.03231855,5873892.171371234,400,0,0
2023-04-08,6173,21474541.83673642,6587688.906460525,400,0,0
2023-04-09,6154,21468109.921996955,6555067.074241188,400,0,0
2023-04-10,5630,19284695.384985033,5895474.1689389935,400,0,0
2023-04-11,5621,19649274.457195222,6047808.477759122,400,0,0
2023-04-12,5460,18693078.137262207,5740035.052239364,400,0,0
2023-04-13,5565,19230712.638738714,5868263.726931364,400,0,0
2023-04-14,5449,18878730.476360425,5783938.160320553,400,0,0
2023-04-15,6294,21733886.32358214,6684635.413262564,400,0,0
2023-04-16,6140,21050903.871795014,6481601.14512809,400,0,0
2023-04-17,5574,19371095.317953,5978372.979253842,400,0,0
2023-04-18,5490,18747628.806656644,5734641.16381478,400,0,0
2023-04-19,5651,19441342.795651045,5991754.582417616,400,0,0
2023-04-20,5531,18981704.360213123,5810807.981460758,400,0,0
2023-04-21,5648,19542006.62045994,5990077.370057116,400,0,0
2023-04-22,6202,21287939.64341481,6471645.979084046,400,0,0
2023-04-23,6214,21381714.17006135,6556256.02381149,400,0,0
2023-04-24,5638,19339603.735260364,5939188.545608451,400,0,0
2023-04-25,5640,19416726.705645695,6024375.5730395205,400,0,0
2023-04-26,5648,19518601.60766509,5963609.008723681,400,0,0
2023-04-27,5618,19145193.112282153,5845898.446588278,400,0,0
2023-04-28,5591,19084713.234596293,5832151.0897927,400,0,0
2023-04-29,6194,21396488.95076911,6531656.744862949,400,0,0
2023-04-30,6187,21497278.84112394,6597879.511077756,400,0,0
2023-05-01,5608,19347089.725871466,5923578.665838746,400,0,0
2023-05-02,5519,18920886.484693337,5804244.296962291,400,0,0
2023-05-03,5535,19092267.77570636,5894819.687245166,400,0,0
2023-05-04,5631,19355001.901026815,5966984.004786174,400,0,0
2023-05-05,5690,19584662.339546036,5977481.013599025,400,0,0
2023-05-06,6308,21679691.59315033,6670049.873520903,400,0,0
2023-05-07,6349,22051000.673729196,6761887.551222783,400,0,0
2023-05-08,5646,19415683.62719544,6029844.163056926,400,0,0
2023-05-09,5729,19571518.401235122,5996223.527008997,400,0,0
2023-05-10,5597,19245414.277015585,5921741.279904161,400,0,0
2023-05-11,5582,19139936.348731913,5907711.606312585,400,0,0
2023-05-12,5530,19211851.237583064,5947950.4229270285,400,0,0
2023-05-13,6268,21611912.025872316,6663788.463980566,400,0,0
2023-05-14,6271,21568674.509823926,6606850.792860092,400,0,0
2023-05-15,5632,19190429.638616487,5863789.924456693,400,0,0
2023-05-16,5615,19396949.378859576,5944973.575300797,400,0,0
2023-05-17,5541,19099305.12423158,5828126.799338758,400,0,0
2023-05-18,5655,19430484.06904863,5914839.192536355,400,0,0
2023-05-19,5598,19209218.44915206,5882225.184105232,400,0,0
2023-05-20,6293,21544520.255204767,6605975.4791946495,400,0,0
2023-05-21,6300,21791931.50830213,6724345.316770453,400,0,0
2023-05-22,5578,19243822.25047757,5943452.937902117,400,0,0
2023-05-23,5569,19145623.755749706,5865207.98963549,400,0,0
2023-05-24,5644,19419056.549191426,5976827.475273133,400,0,0
2023-05-25,5542,19156528.809962433,5866582.059281973,400,0,0
2023-05-26,5512,18806606.252980623,5710958.688916582,400,0,0
2023-05-27,6166,21135400.632401835,6478382.646971164,400,0,0
2023-05-28,6381,22035686.858317576,6725905.096061931,400,0,0
2023-05-29,5540,19087186.402539585,5906516.409898219,400,0,0
2023-05-30,5513,18997385.469805416,5852518.946031658,400,0,0
2023-05-31,5487,18996929.515399892,5807548.7156622205,400,0,0
2023-06-01,5607,19313035.636814483,5933638.089406213,400,0,0
2023-06-02,5464,18851547.286669765,5793618.380874085,400,0,0
2023-06-03,6173,21235775.702890374,6511466.724949586,400,0,0
2023-06-04,6180,21138626.8892998,6485832.853198302,400,0,0
2023-06-05,5480,18761193.31222293,5777981.020909305,400,0,0
2023-06-06,5463,18927306.3318657,5809568.245031203,400,0,0
2023-06-07,5641,19317171.279536076,5888230.79293619,400,0,0
2023-06-08,5496,18842157.75483451,5781070.668312817,400,0,0
2023-06-09,5493,19018832.07620238,5873371.762144355,400,0,0
2023-06-10,6192,21149504.118461832,6490990.56348606,400,0,0
2023-06-11,6208,21527822.319805913,6604388.390097047,400,0,0
2023-06-12,5538,19166136.200105302,5904988.449374945,400,0,0
2023-06-13,5483,18940956.424260844,5790339.761004499,400,0,0
2023-06-14,5441,18671376.515701156,5717402.323097335,400,0,0
2023-06-15,5531,18941519.845730484,5834245.247530484,400,0,0
2023-06-16,5436,18667008.720254548,5733224.309822165,400,0,0
2023-06-17,6147,21109905.274379104,6505572.298165187,400,0,0
2023-06-18,6024,20853870.136834342,6425466.657270754,400,0,0
2023-06-19,5467,18781613.16096344,5756503.808429063,400,0,0
2023-06-20,5249,18050236.211939327,5516271.28224378,400,0,0
2023-06-21,5482,18724253.140540525,5776892.420839834,400,0,0
2023-06-22,5371,18496076.52392815,5683975.7280175,400,0,0
2023-06-23,5393,18519479.495332785,5673630.954095512,400,0,0
2023-06-24,6194,21141561.947559774,6480504.341285538,400,0,0
2023-06-25,6003,20825692.27322934,6407153.4326194525,400,0,0
2023-06-26,5390,18383270.758202855,5631538.921506727,400,0,0
2023-06-27,5356,18353656.132298715,5640361.9456849545,400,0,0
2023-06-28,5368,18402643.919350736,5645915.7569164345,400,0,0
2023-06-29,5338,18616474.881580677,5769697.890953447,400,0,0
2023-06-30,5337,18415540.60153212,5662357.319232342,400,0,0
2023-07-01,6042,20915846.02086546,6467448.989292645,400,0,0
2023-07-02,5934,20587106.91113473,6334394.279363603,400,0,0
2023-07-03,5373,18326801.245508112,5657258.716315517,400,0,0
2023-07-04,5183,17920999.382421043,5512408.789293025,400,0,0
2023-07-05,5404,18441821.599076595,5664837.074410223,400,0,0
2023-07-06,5254,18135565.19664597,5571615.868302124,400,0,0
2023-07-07,5367,18295728.32120477,5621288.740425144,400,0,0
2023-07-08,5869,20026622.327445272,6163468.82582118,400,0,0
2023-07-09,5947,20033296.211543288,6154229.386016596,400,0,0
2023-07-10,5131,17466577.943751752,5359703.449616361,400,0,0
2023-07-11,5283,18152536.334462207,5589598.799812558,400,0,0
2023-07-12,5210,17832020.34754285,5502159.369101331,400,0,0
2023-07-13,5364,18165266.023802485,5550164.751319893,400,0,0
2023-07-14,5155,17812492.568944246,5455908.301039984,400,0,0
2023-07-15,5883,20165679.897253774,6172510.498223554,400,0,0
2023-07-16,5857,20151235.485819206,6126002.696796701,400,0,0
2023-07-17,5206,17811655.7724852,5443783.77974451,400,0,0
2023-07-18,5235,17860170.512453448,5478479.162865312,400,0,0
2023-07-19,5187,17745490.894471437,5436547.0253002485,400,0,0
2023-07-20,5101,17588735.15837385,5431859.022976403,400,0,0
2023-07-21,5253,18014811.28916772,5508466.843715867,400,0,0
2023-07-22,5804,19816963.032511443,6079824.134481211,400,0,0
2023-07-23,5821,19941863.692232635,6162461.782228596,400,0,0
2023-07-24,5143,17564020.75927973,5395142.076672621,400,0,0
2023-07-25,5113,17593615.89516918,5471802.540660894,400,0,0
2023-07-26,5089,17445877.47376556,5365686.854736944,400,0,0
2023-07-27,5082,17410462.38316841,5345739.253070172,400,0,0
2023-07-28,5068,17268703.72742262,5286442.869091719,400,0,0
2023-07-29,5622,19117022.77665735,5894820.514591338,400,0,0
2023-07-30,5607,19404671.269833636,5950821.307020752,400,0,0
2023-07-31,5140,17603975.080480233,5370366.285679081,400,0,0
2023-08-01,6022,18533761.677092403,4231540.35635395,400,400,0
2023-08-02,5950,18129105.22442389,4072693.0054176142,400,400,0
2023-08-03,6064,18705885.391526476,4329319.596144724,400,400,0
2023-08-04,5994,18370570.103198227,4141117.893580037,400,400,0
2023-08-05,6703,20367203.1568899,4621014.50174108,400,400,0
2023-08-06,6673,20557582.01595116,4718784.575069021,400,400,0
2023-08-07,6051,18503641.30761337,4177606.944030755,400,400,0
2023-08-08,5058,17300775.605254818,5313514.442703374,400,0,0
2023-08-09,4885,16740543.728840234,5153616.269053935,400,0,0
2023-08-10,5025,16949488.145279426,5210909.663182618,400,0,0
2023-08-11,4894,16724421.742933968,5141471.34376516,400,0,0
2023-08-12,5631,19115648.51875736,5832246.840128439,400,0,0
2023-08-13,5440,18504364.87745835,5665033.9823638415,400,0,0
2023-08-14,4853,16447736.7095499,4991356.926800889,400,0,0
2023-08-15,5370,18228686.489935067,5570239.105806605,400,0,1
2023-08-16,4908,16540236.611439748,5034726.020124936,400,0,0
2023-08-17,4881,16812252.74954413,5149598.675704828,400,0,0
2023-08-18,4833,16357997.92294756,4999894.774515316,400,0,0
2023-08-19,5489,18558824.651694074,5665959.076373354,400,0,0
2023-08-20,5447,18640518.536299836,5726691.8375132885,400,0,0
2023-08-21,4878,16660595.868085772,5145691.666417932,400,0,0
2023-08-22,4754,16249531.332968585,4970791.418104905,400,0,0
2023-08-23,4843,16526508.632365953,5066095.641940715,400,0,0
2023-08-24,4869,16564611.032924078,5065754.375053951,400,0,0
2023-08-25,4821,16404406.793701963,5017012.134542544,400,0,0
2023-08-26,5335,18332732.158936217,5638313.073280988,400,0,0
2023-08-27,5416,18265192.203860648,5590506.604807648,400,0,0
2023-08-28,4744,16214266.406905435,4981914.483847477,400,0,0
2023-08-29,4756,16120478.36673796,4910744.511968522,400,0,0
2023-08-30,4857,16657434.359290216,5090623.282310273,400,0,0
2023-08-31,4701,16020134.897882182,4905726.799689908,400,0,0
2023-09-01,4803,16380561.844370838,5016407.876917148,400,0,0
2023-09-02,5326,18181919.85158992,5544050.84481586,400,0,0
2023-09-03,5331,17840116.2564845,5438901.266870216,400,0,0
2023-09-04,4749,16182414.954623086,4938161.293168849,400,0,0
2023-09-05,4673,15853423.736046905,4870277.866751571,400,0,0
2023-09-06,4710,15980586.127267659,4862135.607180184,400,0,0
2023-09-07,4631,15685858.172425076,4779164.330735665,400,0,0
2023-09-08,4651,15919205.716796871,4843196.862712571,400,0,0
2023-09-09,5251,17913011.63951091,5497075.266675471,400,0,0
2023-09-10,5163,17331753.31149893,5302851.826367122,400,0,0
2023-09-11,4674,15948873.275843287,4859799.646814212,400,0,0
2023-09-12,4727,15942804.864950597,4858127.299827052,400,0,0
2023-09-13,4687,16119293.869527064,4953640.66479202,400,0,0
2023-09-14,4643,15753977.454911577,4823010.023088691,400,0,0
2023-09-15,4638,15683444.739581056,4787659.117423807,400,0,0
2023-09-16,5217,17632915.8819681,5376583.641900912,400,0,0
2023-09-17,5166,17524627.760738075,5372741.816616842,400,0,0
2023-09-18,4668,15792534.058699619,4831919.425505071,400,0,0
2023-09-19,4645,15691613.94830574,4817339.816921753,400,0,0
2023-09-20,4615,15709972.714047136,4792989.027765405,400,0,0
2023-09-21,4642,15651215.986435317,4755872.037899246,400,0,0
2023-09-22,4632,15756336.715610435,4801722.928266042,400,0,0
2023-09-23,5133,17494937.041531235,5344311.844172904,400,0,0
2023-09-24,5176,17608503.52197184,5357231.011478955,400,0,0
2023-09-25,4570,15538805.18189555,4782147.233411875,400,0,0
2023-09-26,4581,15698342.773642285,4805215.43113636,400,0,0
2023-09-27,4543,15552519.72029928,4720640.930976416,400,0,0
2023-09-28,4584,15652881.58859284,4789428.422680967,400,0,0
2023-09-29,4560,15576396.134590218,4744991.760043274,400,0,0
2023-09-30,5055,17330867.92528556,5296919.456913523,400,0,0
2023-10-01,5098,17253163.191187806,5244002.846074517,400,0,0
2023-10-02,4938,16698715.226395672,5084080.556173776,400,0,1
2023-10-03,4566,15459348.584821416,4747834.211557275,400,0,0
2023-10-04,4534,15340162.279126234,4677872.183415388,400,0,0
2023-10-05,4522,15397225.348676203,4680509.612700923,400,0,0
2023-10-06,4557,15482235.802930394,4743486.563687565,400,0,0
2023-10-07,5101,17294256.741598662,5273179.281006478,400,0,0
2023-10-08,5085,17189482.08180703,5247733.849360133,400,0,0
2023-10-09,4534,15414578.164416358,4687386.37026808,400,0,0
2023-10-10,4496,15293858.055343859,4640306.724116241,400,0,0
2023-10-11,4583,15437306.250778593,4701198.764741977,400,0,0
2023-10-12,4542,15434361.05262324,4714988.416672638,400,0,0
2023-10-13,4469,15304533.130023321,4700048.931630986,400,0,0
2023-10-14,5041,17111176.567692015,5198300.231428016,400,0,0
2023-10-15,4985,16906114.259933814,5133271.898769395,400,0,0
2023-10-16,4549,15483944.870737053,4699027.867373614,400,0,0
2023-10-17,4514,15541527.199926788,4736909.609910701,400,0,0
2023-10-18,4422,15022951.281389747,4553583.697154482,400,0,0
2023-10-19,4500,15158860.57991712,4605554.1764316,400,0,0
2023-10-20,4516,15440625.852010671,4645186.101445337,400,0,0
2023-10-21,4930,16709953.489997419,5053411.6853257045,400,0,0
2023-10-22,5110,17362556.514980193,5260559.232611747,400,0,0
2023-10-23,4449,15046862.128358424,4580607.52554863,400,0,0
2023-10-24,4539,15268118.729908982,4693711.647724203,400,0,0
2023-10-25,4520,15457559.13812004,4726186.976416972,400,0,0
2023-10-26,4488,15200329.974908331,4625753.5055078175,400,0,0
2023-10-27,4461,15281381.080721706,4664854.002613296,400,0,0
2023-10-28,5047,17177739.75921752,5245447.343206523,400,0,0
2023-10-29,4936,16797892.896726567,5075343.290056402,400,0,0
2023-10-30,4495,15269083.588505268,4647438.288597948,400,0,0
2023-10-31,4376,14736961.854909196,4480319.694306747,400,0,0
2023-11-01,4919,16770562.00912921,5123945.291468251,400,0,1
2023-11-02,4511,15386149.426968027,4716847.100186431,400,0,0
2023-11-03,4518,15143573.513372062,4628488.449620132,400,0,0
2023-11-04,4925,16664130.695950845,5092130.95422331,400,0,0
2023-11-05,5082,17397696.289618023,5339171.61756299,400,0,0
2023-11-06,4508,15504003.408323245,4765527.24278456,400,0,0
2023-11-07,4430,14975665.80271658,4547027.561035594,400,0,0
2023-11-08,4408,15080015.710543882,4593490.414522176,400,0,0
2023-11-09,4497,15368337.541785605,4681126.429645689,400,0,0
2023-11-10,4504,15518845.012337608,4751428.860866273,400,0,0
2023-11-11,5061,17218357.504386727,5223949.006834478,400,0,0
2023-11-12,5048,16985534.43072219,5131816.077184401,400,0,0
2023-11-13,4521,15497788.10220336,4731827.087093493,400,0,0
2023-11-14,4580,15455684.690481892,4693347.409170708,400,0,0
2023-11-15,4440,15181017.067226052,4600307.613282818,400,0,0
2023-11-16,4444,15118767.976873495,4602723.556364846,400,0,0
2023-11-17,4599,15651660.465102827,4797037.706269813,400,0,0
2023-11-18,5036,17050755.900963325,5162071.158321286,400,0,0
2023-11-19,5032,17088691.459808268,5198285.950012147,400,0,0
2023-11-20,5421,16402596.626194077,3750862.0073672542,400,400,0
2023-11-21,5358,16085270.880921606,3567292.2170065725,400,400,0
2023-11-22,5490,16777860.20901048,3782532.3287228877,400,400,0
2023-11-23,5425,16382335.701926311,3697258.7381945364,400,400,0
2023-11-24,5432,16484380.257878302,3720284.681516545,400,400,0
2023-11-25,6170,18735876.282158606,4206143.644773322,400,400,0
2023-11-26,6271,19085248.187134307,4287139.697198663,400,400,0
2023-11-27,5424,16537181.114060624,3738519.3357601822,400,400,0
2023-11-28,5543,16915356.206280556,3722174.7648037653,400,400,0
2023-11-29,5496,16703112.746862864,3753827.155775363,400,400,0
2023-11-30,5391,16584571.26730644,3788343.550612224,400,400,0
2023-12-01,4518,15536534.43324489,4787826.224888869,400,0,0
2023-12-02,5126,17561204.11202995,5308141.324478415,400,0,0
2023-12-03,5051,17197259.716899868,5233475.415944307,400,0,0
2023-12-04,4587,15787982.973091757,4833936.628740308,400,0,0
2023-12-05,4565,15520520.44699231,4727940.15618512,400,0,0
2023-12-06,4670,15764510.350758811,4771651.2768879905,400,0,0
2023-12-07,4606,15663077.531070719,4784761.013900911,400,0,0
2023-12-08,4530,15433675.534419665,4659148.286463102,400,0,0
2023-12-09,5249,17840558.331594996,5462450.410937114,400,0,0
2023-12-10,5260,18204295.65491136,5586977.307235999,400,0,0
2023-12-11,4563,15624860.663370242,4774183.7193211345,400,0,0
2023-12-12,4635,15718127.425696218,4794408.773882951,400,0,0
2023-12-13,4617,15928754.152484093,4860962.869235198,400,0,0
2023-12-14,4625,15886829.929318456,4843413.49769938,400,0,0
2023-12-15,4698,15972987.584873812,4839588.539638766,400,0,0
2023-12-16,5269,18007447.11848485,5479991.412847478,400,0,0
2023-12-17,5254,17795920.429964505,5409804.149844239,400,0,0
2023-12-18,4743,16090960.763842318,4924672.654321012,400,0,0
2023-12-19,4733,16095039.25830732,4894239.029310826,400,0,0
2023-12-20,4685,15966428.692056496,4848183.771919313,400,0,0
2023-12-21,4725,16080596.701092463,4936635.416365663,400,0,0
2023-12-22,4671,15874114.68545538,4785139.170161329,400,0,0
2023-12-23,5314,18228465.563036226,5579478.370051244,400,0,0
2023-12-24,5377,18413807.31608528,5636085.236649248,400,0,0
2023-12-25,5153,17799471.662550505,5419600.39932404,400,0,1
2023-12-26,4802,16220908.805177748,4935675.287387267,400,0,0
2023-12-27,4755,16248784.632966151,4962740.64338879,400,0,0
2023-12-28,4814,16600404.594780374,5026619.368273772,400,0,0
2023-12-29,4770,16437526.035974978,4995272.567468458,400,0,0
2023-12-30,5341,18170260.42615955,5532267.123265965,400,0,0
2023-12-31,5427,18248846.254804343,5524540.242508495,400,0,0
2024-01-01,4804,16563994.781256784,5052228.17872231,400,0,0
2024-01-02,4800,16293716.174422873,4976894.028035154,400,0,0
2024-01-03,4917,16782282.474559586,5073736.854643205,400,0,0
2024-01-04,4881,16570153.807126582,5036830.214191261,400,0,0
2024-01-05,4825,16655357.909792555,5102044.485211173,400,0,0
2024-01-06,5530,18772031.6412542,5727439.069593796,400,0,0
2024-01-07,5556,19147077.259324156,5852270.601892353,400,0,0
2024-01-08,5030,17000749.77785903,5189529.882053776,400,0,0
2024-01-09,4933,16733627.534600602,5070539.27808853,400,0,0
2024-01-10,4871,16571101.311560122,5051572.072196756,400,0,0
2024-01-11,4959,17085531.10043443,5209912.678413846,400,0,0
2024-01-12,4987,17154175.580187734,5213518.37365916,400,0,0
2024-01-13,5515,18920755.445443023,5773537.24358064,400,0,0
2024-01-14,5583,18875094.836568296,5679353.35423006,400,0,0
2024-01-15,4989,17113704.420975585,5205823.643598479,400,0,0
2024-01-16,4987,16932470.39281968,5141524.146542945,400,0,0
2024-01-17,4958,16923423.35898523,5160319.56706414,400,0,0
2024-01-18,5091,17373227.256313417,5358381.297107205,400,0,0
2024-01-19,5066,17544387.037300378,5369092.428550495,400,0,0
2024-01-20,5652,19545304.52695032,5972857.844224344,400,0,0
2024-01-21,5702,19576863.3528261,5963638.833545278,400,0,0
2024-01-22,5099,17489351.416059498,5295323.740527082,400,0,0
2024-01-23,5036,17215919.73077423,5259267.079840787,400,0,0
2024-01-24,5094,17476677.692170642,5317533.146792698,400,0,0
2024-01-25,5180,17744815.289820075,5409637.903220431,400,0,0
2024-01-26,5632,19392445.77308382,5953941.448049841,400,0,1
2024-01-27,5652,19526958.907166317,5954106.8735205075,400,0,0
2024-01-28,5699,19547106.276731007,5968085.6277644215,400,0,0
2024-01-29,5185,17970051.071342114,5477249.000296572,400,0,0
2024-01-30,5160,17688427.13739577,5358771.314230543,400,0,0
2024-01-31,5159,17709992.86430427,5406133.139231733,400,0,0
2024-02-01,5159,17650041.240223892,5377399.74698105,400,0,0
2024-02-02,5196,17751387.175598424,5401548.997477354,400,0,0
2024-02-03,5898,20194643.572034616,6151761.936215163,400,0,0
2024-02-04,5895,20363795.699588276,6210534.042435231,400,0,0
2024-02-05,5188,17800034.64898893,5436242.232439454,400,0,0
2024-02-06,5163,17747984.16180171,5433794.029098013,400,0,0
2024-02-07,5203,17815765.323191524,5421641.070782702,400,0,0
2024-02-08,5200,17775505.001357928,5382338.469898377,400,0,0
2024-02-09,5350,18446289.19323725,5619823.4245509105,400,0,0
2024-02-10,5966,20487036.566090006,6255053.66379855,400,0,0
2024-02-11,5828,19971876.07761662,6073858.677459796,400,0,0
2024-02-12,5223,17935932.229487058,5437286.759308034,400,0,0
2024-02-13,5234,17940378.52245728,5422193.603651418,400,0,0
2024-02-14,5362,18170902.117804863,5472982.3847120665,400,0,0
2024-02-15,5316,18174149.53266031,5545933.163563013,400,0,0
2024-02-16,5320,18313692.41592723,5604957.045827682,400,0,0
2024-02-17,5949,20715207.7676721,6283728.117293855,400,0,0
2024-02-18,6078,20810837.482650127,6356726.397393203,400,0,0
2024-02-19,5426,18773807.381655447,5759563.485517188,400,0,0
2024-02-20,5440,18786127.599005617,5761339.248992147,400,0,0
2024-02-21,5350,18566842.539155368,5660840.084810006,400,0,0
2024-02-22,5440,18756207.304800265,5702266.093629833,400,0,0
2024-02-23,5543,18921043.571618095,5799973.555635987,400,0,0
2024-02-24,6107,20970031.942482196,6394242.427811812,400,0,0
2024-02-25,6053,20872101.883466065,6394328.429293129,400,0,0
2024-02-26,5506,19121795.893836543,5842797.196280593,400,0,0
2024-02-27,5513,18894017.784577105,5748704.587969686,400,0,0
2024-02-28,5542,19046065.83926769,5817011.532674311,400,0,0
2024-02-29,5429,18478917.237031728,5637460.109882957,400,0,0
2024-03-01,6582,20532139.289493494,4671575.970669307,400,400,0
2024-03-02,7365,22992423.279696587,5234844.001759732,400,400,0
2024-03-03,7410,23024306.62232194,5191062.00537813,400,400,0
2024-03-04,6586,20250365.650941968,4551712.646344147,400,400,0
2024-03-05,6636,20269503.285611674,4480138.781624922,400,400,0
2024-03-06,6618,20376163.751736052,4500047.081526782,400,400,0
2024-03-07,6841,20753161.06214795,4720723.508152099,400,400,0
2024-03-08,5581,19326037.107387867,5861903.7926201,400,0,0
2024-03-09,6271,21625908.088202342,6608630.765337477,400,0,0
2024-03-10,6189,21123903.341396,6490089.727323503,400,0,0
2024-03-11,5598,19283774.08082878,5890424.29757275,400,0,0
2024-03-12,5590,19204900.56509226,5937535.78872117,400,0,0
2024-03-13,5619,19187124.686248127,5872874.003594443,400,0,0
2024-03-14,5638,19395190.817276493,5884022.9955931455,400,0,0
2024-03-15,5534,19061240.413256574,5784712.092662328,400,0,0
2024-03-16,6330,21626241.930228714,6636855.0011953795,400,0,0
2024-03-17,6374,21968603.83218215,6750682.645774712,400,0,0
2024-03-18,5652,19557505.314133838,6018725.995035774,400,0,0
2024-03-19,5704,19500534.663729254,5945659.489753832,400,0,0
2024-03-20,5689,19704717.915742002,6041112.988982526,400,0,0
2024-03-21,5623,19535197.83763428,6018008.243503412,400,0,0
2024-03-22,5605,19509410.03475925,5979410.791464606,400,0,0
2024-03-23,6466,22145687.931102365,6709616.136430098,400,0,0
2024-03-24,6451,21935252.878892284,6706668.001811305,400,0,0
2024-03-25,5610,19232932.736897517,5843140.597674146,400,0,0
2024-03-26,5831,19833163.16337951,6089210.818115059,400,0,0
2024-03-27,5682,19461503.8773939,5866567.553524175,400,0,0
2024-03-28,5731,19812937.964489844,6073443.631248729,400,0,0
2024-03-29,5727,19874671.223773398,6103823.043397531,400,0,0
2024-03-30,6432,22327026.294017863,6821053.097702401,400,0,0
2024-03-31,6463,22113806.65694109,6751615.661632856,400,0,0
2024-04-01,5704,19521562.050168194,5952347.667018702,400,0,0
2024-04-02,5747,19598381.76608024,6018899.359723237,400,0,0
2024-04-03,5690,19692628.118361067,6001333.4599646805,400,0,0
2024-04-04,5871,20180185.762146305,6202880.940908969,400,0,0
2024-04-05,5793,19994809.13601641,6090765.235193778,400,0,0
2024-04-06,6392,22095941.762387134,6768510.589728363,400,0,0
2024-04-07,6477,22416851.978244863,6873480.91099103,400,0,0
2024-04-08,5749,19646825.43125983,5966660.337143591,400,0,0
2024-04-09,5795,19872322.560682476,6050926.690031361,400,0,0
2024-04-10,5916,20436690.216097675,6251413.966884626,400,0,0
2024-04-11,5733,19749668.68340324,6044315.650437933,400,0,0
2024-04-12,5822,19848312.767439947,6070235.927337406,400,0,0
2024-04-13,6684,23061724.44881356,7093808.965466615,400,0,0
2024-04-14,6417,21874470.444917507,6657911.307956234,400,0,0
2024-04-15,5870,20350303.415647164,6203225.883855252,400,0,0
2024-04-16,5822,19890295.70929827,6123022.092644111,400,0,0
2024-04-17,5863,20187046.307304416,6141708.33741556,400,0,0
2024-04-18,5888,20272305.335030563,6224224.2911102325,400,0,0
2024-04-19,5801,20142531.96146048,6204801.70124986,400,0,0
2024-04-20,6658,23167661.615927763,7111744.6121087065,400,0,0
2024-04-21,6636,22791401.4120387,7023280.677124085,400,0,0
2024-04-22,5825,20265796.148383304,6234890.356861898,400,0,0
2024-04-23,5896,20167666.132573232,6194540.169766817,400,0,0
2024-04-24,5908,20245333.423564024,6155217.541299388,400,0,0
2024-04-25,5936,20488553.610117327,6220219.976272481,400,0,0
2024-04-26,5819,19832644.35548311,6075355.668186273,400,0,0
2024-04-27,6651,22786050.95115607,6971451.367138813,400,0,0
2024-04-28,6488,22467124.88711553,6852222.243067943,400,0,0
2024-04-29,5866,20044267.885020193,6136945.011077374,400,0,0
2024-04-30,5992,20524659.225052234,6272748.677507079,400,0,0
2024-05-01,5829,19903272.932282448,6063599.328527395,400,0,0
2024-05-02,5926,20397458.807458457,6216771.119504372,400,0,0
2024-05-03,5775,20012198.31356492,6144290.176804179,400,0,0
2024-05-04,6722,23205944.46447514,7105525.907616974,400,0,0
2024-05-05,6541,22616103.50430237,6905489.774408576,400,0,0
2024-05-06,5945,20408464.63904447,6230723.589597026,400,0,0
2024-05-07,5967,20742113.72843007,6352512.807710535,400,0,0
2024-05-08,5800,20039307.824370995,6159300.693737674,400,0,0
2024-05-09,5972,20425756.03032974,6232004.316936935,400,0,0
2024-05-10,5852,20115363.029505417,6195043.752662013,400,0,0
2024-05-11,6598,22477183.89307821,6855789.086653247,400,0,0
2024-05-12,6598,22701547.275318317,6998462.977426072,400,0,0
2024-05-13,5869,20234899.222275514,6196660.999226277,400,0,0
2024-05-14,5846,20038136.37335578,6147301.947913954,400,0,0
2024-05-15,5769,19872809.44933764,6055235.291953842,400,0,0
2024-05-16,5826,19884323.87071562,6072426.827636408,400,0,0
2024-05-17,5856,19889759.31378021,6077426.851774615,400,0,0
2024-05-18,6483,22274318.721048586,6814789.6325695235,400,0,0
2024-05-19,6484,22142344.959336773,6769250.4306973135,400,0,0
2024-05-20,5845,19880110.73822591,6102464.219064199,400,0,0
2024-05-21,5866,20083864.282073535,6147906.282189139,400,0,0
2024-05-22,5842,19986369.106202666,6177165.702146224,400,0,0
2024-05-23,5860,20107126.57226268,6166528.3680799715,400,0,0
2024-05-24,5751,19749101.217897583,6084525.698919485,400,0,0
2024-05-25,6540,22296879.336361058,6819811.940272935,400,0,0
2024-05-26,6420,21981695.736259658,6756804.497505364,400,0,0
2024-05-27,5752,19865643.41649197,6122434.114298728,400,0,0
2024-05-28,5811,20015302.599590015,6089128.935374378,400,0,0
2024-05-29,5716,19632092.00955268,6006987.25674601,400,0,0
2024-05-30,5841,20194209.66250271,6201190.320029137,400,0,0
2024-05-31,5807,19801511.008219827,6072252.908476202,400,0,0
2024-06-01,6561,22542173.828520805,6927216.27540587,400,0,0
2024-06-02,6466,22114227.730986483,6781208.761548155,400,0,0
2024-06-03,5784,19844564.876487263,6041767.027163363,400,0,0
2024-06-04,5858,20077433.63992501,6145794.389683884,400,0,0
2024-06-05,5774,19769501.19475043,6095821.053922218,400,0,0
2024-06-06,5844,20083252.09339184,6159815.084223984,400,0,0
2024-06-07,5882,20237039.109378096,6236862.793788421,400,0,0
2024-06-08,6363,21746351.022670176,6659935.225052044,400,0,0
2024-06-09,6424,22316952.405614402,6833606.433914315,400,0,0
2024-06-10,5716,19760205.870342456,6072776.949019718,400,0,0
2024-06-11,5682,19404346.942444894,5936115.325549463,400,0,0
2024-06-12,5696,19322790.182473786,5955439.391318858,400,0,0
2024-06-13,5742,19875643.409605775,6108787.44257603,400,0,0
2024-06-14,5862,20227931.851879958,6197195.908682737,400,0,0
2024-06-15,6448,22204837.714282785,6837576.605749719,400,0,0
2024-06-16,6376,21963673.095327698,6753083.361769801,400,0,0
2024-06-17,5665,19331022.871017516,5904091.749326555,400,0,0
2024-06-18,5760,19727248.3817385,6035565.2838235255,400,0,0
2024-06-19,5667,19427856.46802994,5984958.189286977,400,0,0
2024-06-20,5716,19703645.56884469,6058639.950258231,400,0,0
2024-06-21,5643,19602058.416379277,6088250.700449215,400,0,0
2024-06-22,6367,22056251.17516907,6807856.762416869,400,0,0
2024-06-23,6339,21683065.423783362,6681093.6566422,400,0,0
2024-06-24,5655,19243857.069911987,5872761.020675619,400,0,0
2024-06-25,5702,19610784.774367727,6015915.552782364,400,0,0
2024-06-26,5529,19141129.401173018,5851973.191214038,400,0,0
2024-06-27,5762,19677876.5868647,6016755.333057881,400,0,0
2024-06-28,5617,19247636.83671404,5932095.16108826,400,0,0
2024-06-29,6202,21336842.48609204,6541701.58465489,400,0,0
2024-06-30,6372,21906021.699792832,6715634.580863666,400,0,0
2024-07-01,5608,19050178.843331084,5810412.51061272,400,0,0
2024-07-02,5513,18859212.702665947,5775329.432308351,400,0,0
2024-07-03,5532,18813273.39033267,5767130.703827756,400,0,0
2024-07-04,5695,19342018.188784413,5932535.021045642,400,0,0
2024-07-05,5595,19446097.172509257,6033476.299422869,400,0,0
2024-07-06,6153,21193778.495222334,6538558.039878586,400,0,0
2024-07-07,6172,20937294.904097494,6363874.181287527,400,0,0
2024-07-08,5526,19015804.708499942,5844263.465547035,400,0,0
2024-07-09,5490,18622409.227334112,5661664.40926442,400,0,0
2024-07-10,5431,18759800.186363947,5759434.801538471,400,0,0
2024-07-11,5513,18647760.845510956,5670960.89477365,400,0,0
2024-07-12,5443,18579497.387503613,5717098.302997743,400,0,0
2024-07-13,6032,20643673.978750445,6355741.242798748,400,0,0
2024-07-14,6120,21098015.51623458,6460563.367333282,400,0,0
2024-07-15,5415,18501563.25061019,5651476.417980556,400,0,0
2024-07-16,5408,18349572.867426395,5604740.781674827,400,0,0
2024-07-17,5349,18209050.295378838,5586671.602200125,400,0,0
2024-07-18,5394,18304875.225197803,5595432.886740725,400,0,0
2024-07-19,5348,18233985.380114444,5579406.795511397,400,0,0
2024-07-20,6010,20536611.362264395,6321952.074912065,400,0,0
2024-07-21,6066,20767698.075136572,6367412.237437552,400,0,0
2024-07-22,5420,18508183.478683073,5704678.216382048,400,0,0
2024-07-23,5381,18353768.989987608,5648607.0881368155,400,0,0
2024-07-24,5342,18101002.85057007,5541045.857245166,400,0,0
2024-07-25,5442,18584408.44197191,5673735.918492767,400,0,0
2024-07-26,5291,18053882.215575345,5525629.151423014,400,0,0
2024-07-27,5953,20482922.62380014,6294797.974471191,400,0,0
2024-07-28,5995,20293390.850362353,6210520.3998310305,400,0,0
2024-07-29,5446,18689610.189272903,5761457.250880576,400,0,0
2024-07-30,5208,17819639.613762982,5485768.527049582,400,0,0
2024-07-31,5319,18161487.122445922,5538255.959215945,400,0,0
2024-08-01,6437,19667159.896239545,4473619.895406131,400,400,0
2024-08-02,6348,19296200.19463784,4333406.173364392,400,400,0
2024-08-03,7122,21881935.194282442,4927934.624738491,400,400,0
2024-08-04,6986,21389367.143990967,4757059.13810946,400,400,0
2024-08-05,6201,18948870.171543155,4270790.08177424,400,400,0
2024-08-06,6334,19322590.5840961,4307692.12447612,400,400,0
2024-08-07,6271,19379030.966672827,4385490.654784391,400,400,0
2024-08-08,5232,17846337.46024026,5478747.8463668525,400,0,0
2024-08-09,5270,18060438.3737387,5531101.973809266,400,0,0
2024-08-10,5842,19814080.124347378,6059943.748095135,400,0,0
2024-08-11,5730,19532223.253431927,5924040.9231310785,400,0,0
2024-08-12,5137,17402817.462980818,5296830.625258196,400,0,0
2024-08-13,5121,17407486.972173978,5344958.649850337,400,0,0
2024-08-14,5119,17280651.951850753,5295057.984094095,400,0,0
2024-08-15,5612,19266205.384892046,5914455.327010677,400,0,1
2024-08-16,5142,17380006.071428888,5298978.636791785,400,0,0
2024-08-17,5685,19365643.272475585,5953352.289219743,400,0,0
2024-08-18,5785,19627701.910179,5969690.285849185,400,0,0
2024-08-19,5100,17191980.91121089,5241992.375758656,400,0,0
2024-08-20,5137,17220200.338704783,5273850.392070009,400,0,0
2024-08-21,5173,17714539.54008491,5426210.101062517,400,0,0
2024-08-22,5054,17240487.36261451,5278136.219939246,400,0,0
2024-08-23,5089,17366739.40178268,5302222.826155165,400,0,0
2024-08-24,5614,19261980.646039993,5940669.289284909,400,0,0
2024-08-25,5560,19052976.851706382,5789059.679488787,400,0,0
2024-08-26,5061,17290440.107117422,5298893.373478972,400,0,0
2024-08-27,5084,17321915.953283533,5299587.375863998,400,0,0
2024-08-28,4996,17114591.722359166,5265370.824874645,400,0,0
2024-08-29,4960,16914263.625278495,5169251.786710794,400,0,0
2024-08-30,5002,17059193.706873413,5263766.605755517,400,0,0
2024-08-31,5609,18904509.795641497,5781214.117654799,400,0,0
2024-09-01,5531,18931612.505117875,5770004.026525633,400,0,0
2024-09-02,4929,16976753.478026323,5185920.9263467,400,0,0
2024-09-03,4956,16949073.247361746,5173179.873248648,400,0,0
2024-09-04,4993,16896270.20490574,5166191.885941777,400,0,0
2024-09-05,4963,16734390.090316935,5100703.713646521,400,0,0
2024-09-06,4871,16561977.714338575,5064286.148929886,400,0,0
2024-09-07,5557,19086129.339325212,5847783.33831309,400,0,0
2024-09-08,5442,18304219.82866944,5525084.0990926875,400,0,0
2024-09-09,4871,16549229.633119322,5051332.336373491,400,0,0
2024-09-10,4882,16451206.88501597,5010591.553285365,400,0,0
2024-09-11,4851,16496838.512597105,5051523.87386712,400,0,0
2024-09-12,4910,16706875.648120813,5098505.42923317,400,0,0
2024-09-13,4883,16630002.999830231,5074580.843135123,400,0,0
2024-09-14,5408,18485459.629815333,5619813.125095322,400,0,0
2024-09-15,5351,18175718.352862857,5555208.492047809,400,0,0
2024-09-16,4821,16284252.898512874,4994468.570633113,400,0,0
2024-09-17,4856,16486922.930578759,5055376.680965412,400,0,0
2024-09-18,4827,16615872.333853278,5095408.780846726,400,0,0
2024-09-19,4852,16453849.740401866,5062915.825890793,400,0,0
2024-09-20,4738,16303442.113194989,4986235.90638562,400,0,0
2024-09-21,5456,18661161.627086718,5692281.38224727,400,0,0
2024-09-22,5406,18523705.73931403,5642725.87929863,400,0,0
2024-09-23,4747,16234321.083540633,4948208.378303704,400,0,0
2024-09-24,4810,16310667.468723217,4958496.206080808,400,0,0
2024-09-25,4692,15979280.028591,4834474.17057294,400,0,0
2024-09-26,4805,16267023.816079367,4961177.355075533,400,0,0
2024-09-27,4726,16070654.046620907,4883747.732340298,400,0,0
2024-09-28,5319,18197291.551624592,5536967.273450902,400,0,0
2024-09-29,5295,18269489.24010539,5588352.462425585,400,0,0
2024-09-30,4799,16415764.179114478,5026718.47105622,400,0,0
2024-10-01,4691,16097234.901013013,4881266.600981886,400,0,0
2024-10-02,5242,17593824.200656455,5325406.230031701,400,0,1
2024-10-03,4740,16098854.947053395,4852013.376431195,400,0,0
2024-10-04,4792,16250281.810998477,4940911.025143407,400,0,0
2024-10-05,5153,17570829.304723985,5390503.262096232,400,0,0
2024-10-06,5305,17911794.65089811,5437087.841148626,400,0,0
2024-10-07,4721,16141677.071726304,4912033.873546935,400,0,0
2024-10-08,4661,15744544.438777588,4819961.265867868,400,0,0
2024-10-09,4732,16203409.285591312,4972143.639685488,400,0,0
2024-10-10,4700,15818777.819894426,4815130.357671117,400,0,0
2024-10-11,4678,15729814.356729858,4775635.006725499,400,0,0
2024-10-12,5155,17652776.609899,5362903.039839115,400,0,0
2024-10-13,5193,17675606.435839728,5381229.650906762,400,0,0
2024-10-14,4776,16125696.51105668,4929949.155220812,400,0,0
2024-10-15,4679,15990577.290956736,4873408.423868999,400,0,0
2024-10-16,4649,15838925.413349656,4846806.733613295,400,0,0
2024-10-17,4696,15963405.750270277,4889047.195501896,400,0,0
2024-10-18,4626,15609108.532815512,4726442.534708974,400,0,0
2024-10-19,5299,18133133.265841708,5526011.248486028,400,0,0
2024-10-20,5248,17827986.234227248,5432766.857560276,400,0,0
2024-10-21,4680,15777975.407903958,4791008.233371031,400,0,0
2024-10-22,4691,15921928.611334594,4804671.539428206,400,0,0
2024-10-23,4648,15653698.818133833,4782817.439932931,400,0,0
2024-10-24,4629,15786647.68188814,4804873.735176467,400,0,0
2024-10-25,4656,15717122.369876187,4781271.141648497,400,0,0
2024-10-26,5123,17246785.16454786,5224143.205768091,400,0,0
2024-10-27,5197,17604150.092105504,5372010.068811076,400,0,0
2024-10-28,4660,15827112.02502971,4820312.969749622,400,0,0
2024-10-29,4683,15745385.684014453,4782859.045963751,400,0,0
2024-10-30,4613,15770549.664762368,4800279.894718483,400,0,0
2024-10-31,4616,15575991.070047962,4738920.8611021,400,0,0
2024-11-01,5143,17399046.081291687,5301327.868396504,400,0,1
2024-11-02,5189,17664456.769435912,5356716.828818506,400,0,0
2024-11-03,5208,17711960.722905345,5369320.8106698515,400,0,0
2024-11-04,4637,15925452.542820109,4871387.5794332195,400,0,0
2024-11-05,4736,15966496.394429017,4838881.77975535,400,0,0
2024-11-06,4608,15817283.127168296,4848115.812952409,400,0,0
2024-11-07,4705,16073408.977420514,4870119.0720932875,400,0,0
2024-11-08,4729,16090828.537018733,4879964.834963572,400,0,0
2024-11-09,5158,17630911.386444695,5337399.957336296,400,0,0
2024-11-10,5197,17574740.001038082,5344938.519066912,400,0,0
2024-11-11,4698,15955003.325696718,4864622.794650153,400,0,0
2024-11-12,4694,15977002.352999868,4844025.858639793,400,0,0
2024-11-13,4725,15850502.252765851,4828127.247215464,400,0,0
2024-11-14,4731,15928068.116604295,4806549.741900687,400,0,0
2024-11-15,4682,15965060.267210966,4840046.335029057,400,0,0
2024-11-16,5266,17958850.60176021,5472124.877806032,400,0,0
2024-11-17,5208,17850506.336935394,5431368.138051242,400,0,0
2024-11-18,4702,16008533.463336414,4904175.930400631,400,0,0
2024-11-19,4726,16024640.42107697,4844332.165412733,400,0,0
2024-11-20,5655,17336226.89211849,3921184.234362816,400,400,0
2024-11-21,5692,17323719.83373934,3781656.394013086,400,400,0
2024-11-22,5736,17362394.380017564,3885474.327631231,400,400,0
2024-11-23,6343,19571912.116671145,4455609.540519184,400,400,0
2024-11-24,6474,19585014.22891041,4405280.305569191,400,400,0
2024-11-25,5681,17206734.904772367,3798601.212455145,400,400,0
2024-11-26,5673,17118399.242802892,3756430.3944526124,400,400,0
2024-11-27,5655,17344981.63403315,3845022.9632328865,400,400,0
2024-11-28,5711,17403527.74042337,3890587.8768229587,400,400,0
2024-11-29,5742,17483442.338037338,4003641.6195011805,400,400,0
2024-11-30,6382,19284364.250051368,4337141.5497365035,400,400,0
2024-12-01,5414,18306184.516955614,5570719.898430004,400,0,0
2024-12-02,4684,15979436.611219963,4894262.780480855,400,0,0
2024-12-03,4667,15893990.741333801,4864328.676142232,400,0,0
2024-12-04,4913,16830704.583424006,5103935.687303316,400,0,0
2024-12-05,4872,16570642.930894129,5050761.052704753,400,0,0
2024-12-06,4816,16302952.59698524,4925100.119625503,400,0,0
2024-12-07,5455,18305854.208733708,5564381.017192073,400,0,0
2024-12-08,5337,18226569.740363963,5550116.379938786,400,0,0
2024-12-09,4820,16391487.831155164,5009725.627220345,400,0,0
2024-12-10,4864,16637289.899327073,5039528.294673497,400,0,0
2024-12-11,4836,16503758.733229376,5009819.253621808,400,0,0
2024-12-12,4907,16587411.791439382,5016001.843766755,400,0,0
2024-12-13,4815,16329630.830948552,4933194.067314322,400,0,0
2024-12-14,5366,18240939.729121726,5528554.964120401,400,0,0
2024-12-15,5420,18360903.857717793,5605091.181712773,400,0,0
2024-12-16,4907,16577685.58903999,5018861.404092047,400,0,0
2024-12-17,4902,16813599.763673898,5130473.164148707,400,0,0
2024-12-18,4943,17002286.361192513,5222353.942971827,400,0,0
2024-12-19,4907,16794817.75652053,5113626.334925176,400,0,0
2024-12-20,4934,16859783.857354667,5113634.59108884,400,0,0
2024-12-21,5613,19178816.43565065,5816098.778018305,400,0,0
2024-12-22,5620,19090104.051512018,5745777.984093526,400,0,0
2024-12-23,4971,17063296.423956476,5232635.533595844,400,0,0
2024-12-24,4974,16948966.73672961,5157517.932985647,400,0,0
2024-12-25,5484,18623982.112328082,5649005.888655146,400,0,1
2024-12-26,5033,17159779.229028363,5206207.265386007,400,0,0
2024-12-27,4981,17054521.81832745,5202668.10352104,400,0,0
2024-12-28,5588,18877360.84613315,5706098.648377447,400,0,0
2024-12-29,5579,19014265.897346143,5785704.118743197,400,0,0
2024-12-30,5062,17294840.042773318,5247975.5518900845,400,0,0
2024-12-31,5059,17056297.596112967,5167235.977955894,400,0,0
2025-01-01,5031,17287342.123627428,5240576.3450022675,400,0,0
2025-01-02,5003,16963626.95753602,5168573.859796732,400,0,0
2025-01-03,5134,17362673.423409153,5249550.610322595,400,0,0
2025-01-04,5747,19672731.039817963,5970856.887947662,400,0,0
2025-01-05,5664,19041558.00028564,5785805.662940828,400,0,0
2025-01-06,5082,17538839.77971988,5407110.455709209,400,0,0
2025-01-07,5134,17892129.59296482,5485109.423308399,400,0,0
2025-01-08,5130,17526055.854030818,5360706.174714205,400,0,0
2025-01-09,5101,17341631.419684492,5283846.663812331,400,0,0
2025-01-10,5136,17602060.22511686,5353820.634758302,400,0,0
2025-01-11,5770,19677911.409656055,5946536.12886466,400,0,0
2025-01-12,5723,19528096.126331564,5958354.977665716,400,0,0
2025-01-13,5242,17872668.655108396,5404539.406683898,400,0,0
2025-01-14,5138,17472082.618104544,5342297.765981049,400,0,0
2025-01-15,5210,17748274.309245028,5353222.044987952,400,0,0
2025-01-16,5234,17895176.995541498,5412741.604126822,400,0,0
2025-01-17,5220,17750017.73739022,5384842.544828209,400,0,0
2025-01-18,5928,20426180.15595943,6255062.1143141445,400,0,0
2025-01-19,5903,20209924.519495998,6130090.22910093,400,0,0
2025-01-20,5226,17958217.86305323,5419219.904995116,400,0,0
2025-01-21,5313,18172450.439935226,5554382.342979566,400,0,0
2025-01-22,5275,18003272.603857726,5475681.772666927,400,0,0
2025-01-23,5356,18346402.114552792,5614766.466530554,400,0,0
2025-01-24,5414,18488941.84516574,5653590.144606605,400,0,0
2025-01-25,5935,20349445.75667817,6167717.211130936,400,0,0
2025-01-26,6470,22185793.503888536,6743455.318786643,400,0,1
2025-01-27,5410,18625790.12921023,5697140.683365118,400,0,0
2025-01-28,5373,18433587.7100807,5613178.858083061,400,0,0
2025-01-29,5327,18112254.132314228,5494257.008669131,400,0,0
2025-01-30,5379,18346545.566812173,5556322.893908024,400,0,0
2025-01-31,5334,18396138.0685211,5617904.065346741,400,0,0
2025-02-01,5977,20622223.350529104,6326952.003627825,400,0,0
2025-02-02,6061,20919469.934002616,6357063.795327391,400,0,0
2025-02-03,5536,18814870.09991553,5710714.468813597,400,0,0
2025-02-04,5354,18338024.34812009,5544032.733740821,400,0,0
2025-02-05,5458,19009513.642809797,5814537.523889288,400,0,0
2025-02-06,5543,18979224.615871612,5785997.157161382,400,0,0
2025-02-07,5515,18990416.233952124,5782458.392494216,400,0,0
2025-02-08,6178,21358745.309850045,6532674.414592952,400,0,0
2025-02-09,6169,21065797.11925994,6380740.180843947,400,0,0
2025-02-10,5467,18678694.30105332,5691569.1900403565,400,0,0
2025-02-11,5441,19002694.512869455,5800471.707908085,400,0,0
2025-02-12,5546,18818524.46460167,5784173.049843037,400,0,0
2025-02-13,5591,19324971.138532188,5891045.30026062,400,0,0
2025-02-14,5496,18707149.818512555,5678188.359467222,400,0,0
2025-02-15,6235,21371703.150970846,6516018.877304007,400,0,0
2025-02-16,6249,21323295.895385835,6471571.321636735,400,0,0
2025-02-17,5555,19007776.464020617,5758933.386064093,400,0,0
2025-02-18,5620,19143533.09928125,5840671.493593987,400,0,0
2025-02-19,5634,19337417.623080518,5889344.828697365,400,0,0
2025-02-20,5663,19564059.205563545,5998429.546866306,400,0,0
2025-02-21,5654,19381430.277390786,5854141.474391248,400,0,0
2025-02-22,6461,22067303.398700874,6736207.911939628,400,0,0
2025-02-23,6417,22149010.87016246,6725455.119251193,400,0,0
2025-02-24,5682,19623644.717568073,6036197.851948008,400,0,0
2025-02-25,5661,19206381.858240623,5856527.1245817505,400,0,0
2025-02-26,5708,19481144.8924171,5948489.388945938,400,0,0
2025-02-27,5781,19987682.65334567,6127805.867619894,400,0,0
2025-02-28,5729,19629946.629551753,5956637.16897865,400,0,0
2025-03-01,7664,23742830.51611423,5474356.700567188,400,400,0
2025-03-02,7544,23196571.286731295,5242196.552143819,400,400,0
2025-03-03,6799,20814896.616482574,4698994.8266393505,400,400,0
2025-03-04,6858,21411023.197760828,4915705.706808047,400,400,0
2025-03-05,7056,21461531.441015966,4743040.4738168875,400,400,0
2025-03-06,6920,21135116.296682652,4645394.169788662,400,400,0
2025-03-07,6930,21384746.39110319,4746496.840030196,400,400,0
2025-03-08,6573,22566054.746426534,6894193.443084021,400,0,0
2025-03-09,6463,22184381.688723788,6826061.908787828,400,0,0
2025-03-10,5884,20448397.75264935,6241599.167255661,400,0,0
2025-03-11,5797,19983801.573248763,6164363.34172555,400,0,0
2025-03-12,5837,19927593.923635148,6049651.812995818,400,0,0
2025-03-13,5863,20208404.85977869,6175620.453316375,400,0,0
2025-03-14,5857,20102059.127731577,6104634.032514766,400,0,0
2025-03-15,6630,23076234.73325055,7121317.404500542,400,0,0
2025-03-16,6504,22357649.68681149,6799637.867504998,400,0,0
2025-03-17,5941,20417773.992750727,6250306.487389142,400,0,0
2025-03-18,5868,20293875.363132413,6251735.738413038,400,0,0
2025-03-19,5860,20242840.722513776,6196324.664045039,400,0,0
2025-03-20,5907,20412281.32544246,6207715.518846845,400,0,0
2025-03-21,5937,20305707.044936422,6205405.245992039,400,0,0
2025-03-22,6673,22892519.821437374,6985848.706393264,400,0,0
2025-03-23,6642,22922171.572475426,7043341.610066655,400,0,0
2025-03-24,5909,20471276.792302914,6237011.477061133,400,0,0
2025-03-25,5995,20684855.235394128,6323498.231181213,400,0,0
2025-03-26,6039,20549704.517131772,6248596.691438347,400,0,0
2025-03-27,5986,20489230.525676545,6307631.447876057,400,0,0
2025-03-28,5945,20355047.06244689,6253519.080386036,400,0,0
2025-03-29,6560,22521303.737073194,6835771.473717304,400,0,0
2025-03-30,6767,23191072.696130365,7092639.423384624,400,0,0
2025-03-31,6049,20804723.688709643,6329735.048156782,400,0,0
2025-04-01,5999,20653836.965555463,6348006.437150966,400,0,0
2025-04-02,5956,20443286.777145095,6269368.041434451,400,0,0
2025-04-03,6014,20276918.80890497,6139227.170872504,400,0,0
2025-04-04,6046,20960874.75092083,6406657.041851844,400,0,0
2025-04-05,6741,23112575.521610327,7039100.7799758,400,0,0
2025-04-06,6707,23105390.133241396,7056707.86783198,400,0,0
2025-04-07,5940,20376547.06757175,6211205.731125655,400,0,0
2025-04-08,6020,20794521.61155906,6316959.707309681,400,0,0
2025-04-09,6006,20706325.659515623,6320607.690248171,400,0,0
2025-04-10,6023,20936875.728593845,6437277.242352364,400,0,0
2025-04-11,6085,20936336.689073484,6349620.212876261,400,0,0
2025-04-12,6779,23273968.081142217,7100641.343785798,400,0,0
2025-04-13,6833,23451380.999195304,7116396.514218064,400,0,0
2025-04-14,5984,20652228.020328432,6336377.577311514,400,0,0
2025-04-15,6035,20810859.53265317,6385513.842813844,400,0,0
2025-04-16,6096,20963844.359474793,6452308.800359698,400,0,0
2025-04-17,6175,21320427.39095582,6519611.915180746,400,0,0
2025-04-18,6139,21026596.290320247,6400196.778845735,400,0,0
2025-04-19,6879,23838562.059528932,7343922.232723475,400,0,0
2025-04-20,6757,23309308.341799725,7120349.641484803,400,0,0
2025-04-21,6144,21178830.02489835,6522256.195444331,400,0,0
2025-04-22,6169,21111794.336425383,6399040.0138097275,400,0,0
2025-04-23,6098,20818242.622505885,6360990.859934064,400,0,0
2025-04-24,6109,20812495.46056471,6316516.691201788,400,0,0
2025-04-25,6053,21031461.82951749,6403285.32714953,400,0,0
2025-04-26,6866,23566459.705656927,7224472.28362583,400,0,0
2025-04-27,6819,23449897.07138227,7197294.7702834215,400,0,0
2025-04-28,6059,20775088.24770141,6376510.46697632,400,0,0
2025-04-29,6055,20853123.902973216,6413692.072818541,400,0,0
2025-04-30,6084,21138118.139046602,6484382.473306777,400,0,0
2025-05-01,6067,20835651.737045232,6405498.708148885,400,0,0
2025-05-02,6108,20833807.983580492,6380521.632376401,400,0,0
2025-05-03,6731,23442198.024935383,7191435.468836419,400,0,0
2025-05-04,6854,23447326.298440922,7169170.330362731,400,0,0
2025-05-05,6239,21295022.958909582,6531004.891682084,400,0,0
2025-05-06,6223,21380217.126998022,6554936.773207091,400,0,0
2025-05-07,6078,20780420.422119062,6325226.528596458,400,0,0
2025-05-08,6109,21006638.77671201,6462288.794036752,400,0,0
2025-05-09,6206,21281466.77131721,6503226.829503929,400,0,0
2025-05-10,6951,23694453.351206556,7220993.27585342,400,0,0
2025-05-11,6847,23466830.878616475,7182309.263436085,400,0,0
2025-05-12,6070,20999173.891288012,6423592.888051259,400,0,0
2025-05-13,6090,20923071.28936729,6400572.232113237,400,0,0
2025-05-14,6164,21344668.96272469,6593822.675898159,400,0,0
2025-05-15,6172,21046152.653853305,6443771.883952773,400,0,0
2025-05-16,6132,21124296.192935698,6472557.152426936,400,0,0
2025-05-17,6881,23501819.22246348,7241152.424039614,400,0,0
2025-05-18,6909,23679866.573713284,7261042.745309726,400,0,0
2025-05-19,6188,21091390.31344501,6412947.187437545,400,0,0
2025-05-20,6090,20904617.933918796,6400786.643945579,400,0,0
2025-05-21,6193,21546373.683467988,6658760.304974707,400,0,0
2025-05-22,6092,21059352.659323823,6430692.358665675,400,0,0
2025-05-23,6112,20811709.6009718,6370849.792638607,400,0,0
2025-05-24,6875,23645815.20086373,7259524.4343496235,400,0,0
2025-05-25,6786,23133599.858386762,7027571.35767123,400,0,0
2025-05-26,6117,21153043.618819054,6481360.300962764,400,0,0
2025-05-27,6132,20810380.36691084,6391397.316510477,400,0,0
2025-05-28,6066,20974946.736690953,6401284.196503934,400,0,0
2025-05-29,6048,20574015.065662157,6284133.283830458,400,0,0
2025-05-30,6206,21136015.049714785,6463890.425962385,400,0,0
2025-05-31,6785,23357683.216282252,7174383.141194221,400,0,0
2025-06-01,6749,23281083.750245593,7162058.97786372,400,0,0
2025-06-02,5965,20275475.327950843,6199431.0359131675,400,0,0
2025-06-03,6149,21018956.629333492,6418412.379941381,400,0,0
2025-06-04,6104,20880926.854221944,6345046.934059887,400,0,0
2025-06-05,6013,20537743.240646724,6252073.475036475,400,0,0
2025-06-06,6002,20683730.97853212,6386601.846504956,400,0,0
2025-06-07,6768,23364433.18909249,7172203.672148784,400,0,0
2025-06-08,6825,23385490.161029954,7107437.756879163,400,0,0
2025-06-09,6064,20829073.11809521,6431102.975017885,400,0,0
2025-06-10,6053,20671090.46982208,6337475.682931934,400,0,0
2025-06-11,6046,20756935.86444002,6377081.888666345,400,0,0
2025-06-12,6156,20869013.616950825,6362297.169914168,400,0,0
2025-06-13,6060,20618131.623972695,6291373.300625606,400,0,0
2025-06-14,6650,22678274.49618841,6942235.537000515,400,0,0
2025-06-15,6714,22732441.88670349,6998314.747228076,400,0,0
2025-06-16,5869,20198594.166129943,6166569.592581939,400,0,0
2025-06-17,6028,20573578.782148764,6248550.9713035785,400,0,0
2025-06-18,6031,20569587.130190507,6272741.9374297755,400,0,0
2025-06-19,5965,20514445.719862662,6285161.5995999165,400,0,0
2025-06-20,5871,20005563.30163923,6140228.395594611,400,0,0
2025-06-21,6666,22908923.368517615,7017356.708004845,400,0,0
2025-06-22,6579,22542287.102614537,6923347.992148308,400,0,0
2025-06-23,5849,20096659.748208996,6131086.563469498,400,0,0
2025-06-24,6014,20399065.541136015,6225802.341705972,400,0,0
2025-06-25,6035,20777959.993649006,6386188.367860431,400,0,0
2025-06-26,6021,20459084.3151186,6267502.82792677,400,0,0
2025-06-27,5886,20090022.559800673,6136811.273119235,400,0,0
2025-06-28,6551,22592300.143645626,6917335.239327337,400,0,0
2025-06-29,6518,22434675.219852436,6893458.151986783,400,0,0
2025-06-30,5810,19912466.697529927,6107454.6361998925,400,0,0
2025-07-01,5873,20151088.227600355,6165877.088249991,400,0,0
2025-07-02,5874,20194933.500484165,6221985.049006807,400,0,0
2025-07-03,5811,20025097.988475993,6105164.262840314,400,0,0
2025-07-04,5882,19865467.36381293,6052287.870015971,400,0,0
2025-07-05,6442,21946315.741566572,6735797.631596136,400,0,0
2025-07-06,6416,21817746.141711745,6689184.084277239,400,0,0
2025-07-07,5719,19560746.105093673,6004123.830350841,400,0,0
2025-07-08,5740,19621847.265603017,6009683.994916466,400,0,0
2025-07-09,5768,19913498.336941827,6124780.765599704,400,0,0
2025-07-10,5830,19868214.003145013,6115791.566104585,400,0,0
2025-07-11,5732,19615708.493545443,6010659.370380827,400,0,0
2025-07-12,6307,21601947.52811932,6577082.687747858,400,0,0
2025-07-13,6398,21723200.284331713,6656801.541178082,400,0,0
2025-07-14,5724,19612372.068389613,6016551.93034109,400,0,0
2025-07-15,5651,19276338.88821294,5938689.592806246,400,0,0
2025-07-16,5655,19248219.446490046,5875150.349453948,400,0,0
2025-07-17,5741,19680350.045135677,5980440.252035476,400,0,0
2025-07-18,5633,19340387.396612428,5897549.07574311,400,0,0
2025-07-19,6356,21487834.80578439,6528172.1774942605,400,0,0
2025-07-20,6413,21838386.148784526,6693783.276663365,400,0,0
2025-07-21,5570,18871006.70971169,5758615.646727137,400,0,0
2025-07-22,5579,19118259.33835512,5830506.8458516,400,0,0
2025-07-23,5604,19240147.309062086,5935727.431223961,400,0,0
2025-07-24,5561,18861011.16891647,5742426.575412679,400,0,0
2025-07-25,5534,19179348.345118094,5890807.005155786,400,0,0
2025-07-26,6183,21101460.842470154,6413799.145008064,400,0,0
2025-07-27,6145,20952822.35430572,6415894.89840792,400,0,0
2025-07-28,5522,18851679.98142177,5780955.001823663,400,0,0
2025-07-29,5458,18577971.277050048,5745072.585087366,400,0,0
2025-07-30,5561,18950839.27222644,5759395.567710177,400,0,0
2025-07-31,5622,19346560.16113015,5909435.612270393,400,0,0
2025-08-01,6614,20266041.42915956,4591317.550940564,400,400,0
2025-08-02,7391,22821308.824602246,5196391.595955469,400,400,0
2025-08-03,7337,22387974.363737762,5077356.813184264,400,400,0
2025-08-04,6591,20120359.28718649,4594562.620566291,400,400,0
2025-08-05,6621,20475469.239107594,4720163.881071261,400,400,0
2025-08-06,6519,20192506.280890737,4673822.752139136,400,400,0
2025-08-07,6385,19889044.76195434,4554438.090549705,400,400,0
2025-08-08,5468,18486070.89411697,5642855.51013374,400,0,0
2025-08-09,5937,20321784.316626936,6164561.157021698,400,0,0
2025-08-10,5964,20448337.25272528,6299362.0691152075,400,0,0
2025-08-11,5477,18521164.8325071,5655015.04188347,400,0,0
2025-08-12,5431,18604669.238956958,5690796.696699787,400,0,0
2025-08-13,5276,17989581.18361207,5552392.053507369,400,0,0
2025-08-14,5397,18412125.209528103,5668347.064502612,400,0,0
2025-08-15,5874,19807713.319227945,6069195.791913849,400,0,1
2025-08-16,5955,20080671.474826336,6097952.911041102,400,0,0
2025-08-17,5881,19921365.557150222,6068223.078177232,400,0,0
2025-08-18,5304,18123941.47501372,5541203.338411182,400,0,0
2025-08-19,5329,18182407.28858743,5579329.599327928,400,0,0
2025-08-20,5321,18162570.59990762,5520592.026501593,400,0,0
2025-08-21,5341,18089202.637272768,5521539.406375983,400,0,0
2025-08-22,5323,18129565.67053445,5513439.221486358,400,0,0
2025-08-23,5911,20250954.789849553,6173797.695568707,400,0,0
2025-08-24,5796,19805885.987337578,6038758.157012222,400,0,0
2025-08-25,5215,17573523.243644413,5340386.4686263595,400,0,0
2025-08-26,5236,17819684.68960806,5430448.749474801,400,0,0
2025-08-27,5237,17853250.383818466,5441514.080801373,400,0,0
2025-08-28,5239,17816515.879954603,5414171.178317206,400,0,0
2025-08-29,5278,17884142.691607002,5450720.647501888,400,0,0
2025-08-30,5807,19808000.44354686,6058683.713278783,400,0,0
2025-08-31,5845,19682257.332200453,5992595.591939861,400,0,0
2025-09-01,5149,17624729.100776926,5351594.586056342,400,0,0
2025-09-02,5194,17921112.33092225,5477303.3616212085,400,0,0
2025-09-03,5138,17523408.267374314,5361289.677308144,400,0,0
2025-09-04,5089,17190051.816243544,5212410.916301855,400,0,0
2025-09-05,5191,17684772.592957925,5408150.097939997,400,0,0
2025-09-06,5714,19206982.349635817,5853996.916011333,400,0,0
2025-09-07,5795,19570555.51282759,5983094.064231417,400,0,0
2025-09-08,5023,17085427.450710155,5167367.938036664,400,0,0
2025-09-09,5111,17461250.31578027,5318936.367381528,400,0,0
2025-09-10,5110,17270117.464717284,5256077.8936779285,400,0,0
2025-09-11,5154,17522652.32310039,5312128.541963132,400,0,0
2025-09-12,5055,17014952.91628277,5188829.5798511645,400,0,0
2025-09-13,5770,19557473.228791405,5920950.366374798,400,0,0
2025-09-14,5721,19303922.476229373,5912162.759320193,400,0,0
2025-09-15,5054,17012209.354993217,5184587.592675968,400,0,0
2025-09-16,5121,17342317.893419784,5276204.571287316,400,0,0
2025-09-17,4999,17169968.42906568,5212129.734469452,400,0,0
2025-09-18,5016,17058382.26721346,5184506.569782316,400,0,0
2025-09-19,5041,17061204.127019387,5186957.557985118,400,0,0
2025-09-20,5594,18902394.52440388,5774712.434393166,400,0,0
2025-09-21,5587,19087366.878104623,5819706.33269704,400,0,0
2025-09-22,5020,17059230.410553955,5217472.690867767,400,0,0
2025-09-23,4973,16915388.82572012,5177951.730045211,400,0,0
2025-09-24,4972,16741215.643590366,5095740.716358393,400,0,0
2025-09-25,4935,16656620.096199645,5060321.524458223,400,0,0
2025-09-26,5050,17301486.12908861,5228538.4583487725,400,0,0
2025-09-27,5590,18967534.78466061,5795019.310042473,400,0,0
2025-09-28,5607,18819312.31826484,5756280.938350208,400,0,0
2025-09-29,4991,16872639.27246277,5111171.862147508,400,0,0
2025-09-30,4938,16847170.774037916,5157417.343022194,400,0,0
2025-10-01,4947,16946775.70811513,5126137.08281513,400,0,0
2025-10-02,5361,18016558.970471956,5474210.902520329,400,0,1
2025-10-03,4950,16679109.557060812,5127319.81921946,400,0,0
2025-10-04,5563,18897490.76116877,5765011.115638752,400,0,0
2025-10-05,5542,18752500.186809536,5672668.658256608,400,0,0
2025-10-06,4913,16713005.48538924,5101316.432510866,400,0,0
2025-10-07,4890,16557430.24703797,5026087.123116936,400,0,0
2025-10-08,4898,16510194.71637174,5020424.198564209,400,0,0
2025-10-09,4836,16375164.991617216,4968741.510112502,400,0,0
2025-10-10,4863,16441210.557245266,4993877.367460134,400,0,0
2025-10-11,5414,18274723.24296836,5535441.71916599,400,0,0
2025-10-12,5562,18854216.660389166,5708411.330203613,400,0,0
2025-10-13,4925,16639689.70664044,5073448.502692689,400,0,0
2025-10-14,4887,16485168.910375526,5004382.339950731,400,0,0
2025-10-15,4900,16644400.840773871,5054305.810546093,400,0,0
2025-10-16,4903,16670043.847295308,5060728.725448527,400,0,0
2025-10-17,4816,16485203.355108397,5000250.380804697,400,0,0
2025-10-18,5549,18859528.51494731,5706794.299130346,400,0,0
2025-10-19,5461,18426435.098735612,5613826.526214751,400,0,0
2025-10-20,4797,16250858.678909674,4944874.153414415,400,0,0
2025-10-21,4918,16703217.374417186,5103629.404864492,400,0,0
2025-10-22,4892,16363305.938567631,4949037.061656697,400,0,0
2025-10-23,4871,16506941.675361222,5073814.020232236,400,0,0
2025-10-24,4871,16260494.360457899,4884227.2664365955,400,0,0
2025-10-25,5397,18240461.538198482,5530860.066994906,400,0,0
2025-10-26,5412,18218822.500857808,5558727.821872136,400,0,0
2025-10-27,4954,16857696.827113263,5126535.855732805,400,0,0
2025-10-28,4918,16928656.979844023,5147031.9894475,400,0,0
2025-10-29,4963,16591919.564855313,5000233.518658218,400,0,0
2025-10-30,4926,16704548.860725785,5044810.3704830855,400,0,0
2025-10-31,4870,16459637.455670932,4952325.229563009,400,0,0
2025-11-01,6061,20518335.01959733,6259848.551002454,400,0,1
2025-11-02,5435,18500175.20325681,5585222.29705364,400,0,0
2025-11-03,4940,16714817.87518144,5032534.910385159,400,0,0
2025-11-04,4848,16590025.091474704,5061019.262270175,400,0,0
2025-11-05,4922,16655258.533712454,5042125.841506851,400,0,0
2025-11-06,4960,16753812.73849269,5104654.03211913,400,0,0
2025-11-07,4834,16295392.125900812,4952137.209850145,400,0,0
2025-11-08,5465,18650403.608674724,5698902.874808335,400,0,0
2025-11-09,5463,18593142.7065955,5619614.727753175,400,0,0
2025-11-10,4940,16773666.982281966,5080306.484566771,400,0,0
2025-11-11,4916,16744973.856284682,5088369.786648894,400,0,0
2025-11-12,4924,16614348.71761932,5043215.274165466,400,0,0
2025-11-13,4906,16645332.940868016,5060487.975145299,400,0,0
2025-11-14,4967,16685676.828185998,5082490.596286833,400,0,0
2025-11-15,5499,18760378.291568622,5745499.044873347,400,0,0
2025-11-16,5603,19163150.852187116,5806214.227764809,400,0,0
2025-11-17,4982,16930488.375245873,5177780.468336054,400,0,0
2025-11-18,4923,16808414.055666067,5121658.694218196,400,0,0
2025-11-19,4930,16820213.223930288,5060152.674531299,400,0,0
2025-11-20,6006,18028343.8838469,3990445.0193555937,400,400,0
2025-11-21,5953,18175168.448646486,4087269.065363347,400,400,0
2025-11-22,6701,20371771.187279705,4545990.16337089,400,400,0
2025-11-23,6595,20015505.564560995,4509122.89119161,400,400,0
2025-11-24,6013,18465631.739915416,4187374.669422085,400,400,0
2025-11-25,5906,18054125.550602157,4172552.9084415413,400,400,0
2025-11-26,6038,18498069.431555375,4204068.150197634,400,400,0
2025-11-27,6079,18406713.959244464,4108852.538134312,400,400,0
2025-11-28,5989,17987085.705909353,3983326.8732352564,400,400,0
2025-11-29,6773,20782632.06271655,4649841.579101926,400,400,0
2025-11-30,6552,19985903.123871714,4524958.88095307,400,400,0
2025-12-01,4950,16821163.698257074,5070764.58473907,400,0,0
2025-12-02,5035,17137477.55012441,5218118.184589178,400,0,0
2025-12-03,4956,16912343.266794093,5175908.677956134,400,0,0
2025-12-04,5004,16992791.728332393,5168503.170599146,400,0,0
2025-12-05,4923,16641562.625147508,5060641.858924304,400,0,0
2025-12-06,5617,19282662.077599168,5860760.055021218,400,0,0
2025-12-07,5671,19190552.07395059,5815972.891029936,400,0,0
2025-12-08,5040,17289695.46851184,5232258.120802594,400,0,0
2025-12-09,5064,17209932.21890799,5192284.21542084,400,0,0
2025-12-10,5020,16980635.787286937,5123233.641726999,400,0,0
2025-12-11,5062,17197151.510254305,5189512.611436563,400,0,0
2025-12-12,5014,17243907.764897015,5279393.185682538,400,0,0
2025-12-13,5771,19663506.217039358,5944275.441050268,400,0,0
2025-12-14,5605,19010939.651453167,5769338.762814428,400,0,0
2025-12-15,5084,17252365.22427385,5186983.338531754,400,0,0
2025-12-16,5050,17196446.83264357,5254918.620454734,400,0,0
2025-12-17,5218,17681280.878503446,5382607.510261099,400,0,0
2025-12-18,5177,17725923.022836912,5372287.644224232,400,0,0
2025-12-19,5175,17552183.06346734,5362945.150332869,400,0,0
2025-12-20,5666,19350937.070586137,5876079.741690317,400,0,0
2025-12-21,5765,19469875.798903257,5907359.694219474,400,0,0
2025-12-22,5075,17216584.121532023,5258448.751316784,400,0,0
2025-12-23,5200,17553735.46958055,5331200.424028409,400,0,0
2025-12-24,5158,17515948.403358,5291543.91485277,400,0,0
2025-12-25,5721,19275667.28475153,5863697.928035208,400,0,1
2025-12-26,5181,17502604.928590097,5310149.726649936,400,0,0
2025-12-27,5822,19876440.51700651,6016490.464730513,400,0,0
2025-12-28,5839,20106613.656564478,6159384.72930189,400,0,0
2025-12-29,5255,17939707.655917738,5403398.477026158,400,0,0
2025-12-30,5293,17984233.436434012,5453212.36680784,400,0,0
2025-12-31,5189,17666223.45630794,5370733.006001117,400,0,0
